id,name,category,三等份位階,20日跌幅,30N漲跌幅,當日漲跌幅,昨日漲跌幅,收盤價,昨日主力,主力買賣超(張),月增率%,年增率%,累計年增率%,漲跌幅,成交量,20日最高成交量,20日最高價,3日前漲跌幅,前日漲跌幅,昨日漲跌幅,距20日最高價,最高價,開盤位置,開盤價,昨日收盤價,前日成交量,昨日成交量,昨日三大,三大買賣超,融券5N,昨日融券,前日融券,融券差額(張),昨日融券5增張,昨日融券5MAX,融券5增張,融券5MAX,融券增加,融資5N,昨日融資,融資差額(張),投信買賣超(張),投信買賣超%,投信持股比例,外資買賣超(張),外資買賣超%,外資持股比例,自營商買賣超(張),自營商買賣超%,自營商持股比例,主力今日%,投信5買%,投信10買%,投信20買%,投信5買N天,投信10買N天,投信20買N天,外資5買%,外資10買%,外資20買%,主力5買%,主力10買%,主力20買%,ma5距離,ma10距離,ma20距離,ma60距離,RSI
1101,台泥,水泥工業,3,-11.05,11.16,-2.85,3.75,25.55,35536.0,-30071.0,,,,-2.85,54833.11,130648.96,26.7,-1.56,0.2,3.75,0.3000000000000007,26.4,0.0,26.3,26.3,31598.98,104957.44,58607.0,-33143.0,,,,,,,,,,,,,0.0,0.0,0.25,-33233.0,-0.44,12.9,90.0,0.0,2.77,-0.4,0.06,0.08,0.1,2.0,6.0,15.0,0.49,0.7,-0.14,0.12,0.24,-0.54,-0.06,0.59,0.86,1.27,58.80792142834429
1102,亞泥,水泥工業,3,-4.43,8.3,-0.14,1.13,35.65,1550.0,163.0,,,,-0.42,11842.18,11842.18,36.1,-0.7,-1.12,1.13,0.20000000000000284,35.9,-0.28,35.7,35.8,9645.07,6224.97,2715.0,475.0,0.0,0.0,0.0,0.0,0.0,0.0,0.0,0.0,,3.0,21.0,-10.0,-4754.0,-0.13,5.51,4906.0,0.14,14.28,323.0,0.01,8.35,0.0,-0.13,-0.07,0.08,4.0,9.0,18.0,0.33,0.43,0.67,0.12,0.19,0.38,-0.03,0.2,0.33,1.4,56.60595574159025
1103,嘉泥,水泥工業,1,-3.36,2.32,-0.38,1.15,13.2,13.0,-17.0,,,,0.0,301.63,1495.13,13.4,-0.76,-0.38,1.15,0.15000000000000036,13.25,0.38,13.25,13.2,249.93,573.33,42.0,7.0,0.0,0.0,0.0,0.0,0.0,0.0,0.0,0.0,,2.0,-22.0,-9.0,0.0,0.0,0.0,7.0,0.0,4.63,0.0,0.0,0.24,-0.0,0.0,0.0,0.0,0.0,0.0,0.0,-0.04,-0.03,-0.07,-0.01,-0.01,-0.01,0.08,0.07,0.06,-0.03,56.59020204696822
1104,環泥,水泥工業,1,-4.84,1.9,0.19,0.0,26.7,8.0,-63.0,,,,0.0,520.15,1904.13,27.9,-0.56,-0.38,0.0,1.1499999999999986,26.75,-0.19,26.65,26.7,447.64,320.86,-3.0,103.0,0.0,0.0,0.0,0.0,0.0,0.0,0.0,0.0,,1.0,-45.0,0.0,0.0,0.0,0.03,103.0,0.02,14.25,0.0,0.0,0.12,-0.01,0.0,0.0,0.0,2.0,4.0,7.0,-0.04,-0.14,-0.06,-0.03,-0.07,0.0,0.02,0.0,-0.29,-0.12,45.565114485145614
1108,幸福,水泥工業,1,-6.81,2.28,0.9,0.9,11.15,26.0,8.0,,,,0.0,151.56,638.34,11.75,0.0,-0.45,0.9,0.5500000000000007,11.2,-0.9,11.05,11.15,188.3,142.44,72.0,63.0,0.0,0.0,0.0,0.0,0.0,0.0,0.0,0.0,,2.0,0.0,18.0,0.0,0.0,0.0,68.0,0.02,1.33,-5.0,-0.0,0.06,0.0,0.0,0.0,0.0,0.0,0.0,0.0,0.02,0.07,-0.05,-0.0,-0.04,-0.22,0.07,0.06,-0.12,-0.75,47.17859777703957
1109,信大,水泥工業,1,-2.57,1.13,-0.75,0.38,13.3,-30.0,-43.0,,,,-0.37,206.95,341.35,13.6,-0.37,0.0,0.38,0.1999999999999993,13.4,0.37,13.4,13.35,95.29,341.35,-24.0,-119.0,0.0,0.0,0.0,0.0,0.0,0.0,0.0,0.0,,2.0,12.0,1.0,0.0,0.0,0.0,-119.0,-0.03,2.29,0.0,0.0,0.36,-0.01,0.0,0.0,0.0,0.0,0.0,0.0,-0.06,-0.08,-0.1,-0.02,-0.02,-0.02,-0.02,-0.05,-0.1,-0.37,33.933009943979656
1110,東泥,水泥工業,1,-12.77,2.79,0.69,1.38,14.65,-2.0,0.0,,,,0.0,120.18,1203.04,16.45,-1.01,-2.71,1.38,1.6999999999999993,14.75,-0.68,14.55,14.65,1203.04,229.39,12.0,-1.0,0.0,0.0,0.0,0.0,0.0,0.0,0.0,0.0,,2.0,52.0,-6.0,0.0,0.0,0.0,-23.0,-0.0,6.05,22.0,0.0,0.04,0.0,0.0,0.0,0.0,0.0,0.0,0.0,-0.01,-0.05,-0.07,-0.02,-0.02,-0.02,-0.01,-0.37,-0.82,-1.17,28.481167463421613
1201,味全,食品工業,1,-6.12,1.3,-0.43,0.87,11.6,-59.0,-128.0,,,,-0.43,706.72,12430.77,12.25,-0.43,-0.86,0.87,0.5999999999999996,11.65,0.0,11.65,11.65,839.01,693.64,-16.0,-342.0,0.0,0.0,0.0,0.0,0.0,0.0,0.0,0.0,,0.0,-7.0,0.0,0.0,0.0,0.0,-331.0,-0.07,3.23,-11.0,-0.0,0.58,-0.03,0.0,0.0,0.0,0.0,0.0,0.0,-0.12,-1.48,-1.69,-0.2,-0.69,-0.78,0.0,-0.12,-0.32,-0.6,36.521812607755294
1203,味王,食品工業,1,-10.14,4.28,0.57,-2.35,43.9,0.0,0.0,,,,0.46,3.55,31.47,46.85,-0.57,0.0,-2.35,2.950000000000003,43.9,-0.11,43.65,43.7,31.2,25.82,14.0,1.0,0.0,0.0,0.0,0.0,0.0,0.0,0.0,0.0,,1.0,0.0,0.0,0.0,0.0,0.0,1.0,0.0,1.85,0.0,0.0,0.06,0.0,0.0,0.0,0.0,0.0,0.0,0.0,0.0,0.0,-0.01,0.0,0.0,0.0,0.35,0.24,-0.05,-1.33,51.51236026901101
1210,大成,食品工業,1,-2.65,1.17,-0.19,0.58,51.7,-113.0,-145.0,,,,-0.58,990.7,1879.7,52.8,-0.76,-0.58,0.58,0.7999999999999972,52.0,-0.38,51.8,52.0,901.16,1146.25,-191.0,32.0,0.0,0.0,0.0,0.0,0.0,0.0,0.0,0.0,,3.0,7.0,1.0,200.0,0.02,7.18,-173.0,-0.02,7.62,5.0,0.0,0.6,-0.02,0.02,0.0,0.0,3.0,4.0,7.0,-0.13,-0.17,-0.0,-0.09,-0.1,-0.13,-0.2,-0.33,-0.35,-2.37,42.00249585120665
1213,大飲,食品工業,1,-16.77,4.06,-2.51,2.75,7.0,0.0,0.0,,,,-6.29,6.02,45.22,8.29,-4.31,2.53,2.75,1.1099999999999994,7.18,-3.88,7.18,7.47,45.22,5.1,-1.0,0.0,0.0,0.0,0.0,0.0,0.0,0.0,0.0,0.0,,0.0,0.0,0.0,0.0,0.0,0.0,0.0,0.0,0.02,0.0,0.0,0.0,0.0,0.0,0.0,0.0,0.0,0.0,0.0,0.0,0.0,0.0,0.0,0.0,0.0,-0.26,-0.27,-0.38,-0.42,39.72283822631882
1215,卜蜂,食品工業,2,-7.14,1.44,0.48,-0.47,105.5,-98.0,-28.0,,,,0.48,322.12,1435.22,112.0,0.0,0.0,-0.47,6.5,105.5,0.0,105.0,105.0,438.88,440.34,-158.0,-71.0,0.0,0.0,0.0,0.0,0.0,14.0,-14.0,0.0,,3.0,8.0,1.0,0.0,0.0,4.66,-70.0,-0.02,35.99,-1.0,-0.0,0.19,-0.01,0.0,0.0,0.14,0.0,0.0,2.0,-0.24,-0.69,-1.02,-0.19,-0.55,-0.69,0.1,-0.7,-2.4,-2.99,40.12834889732242
1216,統一,食品工業,1,-3.91,0.68,0.0,-0.4,73.9,-446.0,-713.0,,,,-0.4,5708.94,16593.04,76.7,-1.19,-0.81,-0.4,2.5,74.2,-0.4,73.9,74.2,6515.89,6953.65,276.0,-834.0,0.0,0.0,0.0,0.0,0.0,0.0,0.0,0.0,,4.0,29.0,215.0,137.0,0.0,13.58,-1294.0,-0.02,34.14,323.0,0.01,1.43,-0.01,0.0,-0.02,-0.03,3.0,7.0,9.0,-0.05,-0.01,0.12,-0.07,-0.09,-0.19,-0.48,-0.72,-1.18,-2.36,36.250923256600714
1217,愛之味,食品工業,2,-1.1,0.71,0.1,0.4,9.96,45.0,13.0,,,,0.1,203.54,615.21,10.0,0.4,-0.5,0.4,0.03999999999999915,9.96,0.0,9.95,9.95,615.21,364.37,10.0,8.0,0.0,0.0,0.0,0.0,0.0,0.0,0.0,0.0,,4.0,-6.0,22.0,0.0,0.0,0.0,-16.0,-0.0,8.9,24.0,0.0,0.23,0.0,0.0,0.0,0.0,0.0,0.0,0.0,0.04,0.13,0.26,-0.04,-0.03,-0.02,0.03,0.01,0.0,0.01,51.89864534169709
1218,泰山,食品工業,1,-3.74,3.18,-0.68,0.69,14.5,131.0,-12.0,,,,-0.68,260.58,891.54,14.7,0.0,0.35,0.69,0.09999999999999964,14.6,0.0,14.6,14.6,321.55,490.16,286.0,46.0,0.0,0.0,0.0,0.0,-1.0,0.0,-1.0,0.0,,0.0,-2.0,-5.0,0.0,0.0,0.0,46.0,0.01,3.02,0.0,0.0,0.62,-0.0,0.0,0.0,0.0,0.0,0.0,0.0,0.12,0.14,0.29,0.04,0.05,-0.11,0.03,0.03,0.07,-0.69,52.071358939226016
1219,福壽,食品工業,2,-5.11,5.48,-0.43,1.33,11.45,-1.0,3.0,,,,0.0,81.32,284.97,11.75,-0.43,-0.87,1.33,0.1999999999999993,11.55,0.44,11.5,11.45,207.05,135.25,73.0,37.0,0.0,0.0,0.0,0.0,0.0,0.0,0.0,0.0,,1.0,0.0,0.0,0.0,0.0,0.0,37.0,0.01,6.16,0.0,0.0,0.1,0.0,0.0,0.0,0.0,0.0,0.0,0.0,0.05,0.1,0.16,-0.01,0.01,0.02,0.01,0.03,-0.01,-0.01,51.602473851260456
1220,台榮,食品工業,1,-4.05,1.88,0.0,0.93,10.85,0.0,-6.0,,,,0.0,50.84,180.31,11.1,0.0,0.0,0.93,0.25,10.85,0.0,10.85,10.85,70.95,35.15,14.0,10.0,0.0,0.0,0.0,0.0,0.0,0.0,0.0,0.0,,2.0,-6.0,1.0,0.0,0.0,0.0,9.0,0.01,7.1,1.0,0.0,0.06,-0.0,0.0,0.0,0.0,0.0,0.0,0.0,0.01,0.05,0.07,-0.0,-0.02,-0.04,0.06,0.05,0.05,-0.2,60.22983377552727
1225,福懋油,食品工業,1,-7.96,3.38,-1.22,1.03,24.2,,,,,,-1.43,60.99,211.68,25.75,-0.81,-0.2,1.03,1.25,24.5,-0.2,24.5,24.55,29.0,37.92,13.0,11.0,0.0,0.0,0.0,0.0,0.0,0.0,0.0,0.0,,1.0,-3.0,0.0,0.0,0.0,0.0,12.0,0.01,1.25,-1.0,-0.0,0.09,,0.0,0.0,0.0,0.0,0.0,0.0,0.01,0.01,0.03,,,,-0.25,-0.38,-0.48,-1.18,36.580111743566064
1227,佳格,食品工業,1,-3.12,0.72,0.0,0.36,28.1,-93.0,-32.0,,,,0.0,342.2,1000.75,28.85,-0.35,-0.53,0.36,0.7000000000000028,28.15,0.0,28.1,28.1,865.32,505.73,-108.0,-43.0,0.0,0.0,-1.0,0.0,-1.0,0.0,-1.0,0.0,,3.0,0.0,-8.0,0.0,0.0,0.0,-43.0,-0.0,6.78,0.0,0.0,0.24,-0.0,0.0,0.0,-0.01,0.0,0.0,2.0,-0.06,-0.12,-0.2,-0.05,-0.08,-0.15,-0.02,-0.07,-0.21,-0.87,40.58706675564803
1229,聯華,食品工業,1,-6.73,2.28,0.63,-0.25,40.2,483.0,445.0,,,,0.75,2550.36,5053.35,42.35,0.25,-1.37,-0.25,1.9500000000000028,40.4,0.13,39.95,39.9,3074.22,1909.87,875.0,347.0,1.0,0.0,2.0,0.0,2.0,2.0,2.0,2.0,,2.0,-43.0,-17.0,-772.0,-0.05,0.15,1104.0,0.07,10.46,15.0,0.0,0.22,0.03,-0.05,-0.05,0.02,2.0,3.0,10.0,0.05,-0.08,-0.04,-0.02,-0.16,-0.15,0.25,0.08,-0.58,-0.82,46.81134161243499
1231,聯華食,食品工業,1,-2.22,0.88,0.25,0.0,79.8,-49.0,-22.0,,,,0.25,223.08,381.82,81.0,-0.13,0.0,0.0,1.0999999999999943,79.9,0.0,79.6,79.6,141.89,234.16,-40.0,92.0,0.0,0.0,0.0,0.0,0.0,0.0,0.0,0.0,,0.0,0.0,0.0,0.0,0.0,0.0,90.0,0.04,3.77,2.0,0.0,0.06,-0.01,0.0,-0.01,-0.03,0.0,0.0,0.0,0.03,0.07,-0.08,-0.06,-0.1,-0.35,0.14,-0.01,-0.17,-3.2,47.388703985011965
1232,大統益,食品工業,1,-2.86,0.98,-0.33,0.0,153.0,-11.0,-16.0,,,,-0.33,107.01,171.27,157.5,0.0,-0.32,0.0,3.0,154.5,0.0,153.5,153.5,52.01,69.91,-13.0,-23.0,0.0,0.0,0.0,0.0,-1.0,0.0,-1.0,0.0,,0.0,-1.0,0.0,0.0,0.0,0.01,-23.0,-0.01,2.75,0.0,0.0,0.22,-0.01,0.0,0.0,-0.01,0.0,0.0,0.0,-0.03,0.01,0.06,-0.02,-0.02,-0.03,-0.9,-1.25,-2.15,-2.05,27.183598737317084
1233,天仁,食品工業,1,-3.16,2.0,0.36,0.9,28.1,0.0,0.0,,,,0.0,5.29,37.01,28.5,0.18,-1.78,0.9,0.3999999999999986,28.1,-0.36,28.0,28.1,13.32,17.1,-4.0,1.0,0.0,0.0,0.0,0.0,0.0,0.0,0.0,0.0,,0.0,0.0,0.0,0.0,0.0,0.0,1.0,0.0,5.52,0.0,0.0,0.04,0.0,0.0,0.0,0.0,0.0,0.0,0.0,-0.02,-0.01,-0.03,0.0,0.0,0.0,0.11,0.06,0.03,-0.22,52.29633535824981
1234,黑松,食品工業,1,-2.38,0.3,0.0,0.3,32.9,-11.0,-25.0,,,,-0.3,90.39,236.79,33.6,0.0,-0.45,0.3,0.7000000000000028,32.9,-0.3,32.9,33.0,131.42,74.51,11.0,-8.0,0.0,0.0,0.0,0.0,0.0,0.0,0.0,0.0,,1.0,0.0,0.0,0.0,0.0,0.0,-8.0,-0.0,5.03,0.0,0.0,0.11,-0.01,0.0,0.0,0.0,0.0,0.0,0.0,-0.02,-0.02,0.04,-0.02,-0.03,-0.03,-0.08,-0.16,-0.29,-0.53,33.32417341105878
1235,興泰,食品工業,1,-20.17,0.91,-0.15,0.91,32.9,-1.0,-1.0,,,,-0.75,42.91,224.58,41.15,-13.73,-7.46,0.91,8.0,33.15,-0.6,32.95,33.15,89.04,41.62,5.0,14.0,0.0,0.0,0.0,0.0,0.0,0.0,0.0,0.0,,1.0,0.0,0.0,0.0,0.0,0.0,10.0,0.01,0.46,4.0,0.0,0.04,-0.0,0.0,0.0,0.0,0.0,0.0,0.0,-0.01,-0.01,-0.01,-0.04,-0.04,-0.04,-2.21,-3.49,-4.32,-3.92,32.574527184509364
1236,宏亞,食品工業,2,-5.7,4.03,0.2,1.39,25.5,0.0,0.0,,,,0.2,13.67,137.12,26.3,0.59,-0.2,1.39,0.5,25.8,0.0,25.45,25.45,21.23,33.52,-2.0,-2.0,0.0,0.0,0.0,0.0,0.0,0.0,0.0,0.0,,0.0,0.0,0.0,0.0,0.0,1.91,-2.0,-0.0,0.73,0.0,0.0,0.46,0.0,0.0,0.0,0.0,0.0,0.0,0.0,-0.03,-0.02,-0.03,0.0,0.0,0.01,0.11,0.05,-0.25,0.45,47.23260934423958
1240,茂生農經,農業科技,1,-3.58,1.12,0.0,0.37,54.1,0.0,0.0,,,,-0.37,18.42,62.5,55.8,0.91,-2.54,0.37,1.3999999999999986,54.4,-0.37,54.1,54.3,31.49,12.78,-1.0,,,,,,,,,,,,,,0.0,0.0,0.0,3.0,0.01,,,,,0.0,0.0,0.0,0.0,0.0,0.0,0.0,0.0,-0.01,-0.01,0.0,0.0,-0.04,-0.32,-0.61,-0.91,-1.64,36.32188309596709
1256,鮮活果汁-KY,食品工業,1,-8.56,1.81,0.3,-0.3,168.5,-9.0,0.0,,,,0.3,12.05,134.46,181.0,-0.3,1.2,-0.3,12.5,168.5,0.0,168.0,168.0,30.38,59.7,1.0,-1.0,0.0,0.0,0.0,0.0,0.0,0.0,0.0,0.0,,3.0,-7.0,2.0,0.0,0.0,0.0,-2.0,-0.01,4.36,1.0,0.0,0.07,0.0,0.0,0.0,0.0,0.0,0.0,0.0,-0.03,-0.13,-0.4,-0.05,-0.15,-0.54,0.8,-0.4,-2.55,-10.71,40.751793753560435
1258,其祥-KY,食品工業,3,,,,,,,,,,,,,,,,,,,,,,,,,,,,,,,,,,,,,,,,,,,,,,,,,,,,,,,,,,,,,,,,,
1259,安心,觀光事業,3,-10.0,11.11,0.15,0.15,68.0,0.0,0.0,,,,-0.15,17.0,91.34,69.0,,0.0,0.15,1.0,68.0,-0.29,67.9,68.1,18.66,20.17,2.0,,,,,,,,,,,,,,0.0,0.0,0.0,0.0,0.0,,,,,0.0,0.0,0.0,0.0,0.0,0.0,0.0,0.0,-0.01,0.0,0.01,0.09,0.09,-0.02,0.44,2.25,5.57,71.81910686360085
1264,德麥,食品工業,1,-4.54,1.45,0.0,0.41,245.0,-1.0,0.0,,,,0.0,10.42,77.94,253.5,0.0,-0.2,0.41,8.0,245.5,0.0,245.0,245.0,7.37,21.47,10.0,,,,,,,,,,,,,,0.0,0.0,0.0,1.0,0.0,,,,,0.0,0.0,0.0,0.0,0.0,0.0,0.0,0.02,0.04,-0.12,-0.01,-0.05,-0.22,0.4,0.55,-2.0,-9.39,42.96597377143046
1268,漢來美食,觀光事業,2,-8.2,6.85,1.72,-0.57,177.5,-1.0,3.0,,,,1.43,76.3,168.81,183.0,0.0,0.57,-0.57,3.5,179.5,-0.29,174.5,175.0,25.75,18.09,4.0,,,,,,,,,,,,,,0.0,0.0,0.0,-9.0,-0.02,,,,,0.01,0.0,0.0,0.0,0.0,0.0,0.0,0.02,0.05,-0.41,0.01,0.01,-0.19,2.1,3.05,2.93,2.52,73.4862764552852
1301,台塑,塑膠工業,3,-14.04,23.79,-2.05,3.97,66.8,26336.0,-5271.0,,,,-1.91,19100.78,53476.28,71.2,1.58,0.78,3.97,2.0,69.2,0.15,68.2,68.1,34908.36,52831.96,30581.0,-5981.0,3.0,319.0,4.0,-19.0,295.0,319.0,288.0,319.0,-1.06,3.0,-1708.0,417.0,0.0,0.0,0.05,-5524.0,-0.09,34.86,-457.0,-0.01,1.16,-0.08,0.01,0.01,-0.0,1.0,1.0,1.0,0.37,0.35,0.47,0.23,0.41,0.18,1.46,1.95,1.77,5.47,61.28094645595321
1303,南亞,塑膠工業,3,-17.74,50.29,-0.78,2.0,254.0,6007.0,-9805.0,,,,-0.59,57138.46,127814.62,265.0,4.62,3.78,2.0,3.5,261.5,0.2,256.0,255.5,79311.49,122337.7,9702.0,-11084.0,3.0,-62.0,1013.0,42.0,717.0,1013.0,1142.0,1013.0,-1.68,4.0,151.0,297.0,662.0,0.01,6.91,-11982.0,-0.15,30.27,236.0,0.0,2.49,-0.12,0.04,0.42,0.65,3.0,8.0,17.0,0.37,-0.2,-0.79,0.29,0.21,-0.23,9.6,14.9,18.45,47.93,69.15554681549457
1304,台聚,塑膠工業,1,-8.05,8.55,-1.19,2.43,12.45,1355.0,-140.0,,,,-1.58,1522.35,4243.25,13.05,2.04,-1.6,2.43,0.3500000000000014,12.7,-0.4,12.6,12.65,2772.92,3275.5,2052.0,-141.0,2.0,31.0,-2.0,-34.0,34.0,31.0,5.0,31.0,-2.1,3.0,-369.0,73.0,0.0,0.0,0.0,-127.0,-0.01,28.89,-14.0,-0.0,0.36,-0.01,0.0,0.0,0.0,0.0,0.0,0.0,0.17,0.36,0.54,0.12,0.18,0.21,0.02,0.07,0.06,0.05,52.46972281638958
1305,華夏,塑膠工業,2,-10.0,6.9,-2.02,1.65,12.15,604.0,-153.0,,,,-1.62,670.62,2609.88,13.0,0.41,0.0,1.65,0.5999999999999996,12.4,0.4,12.4,12.35,1147.53,1620.36,1161.0,-205.0,1.0,0.0,-2.0,0.0,0.0,2.0,0.0,2.0,,1.0,-121.0,27.0,0.0,0.0,0.0,-205.0,-0.04,4.16,0.0,0.0,0.14,-0.03,0.0,0.0,0.0,0.0,0.0,0.0,0.26,0.4,0.27,0.1,0.14,0.01,0.0,0.05,0.01,0.04,51.50602677925848
1307,三芳,塑膠工業,1,-4.75,4.99,-0.16,2.27,31.45,282.0,59.0,,,,-0.16,531.9,831.63,31.55,0.16,0.49,2.27,0.0,31.55,0.0,31.5,31.5,666.27,831.63,223.0,-191.0,0.0,0.0,0.0,0.0,0.0,0.0,0.0,0.0,,2.0,142.0,118.0,0.0,0.0,0.31,-191.0,-0.05,7.03,0.0,0.0,0.34,0.01,0.0,0.0,0.0,1.0,1.0,1.0,0.06,0.06,-0.07,0.11,0.13,0.01,0.42,0.63,0.79,0.27,75.1727010736305
1308,亞聚,塑膠工業,2,-7.97,8.27,-1.05,1.76,14.2,333.0,-172.0,,,,-1.73,758.21,2326.91,15.05,0.7,-1.4,1.76,0.6500000000000004,14.4,-0.69,14.35,14.45,1556.22,1215.43,755.0,-346.0,1.0,2.0,0.0,-1.0,1.0,2.0,0.0,2.0,-1.5,4.0,-31.0,45.0,0.0,0.0,0.0,-336.0,-0.06,5.4,-10.0,-0.0,0.37,-0.03,0.0,0.0,0.0,0.0,0.0,0.0,0.1,0.24,0.35,0.04,0.12,0.14,-0.05,-0.02,-0.05,0.23,49.25542533020973
1309,台達化,塑膠工業,2,-8.84,10.24,-2.14,1.45,13.7,475.0,-372.0,,,,-1.79,1146.44,4878.7,14.7,-0.36,-1.09,1.45,0.6999999999999993,14.0,0.36,14.0,13.95,1682.32,1404.3,901.0,-403.0,2.0,0.0,-1.0,0.0,3.0,2.0,2.0,2.0,,3.0,-188.0,83.0,0.0,0.0,0.0,-399.0,-0.1,3.21,-4.0,-0.0,0.37,-0.09,0.0,0.0,0.0,0.0,0.0,0.0,0.1,0.47,0.88,-0.0,0.05,0.04,-0.09,-0.1,-0.09,0.04,47.1500883720763
1310,台苯,塑膠工業,2,-9.43,17.09,-2.49,3.01,9.02,2412.0,-779.0,,,,-2.49,2511.72,6836.09,9.33,0.68,0.0,3.01,0.009999999999999787,9.32,0.0,9.25,9.25,2438.33,6433.88,3877.0,-854.0,2.0,31.0,1.0,-9.0,31.0,31.0,23.0,31.0,-1.29,3.0,-163.0,77.0,0.0,0.0,0.0,-855.0,-0.16,6.77,1.0,0.0,0.45,-0.15,0.0,0.0,0.0,0.0,0.0,0.0,0.81,1.24,1.57,0.48,0.56,0.44,0.04,0.15,0.23,0.2,58.16147030358213
1312,國喬,塑膠工業,2,-15.85,30.04,-2.67,3.09,14.6,6971.0,-1778.0,,,,-2.67,8517.81,57277.44,16.4,0.0,-1.03,3.09,1.2499999999999982,15.15,0.0,15.0,15.0,11424.74,15580.64,8749.0,-3289.0,2.0,47.0,-25.0,-42.0,23.0,47.0,-23.0,47.0,-1.89,3.0,-1058.0,1030.0,0.0,0.0,0.0,-2926.0,-0.26,5.89,-363.0,-0.03,7.91,-0.16,0.0,0.0,0.0,0.0,0.0,0.0,0.53,1.54,0.76,0.51,1.47,0.5,-0.05,-0.1,-0.03,1.31,50.19203494193414
1313,聯成,塑膠工業,2,-8.98,12.28,0.0,1.23,12.4,887.0,162.0,,,,0.81,4532.23,5663.26,12.8,0.0,-0.82,1.23,0.0,12.8,0.81,12.4,12.3,1943.11,2318.98,1162.0,317.0,0.0,0.0,-1.0,0.0,-8.0,0.0,-7.0,0.0,,2.0,-87.0,-125.0,0.0,0.0,0.0,326.0,0.02,7.14,-9.0,-0.0,0.16,0.01,0.0,0.0,0.0,0.0,0.0,0.0,0.08,0.32,0.31,0.1,0.34,0.37,0.19,0.19,0.35,0.55,66.76938155122124
1314,中石化,塑膠工業,2,-15.58,17.33,-2.2,2.62,8.89,17760.0,-12271.0,,,,-1.22,34798.21,151096.13,9.5,-1.66,-1.35,2.62,0.35999999999999943,9.14,1.0,9.09,9.0,47669.2,85223.28,42444.0,-17142.0,2.0,116.0,-8.0,-95.0,54.0,116.0,40.0,116.0,-1.82,1.0,-19324.0,-12.0,0.0,0.0,0.0,-17149.0,-0.45,10.6,7.0,0.0,0.37,-0.32,0.0,0.0,0.0,0.0,0.0,0.0,0.3,0.86,0.9,-0.2,0.61,0.83,-0.01,0.04,0.39,0.61,57.724565354321754
1315,達新,塑膠工業,3,-5.08,6.82,-0.29,0.73,68.7,0.0,0.0,,,,-0.15,10.79,196.71,68.9,0.29,-0.29,0.73,0.0,68.9,0.15,68.9,68.8,35.56,34.26,2.0,1.0,0.0,0.0,0.0,0.0,0.0,0.0,0.0,0.0,,0.0,0.0,0.0,0.0,0.0,0.02,1.0,0.0,1.29,0.0,0.0,0.1,0.0,0.0,0.0,0.0,0.0,0.0,0.0,-0.01,0.03,0.05,0.0,0.04,0.05,0.3,0.71,1.69,3.31,74.65511266300017
1316,上曜,建材營造,2,-7.56,5.37,-1.87,1.9,10.5,278.0,-121.0,,,,-1.87,1238.36,3855.69,11.25,-1.42,0.0,1.9,0.4499999999999993,10.8,0.0,10.7,10.7,699.8,1091.18,712.0,-320.0,1.0,0.0,-1.0,0.0,0.0,1.0,0.0,1.0,,1.0,-343.0,149.0,0.0,0.0,0.0,-320.0,-0.11,5.24,0.0,0.0,0.01,-0.04,0.0,0.0,0.0,0.0,0.0,0.0,0.12,-0.06,-0.09,-0.01,-0.2,-0.65,-0.04,-0.11,-0.19,-0.0,43.0918924446917
1319,東陽,汽車工業,2,-7.19,1.42,0.51,-0.13,78.6,-344.0,-57.0,,,,0.9,1483.67,2841.5,83.5,0.13,-1.39,-0.13,4.900000000000006,78.6,0.39,78.2,77.9,1284.0,1448.18,196.0,632.0,0.0,0.0,-1.0,0.0,-3.0,0.0,-3.0,0.0,,4.0,49.0,2.0,220.0,0.04,6.58,396.0,0.07,11.68,16.0,0.0,1.36,-0.01,0.07,0.06,0.01,3.0,4.0,4.0,0.04,0.14,0.09,-0.21,-0.17,-0.38,0.2,-0.52,-1.06,0.64,43.32852900414558
1321,大洋,塑膠工業,2,-4.08,2.85,0.15,0.0,32.5,-1.0,1.0,,,,0.31,45.0,208.0,33.1,-0.15,-0.31,0.0,0.6000000000000014,32.5,0.15,32.45,32.4,114.0,76.01,15.0,14.0,0.0,0.0,0.0,0.0,0.0,0.0,0.0,0.0,,0.0,0.0,0.0,0.0,0.0,0.0,8.0,0.0,6.88,6.0,0.0,0.15,0.0,0.0,0.0,0.0,0.0,0.0,0.0,-0.01,-0.0,0.0,0.0,0.0,0.0,0.06,0.02,0.06,0.27,53.34173744326893
1323,永裕,塑膠工業,3,-4.11,2.38,0.23,1.42,21.5,-3.0,0.0,,,,0.23,9.05,163.59,21.9,0.71,-0.93,1.42,0.3999999999999986,21.5,0.0,21.45,21.45,49.54,59.44,9.0,0.0,0.0,0.0,0.0,0.0,0.0,0.0,0.0,0.0,,1.0,0.0,0.0,0.0,0.0,0.0,0.0,0.0,1.43,0.0,0.0,0.08,0.0,0.0,0.0,0.0,0.0,0.0,0.0,-0.01,-0.02,0.05,0.0,0.0,0.02,0.14,0.12,0.13,0.62,57.96777675883046
1324,地球,塑膠工業,1,-3.5,1.11,0.6,0.0,10.05,-6.0,-3.0,,,,0.6,32.64,55.6,10.3,1.11,-0.7,0.0,0.25,10.05,0.0,9.99,9.99,24.23,36.98,0.0,0.0,0.0,0.0,0.0,0.0,0.0,0.0,0.0,0.0,,1.0,-19.0,-7.0,0.0,0.0,0.0,0.0,0.0,0.98,0.0,0.0,0.05,-0.0,0.0,0.0,0.0,0.0,0.0,0.0,-0.03,-0.02,-0.01,-0.01,-0.01,-0.01,0.05,0.05,0.02,-0.07,56.7216808485845
1325,恆大,塑膠工業,1,-5.1,3.19,-0.19,1.37,25.7,30.0,-2.0,,,,-0.77,97.55,434.04,26.45,-0.19,-0.58,1.37,0.5500000000000007,25.9,-0.58,25.75,25.9,132.15,216.68,95.0,2.0,2.0,0.0,1.0,0.0,3.0,3.0,3.0,3.0,,2.0,-47.0,-27.0,0.0,0.0,0.0,2.0,0.0,2.03,0.0,0.0,5.71,-0.0,0.0,0.0,0.0,0.0,0.0,0.0,0.07,0.36,0.77,0.04,0.06,0.03,-0.02,-0.01,-0.03,-0.27,48.64322424400934
1326,台化,塑膠工業,2,-18.41,26.38,-2.45,2.05,67.7,8721.0,-8595.0,,,,-2.87,18698.94,82419.51,78.2,2.45,0.75,2.05,7.299999999999997,70.9,-0.43,69.4,69.7,25578.83,32967.99,9508.0,-10571.0,2.0,49.0,-11.0,-43.0,22.0,49.0,2.0,49.0,-1.88,3.0,-291.0,880.0,336.0,0.01,0.16,-10197.0,-0.17,38.61,-710.0,-0.01,0.91,-0.15,0.01,0.02,0.0,1.0,2.0,5.0,-0.07,-0.04,-0.05,-0.05,-0.09,-0.13,0.24,0.29,-1.08,3.19,50.0634877578071
1336,台翰,電子零組件業,3,-13.55,16.04,4.57,2.06,18.3,25.0,138.0,,,,5.48,852.5,1237.81,18.45,0.88,-1.75,2.06,0.0,18.45,0.86,17.5,17.35,91.89,480.12,242.0,,,,,,,,,,,,,,0.0,0.0,0.0,3.0,0.0,,,,,0.18,0.0,0.0,0.0,0.0,0.0,0.0,0.26,0.61,0.72,0.22,0.41,-0.13,1.0,1.24,1.58,2.15,76.16541414419544
1337,再生-KY,塑膠工業,1,-6.2,2.05,0.0,0.68,4.47,-6.0,3.0,,,,0.0,195.91,511.14,4.68,-0.45,-0.45,0.68,0.1999999999999993,4.48,0.0,4.47,4.47,94.84,431.4,81.0,-17.0,0.0,0.0,0.0,0.0,0.0,0.0,0.0,0.0,,1.0,13.0,-3.0,0.0,0.0,0.0,-17.0,-0.01,25.19,0.0,0.0,0.12,0.0,0.0,0.0,0.0,0.0,0.0,0.0,-0.0,0.02,-0.19,-0.01,-0.07,-0.26,0.01,0.02,-0.01,-0.21,50.515194135296326
1338,廣華-KY,汽車工業,1,-12.73,11.74,-2.55,5.41,15.3,60.0,-15.0,,,,-1.92,221.51,392.22,16.1,-0.34,0.0,5.41,0.40000000000000213,15.7,0.64,15.7,15.6,52.8,392.22,29.0,-3.0,0.0,0.0,0.0,0.0,0.0,0.0,0.0,0.0,,3.0,84.0,0.0,0.0,0.0,0.0,-7.0,-0.01,6.0,4.0,0.0,0.19,-0.02,0.0,0.0,0.0,0.0,0.0,0.0,-0.1,-0.24,-0.22,0.05,0.05,0.05,0.26,0.56,0.73,0.16,68.29132289414108
1339,昭輝,汽車工業,1,-4.12,2.51,-0.47,0.36,42.7,0.0,3.0,,,,0.83,53.82,138.0,43.65,-0.82,-0.24,0.36,0.75,42.9,1.3,42.9,42.35,80.1,56.09,8.0,5.0,0.0,0.0,0.0,0.0,0.0,0.0,0.0,0.0,,0.0,-1.0,-2.0,0.0,0.0,0.0,-3.0,-0.0,1.52,8.0,0.01,0.24,0.0,0.0,0.0,0.0,0.0,0.0,0.0,0.1,0.19,0.09,-0.04,-0.03,-0.01,0.2,-0.1,-0.14,-1.39,47.25082106468869
1340,勝悅-KY,塑膠工業,1,-3.98,4.59,-0.19,0.58,5.23,18.0,-2.0,,,,-0.19,62.54,190.56,5.27,-0.76,0.0,0.58,0.02999999999999936,5.24,0.0,5.24,5.24,113.89,190.56,115.0,18.0,0.0,0.0,0.0,0.0,0.0,0.0,0.0,0.0,,1.0,3.0,0.0,0.0,0.0,0.0,18.0,0.01,26.17,0.0,0.0,0.29,-0.0,0.0,0.0,0.0,0.0,0.0,0.0,0.11,0.19,0.3,0.02,0.02,0.05,0.0,0.02,0.03,0.01,55.43450462555162
1341,富林-KY,塑膠工業,2,-3.5,2.61,0.0,-0.17,59.0,0.0,0.0,,,,-1.5,2.25,8.01,60.0,0.33,,-0.17,1.0,59.0,-1.5,59.0,59.9,0.02,2.3,2.0,0.0,,,,,,,,,,,,,0.0,0.0,0.0,0.0,0.0,81.83,0.0,0.0,0.04,0.0,0.0,0.0,0.0,0.0,0.0,0.0,0.0,0.0,0.01,0.0,0.0,0.0,-0.67,-0.7,-0.56,-0.23,38.55090164235884
1342,八貫,其他,1,-6.29,2.13,0.0,-0.5,100.0,-44.0,-3.0,,,,0.0,108.54,239.04,105.0,0.0,0.0,-0.5,4.5,100.5,0.0,100.0,100.0,72.69,135.1,-53.0,-26.0,0.0,0.0,0.0,0.0,0.0,0.0,0.0,0.0,,3.0,11.0,0.0,0.0,0.0,0.14,-27.0,-0.04,34.55,1.0,0.0,0.61,-0.0,0.0,0.0,0.0,0.0,0.0,0.0,-0.0,0.01,-0.48,-0.08,-0.1,-0.22,-0.6,-0.59,-1.05,-4.58,39.49314009099877
1402,遠東新,紡織纖維,2,-6.97,3.48,-0.89,1.07,27.95,2251.0,-2075.0,,,,-1.06,14615.45,16209.88,29.4,0.9,-1.42,1.07,1.1499999999999986,28.25,-0.18,28.2,28.25,5992.05,7103.61,2454.0,-2694.0,0.0,0.0,-1.0,-2.0,-4.0,0.0,-5.0,0.0,-inf,2.0,-210.0,25.0,-4979.0,-0.09,7.02,2105.0,0.04,17.46,180.0,0.0,2.14,-0.04,-0.07,-0.22,-0.45,4.0,5.0,7.0,0.06,0.12,0.21,0.01,-0.1,-0.22,-0.05,0.02,-0.34,0.04,46.28893083120043
1409,新纖,紡織纖維,1,-11.36,4.43,-0.81,1.63,24.4,2563.0,-3652.0,,,,-2.01,8727.86,89005.58,26.85,0.83,0.21,1.63,2.1000000000000014,24.75,-1.2,24.6,24.9,5902.38,14204.56,3959.0,-4569.0,0.0,-3.0,-5.0,-19.0,-37.0,-3.0,-40.0,-3.0,5.33,2.0,310.0,410.0,-154.0,-0.01,0.18,-4526.0,-0.28,9.19,111.0,0.01,0.38,-0.23,-0.01,-0.01,-0.01,2.0,3.0,5.0,0.06,0.12,-0.89,-0.05,-0.01,-1.26,-0.01,0.01,-0.19,0.03,48.440194095189575
1410,南染,紡織纖維,1,-5.74,3.36,0.62,-0.21,24.15,0.0,0.0,,,,0.21,39.4,441.55,25.25,-1.23,0.42,-0.21,0.6499999999999986,24.6,-0.41,24.0,24.1,35.2,67.8,-5.0,1.0,0.0,0.0,0.0,-5.0,0.0,0.0,-5.0,0.0,-inf,0.0,0.0,0.0,0.0,0.0,0.0,1.0,0.0,18.68,0.0,0.0,0.04,0.0,0.0,0.0,0.0,0.0,0.0,0.0,-0.02,-0.0,-0.04,0.0,0.0,0.0,0.02,-0.11,-0.22,-1.17,43.51849978681904
1413,宏洲,紡織纖維,1,-7.25,3.8,-0.43,1.54,9.25,0.0,0.0,,,,0.33,9.33,56.82,9.65,-0.65,-1.2,1.54,0.3600000000000012,9.29,0.76,9.29,9.22,56.82,36.97,-10.0,5.0,0.0,0.0,0.0,0.0,0.0,0.0,0.0,0.0,,0.0,0.0,0.0,0.0,0.0,0.0,5.0,0.0,0.65,0.0,0.0,0.03,0.0,0.0,0.0,0.0,0.0,0.0,0.0,-0.01,-0.0,-0.01,0.0,0.0,0.0,0.05,0.02,0.01,-0.14,50.88020892079511
1414,東和,紡織纖維,1,-10.53,4.12,-1.7,0.86,17.35,0.0,0.0,,,,-1.7,78.34,423.59,19.0,0.87,0.29,0.86,1.3000000000000007,17.7,0.0,17.65,17.65,109.89,162.01,24.0,-28.0,0.0,0.0,0.0,0.0,0.0,0.0,0.0,0.0,,4.0,-15.0,13.0,0.0,0.0,0.01,-29.0,-0.01,1.44,1.0,0.0,0.79,0.0,0.0,0.0,0.0,0.0,0.0,0.0,0.0,0.0,-0.06,0.0,0.0,-0.01,-0.1,-0.02,-0.2,-1.25,41.12520701216465
1416,廣豐,其他,2,-6.72,5.41,1.3,0.0,11.65,2.0,103.0,,,,1.75,463.91,472.16,11.9,-0.43,-0.87,0.0,0.20000000000000107,11.7,0.44,11.5,11.45,249.39,61.56,-9.0,12.0,0.0,0.0,0.0,0.0,0.0,0.0,0.0,0.0,,1.0,0.0,-10.0,0.0,0.0,0.0,13.0,0.01,6.59,-1.0,-0.0,0.09,0.06,0.0,0.0,0.0,0.0,0.0,0.0,-0.08,-0.23,-0.38,0.08,0.07,-0.08,0.17,0.23,0.19,0.31,65.85140630427381
1417,嘉裕,紡織纖維,1,-4.68,2.64,0.37,0.49,8.13,14.0,-4.0,,,,-0.12,168.68,392.0,8.33,0.25,-0.74,0.49,0.17999999999999972,8.15,-0.49,8.1,8.14,199.03,204.18,3.0,4.0,0.0,0.0,0.0,0.0,0.0,0.0,0.0,0.0,,2.0,0.0,15.0,0.0,0.0,0.0,4.0,0.0,1.01,0.0,0.0,0.07,-0.0,0.0,0.0,0.0,0.0,0.0,0.0,-0.15,-0.24,-0.34,0.01,-0.01,-0.07,0.03,0.07,0.01,-0.2,57.80402875376152
1418,東華,紡織纖維,2,-8.97,7.25,0.54,0.0,18.5,0.0,0.0,,,,0.82,11.04,111.16,18.95,0.27,0.0,0.0,0.4499999999999993,18.5,0.27,18.4,18.35,24.02,45.01,17.0,4.0,0.0,0.0,0.0,0.0,0.0,0.0,0.0,0.0,,1.0,-1.0,0.0,0.0,0.0,0.0,4.0,0.01,1.31,0.0,0.0,0.03,0.0,0.0,0.0,0.0,0.0,0.0,0.0,0.07,0.09,0.08,0.01,0.01,0.01,0.16,0.52,0.71,0.45,73.69624840475787
1419,新紡,紡織纖維,2,-5.39,5.07,-0.75,0.76,65.8,0.0,0.0,,,,-0.45,21.8,143.81,68.6,0.46,-0.61,0.76,2.299999999999997,66.3,0.3,66.3,66.1,56.92,40.65,8.0,1.0,0.0,0.0,0.0,0.0,0.0,0.0,0.0,0.0,,3.0,1.0,1.0,0.0,0.0,0.03,-2.0,-0.0,1.35,3.0,0.0,0.19,0.0,0.0,-0.01,-0.05,0.0,0.0,0.0,-0.01,-0.01,-0.02,0.0,0.0,-0.01,-0.04,-0.13,-0.67,-0.52,44.80635368798976
1423,利華,紡織纖維,1,-5.8,4.11,0.0,4.8,35.5,0.0,0.0,,,,-1.39,2.01,36.5,36.2,-0.29,-0.58,4.8,0.7000000000000028,35.5,-1.39,35.5,36.0,6.44,19.09,8.0,0.0,0.0,0.0,0.0,0.0,0.0,0.0,0.0,0.0,,0.0,0.0,0.0,0.0,0.0,0.0,0.0,0.0,1.27,0.0,0.0,0.08,0.0,0.0,0.0,0.0,0.0,0.0,0.0,0.02,0.04,0.05,0.0,0.0,0.0,0.49,0.43,0.3,-0.15,55.24087818970059
1432,大魯閣,貿易百貨,1,-1.97,1.01,0.33,0.33,15.05,-22.0,4.0,,,,0.33,61.06,124.22,15.2,0.0,-0.66,0.33,0.14999999999999858,15.05,0.0,15.0,15.0,80.1,77.49,14.0,-4.0,0.0,0.0,0.0,0.0,0.0,0.0,0.0,0.0,,0.0,0.0,0.0,0.0,0.0,0.0,-4.0,-0.0,0.71,0.0,0.0,0.01,0.0,0.0,0.0,0.0,0.0,0.0,0.0,0.03,0.05,0.12,-0.03,-0.08,-0.1,0.03,0.06,0.05,-0.01,59.35030791715582
1434,福懋,紡織纖維,1,-6.18,5.19,-1.1,0.55,17.95,320.0,-220.0,,,,-1.1,1414.85,2221.46,18.6,0.28,0.28,0.55,0.3500000000000014,18.25,0.0,18.15,18.15,1341.59,1720.46,641.0,-617.0,0.0,0.0,0.0,0.0,0.0,0.0,0.0,0.0,,1.0,-46.0,92.0,0.0,0.0,0.0,-617.0,-0.04,8.59,0.0,0.0,2.86,-0.01,0.0,0.0,0.0,1.0,2.0,4.0,0.03,0.15,0.09,0.01,0.05,0.01,-0.04,0.04,0.02,-0.07,50.977695970865874
1435,中福,其他,1,-16.8,10.84,0.69,0.45,22.0,,,,,,-1.79,20.28,33.14,24.4,-0.45,-2.25,0.45,1.8999999999999986,22.5,-2.46,21.85,22.4,6.48,7.89,4.0,1.0,0.0,0.0,0.0,0.0,0.0,0.0,0.0,0.0,,0.0,0.0,0.0,0.0,0.0,0.0,1.0,0.0,0.29,0.0,0.0,0.01,,0.0,0.0,0.0,0.0,0.0,0.0,0.0,0.01,0.05,,,,-0.15,-0.43,-0.41,-1.21,42.96860398746554
1436,華友聯,建材營造,1,-10.41,1.13,-0.98,0.56,35.35,-37.0,-23.0,,,,-0.98,86.14,645.08,39.4,-1.23,-1.8,0.56,3.6999999999999957,35.7,0.0,35.7,35.7,169.16,121.86,-54.0,-54.0,0.0,0.0,0.0,0.0,0.0,0.0,0.0,0.0,,3.0,3.0,-21.0,0.0,0.0,0.0,-54.0,-0.06,12.01,0.0,0.0,0.02,-0.02,0.0,0.0,0.0,0.0,0.0,0.0,-0.24,-0.09,0.02,-0.18,-0.24,-0.31,-0.51,-1.16,-1.56,-3.29,31.473177375384566
1437,勤益控,其他,3,-4.98,3.24,0.0,-2.9,31.85,-2.0,0.0,,,,0.0,62.77,326.88,33.1,-1.07,-2.0,-2.9,1.2000000000000028,31.9,0.0,31.85,31.85,71.0,297.0,-45.0,-11.0,0.0,0.0,0.0,0.0,0.0,0.0,0.0,0.0,,1.0,79.0,-1.0,0.0,0.0,0.0,-11.0,-0.01,8.73,0.0,0.0,0.07,0.0,0.0,0.0,0.0,0.0,0.0,0.0,-0.07,-0.07,-0.03,0.0,0.06,0.06,-0.33,-0.6,-0.36,0.34,34.42825916897968
1438,三地開發,建材營造,2,-11.23,4.06,1.87,-2.31,21.8,-7.0,0.0,,,,3.07,27.85,194.44,23.6,-0.92,-1.63,-2.31,1.8000000000000007,21.8,1.18,21.4,21.15,80.76,155.43,6.0,7.0,0.0,0.0,0.0,0.0,0.0,0.0,0.0,0.0,,3.0,2.0,-1.0,0.0,0.0,0.0,1.0,0.0,0.78,6.0,0.01,0.05,0.0,0.0,0.0,0.0,0.0,0.0,0.0,0.0,-0.0,0.05,-0.01,-0.03,-0.03,0.34,0.2,-0.01,-0.28,54.44777632382452
1439,中和,紡織纖維,3,-8.17,5.44,0.0,1.23,28.95,0.0,0.0,,,,0.17,59.03,91.0,30.0,0.18,0.0,1.23,0.9499999999999993,29.05,0.17,28.95,28.9,5.03,91.0,0.0,-27.0,0.0,0.0,0.0,0.0,0.0,0.0,0.0,0.0,,2.0,-3.0,-10.0,0.0,0.0,0.0,-27.0,-0.03,1.37,0.0,0.0,0.16,0.0,0.0,0.0,0.0,0.0,0.0,0.0,-0.03,-0.03,-0.02,0.0,0.0,0.0,0.5,0.38,0.14,0.97,57.033515991917085
1440,南紡,紡織纖維,2,-13.13,6.2,-0.74,2.25,13.4,782.0,-253.0,,,,-1.83,2962.06,8086.25,14.85,1.89,-1.48,2.25,1.1500000000000004,13.7,-1.1,13.5,13.65,2972.55,3288.88,755.0,-595.0,1.0,0.0,0.0,1.0,0.0,0.0,1.0,1.0,inf,2.0,-384.0,129.0,0.0,0.0,0.0,-611.0,-0.04,7.81,16.0,0.0,0.37,-0.02,0.0,-0.01,-0.03,0.0,0.0,2.0,0.0,0.03,0.05,0.05,0.02,0.0,-0.02,0.05,-0.1,0.1,49.15479441114247
1441,大東,紡織纖維,3,-15.76,16.14,-0.5,-1.48,9.87,-16.0,-5.0,,,,-1.3,39.1,196.79,10.15,,,-1.48,0.22000000000000064,9.93,-0.8,9.92,10.0,101.13,94.73,-6.0,-11.0,0.0,0.0,0.0,0.0,0.0,0.0,0.0,0.0,,0.0,0.0,0.0,0.0,0.0,0.0,-11.0,-0.02,1.42,0.0,0.0,0.04,-0.01,0.0,0.0,0.0,0.0,0.0,0.0,-0.03,-0.04,-0.04,-0.05,-0.11,-0.11,-0.14,0.19,0.85,0.84,72.67896266765717
1442,名軒,建材營造,1,-17.06,2.45,-2.21,0.74,26.5,-25.0,-152.0,,,,-2.57,966.89,1463.47,31.95,-0.36,-2.89,0.74,4.800000000000001,27.15,-0.37,27.1,27.2,645.43,597.66,39.0,-312.0,3.0,0.0,9.0,0.0,78.0,68.0,78.0,68.0,,1.0,-24.0,-294.0,0.0,0.0,0.0,-317.0,-0.09,8.25,5.0,0.0,0.15,-0.04,0.0,0.0,0.0,0.0,0.0,0.0,-0.13,-0.27,-0.14,-0.13,-0.33,-0.31,-0.72,-2.64,-3.05,-3.1,20.704662905104357
1443,立益,其他,1,-9.46,4.44,-0.64,2.63,23.35,0.0,0.0,,,,-0.43,3.0,34.16,24.85,-0.43,-0.22,2.63,1.3500000000000014,23.5,0.21,23.5,23.45,8.0,15.62,8.0,3.0,0.0,0.0,0.0,0.0,0.0,0.0,0.0,0.0,,0.0,0.0,0.0,0.0,0.0,0.0,3.0,0.0,0.4,0.0,0.0,0.03,0.0,0.0,0.0,0.0,0.0,0.0,0.0,0.01,0.01,0.01,0.0,0.0,0.0,0.15,0.05,-0.11,-1.61,47.9463366071838
1444,力麗,紡織纖維,1,-10.98,7.67,-3.23,2.45,6.9,624.0,-388.0,,,,-3.09,1233.44,3209.95,7.47,0.0,1.17,2.45,0.3099999999999996,7.16,0.14,7.13,7.12,1187.46,3209.95,1321.0,-649.0,1.0,6.0,0.0,-9.0,6.0,6.0,-3.0,6.0,-2.5,2.0,103.0,51.0,0.0,0.0,0.22,-649.0,-0.07,5.22,0.0,0.0,0.19,-0.04,0.0,0.0,0.0,0.0,0.0,0.0,0.13,0.05,-0.32,0.05,0.04,-0.17,-0.04,0.0,-0.03,-0.45,47.96929877970959
1445,大宇,紡織纖維,1,-6.1,1.0,-0.99,0.5,10.0,0.0,0.0,,,,-0.99,49.19,282.04,10.65,0.0,-0.5,0.5,0.5500000000000007,10.1,0.0,10.1,10.1,49.25,57.5,2.0,1.0,0.0,0.0,0.0,0.0,0.0,0.0,0.0,0.0,,1.0,0.0,0.0,0.0,0.0,0.02,1.0,0.0,3.48,0.0,0.0,0.14,0.0,0.0,0.0,0.0,0.0,0.0,0.0,-0.02,0.04,0.18,0.0,-0.01,-0.01,-0.04,-0.08,-0.18,-0.55,38.32919343571808
1446,宏和,紡織纖維,1,-4.68,1.51,0.75,0.37,13.45,-37.0,0.0,,,,0.37,29.31,236.26,13.9,-0.37,-1.84,0.37,0.45000000000000107,13.45,-0.37,13.35,13.4,157.65,227.0,18.0,-1.0,0.0,0.0,0.0,0.0,0.0,0.0,0.0,0.0,,5.0,21.0,1.0,0.0,0.0,0.0,-1.0,-0.0,5.62,0.0,0.0,0.08,0.0,0.0,0.0,0.0,0.0,0.0,0.0,-0.01,-0.19,-0.28,-0.04,-0.01,-0.08,-0.04,-0.11,-0.02,-0.41,44.847431848267924
1447,力鵬,紡織纖維,1,-11.85,8.48,-3.98,4.15,6.51,319.0,-441.0,,,,-3.84,1028.82,2189.07,7.09,-0.47,1.72,4.15,0.3099999999999996,6.78,0.15,6.78,6.77,1370.02,2189.07,90.0,-521.0,0.0,0.0,0.0,0.0,0.0,0.0,0.0,0.0,,0.0,0.0,0.0,0.0,0.0,0.18,-521.0,-0.06,3.04,0.0,0.0,0.11,-0.05,0.0,0.0,0.0,0.0,0.0,0.0,-0.04,-0.07,-0.11,0.04,0.04,-0.03,-0.01,0.02,-0.05,-0.59,48.09956682612611
1449,佳和,紡織纖維,1,-5.12,4.17,-1.6,2.04,12.3,25.0,-36.0,,,,-1.6,192.79,611.27,12.7,1.22,-0.8,2.04,0.1999999999999993,12.5,0.0,12.5,12.5,200.91,288.2,81.0,-16.0,0.0,0.0,0.0,0.0,0.0,0.0,0.0,0.0,,2.0,-50.0,10.0,0.0,0.0,0.0,-16.0,-0.02,9.96,0.0,0.0,16.72,-0.04,0.0,0.0,0.0,0.0,0.0,0.0,0.21,0.67,1.05,0.02,0.19,0.27,-0.08,-0.04,0.01,-0.26,47.27161979541467
1451,年興,紡織纖維,1,-3.17,1.19,0.59,0.59,17.0,-15.0,-8.0,,,,0.0,199.34,199.34,17.35,0.0,-1.17,0.59,0.3500000000000014,17.0,-0.59,16.9,17.0,117.46,83.98,2.0,-90.0,0.0,0.0,0.0,0.0,0.0,0.0,0.0,0.0,,2.0,0.0,-2.0,0.0,0.0,0.0,-90.0,-0.04,5.16,0.0,0.0,0.71,-0.0,0.0,0.0,0.0,0.0,0.0,0.0,-0.06,-0.1,-0.12,-0.02,-0.02,-0.05,-0.02,-0.05,-0.12,-0.3,40.208946145716006
1452,宏益,紡織纖維,1,-6.55,0.93,0.0,-0.46,10.8,-2.0,0.0,,,,0.0,19.05,149.54,11.45,0.0,-0.93,-0.46,0.6499999999999986,10.8,0.0,10.8,10.8,52.42,49.01,1.0,-11.0,0.0,0.0,0.0,0.0,0.0,0.0,0.0,0.0,,0.0,0.0,0.0,0.0,0.0,0.0,-11.0,-0.01,1.56,0.0,0.0,0.26,0.0,0.0,0.0,0.0,0.0,0.0,0.0,-0.04,-0.09,-0.13,0.0,0.0,0.0,0.02,0.0,-0.22,-0.53,38.63193287935787
1453,大將,建材營造,1,-5.29,1.4,0.0,0.93,10.9,-1.0,0.0,,,,0.0,11.35,70.27,11.35,0.46,-0.92,0.93,0.4499999999999993,10.9,0.0,10.9,10.9,12.79,25.5,1.0,1.0,0.0,0.0,0.0,0.0,0.0,0.0,0.0,0.0,,1.0,0.0,-5.0,0.0,0.0,0.0,1.0,0.0,0.74,0.0,0.0,0.29,0.0,0.0,0.0,0.0,0.0,0.0,0.0,0.0,-0.01,-0.02,0.0,0.0,0.0,0.03,-0.01,-0.07,-0.23,46.430272526514706
1454,台富,紡織纖維,1,-6.95,2.49,-1.62,-0.41,12.15,0.0,0.0,,,,-0.41,11.67,98.93,12.95,-0.4,-1.22,-0.41,0.5999999999999996,12.35,1.23,12.35,12.2,30.1,20.5,7.0,2.0,0.0,0.0,0.0,0.0,0.0,0.0,0.0,0.0,,2.0,0.0,0.0,0.0,0.0,0.0,2.0,0.0,0.51,0.0,0.0,0.06,0.0,0.0,0.0,0.0,0.0,0.0,0.0,-0.0,0.01,0.01,0.0,0.0,0.0,-0.08,-0.24,-0.23,-0.43,33.7662571678534
1455,集盛,紡織纖維,2,-8.56,4.63,-1.01,1.74,9.84,180.0,-55.0,,,,-1.01,326.38,1902.32,10.4,-0.51,0.0,1.74,0.45000000000000107,9.95,0.0,9.94,9.94,520.42,813.29,441.0,-152.0,0.0,0.0,0.0,0.0,0.0,0.0,0.0,0.0,,2.0,7.0,25.0,0.0,0.0,0.0,-153.0,-0.03,3.56,1.0,0.0,0.76,-0.01,0.0,0.0,0.0,0.0,0.0,0.0,0.03,0.08,0.09,0.02,0.04,-0.13,0.07,0.07,0.01,0.25,53.062246610308144
1456,怡華,建材營造,3,-12.3,10.78,1.37,0.34,14.8,0.0,12.0,,,,1.02,158.91,1538.43,15.45,5.38,-0.68,0.34,0.5499999999999989,14.9,-0.34,14.6,14.65,95.23,70.56,6.0,-11.0,0.0,0.0,0.0,0.0,0.0,0.0,0.0,0.0,,2.0,21.0,-28.0,0.0,0.0,0.0,-11.0,-0.01,0.75,0.0,0.0,13.21,0.01,0.0,0.0,0.0,0.0,0.0,0.0,0.0,0.02,0.06,0.07,0.09,-0.19,0.26,0.48,0.58,0.81,65.36430312921694
1457,宜進,紡織纖維,2,-2.4,1.76,1.05,-0.35,14.45,0.0,0.0,,,,0.35,71.42,153.99,14.6,-0.35,-0.35,-0.35,0.15000000000000036,14.45,-0.69,14.3,14.4,75.98,53.75,26.0,2.0,0.0,0.0,0.0,0.0,0.0,0.0,0.0,0.0,,0.0,0.0,-25.0,0.0,0.0,0.0,2.0,0.0,1.83,0.0,0.0,0.07,0.0,0.0,0.0,0.0,0.0,0.0,0.0,-0.0,-0.05,-0.08,0.0,0.0,0.01,0.07,0.03,0.03,0.09,54.27652765282005
1459,聯發,紡織纖維,3,-10.59,25.46,1.49,4.37,17.0,65.0,30.0,,,,1.8,215.21,356.15,17.0,0.95,0.31,4.37,0.0,17.0,0.3,16.75,16.7,98.99,356.15,99.0,9.0,0.0,0.0,0.0,0.0,0.0,0.0,0.0,0.0,,3.0,4.0,17.0,0.0,0.0,0.0,9.0,0.0,1.54,0.0,0.0,0.06,0.01,0.0,0.0,0.0,0.0,0.0,0.0,0.03,0.04,0.06,0.03,0.03,0.04,0.71,1.01,1.28,2.72,88.62326416935792
1460,宏遠,紡織纖維,1,-6.18,0.48,-0.32,0.32,6.23,-72.0,-8.0,,,,-0.48,169.81,421.18,6.63,-0.48,-0.16,0.32,0.3799999999999999,6.25,-0.16,6.25,6.26,144.07,421.18,118.0,-61.0,0.0,0.0,0.0,0.0,0.0,0.0,0.0,0.0,,0.0,0.0,0.0,0.0,0.0,0.0,-61.0,-0.01,1.88,0.0,0.0,0.01,-0.0,0.0,0.0,0.0,0.0,0.0,0.0,-0.01,-0.01,-0.02,-0.02,-0.03,-0.06,-0.02,-0.06,-0.17,-0.45,27.19611944795284
1463,強盛,紡織纖維,2,-6.37,4.14,0.0,-3.05,17.5,0.0,0.0,,,,0.0,12.07,281.01,18.05,0.85,-1.13,-3.05,0.4499999999999993,17.6,0.0,17.5,17.5,40.21,34.04,0.0,3.0,0.0,0.0,0.0,0.0,0.0,0.0,0.0,0.0,,3.0,9.0,0.0,0.0,0.0,0.0,3.0,0.0,12.3,0.0,0.0,0.06,0.0,0.0,0.0,0.0,0.0,0.0,0.0,0.01,0.13,0.28,0.0,0.0,0.0,-0.08,-0.09,0.07,-0.12,48.40733573321355
1464,得力,紡織纖維,1,-2.76,1.32,0.2,0.3,10.0,-11.0,-2.0,,,,0.2,328.47,540.57,10.15,-0.3,-0.3,0.3,0.15000000000000036,10.0,0.0,9.98,9.98,439.67,294.37,-81.0,98.0,0.0,0.0,0.0,0.0,0.0,0.0,0.0,0.0,,0.0,-1.0,-3.0,0.0,0.0,0.0,98.0,0.02,1.99,0.0,0.0,0.07,-0.0,0.0,0.0,0.0,0.0,0.0,0.0,-0.03,-0.09,-0.13,-0.01,-0.06,-0.2,0.02,0.04,0.01,-0.25,53.45050492512274
1465,偉全,紡織纖維,1,-7.66,2.18,0.43,0.43,11.65,-1.0,0.0,,,,0.0,52.02,467.86,12.4,0.0,-0.43,0.43,0.7000000000000011,11.7,-0.43,11.6,11.65,73.54,33.44,-3.0,-14.0,0.0,0.0,0.0,0.0,0.0,0.0,0.0,0.0,,0.0,0.0,-3.0,0.0,0.0,0.0,-14.0,-0.01,0.64,0.0,0.0,0.05,0.0,0.0,0.0,0.0,0.0,0.0,0.0,-0.05,0.03,-0.1,0.0,-0.11,-0.13,0.04,0.04,-0.13,-0.6,44.73257138606296
1466,聚隆,紡織纖維,1,-12.27,4.2,-1.01,1.37,14.7,-15.0,-7.0,,,,-1.01,118.04,341.39,16.3,-1.34,0.68,1.37,1.4000000000000004,14.9,0.0,14.85,14.85,188.26,179.67,12.0,2.0,1.0,0.0,-3.0,1.0,-3.0,0.0,-2.0,1.0,inf,3.0,33.0,28.0,0.0,0.0,0.0,-4.0,-0.0,0.9,6.0,0.01,0.29,-0.01,0.0,0.0,0.0,0.0,0.0,0.0,0.07,0.14,-0.03,-0.01,-0.01,-0.08,-0.12,-0.2,-0.42,-1.44,30.895073062159028
1467,南緯,紡織纖維,1,-8.11,4.16,-1.0,-0.25,7.94,-22.0,-35.0,,,,-1.12,372.16,413.55,8.38,-0.25,-0.25,-0.25,0.3600000000000012,8.02,-0.12,8.02,8.03,65.73,150.42,-23.0,15.0,0.0,0.0,0.0,0.0,0.0,0.0,0.0,0.0,,2.0,1.0,-3.0,0.0,0.0,0.0,10.0,0.01,26.93,5.0,0.0,0.2,-0.02,0.0,0.0,0.0,0.0,0.0,0.0,0.01,0.12,0.05,-0.03,-0.01,-0.06,-0.08,-0.12,-0.15,-0.81,31.980157816182526
1468,昶和,紡織纖維,2,-8.09,8.4,1.5,3.85,13.55,0.0,0.0,,,,0.37,63.0,92.0,13.6,1.54,-0.38,3.85,0.049999999999998934,13.55,-1.11,13.35,13.5,59.0,79.04,10.0,6.0,0.0,0.0,0.0,0.0,0.0,0.0,0.0,0.0,,0.0,0.0,0.0,0.0,0.0,0.0,3.0,0.0,2.17,3.0,0.0,0.02,0.0,0.0,0.0,0.0,0.0,0.0,0.0,0.0,0.01,0.02,0.0,0.0,0.0,0.27,0.38,0.36,0.29,68.10316934301295
1470,大統新創,紡織纖維,3,-5.63,8.93,1.04,1.9,24.4,0.0,0.0,,,,1.04,6.0,60.03,24.85,-1.25,-1.05,1.9,0.45000000000000284,24.4,0.0,24.15,24.15,5.03,60.03,-2.0,-1.0,0.0,0.0,0.0,0.0,0.0,0.0,0.0,0.0,,0.0,0.0,0.0,0.0,0.0,0.0,-1.0,-0.0,0.43,0.0,0.0,0.06,0.0,0.0,0.0,0.0,0.0,0.0,0.0,-0.0,0.01,0.03,0.0,0.0,0.0,0.46,0.28,0.32,0.95,58.884473358703076
1471,首利,電子零組件業,1,-7.24,2.82,0.32,1.72,9.49,39.0,2.0,,,,0.32,88.35,309.64,9.95,-0.74,-1.06,1.72,0.4599999999999991,9.49,0.0,9.46,9.46,134.94,258.38,60.0,-6.0,0.0,0.0,0.0,0.0,0.0,0.0,0.0,0.0,,0.0,0.0,0.0,0.0,0.0,0.0,-6.0,-0.0,0.8,0.0,0.0,0.06,0.0,0.0,0.0,0.0,0.0,0.0,0.0,0.02,-0.0,0.01,0.0,0.0,-0.02,0.07,0.07,-0.04,-0.21,51.56373103230199
1472,三洋實業,紡織纖維,2,-5.5,3.38,0.0,-0.22,88.8,1.0,0.0,,,,0.0,103.2,129.38,90.9,-0.11,0.11,-0.22,2.1000000000000085,88.8,0.0,88.8,88.8,25.13,81.52,-3.0,-13.0,0.0,0.0,0.0,0.0,0.0,0.0,0.0,0.0,,2.0,5.0,9.0,0.0,0.0,0.0,2.0,0.01,1.98,-15.0,-0.06,0.0,0.0,0.0,0.0,0.0,0.0,0.0,0.0,0.09,0.06,0.16,0.01,0.01,0.01,0.44,0.91,0.28,0.18,60.650787362864335
1473,台南,紡織纖維,1,-4.47,0.26,-0.26,-0.26,19.25,-33.0,-16.0,,,,0.0,99.31,164.73,20.15,0.26,-1.03,-0.26,0.8499999999999979,19.3,0.26,19.3,19.25,30.0,121.25,-49.0,-57.0,0.0,0.0,0.0,0.0,0.0,0.0,0.0,0.0,,1.0,4.0,-18.0,0.0,0.0,0.0,-57.0,-0.04,4.88,0.0,0.0,0.16,-0.01,0.0,0.0,0.0,0.0,0.0,0.0,-0.17,-0.25,-0.25,-0.04,-0.07,-0.08,-0.1,-0.26,-0.5,-0.7,19.527217607256915
1474,弘裕,紡織纖維,1,-8.4,4.02,0.0,-0.5,10.05,-1.0,0.0,,,,0.0,80.62,436.24,10.6,0.2,0.5,-0.5,0.5,10.1,0.0,10.05,10.05,65.45,80.55,5.0,3.0,0.0,0.0,0.0,0.0,0.0,0.0,0.0,0.0,,0.0,-3.0,-5.0,0.0,0.0,0.0,3.0,0.0,0.55,0.0,0.0,0.14,0.0,0.0,0.0,0.0,0.0,0.0,0.0,-0.03,-0.09,-0.1,0.0,0.0,0.0,0.02,0.04,0.07,-0.09,59.63121570976763
1475,業旺,紡織纖維,2,-6.2,3.97,-0.38,0.58,26.05,0.0,0.0,,,,0.19,6.0,74.02,27.4,0.19,-2.09,0.58,1.1999999999999993,26.2,0.58,26.15,26.0,25.14,7.01,-2.0,0.0,0.0,0.0,0.0,0.0,0.0,0.0,0.0,0.0,,1.0,0.0,0.0,0.0,0.0,0.0,0.0,0.0,0.58,0.0,0.0,0.03,0.0,0.0,0.0,0.0,0.0,0.0,0.0,0.0,0.0,0.05,0.0,0.0,0.0,-0.05,-0.04,-0.09,-0.5,47.40818795324924
1476,儒鴻,紡織纖維,1,-14.67,2.22,-0.18,-0.36,274.5,-304.0,-156.0,,,,0.18,831.7,2603.14,317.0,-1.6,-1.27,-0.36,40.5,276.5,0.36,275.0,274.0,1313.96,1501.3,521.0,-59.0,0.0,-3.0,0.0,0.0,-5.0,0.0,-5.0,0.0,-1.0,5.0,48.0,28.0,91.0,0.03,3.34,-145.0,-0.05,27.6,-5.0,-0.0,1.91,-0.06,0.1,0.18,0.26,3.0,7.0,17.0,0.18,-0.74,-1.45,-0.44,-1.24,-2.77,-1.3,-3.7,-14.27,-42.88,28.75314537659861
1477,聚陽,紡織纖維,1,-5.51,1.86,-0.78,0.79,190.5,-34.0,-187.0,,,,-0.78,912.32,2119.94,199.5,-0.78,-0.52,0.79,7.5,192.0,0.0,192.0,192.0,518.38,1246.99,-212.0,75.0,0.0,0.0,0.0,0.0,-1.0,0.0,-1.0,0.0,,1.0,-6.0,-17.0,311.0,0.13,10.7,-231.0,-0.1,14.61,-5.0,-0.0,5.25,-0.08,0.39,0.46,0.55,5.0,8.0,15.0,-0.39,-0.69,-0.93,-0.16,-0.82,-1.25,-0.7,-1.2,-3.22,-16.4,39.44048711295123
1503,士電,電機機械,1,-9.77,2.06,0.0,0.25,197.5,197.0,-2.0,,,,0.0,346.7,2697.62,215.0,-0.25,-1.02,0.25,17.0,198.0,0.0,197.5,197.5,803.6,779.81,289.0,31.0,1.0,0.0,2.0,0.0,-4.0,2.0,-3.0,2.0,,1.0,-33.0,-5.0,10.0,0.0,0.4,-13.0,-0.0,30.77,34.0,0.01,0.47,-0.0,0.0,0.01,0.02,3.0,4.0,10.0,-0.02,-0.11,-0.14,-0.04,-0.1,-0.3,1.2,0.55,-2.55,-4.42,47.97409209015855
1504,東元,電機機械,2,-8.15,2.66,-0.29,-0.43,69.1,321.0,122.0,,,,0.0,2132.86,8359.96,73.6,-0.15,0.0,-0.43,4.199999999999989,69.4,0.29,69.3,69.1,3285.03,4881.46,477.0,192.0,2.0,-3.0,1.0,3.0,-12.0,1.0,-6.0,3.0,-2.0,1.0,-45.0,-86.0,10.0,0.0,0.47,141.0,0.01,7.86,41.0,0.0,1.98,0.01,-0.03,0.05,0.04,1.0,4.0,11.0,0.04,-0.34,-0.53,0.0,-0.26,-0.49,0.34,-0.11,-0.92,0.16,45.08749311382489
1506,正道,電機機械,1,-6.53,1.17,-0.31,-0.21,9.5,-123.0,-82.0,,,,-0.31,375.84,375.84,10.1,-0.62,-0.73,-0.21,0.5499999999999989,9.55,0.0,9.53,9.53,264.14,354.06,-52.0,-4.0,0.0,0.0,0.0,0.0,0.0,0.0,0.0,0.0,,0.0,0.0,0.0,0.0,0.0,0.0,-4.0,-0.0,1.23,0.0,0.0,0.7,-0.05,0.0,0.0,0.0,0.0,0.0,0.0,-0.22,-0.25,-0.34,-0.18,-0.22,-0.43,-0.09,-0.18,-0.33,-0.73,11.407309512641419
1512,瑞利,汽車工業,1,-7.35,3.97,1.47,-0.16,6.2,0.0,1.0,,,,1.47,54.72,96.0,6.53,0.32,-0.97,-0.16,0.2400000000000002,6.29,0.0,6.11,6.11,31.88,47.46,-10.0,2.0,0.0,0.0,0.0,0.0,0.0,0.0,0.0,0.0,,0.0,0.0,0.0,0.0,0.0,0.0,2.0,0.0,5.46,0.0,0.0,0.01,0.0,0.0,0.0,0.0,0.0,0.0,0.0,-0.03,-0.01,-0.04,0.0,0.0,-0.01,0.05,0.01,-0.01,-0.33,50.54681236556564
1513,中興電,電機機械,2,-4.42,4.32,-1.48,0.0,166.5,464.0,-412.0,,,,-0.89,1480.85,2911.35,169.5,0.3,0.6,0.0,0.5,169.0,0.6,169.0,168.0,1788.38,2911.35,1177.0,-515.0,2.0,-2.0,2.0,0.0,1.0,2.0,1.0,2.0,-1.0,3.0,10.0,41.0,-4.0,-0.0,7.01,-561.0,-0.11,13.15,50.0,0.01,0.78,-0.08,0.02,0.27,0.23,3.0,6.0,7.0,0.43,0.68,1.2,0.2,0.6,0.86,-0.1,0.5,1.1,2.59,53.280920232000504
1514,亞力,電機機械,1,-6.23,4.89,-0.97,-0.49,102.0,110.0,20.0,,,,-0.49,553.81,1861.12,106.0,-2.86,0.0,-0.49,3.0,103.0,0.49,103.0,102.5,1216.69,669.4,197.0,-20.0,2.0,0.0,1.0,-15.0,1.0,2.0,-14.0,2.0,-inf,2.0,-63.0,22.0,0.0,0.0,0.11,-12.0,-0.0,14.57,-8.0,-0.0,0.15,0.01,0.0,0.0,0.08,1.0,1.0,7.0,0.24,0.62,0.76,0.09,0.31,0.32,-0.7,-0.03,0.2,-1.65,49.48291645944937
1515,力山,電機機械,1,-13.44,5.41,-3.15,0.68,29.25,38.0,-164.0,,,,-1.85,501.32,1771.62,33.1,-0.34,-0.51,0.68,2.900000000000002,30.2,1.34,30.2,29.8,332.86,463.66,228.0,-159.0,2.0,0.0,-2.0,1.0,-2.0,1.0,-1.0,1.0,inf,1.0,-52.0,-17.0,0.0,0.0,0.22,-159.0,-0.09,2.75,0.0,0.0,0.47,-0.09,0.0,0.0,0.0,0.0,0.0,0.0,0.14,0.37,-0.21,-0.17,-0.14,-0.79,-0.22,-0.43,-0.82,-3.9,38.932281407812475
1516,川飛,其他,1,-12.88,6.61,-1.46,3.79,13.5,1.0,1.0,,,,-1.46,17.63,1316.37,14.75,1.94,2.66,3.79,1.0500000000000007,13.7,0.0,13.7,13.7,27.9,16.63,1.0,-3.0,0.0,0.0,0.0,0.0,0.0,0.0,0.0,0.0,,0.0,0.0,0.0,0.0,0.0,0.01,-3.0,-0.01,5.64,0.0,0.0,0.06,0.0,0.0,0.0,0.0,0.0,0.0,0.0,0.03,0.04,-0.15,0.0,-0.12,-0.12,0.15,0.03,-0.38,-1.62,46.17431701210796
1517,利奇,電機機械,1,-8.44,1.94,-0.95,0.96,10.4,22.0,-4.0,,,,-0.95,157.32,532.76,11.25,-0.48,0.49,0.96,0.75,10.5,0.0,10.5,10.5,128.24,200.51,20.0,-71.0,0.0,0.0,0.0,0.0,0.0,0.0,0.0,0.0,,0.0,-1.0,-10.0,0.0,0.0,0.0,-71.0,-0.03,2.0,0.0,0.0,0.49,-0.0,0.0,0.0,0.0,0.0,0.0,0.0,-0.01,0.02,-0.17,-0.0,-0.02,-0.19,0.02,-0.0,-0.17,-0.74,41.430392159615174
1519,華城,電機機械,1,-12.6,1.31,-0.86,-0.57,688.0,-14.0,-344.0,,,,-0.72,849.52,4407.35,786.0,-0.71,-1.57,-0.57,90.0,696.0,0.14,694.0,693.0,1241.44,1201.36,-53.0,-326.0,2.0,0.0,4.0,0.0,0.0,8.0,11.0,8.0,,4.0,5.0,34.0,0.0,0.0,0.24,-320.0,-0.12,23.94,-6.0,-0.0,1.06,-0.13,0.01,0.09,0.14,1.0,4.0,11.0,-0.42,-0.33,-0.27,-0.4,-0.28,-0.31,-6.4,-15.4,-25.3,-21.22,33.682277764657655
1521,大億,汽車工業,2,-10.99,6.58,-0.19,0.0,25.8,0.0,0.0,,,,0.78,5.27,272.42,27.3,-0.58,-0.97,0.0,1.4000000000000021,25.9,0.98,25.85,25.6,23.33,29.1,3.0,1.0,0.0,0.0,0.0,0.0,0.0,0.0,0.0,0.0,,1.0,2.0,-2.0,0.0,0.0,0.0,1.0,0.0,33.13,0.0,0.0,0.07,0.0,0.0,0.0,0.0,0.0,0.0,0.0,-0.04,0.01,0.06,0.0,0.0,-0.01,0.06,0.28,0.41,0.33,58.071383899080544
1522,堤維西,汽車工業,1,-10.59,8.23,-1.86,0.56,26.45,29.0,-33.0,,,,-1.31,203.56,841.92,27.85,1.14,-0.38,0.56,0.9000000000000021,26.95,0.56,26.95,26.8,346.51,293.42,118.0,-46.0,0.0,0.0,0.0,0.0,0.0,0.0,0.0,0.0,,1.0,-17.0,-5.0,0.0,0.0,0.0,-45.0,-0.01,2.46,-1.0,-0.0,0.09,-0.01,0.0,0.0,0.0,0.0,0.0,0.0,0.13,0.09,-0.42,0.05,0.06,-0.28,-0.11,0.21,0.12,-1.3,51.07890444258677
1524,耿鼎,汽車工業,1,-6.22,1.95,-0.76,0.77,25.95,15.0,-21.0,,,,-0.57,176.04,427.83,27.35,-0.57,-0.58,0.77,1.2000000000000028,26.15,0.19,26.15,26.1,146.06,231.55,96.0,-7.0,0.0,0.0,0.0,0.0,0.0,0.0,0.0,0.0,,0.0,-20.0,-36.0,0.0,0.0,0.0,-7.0,-0.0,2.01,0.0,0.0,1.24,-0.01,0.0,0.0,0.0,0.0,0.0,0.0,0.13,0.27,0.58,0.0,0.0,-0.12,-0.06,-0.09,-0.29,-0.83,41.32496848769878
1525,江申,汽車工業,1,-5.07,0.31,-0.16,0.0,63.7,0.0,0.0,,,,0.0,10.2,36.12,67.0,-0.31,-1.09,0.0,3.200000000000003,63.8,0.16,63.8,63.7,19.74,7.11,-1.0,0.0,0.0,0.0,0.0,0.0,0.0,0.0,0.0,0.0,,1.0,2.0,0.0,0.0,0.0,0.0,0.0,0.0,0.44,0.0,0.0,0.17,0.0,0.0,0.0,0.0,0.0,0.0,0.0,0.0,0.0,0.0,0.0,0.0,0.0,-0.32,-0.71,-1.42,-3.01,19.945296981284997
1526,日馳,電機機械,1,-13.21,3.81,-0.33,2.73,14.95,6.0,0.0,,,,-0.66,28.7,359.64,16.65,-1.01,-1.02,2.73,1.6499999999999986,15.0,-0.33,15.0,15.05,41.78,131.51,-10.0,-5.0,0.0,0.0,0.0,0.0,0.0,0.0,0.0,0.0,,2.0,2.0,2.0,0.0,0.0,0.0,-5.0,-0.01,3.26,0.0,0.0,0.18,0.0,0.0,0.0,0.0,0.0,0.0,0.0,0.0,0.0,-0.0,-0.01,-0.12,-0.36,0.13,0.13,-0.16,-1.32,48.41203217758776
1527,鑽全,電機機械,1,-3.02,2.49,0.31,0.15,32.8,10.0,12.0,,,,0.31,137.4,280.87,33.1,0.15,-0.15,0.15,0.20000000000000284,32.9,0.0,32.7,32.7,280.87,77.1,1.0,8.0,0.0,0.0,0.0,0.0,0.0,0.0,0.0,0.0,,2.0,1.0,4.0,0.0,0.0,0.0,8.0,0.01,10.18,0.0,0.0,0.52,0.01,0.0,0.0,0.0,0.0,0.0,0.0,0.13,0.16,0.03,0.06,0.08,0.13,0.13,0.25,0.24,-0.17,67.73397570692964
1528,恩德,電機機械,3,-32.97,42.34,-1.77,1.37,25.0,115.0,-104.0,,,,-3.29,3331.14,37110.09,27.9,-0.78,0.2,1.37,2.349999999999998,25.55,-1.55,25.45,25.85,3744.19,6869.32,15.0,-122.0,0.0,-20.0,-8.0,-45.0,-160.0,-8.0,-196.0,-8.0,1.25,2.0,-67.0,16.0,0.0,0.0,0.0,-122.0,-0.06,1.27,-0.0,-0.0,0.46,-0.05,0.0,0.0,0.0,0.0,0.0,0.0,-0.52,-0.05,-1.73,-0.28,-0.04,-0.96,-0.49,-0.43,1.98,4.35,55.91432683968259
1529,樂士,電機機械,1,-15.84,12.89,-3.4,2.9,15.65,200.0,-112.0,,,,-1.88,437.92,3885.32,17.05,-1.59,0.0,2.9,0.8500000000000014,16.2,1.57,16.2,15.95,409.82,1020.77,328.0,-202.0,1.0,0.0,-2.0,-3.0,-3.0,2.0,-6.0,2.0,-inf,2.0,-26.0,26.0,0.0,0.0,0.0,-202.0,-0.13,2.22,0.0,0.0,7.79,-0.07,0.0,0.0,0.0,0.0,0.0,0.0,-0.01,1.02,0.75,-0.02,0.12,-0.27,0.01,0.08,-0.17,-1.77,47.17199338788265
1530,亞崴,電機機械,1,-9.61,2.09,0.75,1.71,26.85,0.0,0.0,,,,0.19,11.31,74.23,29.15,0.19,-0.94,1.71,2.25,26.9,-0.56,26.65,26.8,22.95,16.54,-4.0,-1.0,0.0,0.0,0.0,0.0,0.0,0.0,0.0,0.0,,1.0,0.0,1.0,0.0,0.0,0.0,-1.0,-0.0,0.72,0.0,0.0,0.13,0.0,0.0,0.0,0.0,0.0,0.0,0.0,-0.01,0.01,0.01,-0.01,-0.02,-0.03,0.16,0.0,-0.67,-1.6,39.46030718849545
1531,高林股,電機機械,1,-6.91,1.75,-0.43,0.0,11.6,-1.0,-6.0,,,,-0.43,82.88,1091.36,12.3,-1.69,-0.43,0.0,0.6500000000000004,11.65,0.0,11.65,11.65,59.84,56.07,-6.0,-5.0,0.0,0.0,0.0,0.0,0.0,0.0,0.0,0.0,,0.0,-2.0,-7.0,0.0,0.0,0.0,-5.0,-0.0,1.13,0.0,0.0,0.06,-0.0,0.0,0.0,0.0,0.0,0.0,0.0,-0.05,-0.08,-0.29,-0.01,-0.02,-0.03,-0.07,-0.1,-0.13,-0.96,36.33458497322745
1532,勤美,電機機械,2,-5.15,1.13,-0.67,0.45,22.2,-4.0,0.0,,,,-0.45,206.02,556.58,23.3,-0.45,-0.9,0.45,0.9499999999999993,22.35,0.22,22.35,22.3,344.89,309.45,71.0,-1.0,0.0,0.0,0.0,0.0,-1.0,0.0,-1.0,0.0,,3.0,7.0,21.0,0.0,0.0,0.0,14.0,0.0,7.56,-15.0,-0.0,0.09,0.0,0.0,0.0,0.0,0.0,0.0,0.0,-0.01,0.03,-0.06,-0.02,-0.03,-0.03,-0.06,-0.21,-0.39,-0.41,37.22805320838243
1533,車王電,汽車工業,1,-6.42,2.68,-0.49,-0.66,30.55,-8.0,-1.0,,,,0.83,54.01,171.58,31.95,-0.49,0.33,-0.66,1.25,30.7,1.32,30.7,30.3,50.24,127.08,47.0,20.0,0.0,0.0,0.0,0.0,0.0,0.0,0.0,0.0,,4.0,1.0,2.0,0.0,0.0,0.0,20.0,0.02,6.35,0.0,0.0,0.23,-0.0,0.0,0.0,0.0,0.0,0.0,0.0,0.07,0.17,0.08,-0.02,-0.02,-0.17,0.15,0.09,-0.07,-1.59,50.41775556956454
1535,中宇,電機機械,1,-4.55,4.08,0.11,0.55,45.85,-1.0,0.0,,,,0.11,15.85,79.61,46.2,-0.33,-0.11,0.55,0.30000000000000426,45.9,0.0,45.8,45.8,20.05,46.67,12.0,2.0,0.0,0.0,0.0,0.0,0.0,0.0,0.0,0.0,,0.0,0.0,0.0,0.0,0.0,0.0,4.0,0.0,0.92,-2.0,-0.0,0.07,0.0,0.0,0.0,0.0,0.0,0.0,0.0,0.01,0.03,0.03,0.0,0.0,-0.02,0.14,0.28,0.45,-0.54,61.46046174254488
1536,和大,汽車工業,1,-10.51,2.39,-0.96,0.86,46.65,-7.0,-105.0,,,,-0.53,510.51,2258.05,51.4,1.51,-0.96,0.86,4.299999999999997,47.1,0.43,47.1,46.9,478.4,461.53,52.0,-165.0,0.0,0.0,-3.0,0.0,-3.0,0.0,-3.0,0.0,,2.0,4.0,5.0,0.0,0.0,0.0,-159.0,-0.06,5.2,-6.0,-0.0,1.83,-0.04,0.0,0.0,0.0,0.0,0.0,0.0,-0.01,-0.18,-1.21,-0.05,-0.33,-1.33,-0.03,0.07,-0.71,-2.85,43.62553887394041
1537,廣隆,電機機械,1,-2.98,0.88,0.44,-0.43,115.0,-17.0,-58.0,,,,0.0,143.65,281.11,117.5,0.0,0.43,-0.43,2.5,115.0,-0.43,114.5,115.0,71.88,131.69,-11.0,-40.0,0.0,0.0,0.0,0.0,0.0,0.0,0.0,0.0,,0.0,0.0,0.0,0.0,0.0,0.03,-43.0,-0.05,15.25,3.0,0.0,0.48,-0.07,0.0,0.0,0.0,0.0,0.0,0.0,-0.06,-0.02,-0.24,-0.11,-0.1,-0.55,-0.1,-0.4,-0.38,-6.62,42.11936687407044
1538,正峰,電機機械,1,-18.7,4.68,4.68,0.0,7.83,0.0,0.0,,,,4.68,15.83,42.3,9.2,,,0.0,1.3699999999999992,7.83,0.0,7.48,7.48,0.13,15.94,0.0,0.0,0.0,0.0,0.0,0.0,0.0,0.0,0.0,0.0,,0.0,0.0,0.0,0.0,0.0,0.0,0.0,0.0,0.01,0.0,0.0,0.01,0.0,0.0,0.0,0.0,0.0,0.0,0.0,0.0,0.0,-0.01,0.0,0.0,0.0,0.18,-0.04,-0.49,-1.61,33.22117695100451
1539,巨庭,電機機械,1,-4.04,2.27,-0.63,-0.32,15.65,0.0,0.0,,,,1.29,25.4,48.41,16.1,0.0,-0.32,-0.32,0.3000000000000007,15.8,1.94,15.75,15.45,27.66,18.0,5.0,-3.0,0.0,0.0,0.0,0.0,0.0,0.0,0.0,0.0,,0.0,0.0,-2.0,0.0,0.0,0.0,-3.0,-0.0,1.18,0.0,0.0,0.39,0.0,0.0,0.0,0.0,0.0,0.0,0.0,0.01,0.01,0.0,0.0,0.0,0.0,0.14,0.07,0.06,-0.21,56.986848993642354
1540,喬福,電機機械,1,-4.75,3.45,1.04,-0.26,19.5,-30.0,3.0,,,,1.04,51.01,222.01,20.0,0.26,-0.77,-0.26,0.5,19.5,0.0,19.3,19.3,90.12,174.91,-36.0,-6.0,0.0,0.0,0.0,0.0,0.0,0.0,0.0,0.0,,3.0,13.0,-3.0,0.0,0.0,0.0,-6.0,-0.01,1.41,0.0,0.0,0.13,0.0,0.0,0.0,0.0,0.0,0.0,0.0,-0.09,0.03,0.15,-0.05,-0.08,-0.07,0.08,0.04,0.04,-0.6,54.70703223282357
1541,錩泰,電機機械,1,-7.45,1.71,0.48,-0.48,20.75,0.0,0.0,,,,-0.72,6.28,27.19,22.15,,,-0.48,1.2999999999999972,20.85,-1.2,20.65,20.9,8.0,5.01,2.0,-1.0,0.0,0.0,0.0,0.0,0.0,0.0,0.0,0.0,,0.0,0.0,0.0,0.0,0.0,0.0,-1.0,-0.0,9.98,0.0,0.0,0.04,0.0,0.0,0.0,0.0,0.0,0.0,0.0,-0.01,-0.01,-0.02,0.0,0.0,0.0,-0.26,-0.26,-0.38,-0.8,36.967132419232584
1558,伸興,電機機械,3,-9.21,14.56,0.0,0.0,112.5,6.0,5.0,,,,0.0,385.72,385.72,114.0,0.0,1.79,0.0,1.5,112.5,0.0,112.5,112.5,171.2,71.84,-15.0,46.0,0.0,0.0,0.0,0.0,0.0,0.0,0.0,0.0,,1.0,-3.0,-19.0,0.0,0.0,0.0,45.0,0.07,7.11,1.0,0.0,0.05,0.01,0.0,0.0,0.0,0.0,0.0,0.0,0.22,0.35,0.34,0.14,0.43,1.03,-0.1,0.9,3.28,12.46,67.98369335492428
1560,中砂,電機機械,3,-32.71,54.73,3.84,0.52,1000.0,-2.0,223.0,,,,3.84,1592.74,6133.92,1015.0,1.68,-1.54,0.52,0.0,1015.0,0.0,963.0,963.0,1083.05,1307.52,181.0,353.0,4.0,-2.0,5.0,16.0,60.0,36.0,40.0,18.0,-9.0,1.0,-28.0,-1.0,70.0,0.05,3.92,234.0,0.16,42.4,49.0,0.03,0.04,0.15,0.43,1.28,1.37,3.0,8.0,12.0,0.96,1.5,2.29,0.26,1.36,2.0,31.0,83.9,177.05,267.37,84.15964402192193
1565,精華,生技醫療業,2,-5.84,3.53,-0.1,0.73,96.7,-6.0,-4.0,,,,0.21,83.95,241.48,101.0,-0.52,0.42,0.73,4.200000000000003,96.8,0.31,96.8,96.5,84.73,62.59,23.0,,,,,,,,,,,,,,0.0,0.0,0.0,32.0,0.06,,,,,-0.01,0.0,0.0,0.0,0.0,0.0,0.0,0.08,0.2,0.41,-0.1,-0.29,-0.27,0.58,0.31,-0.64,1.07,51.42840280059995
1568,倉佑,汽車工業,2,-15.84,18.82,-1.36,1.71,32.7,-14.0,1.0,,,,-0.3,365.52,688.49,33.15,0.0,4.85,1.71,0.0,33.15,1.07,33.15,32.8,688.49,483.92,-90.0,-67.0,0.0,0.0,0.0,0.0,0.0,0.0,0.0,0.0,,1.0,-11.0,-18.0,0.0,0.0,0.0,-69.0,-0.07,3.51,2.0,0.0,0.13,0.0,0.0,0.0,0.0,0.0,0.0,0.0,-0.02,-0.07,-0.28,-0.02,-0.04,-0.18,0.76,1.49,2.6,3.08,76.8745024130208
1569,濱川,電腦及週邊設備業,3,-33.6,50.35,1.75,-3.1,63.8,-202.0,471.0,,,,1.92,3416.04,14467.73,68.0,2.21,0.46,-3.1,3.200000000000003,64.8,0.16,62.7,62.6,4375.05,4462.5,-81.0,,,,,,,,,,,,,,0.0,0.0,0.01,217.0,0.18,,,,,0.39,0.0,0.0,0.0,0.0,0.0,0.0,-0.01,2.8,2.89,0.7,3.86,3.98,-0.08,3.52,9.25,16.52,73.13532233166005
1570,力肯,電機機械,1,-5.25,4.75,0.16,0.15,32.25,0.0,0.0,,,,-2.86,11.1,87.26,33.35,1.08,0.46,0.15,0.25,33.1,-3.01,32.2,33.2,87.26,50.12,7.0,,,,,,,,,,,,,,0.0,0.0,0.0,2.0,0.0,,,,,0.0,0.0,0.0,0.0,0.0,0.0,0.0,0.05,0.03,-0.04,0.0,0.0,-0.01,-0.51,-0.33,-0.3,-2.15,39.565148499607
1580,新麥,電機機械,1,-8.27,2.1,0.62,-0.51,97.4,-11.0,-1.0,,,,0.31,26.16,300.45,104.0,0.52,0.1,-0.51,6.599999999999994,97.4,-0.31,96.8,97.1,25.32,54.57,-14.0,,,,,,,,,,,,,,0.0,0.0,0.0,1.0,0.0,,,,,-0.0,0.0,0.0,0.0,0.0,0.0,0.0,-0.0,-0.0,0.08,-0.02,-0.23,-1.06,0.38,0.24,-1.07,-10.15,43.18628387196102
1582,信錦,電子零組件業,2,-9.61,5.53,-1.93,1.7,71.1,84.0,-28.0,,,,-1.11,214.71,441.47,76.0,-0.57,0.14,1.7,3.5,72.5,0.83,72.5,71.9,281.71,409.25,93.0,-16.0,0.0,0.0,-1.0,0.0,-1.0,0.0,-1.0,0.0,,2.0,-3.0,-10.0,0.0,0.0,0.12,-22.0,-0.02,6.07,6.0,0.0,0.06,-0.02,0.0,0.0,0.0,0.0,0.0,0.0,0.13,0.08,0.08,0.08,0.06,-0.16,0.4,0.45,-0.2,-1.39,51.157682825389436
1583,程泰,電機機械,1,-6.69,2.5,-0.32,-1.16,47.05,0.0,0.0,,,,0.53,8.09,31.34,49.35,1.19,0.0,-1.16,2.1499999999999986,47.2,0.85,47.2,46.8,12.04,11.0,5.0,2.0,0.0,0.0,0.0,0.0,0.0,0.0,0.0,0.0,,0.0,-1.0,0.0,0.0,0.0,0.04,2.0,0.0,0.45,0.0,0.0,0.06,0.0,0.0,0.0,0.0,0.0,0.0,0.0,-0.01,-0.03,-0.02,0.0,0.0,0.0,0.22,0.2,-0.49,-1.87,47.266734210428716
1584,精剛,其他,2,-8.59,7.98,-1.85,3.86,18.6,142.0,-59.0,,,,-1.33,379.74,1683.81,19.2,-0.55,0.28,3.86,0.25,18.95,0.53,18.95,18.85,498.5,1683.81,324.0,,,,,,,,,,,,,,0.0,0.0,0.0,-33.0,-0.02,,,,,-0.03,0.0,0.0,0.0,0.0,0.0,0.0,0.16,0.41,0.29,-0.02,0.14,0.01,0.28,0.36,0.52,0.25,65.66598697069844
1586,和勤,電機機械,1,-3.28,1.69,-0.28,-0.83,17.9,-67.0,-1.0,,,,0.0,176.78,1237.29,18.3,0.28,0.0,-0.83,0.3000000000000007,18.0,0.28,17.95,17.9,205.16,1237.29,230.0,,,,,,,,,,,,,,0.0,0.0,0.0,-12.0,-0.01,,,,,-0.0,0.0,0.0,0.0,0.0,0.0,0.0,0.28,0.25,0.05,-0.09,-0.09,-0.03,-0.05,-0.05,-0.09,-0.32,35.30353598215672
1587,吉茂,汽車工業,1,-5.89,6.26,-3.05,3.16,23.85,17.0,-8.0,,,,-2.45,99.69,193.19,24.6,0.21,1.49,3.16,0.0,24.6,0.61,24.6,24.45,140.3,185.1,48.0,-31.0,0.0,0.0,0.0,0.0,0.0,0.0,0.0,0.0,,3.0,32.0,6.0,0.0,0.0,0.0,-32.0,-0.05,23.97,1.0,0.0,0.61,-0.01,0.0,0.0,0.0,0.0,0.0,0.0,0.01,0.16,0.2,0.02,0.02,0.01,0.03,0.08,0.06,-0.61,50.738428061980024
1589,永冠-KY,電機機械,3,,,,,,,,,,,,,,,,,,,,,,,,,0.0,0.0,,,,,,,,,,,,,0.0,0.0,0.0,0.0,0.0,2.65,0.0,0.0,0.22,,0.0,0.0,0.0,0.0,0.0,0.0,0.0,0.0,0.0,,,,,,,,
1590,亞德客-KY,電機機械,1,-22.53,5.73,-0.84,-1.64,1185.0,-36.0,-37.0,,,,-1.25,510.11,1429.56,1465.0,-1.63,0.0,-1.64,265.0,1200.0,-0.42,1195.0,1200.0,781.55,1005.16,-45.0,-46.0,0.0,0.0,0.0,0.0,0.0,0.0,0.0,0.0,,3.0,3.0,3.0,3.0,0.0,0.51,-47.0,-0.02,80.08,-2.0,-0.0,0.4,-0.02,-0.02,-0.02,-0.04,3.0,5.0,9.0,-0.09,-0.67,-0.78,-0.11,-0.19,-0.29,-22.0,-39.0,-94.0,-188.75,21.619649583233056
1591,駿吉-KY,電機機械,2,-18.94,23.67,-3.16,3.26,41.4,,,,,,-3.16,226.6,1216.18,43.3,-2.88,1.73,3.26,0.44999999999999574,42.85,0.0,42.75,42.75,259.93,389.75,142.0,,,,,,,,,,,,,,0.0,0.0,0.0,-89.0,-0.26,,,,,,0.0,0.0,0.0,0.0,0.0,0.0,0.1,0.11,-0.02,,,,-0.05,0.55,2.29,3.56,56.78674504981097
1593,祺驊,生技醫療業,2,-3.71,3.06,-0.31,0.0,31.7,0.0,0.0,,,,0.0,23.37,32.88,32.35,-0.47,-0.47,0.0,0.3500000000000014,32.0,0.32,31.8,31.7,10.92,11.01,-1.0,,,,,,,,,,,,,,0.0,0.0,0.0,-1.0,-0.0,,,,,0.0,0.0,0.0,0.0,0.0,0.0,0.0,0.01,0.04,0.09,0.0,0.0,0.0,-0.06,-0.03,0.05,0.57,49.70663337098509
1595,川寶,電子零組件業,3,-32.75,50.91,-3.14,7.43,83.3,568.0,-892.0,,,,-2.34,9124.08,9124.08,91.0,-1.4,0.26,7.43,0.0,91.0,0.82,86.0,85.3,2105.42,5815.56,141.0,,,,,,,,,,,,,,0.0,0.0,0.0,-641.0,-1.34,,,,,-1.87,0.0,0.0,0.0,0.0,0.0,0.0,-2.96,-2.28,-4.13,-1.7,-0.93,-2.45,2.88,9.44,13.41,19.1,78.4630588231369
1597,直得,電機機械,3,-19.82,27.82,5.1,-1.35,154.5,-348.0,1116.0,,,,5.46,4660.05,7090.44,164.0,0.0,9.74,-1.35,5.5,158.5,0.34,147.0,146.5,2569.67,3566.14,-582.0,296.0,3.0,-3.0,13.0,18.0,4.0,13.0,18.0,18.0,-7.0,5.0,242.0,1054.0,0.0,0.0,0.0,263.0,0.29,4.91,33.0,0.04,0.54,1.25,0.0,0.0,0.0,0.0,0.0,0.0,0.47,0.14,-1.81,1.77,1.53,-0.07,11.6,14.25,11.32,16.75,73.30261039339766
1598,岱宇,生技醫療業,2,-8.8,5.38,0.24,0.49,20.55,-6.0,1.0,,,,0.24,103.61,699.52,21.6,-0.97,-0.25,0.49,1.0500000000000007,20.55,0.0,20.5,20.5,163.36,104.91,48.0,16.0,0.0,0.0,0.0,0.0,0.0,0.0,0.0,0.0,,0.0,-3.0,-6.0,0.0,0.0,0.0,16.0,0.01,2.37,0.0,0.0,0.35,0.0,0.0,0.0,0.0,0.0,0.0,0.0,0.04,0.11,0.16,0.0,-0.02,-0.01,0.1,0.15,0.14,0.37,54.54773508632241
1599,宏佳騰,電機機械,1,-4.21,1.54,0.0,-0.65,23.1,0.0,-1.0,,,,0.22,33.16,57.4,23.75,-0.22,-0.22,-0.65,0.6499999999999986,23.1,0.22,23.1,23.05,4.73,14.09,0.0,,,,,,,,,,,,,,0.0,0.0,0.0,11.0,0.01,,,,,-0.0,0.0,0.0,0.0,0.0,0.0,0.0,0.01,0.02,0.03,-0.0,-0.0,-0.0,0.04,0.03,-0.02,-0.23,49.346004950420976
1603,華電,電器電纜,2,-5.35,5.31,0.0,0.82,30.65,66.0,14.0,,,,0.16,151.2,256.74,30.85,0.0,-0.66,0.82,0.10000000000000142,30.75,0.16,30.65,30.6,155.15,256.74,152.0,18.0,0.0,0.0,0.0,0.0,0.0,0.0,0.0,0.0,,1.0,-12.0,24.0,0.0,0.0,0.0,7.0,0.0,2.33,11.0,0.01,0.2,0.01,0.0,0.0,0.0,0.0,0.0,0.0,0.13,0.19,0.27,0.05,0.06,0.0,0.29,0.41,0.42,0.6,66.29756688625369
1604,聲寶,電器電纜,2,-1.69,2.17,-0.43,0.64,23.35,0.0,-3.0,,,,-0.43,155.41,378.25,23.7,-0.42,-0.64,0.64,0.1999999999999993,23.5,0.0,23.45,23.45,166.02,132.64,4.0,-9.0,0.0,0.0,0.0,0.0,0.0,0.0,0.0,0.0,,0.0,-4.0,-6.0,0.0,0.0,0.0,-15.0,-0.0,8.29,6.0,0.0,0.56,-0.0,0.0,0.0,0.0,0.0,0.0,0.0,-0.03,-0.06,-0.07,-0.01,-0.0,0.08,-0.07,-0.11,-0.13,-0.01,40.51962466919148
1605,華新,電器電纜,3,-7.77,8.61,-1.28,4.35,38.55,17936.0,-2061.0,,,,0.39,34859.0,42069.46,39.25,0.0,-0.82,4.35,0.14999999999999858,39.1,1.69,39.05,38.4,9511.96,42069.46,23336.0,-3165.0,2.0,75.0,-8.0,6.0,59.0,75.0,64.0,75.0,-0.92,3.0,-3088.0,1472.0,261.0,0.01,0.31,-3313.0,-0.08,20.27,-113.0,-0.0,4.46,-0.05,0.09,0.08,0.1,4.0,6.0,15.0,0.19,0.27,0.24,0.21,0.17,0.0,1.23,1.38,1.11,2.47,69.92628733719293
1608,華榮,電器電纜,3,-6.13,5.51,-0.96,2.11,35.95,991.0,-459.0,,,,-0.83,1428.18,3098.79,37.5,-0.7,-0.85,2.11,1.1000000000000014,36.4,0.14,36.3,36.25,1543.16,2427.5,1457.0,-555.0,1.0,6.0,-3.0,-4.0,1.0,6.0,-3.0,6.0,-1.67,1.0,-78.0,-3.0,0.0,0.0,0.43,-565.0,-0.09,5.06,10.0,0.0,0.26,-0.07,0.0,-0.01,-0.02,0.0,0.0,4.0,0.02,0.02,-0.21,-0.01,-0.1,-0.37,0.22,0.15,-0.12,1.31,50.99574328292346
1609,大亞,電器電纜,2,-6.62,8.26,-1.4,0.65,38.7,732.0,-115.0,,,,-0.13,4848.72,4993.23,39.3,0.0,1.72,0.65,0.0,39.3,1.29,39.25,38.75,4993.23,4929.15,891.0,-1443.0,2.0,-1.0,1.0,20.0,-3.0,1.0,17.0,20.0,-21.0,3.0,161.0,130.0,0.0,0.0,0.05,-1478.0,-0.2,14.41,35.0,0.0,0.78,-0.02,0.0,0.0,-0.01,0.0,0.0,1.0,-0.1,0.24,0.71,0.24,0.44,0.8,0.37,0.64,0.93,1.32,71.62788869229882
1611,中電,電器電纜,1,-6.36,4.52,-0.43,1.76,11.45,140.0,-104.0,,,,-0.87,408.0,9059.4,11.8,0.44,-0.44,1.76,0.25,11.55,-0.43,11.5,11.55,415.73,756.52,344.0,-257.0,1.0,1.0,0.0,0.0,1.0,1.0,1.0,1.0,-1.0,3.0,-43.0,9.0,0.0,0.0,0.01,-275.0,-0.09,7.81,18.0,0.01,0.54,-0.03,0.0,0.0,0.0,0.0,0.0,0.0,-0.18,-1.1,-1.46,-0.07,-0.6,-0.85,0.03,0.05,-0.06,-0.49,49.08625249754911
1612,宏泰,電器電纜,3,-3.5,4.54,-1.54,0.71,35.15,195.0,-178.0,,,,-1.54,598.56,1257.38,35.75,0.29,0.86,0.71,0.04999999999999716,35.7,0.0,35.7,35.7,535.1,1257.38,660.0,-337.0,0.0,0.0,0.0,0.0,0.0,0.0,0.0,0.0,,3.0,41.0,39.0,0.0,0.0,0.39,-367.0,-0.12,15.95,30.0,0.01,1.13,-0.06,0.0,0.0,0.0,1.0,1.0,1.0,0.23,0.35,0.65,0.08,0.16,0.32,-0.09,0.04,0.21,1.65,52.365717516905626
1614,三洋電,電器電纜,2,-3.49,2.63,0.32,0.32,31.25,-11.0,-5.0,,,,0.32,55.73,181.32,31.55,0.0,-0.32,0.32,0.3000000000000007,31.25,0.0,31.15,31.15,116.38,101.92,17.0,-1.0,0.0,0.0,0.0,0.0,0.0,0.0,0.0,0.0,,0.0,-10.0,0.0,0.0,0.0,0.0,-1.0,-0.0,2.34,0.0,0.0,0.06,-0.0,0.0,0.0,0.0,0.0,0.0,0.0,-0.0,0.01,0.03,-0.0,-0.0,-0.01,0.1,0.14,0.29,0.18,65.98383739714097
1615,大山,電器電纜,1,-4.93,1.18,-0.58,0.7,42.7,0.0,-27.0,,,,-0.58,125.2,125.2,44.65,-0.58,-0.23,0.7,1.6999999999999957,42.95,0.0,42.95,42.95,92.72,96.85,3.0,-12.0,0.0,0.0,0.0,0.0,0.0,0.0,0.0,0.0,,2.0,0.0,1.0,0.0,0.0,0.04,-12.0,-0.01,1.11,0.0,0.0,0.06,-0.02,0.0,0.0,0.0,0.0,0.0,0.0,-0.02,-0.01,-0.03,-0.03,-0.05,-0.07,-0.08,-0.18,-0.66,-1.11,37.3591619065765
1616,億泰,電器電纜,1,-8.97,5.35,-1.87,0.81,18.35,-10.0,-36.0,,,,-1.61,190.59,1886.2,19.5,-0.81,0.0,0.81,0.8000000000000007,18.7,0.27,18.7,18.65,105.22,193.4,67.0,-32.0,0.0,0.0,0.0,0.0,-1.0,0.0,-1.0,0.0,,3.0,-1.0,10.0,0.0,0.0,0.0,-32.0,-0.02,2.12,0.0,0.0,0.01,-0.02,0.0,0.0,0.0,0.0,0.0,0.0,-0.02,0.2,0.41,-0.05,-0.06,-0.2,-0.06,-0.06,-0.26,-1.06,41.70216523159633
1617,榮星,電器電纜,3,-34.59,56.51,-0.4,5.71,24.8,993.0,1531.0,,,,3.12,9152.63,9152.63,26.45,-0.99,9.77,5.71,0.0,26.45,3.53,24.9,24.05,1391.79,6232.92,888.0,1331.0,2.0,14.0,0.0,6.0,14.0,14.0,20.0,14.0,-0.57,3.0,20.0,-279.0,0.0,0.0,0.01,1339.0,0.85,23.05,-8.0,-0.01,0.04,0.97,0.0,0.0,0.0,0.0,0.0,0.0,1.71,1.72,0.71,2.02,2.11,1.61,2.63,4.32,5.57,5.57,92.39579525509113
1618,合機,電器電纜,2,-4.25,2.49,-0.51,0.65,38.8,5.0,13.0,,,,-0.39,232.7,424.33,40.0,-0.51,-0.78,0.65,0.9500000000000028,39.05,0.13,39.0,38.95,241.74,276.77,124.0,-47.0,0.0,0.0,0.0,0.0,0.0,0.0,0.0,0.0,,2.0,-69.0,-16.0,0.0,0.0,0.0,-47.0,-0.02,2.31,-0.0,-0.0,0.2,0.01,0.0,0.0,0.0,0.0,0.0,0.0,0.02,0.23,0.36,-0.06,0.01,0.05,0.08,-0.07,-0.24,-0.28,46.87249117201723
1626,艾美特-KY,電器電纜,1,-5.81,4.14,-0.82,0.42,9.72,0.0,0.0,,,,1.25,13.55,128.15,9.99,0.1,-0.72,0.42,0.1899999999999995,9.8,2.08,9.8,9.6,60.1,36.72,8.0,4.0,0.0,0.0,0.0,0.0,0.0,0.0,0.0,0.0,,0.0,-1.0,0.0,0.0,0.0,0.0,4.0,0.0,43.01,0.0,0.0,0.18,0.0,0.0,0.0,0.0,0.0,0.0,0.0,0.0,0.0,0.02,0.0,0.0,0.0,0.07,0.03,0.04,-0.1,55.42550509133728
1701,中化,生技醫療業,3,,,,,,,,,,,,,,,,,,,,,,,,,,,,,,,,,,,,,,,,,,,,,,,,,,,,,,,,,,,,,,,,,
1702,南僑,食品工業,2,-5.59,6.25,1.36,0.15,33.45,28.0,54.0,,,,1.21,227.32,294.39,34.0,0.0,-0.15,0.15,0.0,34.0,-0.15,33.0,33.05,134.14,173.53,99.0,52.0,0.0,0.0,0.0,0.0,0.0,0.0,0.0,0.0,,0.0,-10.0,0.0,0.0,0.0,0.0,49.0,0.02,8.97,3.0,0.0,0.19,0.02,0.0,0.0,0.0,0.0,0.0,0.0,0.1,0.19,0.27,0.05,0.11,0.11,0.36,0.46,0.71,0.42,74.39010601430812
1707,葡萄王,生技醫療業,1,-8.1,0.59,-0.12,-0.23,85.5,-106.0,-69.0,,,,-0.23,291.49,850.79,92.6,-0.11,-1.26,-0.23,7.0,85.6,-0.12,85.6,85.7,427.73,271.26,-131.0,-45.0,0.0,0.0,-1.0,0.0,-1.0,0.0,-1.0,0.0,,3.0,0.0,9.0,0.0,0.0,0.08,-45.0,-0.03,13.15,0.0,0.0,0.51,-0.05,0.0,0.0,0.0,1.0,1.0,1.0,-0.36,-0.61,-1.33,-0.3,-0.42,-1.02,-0.74,-1.12,-2.78,-4.24,22.552440768871264
1708,東鹼,化學工業,2,-13.03,13.92,-0.37,2.48,53.6,356.0,-518.0,,,,-0.37,3644.39,7804.22,54.5,4.39,-0.57,2.48,0.5,54.0,0.0,53.8,53.8,4663.11,7804.22,728.0,-716.0,2.0,7.0,-9.0,0.0,20.0,22.0,20.0,22.0,-1.0,4.0,-84.0,252.0,0.0,0.0,0.24,-710.0,-0.29,9.76,-6.0,-0.0,0.61,-0.21,0.0,0.0,0.0,0.0,0.0,0.0,0.13,0.98,0.75,0.16,0.69,0.14,1.24,2.24,3.09,2.32,73.94186707070958
1709,和益,化學工業,3,-38.35,76.74,2.7,9.75,53.2,9286.0,9781.0,,,,9.92,28453.76,84777.9,53.2,-9.94,1.15,9.75,0.0,53.2,7.02,51.8,48.4,27159.41,46895.62,6992.0,5420.0,2.0,-1.0,-168.0,365.0,290.0,464.0,529.0,464.0,-366.0,2.0,1949.0,780.0,0.0,0.0,0.0,5265.0,1.1,7.61,155.0,0.03,0.26,2.05,0.0,0.0,0.0,0.0,0.0,0.0,-1.54,-2.79,-3.25,-0.73,-1.51,-2.43,5.72,8.44,13.37,20.84,76.23820101720847
1710,東聯,化學工業,2,-10.69,17.29,1.8,0.9,17.0,907.0,1152.0,,,,1.49,5875.09,11642.6,17.3,-1.8,0.91,0.9,0.0,17.3,-0.3,16.7,16.75,3644.78,4001.26,1451.0,618.0,2.0,3.0,2.0,-3.0,-82.0,3.0,-19.0,3.0,-2.0,0.0,-443.0,-285.0,0.0,0.0,0.0,407.0,0.05,5.99,211.0,0.02,0.63,0.13,0.0,0.0,0.0,0.0,0.0,0.0,0.16,0.6,0.95,0.24,0.43,0.65,0.32,0.41,0.71,1.34,65.88533427555186
1711,永光,化學工業,2,-16.65,10.93,-1.34,-0.24,40.55,-172.0,-114.0,,,,-0.86,2699.36,5053.63,44.45,-0.77,5.05,-0.24,3.3500000000000014,41.1,0.49,41.1,40.9,5053.63,4703.45,-145.0,-253.0,4.0,4.0,22.0,4.0,10.0,22.0,28.0,22.0,0.0,2.0,62.0,-132.0,0.0,0.0,0.0,-237.0,-0.04,5.72,-16.0,-0.0,0.38,-0.02,0.0,0.0,0.0,0.0,0.0,0.0,0.31,0.3,0.31,0.16,0.04,-0.4,0.65,0.97,0.7,1.39,59.99044832575069
1712,興農,化學工業,2,-4.12,1.92,-0.38,0.25,39.65,-32.0,-118.0,,,,-0.38,364.66,2029.3,41.3,-0.25,-0.63,0.25,1.5,39.8,0.0,39.8,39.8,586.6,315.84,-25.0,-229.0,0.0,0.0,0.0,0.0,0.0,0.0,0.0,0.0,,1.0,-1.0,-1.0,3.0,0.0,0.5,-238.0,-0.06,12.47,6.0,0.0,0.17,-0.03,-0.01,0.06,0.07,2.0,7.0,12.0,-0.23,-0.36,-0.3,-0.1,-0.16,-0.05,-0.12,-0.15,-0.51,-0.0,39.0607413714001
1713,國化,化學工業,1,-8.93,3.15,-0.12,1.56,42.45,-22.0,4.0,,,,0.0,86.2,948.48,45.35,0.0,0.72,1.56,2.75,42.6,0.12,42.5,42.45,123.59,341.32,36.0,-16.0,0.0,0.0,0.0,0.0,0.0,1.0,-1.0,0.0,,3.0,132.0,-1.0,0.0,0.0,0.0,-16.0,-0.01,1.03,0.0,0.0,0.06,0.0,0.0,0.0,0.0,0.0,0.0,0.0,-0.05,-0.3,-0.3,-0.01,-0.09,-0.24,0.51,0.64,-0.05,-2.41,59.48335201096832
1714,和桐,化學工業,1,-21.02,13.31,-2.41,3.12,16.2,3302.0,-1032.0,,,,-1.82,6256.32,57476.43,18.55,-0.32,0.0,3.12,1.9499999999999993,16.6,0.61,16.6,16.5,3601.47,12665.64,4651.0,-1364.0,0.0,-25.0,0.0,-3.0,-27.0,15.0,-45.0,0.0,-0.88,4.0,423.0,122.0,0.0,0.0,0.24,-1278.0,-0.13,16.54,-86.0,-0.01,0.38,-0.1,0.0,0.0,-0.18,0.0,0.0,0.0,0.35,0.66,-1.84,0.19,0.45,-3.16,0.2,0.26,0.13,0.12,54.22836589722391
1717,長興,化學工業,2,-19.41,9.99,-1.47,0.95,73.5,188.0,-1084.0,,,,-0.68,7328.42,25403.25,84.5,0.42,1.54,0.95,9.599999999999994,74.9,0.81,74.6,74.0,6975.97,11731.55,747.0,-1518.0,3.0,17.0,30.0,-6.0,33.0,30.0,42.0,30.0,-1.35,4.0,187.0,184.0,0.0,0.0,1.06,-1465.0,-0.12,12.13,-53.0,-0.0,0.33,-0.09,0.01,0.08,-0.11,2.0,5.0,8.0,0.06,-0.4,-2.6,0.01,-0.21,-2.65,1.0,1.64,0.98,3.18,60.798042868262705
1718,中纖,化學工業,1,-9.73,6.86,-1.39,2.36,10.65,6948.0,-3253.0,,,,-1.84,10229.35,22005.62,11.3,-0.94,0.48,2.36,0.40000000000000036,10.9,-0.46,10.8,10.85,5005.32,16182.56,9804.0,-4179.0,2.0,23.0,1.0,-23.0,18.0,23.0,-2.0,23.0,-2.0,1.0,-437.0,563.0,0.0,0.0,0.16,-4008.0,-0.24,6.75,-171.0,-0.01,0.66,-0.19,0.0,0.0,0.0,0.0,0.0,0.0,0.38,1.23,1.3,0.28,1.04,1.09,0.02,-0.01,0.03,-0.46,50.28130739851684
1720,生達,生技醫療業,1,-1.42,0.72,0.0,0.36,56.1,-12.0,-9.0,,,,-0.36,74.15,434.29,56.5,0.18,-0.18,0.36,0.3999999999999986,56.1,-0.36,56.1,56.3,125.05,92.62,-10.0,-12.0,0.0,0.0,0.0,0.0,0.0,0.0,0.0,0.0,,3.0,2.0,1.0,0.0,0.0,0.04,-12.0,-0.01,5.29,0.0,0.0,0.53,-0.01,0.0,0.0,0.0,0.0,0.0,0.0,-0.04,-0.11,-0.31,-0.02,-0.06,-0.22,-0.06,0.02,0.01,-1.7,48.06655556663266
1721,三晃,化學工業,3,-28.0,44.74,2.31,2.12,26.6,17.0,-187.0,,,,0.57,3409.49,4812.29,27.5,-0.82,7.85,2.12,0.0,27.5,-1.7,26.0,26.45,4078.79,3916.19,96.0,-220.0,0.0,0.0,0.0,0.0,0.0,0.0,0.0,0.0,,0.0,0.0,0.0,0.0,0.0,0.0,-219.0,-0.12,1.92,-1.0,-0.0,1.84,-0.1,0.0,0.0,0.0,0.0,0.0,0.0,0.5,0.62,0.21,0.32,1.33,1.19,1.05,2.38,3.47,5.04,81.3058091330507
1722,台肥,化學工業,1,-9.5,1.59,-0.84,0.48,41.15,-99.0,-579.0,,,,-0.96,1602.48,5272.24,45.25,-1.08,-0.36,0.48,3.6499999999999986,41.6,-0.12,41.5,41.55,2888.53,1760.59,272.0,-512.0,2.0,-2.0,3.0,0.0,2.0,3.0,3.0,3.0,-1.0,4.0,25.0,17.0,0.0,0.0,0.08,-512.0,-0.05,7.74,-0.0,-0.0,0.6,-0.06,0.0,0.03,0.02,2.0,4.0,6.0,-0.27,-0.52,-1.07,-0.48,-0.94,-1.86,-0.23,-0.59,-1.66,-3.86,25.504673938916497
1723,中碳,化學工業,1,-11.07,1.89,-1.12,0.37,79.7,-18.0,-289.0,,,,-1.24,767.22,1171.45,89.4,-0.25,-0.62,0.37,8.400000000000006,81.0,-0.12,80.6,80.7,536.99,381.88,-4.0,-232.0,0.0,0.0,0.0,0.0,0.0,0.0,0.0,0.0,,0.0,-6.0,-61.0,0.0,0.0,0.3,-203.0,-0.09,8.79,-29.0,-0.01,0.6,-0.12,0.0,-0.01,0.05,0.0,1.0,10.0,-0.25,-0.51,-1.43,-0.22,-0.45,-1.03,-0.62,-0.77,-2.46,-4.83,28.928174549927277
1725,元禎,化學工業,2,-10.4,14.12,-1.62,-0.73,33.5,0.0,-3.0,,,,-1.9,38.2,122.32,34.6,-0.29,0.29,-0.73,0.25,34.35,-0.29,34.05,34.15,40.0,36.0,5.0,-4.0,0.0,0.0,0.0,0.0,0.0,0.0,0.0,0.0,,5.0,1.0,5.0,0.0,0.0,0.0,-4.0,-0.0,0.6,0.0,0.0,0.15,-0.0,0.0,0.0,0.0,0.0,0.0,0.0,0.01,0.06,0.12,-0.0,-0.0,-0.0,-0.41,-0.32,0.4,2.11,49.616910329895695
1726,永記,化學工業,1,-2.56,0.66,0.26,0.13,76.5,0.0,0.0,,,,0.0,13.13,89.46,78.2,-0.65,-0.13,0.13,1.6000000000000085,76.6,-0.26,76.3,76.5,18.29,13.2,5.0,1.0,0.0,0.0,0.0,0.0,0.0,0.0,0.0,0.0,,0.0,0.0,0.0,0.0,0.0,0.03,-1.0,-0.0,12.54,2.0,0.0,0.06,0.0,0.0,0.0,0.0,0.0,0.0,0.0,-0.05,-0.05,-0.06,-0.01,-0.01,-0.01,0.04,-0.15,-0.38,-0.92,41.98152209317569
1727,中華化,化學工業,3,-31.04,34.57,3.7,-6.84,112.0,-8072.0,2311.0,,,,2.75,18550.38,47933.0,125.0,-0.86,2.6,-6.84,9.0,116.0,-0.92,108.0,109.0,29773.34,29883.18,-8772.0,1954.0,3.0,-246.0,39.0,50.0,-213.0,274.0,-144.0,274.0,-1.2,5.0,1552.0,737.0,0.0,0.0,0.0,1706.0,1.44,6.67,248.0,0.21,1.47,1.95,0.0,0.0,0.0,0.0,0.0,0.0,-4.97,0.01,-1.86,-5.15,-0.06,-1.93,-2.3,3.29,12.19,23.31,61.183688856401076
1730,花仙子,化學工業,2,-1.73,0.79,0.2,0.2,51.3,0.0,0.0,,,,0.2,29.96,33.16,51.9,0.0,0.0,0.2,0.6000000000000014,51.3,0.0,51.2,51.2,21.37,33.16,-3.0,-8.0,0.0,0.0,0.0,0.0,0.0,0.0,0.0,0.0,,0.0,0.0,0.0,0.0,0.0,0.0,-11.0,-0.02,7.04,3.0,0.0,0.07,0.0,0.0,0.0,0.0,0.0,0.0,0.0,-0.03,-0.03,-0.05,0.0,0.0,-0.01,0.08,0.05,-0.05,-0.07,52.29515077496662
1731,美吾華,生技醫療業,2,-1.9,1.46,-0.24,0.48,20.85,-25.0,-9.0,,,,-0.24,67.69,201.62,21.1,-0.48,-0.24,0.48,0.20000000000000284,20.9,0.0,20.9,20.9,131.24,201.62,24.0,6.0,0.0,0.0,0.0,0.0,0.0,0.0,0.0,0.0,,0.0,-2.0,0.0,0.0,0.0,0.0,6.0,0.0,1.18,0.0,0.0,0.13,-0.01,0.0,0.0,0.0,0.0,0.0,0.0,0.06,0.12,0.12,-0.06,-0.09,-0.12,-0.05,-0.04,-0.05,0.04,44.353296142304025
1732,毛寶,化學工業,1,-2.28,1.75,-0.57,0.38,26.0,14.0,-2.0,,,,-0.57,34.51,181.11,26.3,-0.38,-0.57,0.38,0.15000000000000213,26.15,0.0,26.15,26.15,56.32,181.11,-65.0,-5.0,1.0,0.0,0.0,0.0,2.0,2.0,2.0,2.0,,4.0,-20.0,2.0,0.0,0.0,0.0,-5.0,-0.01,2.36,0.0,0.0,2.23,-0.0,0.0,0.0,0.0,0.0,0.0,0.0,-0.18,-0.05,-0.16,-0.01,-0.01,-0.14,-0.08,-0.05,-0.03,-0.38,45.4654773080194
1733,五鼎,生技醫療業,1,-9.85,2.05,0.51,0.85,29.85,-32.0,7.0,,,,0.84,79.2,269.23,32.5,0.83,-2.81,0.85,2.6000000000000014,29.9,0.34,29.7,29.6,269.23,106.72,-20.0,-22.0,0.0,0.0,-1.0,0.0,-1.0,0.0,-1.0,0.0,,0.0,-5.0,-10.0,0.0,0.0,0.0,-22.0,-0.02,3.07,0.0,0.0,1.58,0.01,0.0,0.0,0.0,0.0,0.0,0.0,-0.17,-0.21,-0.44,-0.1,-0.11,-0.03,0.0,-0.2,-0.83,-1.4,39.74117716573309
1734,杏輝,生技醫療業,2,-7.47,5.77,0.78,1.1,32.1,9.0,20.0,,,,0.0,157.02,584.3,32.8,0.0,0.0,1.1,0.6999999999999957,32.1,-0.78,31.85,32.1,128.12,107.1,-15.0,-26.0,0.0,0.0,0.0,0.0,0.0,0.0,0.0,0.0,,3.0,3.0,-4.0,0.0,0.0,0.0,-26.0,-0.02,6.58,0.0,0.0,0.35,0.01,0.0,0.0,0.0,0.0,0.0,0.0,-0.11,-0.22,-0.35,0.04,0.08,0.2,0.0,0.09,0.59,0.23,62.59652393484707
1735,日勝化,化學工業,1,-10.72,7.31,-1.23,-0.98,20.15,0.0,-5.0,,,,-0.25,51.61,106.17,21.45,0.25,-1.23,-0.98,0.8999999999999986,20.55,0.99,20.4,20.2,16.46,31.6,7.0,5.0,0.0,-1.0,0.0,0.0,-1.0,0.0,-1.0,0.0,-1.0,2.0,-1.0,2.0,0.0,0.0,0.01,5.0,0.01,51.51,0.0,0.0,0.03,-0.01,0.0,0.0,0.0,0.0,0.0,0.0,0.05,0.06,0.01,-0.01,-0.01,-0.04,-0.04,-0.05,-0.01,-0.18,48.42513426762522
1736,喬山,生技醫療業,1,-8.99,7.0,-1.92,-0.39,127.5,2.0,0.0,,,,-0.78,100.25,751.8,133.5,1.19,0.39,-0.39,3.5,130.0,1.17,130.0,128.5,398.6,270.47,25.0,6.0,0.0,0.0,-5.0,0.0,-1.0,4.0,-5.0,0.0,,0.0,-9.0,-1.0,0.0,0.0,0.01,4.0,0.0,6.0,2.0,0.0,0.5,0.0,0.0,-0.09,-0.25,0.0,0.0,0.0,0.16,0.31,0.37,0.07,0.01,-0.0,0.0,1.0,1.53,-2.34,54.25210871433278
1737,臺鹽,食品工業,1,-5.18,2.73,-0.33,0.0,30.0,-9.0,-5.0,,,,-0.17,102.34,4382.07,30.9,-0.5,-0.33,0.0,0.7999999999999972,30.1,0.17,30.1,30.05,192.86,150.15,-11.0,-33.0,0.0,0.0,0.0,0.0,0.0,0.0,0.0,0.0,,2.0,0.0,0.0,0.0,0.0,0.0,-38.0,-0.02,6.83,5.0,0.0,1.09,-0.0,0.0,0.0,0.0,0.0,0.0,0.0,-0.15,-0.8,-1.16,-0.03,-0.37,-0.61,-0.05,-0.11,-0.35,-1.34,41.81571456192141
1742,台蠟,化學工業,3,-6.85,5.0,-0.28,-1.4,17.8,0.0,0.0,,,,1.14,52.91,144.46,18.25,0.0,1.14,-1.4,0.3999999999999986,17.85,1.42,17.85,17.6,17.54,69.94,0.0,,,,,,,,,,,,,,0.0,0.0,0.0,0.0,0.0,,,,,0.0,0.0,0.0,0.0,0.0,0.0,0.0,0.0,0.0,0.0,0.0,0.0,0.0,0.18,0.22,0.18,0.57,66.71181562393602
1752,南光,生技醫療業,1,-2.81,1.45,-0.32,0.32,31.35,-1.0,-5.0,,,,-0.48,66.55,66.55,32.0,0.0,0.0,0.32,0.4499999999999993,31.55,-0.16,31.45,31.5,30.28,27.6,7.0,-2.0,0.0,0.0,0.0,0.0,0.0,0.0,0.0,0.0,,1.0,0.0,-12.0,0.0,0.0,0.0,-2.0,-0.0,1.5,0.0,0.0,0.59,-0.0,0.0,0.0,0.0,0.0,0.0,0.0,0.01,0.04,0.03,-0.0,-0.0,-0.0,-0.03,0.01,-0.07,-0.32,45.74383127729023
1760,寶齡富錦,生技醫療業,1,-7.77,2.43,0.55,0.0,54.6,5.0,1.0,,,,0.0,117.06,251.88,57.9,-0.37,0.37,0.0,3.1999999999999957,54.7,-0.55,54.3,54.6,95.41,105.45,26.0,-23.0,0.0,0.0,0.0,0.0,0.0,0.0,0.0,0.0,,1.0,0.0,-5.0,0.0,0.0,0.0,-23.0,-0.03,10.85,0.0,0.0,1.15,0.0,0.0,0.0,0.0,0.0,0.0,0.0,-0.04,-0.12,-0.53,-0.02,-0.14,-0.55,0.46,0.61,-0.14,-3.48,53.63692523128569
1762,中化生,生技醫療業,1,-9.48,4.55,-1.45,-0.43,33.95,-2.0,0.0,,,,-1.16,22.33,188.87,36.4,0.3,0.0,-0.43,1.9499999999999957,34.45,0.29,34.45,34.35,41.75,51.53,13.0,-9.0,0.0,0.0,0.0,0.0,0.0,0.0,0.0,0.0,,2.0,0.0,3.0,0.0,0.0,0.0,-9.0,-0.01,2.81,0.0,0.0,0.69,0.0,0.0,0.0,0.0,0.0,0.0,0.0,-0.01,0.06,-0.2,-0.01,-0.01,-0.15,0.09,0.11,-0.36,-1.01,47.27689566224686
1773,勝一,化學工業,2,-9.88,12.46,-0.3,-1.18,167.5,90.0,-37.0,,,,0.0,512.88,1603.08,172.0,-0.3,1.82,-1.18,0.5,171.5,0.3,168.0,167.5,908.34,1291.27,415.0,-86.0,2.0,0.0,-2.0,0.0,1.0,2.0,1.0,2.0,,3.0,-78.0,58.0,0.0,0.0,0.02,-87.0,-0.03,8.27,1.0,0.0,0.43,-0.01,0.0,0.0,0.0,2.0,3.0,4.0,0.19,0.13,-0.35,0.07,-0.0,-0.49,1.1,3.4,4.93,4.72,68.62545774606104
1776,展宇,化學工業,2,-10.32,10.21,-1.63,-0.55,18.05,0.0,0.0,,,,-0.55,29.01,152.69,18.9,0.0,0.55,-0.55,0.5499999999999972,18.35,1.1,18.35,18.15,14.99,27.01,-6.0,1.0,0.0,0.0,0.0,0.0,0.0,0.0,0.0,0.0,,1.0,6.0,0.0,0.0,0.0,0.0,-1.0,-0.0,1.71,2.0,0.0,0.07,0.0,0.0,0.0,0.0,0.0,0.0,0.0,-0.01,0.07,0.0,0.0,0.04,0.08,-0.07,-0.18,0.25,0.46,52.63251351999967
1777,生泰,生技醫療業,3,-3.82,1.78,0.13,-0.14,74.3,0.0,2.0,,,,0.54,23.17,120.6,75.9,0.27,-0.4,-0.14,1.6000000000000085,74.3,0.41,74.2,73.9,12.5,4.05,1.0,,,,,,,,,,,,,,0.0,0.0,0.0,-1.0,-0.0,,,,,0.0,0.0,0.0,0.0,0.0,0.0,0.0,0.01,-0.01,0.04,0.0,0.0,-0.04,0.18,0.17,-0.03,0.4,53.41724912956569
1781,合世,生技醫療業,1,-6.03,1.73,0.0,1.73,9.99,0.0,0.0,,,,0.0,30.02,30.02,10.45,0.0,-0.6,1.73,0.4599999999999991,9.99,0.0,9.99,9.99,18.03,21.01,3.0,,,,,,,,,,,,,,0.0,0.0,0.0,-4.0,-0.01,,,,,0.0,0.0,0.0,0.0,0.0,0.0,0.0,-0.0,-0.02,-0.01,0.0,0.0,0.0,-0.02,-0.09,-0.13,-0.93,29.65868836054578
1783,和康生,生技醫療業,1,-9.07,3.46,1.22,0.54,37.35,3.0,-5.0,,,,0.27,43.42,117.89,39.7,0.27,-0.14,0.54,2.3500000000000014,37.35,-0.94,36.9,37.25,25.8,72.47,0.0,21.0,0.0,0.0,0.0,0.0,0.0,0.0,0.0,0.0,,0.0,-4.0,0.0,0.0,0.0,0.0,21.0,0.02,6.96,0.0,0.0,0.57,-0.01,0.0,0.0,0.0,0.0,0.0,0.0,0.04,0.08,-0.16,-0.01,-0.07,-0.22,0.44,0.68,0.23,-1.91,61.294505939944685
1784,訊聯,生技醫療業,1,-8.29,5.57,-0.33,1.32,60.4,0.0,-7.0,,,,-1.31,45.93,199.07,62.7,-1.92,0.0,1.32,2.0,60.7,-0.98,60.6,61.2,50.92,81.1,-1.0,,,,,,,,,,,,,,0.0,0.0,0.0,-2.0,-0.0,,,,,-0.01,0.0,0.0,0.0,0.0,0.0,0.0,0.06,0.21,0.31,0.08,0.14,0.08,-0.94,0.31,0.73,-0.47,51.1051283495218
1785,光洋科,其他電子業,1,-10.95,10.16,-0.49,1.62,101.0,-672.0,-1431.0,,,,0.5,5968.34,9099.48,105.0,-0.73,2.3,1.62,2.0,103.0,1.0,101.5,100.5,4865.88,9099.48,-1205.0,,,,,,,,,,,,,,-1.0,-0.0,0.0,-1835.0,-0.31,,,,,-0.24,-0.0,-0.0,-0.0,1.0,3.0,3.0,-0.41,-1.0,-1.45,-0.35,-0.94,-1.56,2.64,3.73,2.84,-5.02,67.74741380681941
1786,科妍,生技醫療業,1,-11.33,3.08,-0.12,0.7,43.25,27.0,-3.0,,,,-0.12,97.01,546.19,47.65,-0.81,0.0,0.7,4.100000000000001,43.55,0.0,43.3,43.3,92.19,150.93,99.0,2.0,0.0,0.0,0.0,0.0,0.0,0.0,0.0,0.0,,2.0,-13.0,19.0,0.0,0.0,0.0,2.0,0.0,2.84,0.0,0.0,0.03,-0.0,0.0,0.0,0.0,0.0,0.0,0.0,0.26,0.21,0.05,0.01,-0.03,-0.58,0.28,0.09,-0.68,-5.05,44.278845692595965
1788,杏昌,生技醫療業,1,-1.16,0.39,-0.39,-0.39,127.5,0.0,-1.0,,,,-0.39,13.85,26.82,129.0,0.39,0.0,-0.39,1.0,128.0,0.0,128.0,128.0,14.68,5.21,0.0,,,,,,,,,,,,,,0.0,0.0,0.0,0.0,0.0,,,,,-0.0,0.0,0.0,0.0,0.0,0.0,0.0,0.0,0.0,-0.01,-0.0,-0.0,-0.01,-0.3,-0.35,-0.55,-1.78,31.48761264234666
1789,神隆,生技醫療業,1,-9.82,5.87,0.0,1.34,18.8,35.0,-1.0,,,,-0.79,277.79,1647.51,19.85,-1.59,-0.27,1.34,0.9000000000000021,18.95,-0.79,18.8,18.95,178.23,344.09,126.0,62.0,0.0,0.0,0.0,-1.0,0.0,0.0,-1.0,0.0,-inf,2.0,7.0,-7.0,0.0,0.0,0.0,62.0,0.01,1.81,0.0,0.0,0.3,-0.0,0.0,0.0,0.0,0.0,0.0,0.0,-0.0,-0.0,-0.07,-0.01,0.02,-0.07,0.04,-0.05,-0.01,-0.43,49.91255300451837
1795,美時,生技醫療業,1,-9.07,5.57,-0.28,0.56,177.0,-34.0,-88.0,,,,-1.12,681.62,1335.5,187.5,-1.13,1.14,0.56,7.5,180.0,-0.84,177.5,179.0,477.26,733.95,-33.0,-211.0,0.0,0.0,0.0,0.0,0.0,0.0,0.0,0.0,,1.0,-10.0,6.0,0.0,0.0,0.01,-242.0,-0.1,54.44,31.0,0.01,0.64,-0.04,0.0,0.0,-0.01,1.0,3.0,4.0,-0.09,-0.05,-0.64,-0.03,-0.06,-0.64,-0.3,-0.9,-1.45,-9.18,43.816796494360695
1796,金穎生技,食品工業,1,-5.26,5.56,3.77,-0.51,30.3,0.0,0.0,,,,3.95,61.04,61.04,30.4,-1.67,-2.37,-0.51,0.0,30.4,0.17,29.2,29.15,9.25,6.3,-2.0,,,,,,,,,,,,,,0.0,0.0,0.0,2.0,0.0,,,,,0.0,0.0,0.0,0.0,0.0,0.0,0.0,0.0,0.01,0.02,0.0,0.0,0.0,0.75,0.76,0.62,-0.23,62.501480459117225
1799,易威,生技醫療業,1,-7.2,2.29,-0.17,1.4,28.95,13.0,-9.0,,,,-0.17,77.36,195.49,30.55,0.35,-1.73,1.4,1.5500000000000007,29.0,0.0,29.0,29.0,167.65,116.88,21.0,,,,,,,,,,,,,,0.0,0.0,0.0,10.0,0.01,,,,,-0.01,0.0,0.0,0.0,0.0,0.0,0.0,0.04,0.02,-0.08,-0.02,-0.06,-0.13,0.14,0.17,-0.28,-2.12,48.594278393360675
1802,台玻,玻璃陶瓷,2,-12.5,10.7,-2.0,2.57,58.8,5693.0,-5148.0,,,,-1.84,15496.26,52312.93,64.0,1.39,-1.37,2.57,4.0,60.0,0.17,60.0,59.9,7975.94,23714.39,5852.0,-4675.0,2.0,71.0,-6.0,-67.0,15.0,71.0,9.0,71.0,-1.94,5.0,2068.0,133.0,-20.0,-0.0,0.07,-4832.0,-0.17,5.36,177.0,0.01,0.37,-0.18,-0.0,-0.0,0.01,1.0,5.0,15.0,-0.21,-0.28,-0.45,-0.17,-0.17,-0.42,0.34,0.1,-0.09,1.55,50.76007070885156
1805,寶徠,建材營造,2,-3.3,1.41,0.5,0.0,10.1,0.0,0.0,,,,0.5,27.12,337.03,10.3,-0.49,-0.5,0.0,0.20000000000000107,10.1,0.0,10.05,10.05,192.8,129.5,-20.0,2.0,0.0,0.0,0.0,0.0,0.0,0.0,0.0,0.0,,1.0,0.0,0.0,0.0,0.0,0.0,2.0,0.0,0.85,0.0,0.0,0.04,0.0,0.0,0.0,0.0,0.0,0.0,0.0,-0.09,-0.08,-0.08,0.0,0.0,0.0,0.01,-0.04,-0.02,0.01,46.040025566238675
1806,冠軍,玻璃陶瓷,1,-2.6,1.4,-0.88,0.13,7.92,3.0,-108.0,,,,-1.0,344.52,344.52,8.09,-0.13,-0.5,0.13,0.09999999999999964,7.99,-0.12,7.99,8.0,62.89,151.78,49.0,57.0,1.0,0.0,0.0,0.0,1.0,1.0,1.0,1.0,,1.0,-12.0,5.0,0.0,0.0,0.0,57.0,0.01,9.63,0.0,0.0,0.1,-0.03,0.0,0.0,0.0,0.0,0.0,0.0,0.02,0.02,0.08,-0.03,-0.03,-0.03,-0.05,-0.06,-0.08,-0.15,35.36862733187942
1808,潤隆,建材營造,1,-15.88,2.4,0.0,-0.31,31.7,-31.0,-231.0,,,,0.16,1385.05,4369.68,37.15,0.0,-0.94,-0.31,5.149999999999999,32.0,0.16,31.7,31.65,511.4,690.98,-9.0,-552.0,1.0,0.0,-1.0,0.0,0.0,1.0,0.0,1.0,,2.0,-107.0,21.0,-1033.0,-0.23,0.15,470.0,0.1,8.25,11.0,0.0,0.29,-0.05,-0.3,-0.3,0.04,0.0,0.0,3.0,0.0,0.64,-0.63,-0.53,-0.17,-0.39,-0.05,-1.63,-2.23,-1.52,30.494375836734193
1809,中釉,玻璃陶瓷,2,-25.93,32.64,-2.66,6.1,45.75,11.0,-119.0,,,,-4.39,5728.37,30009.24,48.6,9.94,-0.77,6.1,0.8500000000000014,47.75,-1.78,47.0,47.85,30009.24,19478.36,-203.0,-481.0,2.0,-66.0,114.0,-63.0,162.0,114.0,84.0,114.0,-0.05,4.0,641.0,63.0,0.0,0.0,0.0,-460.0,-0.28,1.02,-21.0,-0.01,0.59,-0.07,0.0,0.0,0.0,0.0,0.0,0.0,-2.42,-1.4,-1.47,-1.61,-0.93,-1.0,0.71,3.95,6.01,6.09,70.2729990008659
1810,和成,玻璃陶瓷,1,-6.4,4.49,-1.84,1.87,24.0,753.0,-296.0,,,,-1.84,1319.89,2744.06,25.0,0.42,-1.04,1.87,0.5500000000000007,24.45,0.0,24.45,24.45,1046.02,2605.89,1194.0,-487.0,2.0,1.0,-1.0,-2.0,-8.0,1.0,-1.0,1.0,-3.0,3.0,104.0,115.0,0.0,0.0,0.61,-492.0,-0.16,2.22,5.0,0.0,0.92,-0.1,0.0,-0.02,0.02,0.0,0.0,4.0,0.44,0.84,0.64,0.2,0.37,0.0,0.01,0.11,0.08,-1.41,50.114864313763576
1813,寶利徠,生技醫療業,1,-5.13,1.8,0.0,0.0,11.3,0.0,0.0,,,,0.0,6.84,89.56,11.7,-0.44,0.0,0.0,0.3999999999999986,11.3,0.0,11.3,11.3,7.67,7.94,0.0,,,,,,,,,,,,,,0.0,0.0,0.0,2.0,0.0,,,,,0.0,0.0,0.0,0.0,0.0,0.0,0.0,0.0,-0.02,-0.02,0.0,0.0,-0.03,-0.01,-0.02,-0.06,-0.27,44.126723207984085
1815,富喬,電子零組件業,3,-21.55,31.17,-0.85,-0.85,116.0,-2805.0,-3820.0,,,,0.0,31722.0,122385.25,141.5,-3.33,0.0,-0.85,22.0,119.5,0.86,117.0,116.0,17119.38,16579.98,-3413.0,,,,,,,,,,,,,,-5.0,-0.0,17.21,-5141.0,-1.12,,,,,-0.83,-0.07,-0.6,9.32,0.0,1.0,9.0,-5.14,-8.66,-16.26,-4.49,-7.27,-6.69,-0.8,-1.7,-5.28,14.61,42.70255809466259
1817,凱撒衛,玻璃陶瓷,3,-1.85,1.52,-0.37,0.0,40.0,0.0,0.0,,,,0.38,17.0,97.38,40.55,-0.37,-0.75,0.0,0.3999999999999986,40.15,0.75,40.15,39.85,48.08,30.16,-3.0,0.0,0.0,0.0,0.0,0.0,0.0,0.0,0.0,0.0,,0.0,0.0,0.0,0.0,0.0,0.0,-1.0,-0.0,1.86,1.0,0.0,0.11,0.0,0.0,0.0,0.0,0.0,0.0,0.0,-0.0,-0.0,0.08,0.0,0.01,0.01,-0.03,-0.19,-0.18,0.55,41.87057887088112
1903,士紙,造紙工業,1,-3.75,3.58,-0.1,1.7,47.65,2.0,-1.0,,,,-0.31,24.92,156.74,47.95,-0.84,-0.21,1.7,0.15000000000000568,47.8,-0.21,47.7,47.8,61.72,78.43,41.0,8.0,0.0,0.0,0.0,0.0,0.0,0.0,0.0,0.0,,2.0,1.0,-6.0,0.0,0.0,0.0,8.0,0.0,10.79,0.0,0.0,0.15,-0.0,0.0,0.0,0.0,0.0,0.0,0.0,0.03,-0.01,-0.01,-0.0,-0.01,-0.01,0.24,0.49,0.28,-0.21,56.888641443763056
1904,正隆,造紙工業,2,-5.87,2.29,-2.03,1.23,24.1,177.0,-831.0,,,,-2.03,2000.58,3206.79,25.55,0.2,-2.61,1.23,0.9499999999999993,24.6,0.0,24.6,24.6,2418.38,1196.7,425.0,-1310.0,1.0,-3.0,2.0,0.0,-1.0,2.0,-1.0,2.0,-1.0,4.0,12.0,20.0,0.0,0.0,0.0,-1330.0,-0.12,11.98,20.0,0.0,0.26,-0.07,0.0,-0.01,-0.03,0.0,0.0,2.0,-0.11,0.01,0.04,-0.11,-0.02,-0.02,-0.44,-0.54,-0.59,0.38,37.83574385940759
1905,華紙,造紙工業,1,-10.28,3.56,-2.29,0.77,12.8,454.0,-1770.0,,,,-1.92,4228.15,4228.15,14.1,0.0,-1.91,0.77,1.0,13.1,0.38,13.1,13.05,3133.26,2106.37,980.0,-946.0,0.0,0.0,0.0,0.0,0.0,0.0,0.0,0.0,,1.0,-139.0,-1237.0,0.0,0.0,0.0,-957.0,-0.09,2.38,11.0,0.0,0.16,-0.16,0.0,0.0,0.0,0.0,0.0,0.0,-0.16,-0.11,-0.26,-0.22,-0.23,-0.32,-0.18,-0.31,-0.43,-0.82,33.37996960719484
1906,寶隆,造紙工業,1,-6.61,2.36,-0.46,0.0,10.8,-5.0,-1.0,,,,-0.92,29.19,185.53,11.35,0.0,0.93,0.0,0.5,10.85,-0.46,10.85,10.9,38.29,68.44,4.0,5.0,0.0,0.0,0.0,0.0,0.0,0.0,0.0,0.0,,1.0,-10.0,1.0,0.0,0.0,0.0,4.0,0.0,1.01,1.0,0.0,0.14,-0.0,0.0,0.0,0.0,0.0,0.0,0.0,-0.02,-0.05,-0.06,-0.02,-0.02,-0.04,0.02,-0.01,-0.14,-0.33,41.8091179049945
1907,永豐餘,造紙工業,1,-9.76,2.34,-1.41,1.61,28.0,99.0,-311.0,,,,-1.41,1143.38,1675.8,30.75,-0.7,-1.24,1.61,2.3500000000000014,28.4,0.0,28.4,28.4,1306.08,732.32,215.0,-697.0,0.0,0.0,-1.0,-1.0,-1.0,0.0,-2.0,0.0,-inf,4.0,11.0,74.0,-589.0,-0.04,0.13,-121.0,-0.01,12.96,13.0,0.0,0.4,-0.02,-0.04,-0.04,-0.06,2.0,3.0,8.0,-0.03,-0.04,-0.05,-0.04,-0.03,-0.03,-0.2,-0.64,-1.01,-1.16,32.65985434658835
1909,榮成,造紙工業,1,-12.66,3.5,-0.49,2.49,10.2,228.0,-182.0,,,,-0.97,1189.49,3918.26,11.45,0.0,-0.5,2.49,1.0999999999999996,10.35,-0.49,10.25,10.3,1358.91,2014.02,183.0,-509.0,2.0,42.0,0.0,-23.0,46.0,42.0,23.0,42.0,-1.55,2.0,196.0,-4.0,0.0,0.0,0.0,-520.0,-0.04,9.93,11.0,0.0,0.35,-0.01,0.0,0.0,0.0,0.0,0.0,0.0,-0.12,-0.22,-0.44,-0.03,-0.11,-0.31,0.05,0.03,-0.25,-0.25,44.46513813688735
2002,中鋼,鋼鐵工業,2,-3.63,3.49,-1.3,1.32,18.95,44847.0,-16082.0,,,,-1.3,37779.9,90608.56,19.3,0.0,0.8,1.32,0.05000000000000071,19.25,0.0,19.2,19.2,36592.74,90608.56,54351.0,-21296.0,2.0,63.0,0.0,-48.0,64.0,63.0,16.0,63.0,-1.76,2.0,-317.0,834.0,0.0,0.0,0.14,-21327.0,-0.14,14.94,31.0,0.0,1.92,-0.1,0.0,-0.03,-0.03,1.0,4.0,13.0,0.2,-0.15,-0.31,0.16,-0.11,-0.19,0.1,0.18,0.07,-0.01,55.7476361228122
2006,東和鋼鐵,鋼鐵工業,3,-9.66,9.06,-1.17,0.0,84.6,-223.0,-316.0,,,,-0.94,2447.12,4908.46,89.0,2.33,-2.73,0.0,2.299999999999997,86.7,0.23,85.6,85.4,1997.98,2294.77,-146.0,-469.0,0.0,0.0,-1.0,0.0,-2.0,1.0,-3.0,0.0,,4.0,-75.0,57.0,-1098.0,-0.15,3.24,610.0,0.08,28.2,19.0,0.0,4.31,-0.04,0.02,-0.19,-0.1,3.0,4.0,10.0,-0.04,0.73,0.68,-0.02,0.23,0.28,-1.2,-0.58,1.09,5.15,49.91387614452283
2007,燁興,鋼鐵工業,2,-5.96,6.33,-0.14,0.14,7.0,26.0,-18.0,,,,0.0,231.24,300.17,7.05,0.0,0.15,0.14,0.0,7.05,0.14,7.01,7.0,283.06,300.17,61.0,52.0,0.0,0.0,0.0,0.0,0.0,0.0,0.0,0.0,,0.0,0.0,0.0,0.0,0.0,0.0,52.0,0.01,0.84,0.0,0.0,0.14,-0.0,0.0,0.0,0.0,0.0,0.0,0.0,0.01,0.02,-0.01,-0.0,-0.0,-0.07,0.06,0.1,0.11,-0.03,65.73214567315637
2008,高興昌,鋼鐵工業,2,-3.17,1.15,0.98,1.63,30.85,0.0,0.0,,,,-0.8,5.24,39.28,31.5,0.0,0.0,1.63,0.6499999999999986,30.85,-1.77,30.55,31.1,13.25,14.41,9.0,2.0,0.0,0.0,0.0,0.0,0.0,0.0,0.0,0.0,,0.0,-2.0,0.0,0.0,0.0,0.0,2.0,0.0,7.87,0.0,0.0,0.18,0.0,0.0,0.0,0.0,0.0,0.0,0.0,0.0,0.0,0.01,0.0,0.0,0.0,0.16,0.16,0.15,0.15,55.7802579574652
2009,第一銅,鋼鐵工業,2,-9.08,5.12,-1.75,2.04,39.3,518.0,-514.0,,,,-1.75,1229.36,4686.37,41.85,-0.51,0.0,2.04,1.8500000000000014,40.0,0.0,40.0,40.0,1672.79,2129.41,1002.0,-699.0,2.0,1.0,1.0,-6.0,-2.0,1.0,-7.0,1.0,-7.0,4.0,-149.0,56.0,0.0,0.0,0.0,-690.0,-0.19,2.75,-9.0,-0.0,1.14,-0.14,0.0,0.0,0.0,0.0,0.0,0.0,-0.18,0.31,-0.89,-0.17,0.15,-0.88,-0.09,-0.12,-0.13,0.34,47.21442389221632
2010,春源,鋼鐵工業,3,-6.93,7.44,-2.17,1.55,22.5,867.0,-499.0,,,,-2.17,1526.97,2630.91,23.1,2.05,0.45,1.55,0.0,23.1,0.0,23.0,23.0,1729.22,2630.91,1051.0,-566.0,0.0,0.0,0.0,0.0,0.0,0.0,0.0,0.0,,3.0,10.0,140.0,0.0,0.0,0.03,-576.0,-0.09,8.72,10.0,0.0,0.19,-0.08,0.0,0.0,0.0,0.0,0.0,0.0,0.08,0.21,0.05,0.07,0.04,-0.11,0.06,0.35,0.29,0.5,56.065451400547026
2012,春雨,鋼鐵工業,1,-5.8,4.35,-0.35,0.0,14.35,-4.0,0.0,,,,-0.35,29.41,157.82,14.65,0.35,-0.35,0.0,0.25,14.4,0.0,14.4,14.4,77.14,83.06,27.0,6.0,0.0,0.0,0.0,0.0,0.0,0.0,0.0,0.0,,2.0,0.0,2.0,0.0,0.0,0.0,6.0,0.0,1.48,0.0,0.0,0.11,0.0,0.0,0.0,0.0,0.0,0.0,0.0,0.0,0.02,0.03,0.0,0.0,0.0,0.1,0.17,0.09,-0.65,58.647031583080285
2013,中鋼構,鋼鐵工業,2,-3.8,2.59,0.36,0.24,41.5,7.0,0.0,,,,-0.24,32.4,134.27,42.15,-0.48,0.24,0.24,0.5499999999999972,41.6,-0.6,41.35,41.6,49.04,65.63,8.0,1.0,0.0,0.0,0.0,0.0,0.0,0.0,0.0,0.0,,1.0,0.0,1.0,0.0,0.0,0.0,1.0,0.0,6.97,-0.0,-0.0,0.72,0.0,0.0,0.0,0.0,0.0,0.0,0.0,-0.0,-0.03,-0.01,0.0,0.0,0.01,0.16,0.19,0.01,0.23,55.124832800828216
2014,中鴻,鋼鐵工業,2,-7.16,7.72,-2.01,2.96,17.1,2794.0,-743.0,,,,-1.72,2893.47,6303.31,17.45,1.5,-0.59,2.96,0.0,17.45,0.29,17.45,17.4,4542.54,6303.31,3840.0,-1336.0,0.0,0.0,0.0,0.0,0.0,0.0,0.0,0.0,,0.0,-1.0,0.0,0.0,0.0,0.0,-1336.0,-0.09,7.38,0.0,0.0,4.48,-0.05,0.0,0.0,0.0,0.0,0.0,0.0,0.37,0.42,0.11,0.19,0.2,-0.02,0.13,0.36,0.32,0.07,60.52852527923419
2015,豐興,鋼鐵工業,2,-3.22,2.39,-0.16,1.58,64.2,8.0,0.0,,,,0.0,75.89,269.99,65.2,0.47,-2.17,1.58,0.9000000000000057,64.3,0.16,64.3,64.2,269.99,269.52,123.0,7.0,0.0,0.0,0.0,0.0,0.0,0.0,0.0,0.0,,1.0,0.0,0.0,0.0,0.0,1.57,-1.0,-0.0,12.78,8.0,0.0,0.33,0.0,0.0,0.0,-0.01,0.0,0.0,0.0,-0.01,-0.05,-0.03,-0.01,-0.02,-0.02,0.16,0.0,-0.21,0.02,49.39317833905435
2017,官田鋼,鋼鐵工業,2,-7.14,6.41,-0.44,2.01,9.09,281.0,-37.0,,,,-0.44,252.57,1034.79,9.24,0.22,-0.78,2.01,0.10999999999999943,9.13,0.0,9.13,9.13,372.57,971.75,448.0,-47.0,0.0,0.0,0.0,0.0,0.0,0.0,0.0,0.0,,3.0,87.0,8.0,0.0,0.0,0.0,-44.0,-0.01,1.85,-3.0,-0.0,11.26,-0.01,0.0,0.0,0.0,0.0,0.0,0.0,0.14,0.14,0.01,0.06,0.1,-0.01,0.07,0.16,0.18,0.13,64.05239579351678
2020,美亞,鋼鐵工業,2,-27.01,37.97,-10.27,0.0,26.2,906.0,-2651.0,,,,-1.87,21074.64,21074.64,29.25,2.31,9.95,0.0,0.0,29.25,9.36,29.2,26.7,5753.98,5306.1,-167.0,-686.0,3.0,7.0,4.0,16.0,11.0,7.0,27.0,16.0,1.29,5.0,291.0,334.0,0.0,0.0,0.0,-641.0,-0.29,1.98,-45.0,-0.02,0.17,-1.19,0.0,0.0,0.0,0.0,0.0,0.0,-0.27,-0.28,-0.25,-0.24,-0.26,-0.26,2.02,3.38,3.94,4.5,85.99252390257428
2022,聚亨,鋼鐵工業,1,-7.45,3.95,0.14,1.52,7.34,-13.0,-9.0,,,,0.14,208.88,454.72,7.65,0.28,1.96,1.52,0.29000000000000004,7.36,0.0,7.33,7.33,301.2,198.73,27.0,-30.0,0.0,0.0,0.0,0.0,0.0,0.0,0.0,0.0,,0.0,0.0,0.0,0.0,0.0,0.0,-30.0,-0.01,1.9,0.0,0.0,0.04,-0.0,0.0,0.0,0.0,0.0,0.0,0.0,0.0,0.03,-0.09,0.01,-0.03,-0.12,0.09,0.13,0.02,-0.25,63.155233311464954
2023,燁輝,鋼鐵工業,1,-4.58,4.06,-0.36,0.36,13.8,165.0,-11.0,,,,0.36,1896.26,1896.26,14.2,0.37,-0.73,0.36,0.09999999999999964,14.1,0.73,13.85,13.75,1159.08,1279.31,482.0,403.0,0.0,0.0,0.0,0.0,0.0,0.0,0.0,0.0,,1.0,-7.0,-246.0,0.0,0.0,0.0,402.0,0.02,3.72,1.0,0.0,0.14,-0.0,0.0,0.0,-0.01,2.0,3.0,5.0,0.01,-0.11,-0.06,0.0,-0.03,0.06,0.13,0.14,0.03,-0.01,59.484901515036064
2024,志聯,鋼鐵工業,2,-5.2,5.49,3.1,1.18,13.3,0.0,0.0,,,,3.1,43.41,91.93,13.45,0.78,-1.16,1.18,0.0,13.45,0.0,12.9,12.9,5.4,12.23,4.0,1.0,0.0,0.0,0.0,0.0,0.0,0.0,0.0,0.0,,1.0,0.0,1.0,0.0,0.0,0.0,1.0,0.0,0.65,0.0,0.0,0.07,0.0,0.0,0.0,0.0,0.0,0.0,0.0,0.0,0.0,-0.0,0.0,0.0,0.0,0.37,0.37,0.26,-0.13,66.70216828604907
2025,千興,鋼鐵工業,3,-21.0,26.58,-5.39,8.52,14.05,633.0,-432.0,,,,-4.1,4380.09,4961.0,15.0,3.56,1.91,8.52,0.0,15.0,1.37,14.85,14.65,2029.53,4961.0,1073.0,116.0,1.0,5.0,0.0,-5.0,5.0,5.0,0.0,5.0,-2.0,3.0,357.0,-89.0,0.0,0.0,0.0,112.0,0.04,1.59,4.0,0.0,8.57,-0.15,0.0,0.0,0.0,0.0,0.0,0.0,0.49,0.69,0.58,0.12,0.15,0.07,0.49,1.1,1.34,1.6,70.5076632652269
2027,大成鋼,鋼鐵工業,3,-11.52,9.23,-0.31,-0.11,48.05,-149.0,-46.0,,,,1.26,15670.98,20851.26,50.8,2.15,-0.95,-0.11,1.6999999999999957,49.1,1.58,48.2,47.45,12474.33,9157.98,-242.0,-289.0,3.0,4.0,-21.0,10.0,8.0,20.0,13.0,20.0,1.5,1.0,0.0,-8.0,2209.0,0.09,7.44,-2800.0,-0.12,26.77,302.0,0.01,6.21,-0.0,0.15,0.31,0.87,3.0,6.0,14.0,-0.05,0.0,-0.48,0.04,0.15,-0.49,0.68,0.95,0.38,1.9,59.90132235490673
2028,威致,鋼鐵工業,3,-10.72,12.01,-3.21,3.0,16.6,85.0,-12.0,,,,-3.21,237.11,453.19,17.25,3.8,1.22,3.0,0.0,17.25,0.0,17.15,17.15,224.79,453.19,137.0,-135.0,0.0,0.0,0.0,0.0,0.0,0.0,0.0,0.0,,3.0,-24.0,3.0,0.0,0.0,0.0,-142.0,-0.04,0.82,7.0,0.0,0.12,-0.0,0.0,0.0,0.0,0.0,0.0,0.0,0.01,-0.01,-0.01,0.03,0.03,0.04,0.09,0.47,0.67,0.86,62.22585995783082
2029,盛餘,鋼鐵工業,3,-9.87,10.95,-2.87,0.22,22.0,-24.0,-25.0,,,,-2.0,510.76,947.98,22.8,0.94,2.78,0.22,0.0,22.8,0.89,22.65,22.45,824.54,947.98,99.0,-203.0,0.0,0.0,0.0,0.0,0.0,0.0,0.0,0.0,,3.0,-4.0,-11.0,0.0,0.0,0.0,-203.0,-0.06,67.79,0.0,0.0,0.18,-0.01,0.0,0.0,0.0,0.0,0.0,0.0,0.04,0.02,0.18,0.0,-0.02,-0.14,0.1,0.59,0.6,0.78,62.05189401696672
2030,彰源,鋼鐵工業,3,-44.75,94.65,1.21,0.27,37.65,-2742.0,-1675.0,,,,2.59,70647.6,70647.6,40.0,9.95,9.87,0.27,0.0,40.0,1.36,37.2,36.7,5239.28,19477.68,-706.0,2399.0,5.0,300.0,117.0,874.0,668.0,300.0,1503.0,874.0,1.91,4.0,2092.0,6.0,0.0,0.0,0.0,2364.0,0.84,12.13,35.0,0.01,0.6,-0.6,0.0,0.0,0.0,0.0,0.0,0.0,0.58,2.01,2.48,1.02,2.42,2.88,4.49,8.75,11.58,16.02,95.56644352339433
2031,新光鋼,鋼鐵工業,3,-8.09,8.8,-1.49,1.75,46.2,394.0,-17.0,,,,-0.65,753.7,1842.39,47.0,1.65,-0.87,1.75,0.0,47.0,0.86,46.9,46.5,1842.39,1042.9,495.0,-142.0,2.0,3.0,-2.0,0.0,5.0,4.0,5.0,4.0,-1.0,1.0,-31.0,50.0,0.0,0.0,0.44,-151.0,-0.05,11.07,9.0,0.0,0.59,-0.01,0.0,0.0,0.0,1.0,1.0,1.0,0.49,0.9,0.88,0.12,0.34,0.26,0.23,0.91,1.32,3.13,63.4166614408438
2032,新鋼,鋼鐵工業,3,-22.62,28.62,-3.45,0.74,19.6,-759.0,-143.0,,,,-3.45,5176.63,12313.64,21.0,5.7,7.28,0.74,0.10000000000000142,20.9,0.0,20.3,20.3,12313.64,8296.36,117.0,-44.0,2.0,-25.0,77.0,-44.0,85.0,77.0,37.0,77.0,0.76,2.0,-58.0,-515.0,0.0,0.0,0.0,-44.0,-0.03,4.08,0.0,0.0,0.22,-0.11,0.0,0.0,0.0,0.0,0.0,0.0,0.43,0.77,0.36,-0.59,-0.44,-0.57,0.42,1.51,2.06,2.74,72.3608743126855
2033,佳大,鋼鐵工業,3,-48.76,117.52,3.22,9.01,46.55,469.0,381.0,,,,9.92,1489.01,5864.27,46.55,-1.34,4.62,9.01,0.0,46.55,6.49,45.1,42.35,2678.93,3593.14,199.0,-122.0,3.0,43.0,12.0,49.0,81.0,53.0,77.0,49.0,0.14,4.0,226.0,68.0,0.0,0.0,0.0,-122.0,-0.15,2.22,0.0,0.0,0.28,0.47,0.0,0.0,0.0,0.0,0.0,0.0,-0.84,1.12,0.53,-0.53,0.18,0.2,6.25,9.99,15.13,23.78,92.60688246792458
2034,允強,鋼鐵工業,3,-19.8,27.04,-4.45,2.9,23.6,-489.0,314.0,,,,-4.84,9284.97,18962.89,25.0,3.64,2.63,2.9,0.10000000000000142,24.9,-0.4,24.7,24.8,17704.39,18962.89,218.0,695.0,2.0,18.0,82.0,-19.0,95.0,82.0,66.0,82.0,-2.06,4.0,298.0,-479.0,0.0,0.0,0.0,842.0,0.19,7.73,-147.0,-0.03,0.05,0.07,0.0,0.0,0.0,0.0,0.0,0.0,0.4,0.89,1.49,-0.0,0.44,0.75,0.28,1.28,2.12,3.22,67.9786509079702
2035,唐榮公司,鋼鐵工業,2,-6.46,3.46,0.0,0.0,26.9,0.0,0.0,,,,1.51,1.02,22.08,27.85,-1.85,,0.0,0.9500000000000028,26.9,1.51,26.9,26.5,0.14,2.09,0.0,,,,,,,,,,,,,,0.0,0.0,0.0,1.0,0.0,,,,,0.0,0.0,0.0,0.0,0.0,0.0,0.0,0.0,0.0,0.0,0.0,0.0,0.0,0.17,-0.01,0.06,-0.11,51.092854641813034
2038,海光,鋼鐵工業,2,-11.65,13.19,-2.27,3.53,12.9,79.0,-42.0,,,,-2.27,474.34,1265.58,13.3,3.72,0.8,3.53,0.0,13.3,0.0,13.2,13.2,1265.58,747.23,25.0,-19.0,0.0,0.0,0.0,0.0,-15.0,0.0,-15.0,0.0,,4.0,17.0,15.0,0.0,0.0,0.0,-19.0,-0.01,1.43,0.0,0.0,0.39,-0.02,0.0,0.0,0.0,0.0,0.0,0.0,-0.08,0.01,-0.1,-0.01,-0.02,-0.11,0.22,0.52,0.54,0.29,65.77289377922048
2049,上銀,電機機械,2,-17.82,7.66,-0.3,-1.03,335.0,-53.0,-124.0,,,,0.0,1302.62,9175.49,381.5,0.62,3.07,-1.03,44.0,337.5,0.3,336.0,335.0,2189.75,1637.09,-55.0,49.0,2.0,3.0,5.0,-2.0,-17.0,5.0,-16.0,5.0,-1.67,4.0,35.0,54.0,0.0,0.0,1.04,68.0,0.02,38.59,-19.0,-0.01,2.56,-0.04,0.0,0.0,-0.15,1.0,2.0,6.0,0.06,-0.06,-0.12,-0.05,-0.18,-0.65,4.1,2.85,-7.02,-6.61,48.17019009935396
2059,川湖,電子零組件業,2,-17.97,5.19,-3.55,-2.39,11835.0,-30.0,-49.0,,,,-1.82,339.24,1284.52,14220.0,-0.32,-1.9,-2.39,1950.0,12270.0,1.78,12270.0,12055.0,448.53,375.31,7.0,-6.0,2.0,-1.0,1.0,0.0,0.0,1.0,0.0,1.0,-1.0,2.0,20.0,8.0,-29.0,-0.03,8.49,23.0,0.02,23.42,0.0,0.0,0.98,-0.05,-0.12,0.02,-0.43,1.0,6.0,9.0,0.24,-0.29,-0.17,-0.17,-0.19,-0.6,-314.0,-470.0,-736.75,604.33,30.410609295961564
2061,風青,電器電纜,2,-29.23,41.3,2.83,-0.99,61.7,-475.0,94.0,,,,3.18,3263.88,4832.54,65.0,-3.23,10.0,-0.99,0.0,65.0,0.33,60.0,59.8,1926.7,4832.54,-334.0,,,,,,,,,,,,,,0.0,0.0,0.0,125.0,0.27,,,,,0.2,0.0,0.0,0.0,0.0,0.0,0.0,0.62,1.76,-1.12,0.9,1.97,-1.89,3.56,6.05,8.97,6.34,80.11948644551182
2062,橋椿,其他,1,-8.42,1.39,-0.28,-0.55,18.0,-3.0,-9.0,,,,-0.28,111.2,634.79,19.6,0.28,-0.55,-0.55,1.4000000000000021,18.2,0.0,18.05,18.05,150.97,51.09,1.0,0.0,0.0,0.0,0.0,0.0,0.0,0.0,0.0,0.0,,1.0,0.0,-1.0,0.0,0.0,0.0,0.0,0.0,6.86,0.0,0.0,0.13,-0.0,0.0,0.0,0.0,0.0,0.0,0.0,-0.02,-0.02,-0.12,-0.03,-0.07,-0.16,-0.04,-0.07,-0.46,-0.78,34.28082928632344
2063,世鎧,鋼鐵工業,1,-4.32,3.87,-2.28,-0.21,23.6,-3.0,0.0,,,,0.43,13.15,109.47,24.3,0.0,-0.64,-0.21,0.15000000000000213,24.15,2.77,24.15,23.5,57.03,35.16,-5.0,,,,,,,,,,,,,,0.0,0.0,0.0,-1.0,-0.0,,,,,0.0,0.0,0.0,0.0,0.0,0.0,0.0,-0.02,-0.02,0.0,-0.02,-0.02,-0.06,0.05,-0.07,-0.21,-0.41,42.63784486881037
2064,晉椿,鋼鐵工業,1,-9.3,4.7,0.42,,12.0,0.0,0.0,,,,,350.0,350.0,12.9,,,,0.6500000000000004,12.25,,11.95,,300.0,0.0,0.0,,,,,,,,,,,,,,0.0,0.0,0.0,11.0,0.02,,,,,0.0,0.0,0.0,0.0,0.0,0.0,0.0,0.02,-0.02,0.01,0.0,0.0,0.0,0.1,0.1,-0.09,-0.42,48.34087382363058
2065,世豐,鋼鐵工業,2,-4.92,3.3,-0.83,0.42,35.65,-3.0,0.0,,,,0.28,36.36,150.76,36.6,0.28,-0.14,0.42,0.6499999999999986,35.95,1.13,35.95,35.55,33.99,48.52,24.0,,,,,,,,,,,,,,0.0,0.0,0.0,8.0,0.01,,,,,0.0,0.0,0.0,0.0,0.0,0.0,0.0,0.06,0.09,0.08,-0.02,-0.06,-0.14,0.32,0.38,0.07,1.23,60.87448577208347
2066,世德,電機機械,1,-8.73,4.18,-0.96,-0.38,51.7,0.0,0.0,,,,-0.96,23.0,73.03,55.0,0.19,-0.38,-0.38,2.700000000000003,52.3,0.0,52.2,52.2,17.13,15.05,0.0,,,,,,,,,,,,,,0.0,0.0,0.0,1.0,0.0,,,,,0.0,0.0,0.0,0.0,0.0,0.0,0.0,-0.01,0.01,0.04,0.0,0.0,-0.03,-0.76,-0.61,-0.85,-6.08,36.606969899270915
2067,嘉鋼,電機機械,1,-19.29,11.84,0.0,-8.91,4.91,0.0,0.0,,,,0.0,108.3,108.3,5.65,-5.26,-0.38,-8.91,0.5500000000000007,5.1,0.0,4.91,4.91,10.0,50.89,0.0,,,,,,,,,,,,,,0.0,0.0,0.0,-28.0,-0.06,,,,,0.0,0.0,0.0,0.0,0.0,0.0,0.0,-0.06,-0.06,-0.06,0.0,0.02,0.02,-0.24,-0.23,-0.08,-0.84,39.28669968151787
2069,運錩,鋼鐵工業,3,-25.95,38.07,-3.38,0.0,25.75,-176.0,1.0,,,,-3.56,1821.08,4747.22,27.55,3.21,3.11,0.0,0.3500000000000014,27.2,-0.19,26.65,26.7,2256.46,2227.22,-87.0,-97.0,3.0,1.0,2.0,0.0,-16.0,3.0,-19.0,3.0,-1.0,3.0,200.0,-13.0,0.0,0.0,0.0,-103.0,-0.06,4.5,6.0,0.0,0.31,0.0,0.0,0.0,0.0,0.0,0.0,0.0,-0.46,0.41,0.78,-0.43,-0.14,0.62,-0.16,0.58,2.01,4.95,60.56249964043236
2070,精湛,電機機械,3,-15.99,9.26,0.32,0.16,63.0,11.0,3.0,,,,-0.47,100.28,683.14,69.4,0.33,2.95,0.16,5.700000000000003,63.7,-0.79,62.8,63.3,91.39,69.49,15.0,,,,,,,,,,,,,,0.0,0.0,0.0,26.0,0.07,,,,,0.01,0.0,0.0,0.0,0.0,0.0,0.0,0.04,0.15,0.31,0.06,0.07,-0.24,0.82,1.19,1.0,3.33,60.12967458230173
2073,雄順,鋼鐵工業,1,-7.52,4.88,1.57,-0.2,25.8,,,,,,2.38,2.12,6.0,26.6,,,-0.2,0.8000000000000007,25.8,0.79,25.4,25.2,1.0,3.0,0.0,,,,,,,,,,,,,,0.0,0.0,0.0,,,,,,,,0.0,0.0,0.0,0.0,0.0,0.0,0.0,0.0,0.0,,,,0.27,0.24,0.06,-0.65,52.18187138796752
2101,南港,橡膠工業,1,-6.91,1.52,-1.5,-0.33,29.65,-345.0,-774.0,,,,-0.84,1688.11,2034.26,31.85,-0.67,-0.17,-0.33,1.75,30.1,0.67,30.1,29.9,1292.89,1676.42,217.0,-844.0,0.0,0.0,0.0,0.0,-1.0,0.0,0.0,0.0,,1.0,-186.0,-47.0,0.0,0.0,0.0,-838.0,-0.1,5.2,-6.0,-0.0,0.23,-0.09,0.0,0.0,0.0,0.0,0.0,0.0,-0.17,-0.43,-0.57,-0.18,-0.36,-0.59,-0.2,-0.4,-0.77,-2.71,29.716183643595812
2102,泰豐,橡膠工業,1,-12.16,3.69,1.51,1.22,16.85,8.0,31.0,,,,1.81,373.98,7238.63,18.5,-1.8,-0.31,1.22,1.6499999999999986,16.85,0.3,16.6,16.55,287.96,224.25,22.0,102.0,0.0,0.0,0.0,0.0,0.0,0.0,0.0,0.0,,3.0,-256.0,90.0,0.0,0.0,0.0,122.0,0.03,2.76,-20.0,-0.0,0.33,0.01,0.0,0.0,0.0,0.0,0.0,0.0,0.04,-0.86,-0.75,-0.04,-0.46,-0.49,0.31,-0.11,-0.62,-1.55,41.88529862848195
2103,台橡,橡膠工業,3,-13.43,12.13,-0.53,2.36,27.95,1224.0,55.0,,,,-0.71,1423.83,14934.23,29.05,-0.36,-1.44,2.36,0.8500000000000014,28.2,-0.18,28.1,28.15,2596.68,2618.48,1573.0,-93.0,1.0,0.0,-3.0,0.0,0.0,5.0,0.0,5.0,,2.0,-82.0,-21.0,0.0,0.0,0.02,-85.0,-0.01,26.43,-8.0,-0.0,0.32,0.01,0.0,0.0,0.0,0.0,0.0,0.0,0.29,0.8,0.21,0.3,0.76,0.06,0.11,0.25,0.75,2.13,57.37851466976714
2104,國際中橡,橡膠工業,3,-14.42,13.84,-0.45,3.24,11.0,1182.0,-88.0,,,,-1.35,3126.05,21035.32,11.65,-4.29,-4.04,3.24,0.3000000000000007,11.35,-0.9,11.05,11.15,6186.22,5196.78,2685.0,-523.0,2.0,1.0,-10.0,0.0,-1.0,31.0,2.0,31.0,-1.0,2.0,-697.0,204.0,0.0,0.0,0.0,-544.0,-0.06,6.43,21.0,0.0,0.2,-0.01,0.0,0.0,0.0,0.0,0.0,0.0,0.47,0.86,0.95,0.24,0.43,0.31,-0.13,0.14,0.38,0.59,54.83192662091721
2105,正新,橡膠工業,1,-4.33,3.52,-0.16,1.49,30.55,1176.0,177.0,,,,-0.33,3575.67,8791.08,31.15,0.0,0.0,1.49,0.29999999999999716,30.85,-0.16,30.6,30.65,3385.45,5030.3,2735.0,-83.0,0.0,0.0,0.0,-5.0,-2.0,0.0,-7.0,0.0,-inf,3.0,-86.0,43.0,737.0,0.02,8.59,-1065.0,-0.03,8.57,245.0,0.01,3.73,0.01,0.02,0.04,0.06,5.0,9.0,18.0,0.03,-0.23,-0.56,0.06,-0.15,-0.4,0.25,0.4,0.18,-0.56,62.16548850496078
2106,建大,橡膠工業,1,-6.02,2.13,0.0,0.91,16.65,-37.0,-16.0,,,,0.0,300.1,2198.88,17.45,0.0,-1.2,0.91,0.6999999999999993,16.75,0.0,16.65,16.65,749.25,533.05,1.0,-100.0,0.0,0.0,0.0,0.0,0.0,0.0,0.0,0.0,,2.0,15.0,0.0,0.0,0.0,0.01,-138.0,-0.01,7.1,38.0,0.0,0.21,-0.0,0.0,0.0,0.01,0.0,1.0,2.0,-0.04,-0.3,-0.7,-0.02,-0.19,-0.42,0.04,0.09,-0.11,-0.8,49.253722504798915
2107,厚生,橡膠工業,3,-3.48,5.05,0.19,0.0,26.95,25.0,18.0,,,,-0.19,400.6,401.6,27.3,0.19,-0.56,0.0,0.25,27.05,-0.37,26.9,27.0,192.91,272.16,-37.0,-235.0,0.0,0.0,0.0,0.0,0.0,0.0,0.0,0.0,,0.0,-2.0,0.0,0.0,0.0,0.0,-235.0,-0.08,6.57,0.0,0.0,0.46,0.01,0.0,0.0,0.0,0.0,0.0,0.0,-0.12,-0.14,-0.11,0.03,0.08,0.15,0.03,0.01,0.09,0.7,53.057958523281386
2108,南帝,橡膠工業,2,-11.94,5.31,-1.39,1.77,28.35,39.0,-98.0,,,,-1.39,452.03,1439.06,31.0,-0.17,-1.74,1.77,2.25,28.75,0.0,28.75,28.75,458.12,340.9,22.0,-243.0,0.0,0.0,0.0,0.0,0.0,0.0,0.0,0.0,,4.0,8.0,-11.0,0.0,0.0,0.03,-254.0,-0.05,6.45,11.0,0.0,2.36,-0.02,0.0,0.0,0.0,0.0,0.0,0.0,-0.06,0.04,-0.2,-0.03,-0.0,-0.29,-0.2,-0.24,-0.52,-0.55,42.805232475508696
2109,華豐,橡膠工業,1,-5.96,1.41,0.0,-0.35,14.4,-36.0,-13.0,,,,0.0,72.07,392.02,15.1,1.01,-4.33,-0.35,0.6999999999999993,14.4,0.0,14.4,14.4,311.17,166.56,44.0,-2.0,0.0,0.0,0.0,0.0,0.0,0.0,0.0,0.0,,3.0,-3.0,1.0,0.0,0.0,0.0,-2.0,-0.0,15.24,0.0,0.0,0.15,-0.0,0.0,0.0,0.0,0.0,0.0,0.0,-0.03,-0.03,-0.03,-0.01,-0.02,-0.04,-0.2,-0.28,-0.34,-0.27,32.39933016951302
2114,鑫永銓,橡膠工業,3,-2.33,2.39,0.33,0.22,90.0,0.0,0.0,,,,0.11,9.39,52.29,90.3,-0.11,-0.22,0.22,0.29999999999999716,90.0,-0.22,89.7,89.9,22.38,16.45,-1.0,1.0,0.0,0.0,0.0,0.0,0.0,0.0,0.0,0.0,,2.0,1.0,0.0,0.0,0.0,0.0,0.0,0.0,4.17,1.0,0.0,0.14,0.0,0.0,0.0,0.0,0.0,0.0,0.0,0.0,-0.02,-0.03,0.01,0.01,0.01,0.1,0.39,0.57,1.3,65.44616099087256
2115,六暉-KY,汽車工業,3,-4.46,4.81,-0.21,0.84,23.85,0.0,0.0,,,,-0.21,34.89,182.2,24.65,-0.21,0.0,0.84,0.6999999999999993,23.95,0.0,23.9,23.9,39.32,87.8,6.0,-1.0,0.0,0.0,0.0,0.0,0.0,0.0,0.0,0.0,,0.0,0.0,-7.0,0.0,0.0,0.0,-1.0,-0.0,46.67,0.0,0.0,0.1,0.0,0.0,0.0,0.0,0.0,0.0,0.0,-0.01,0.01,0.02,0.0,0.01,0.06,0.07,0.06,0.02,0.88,54.58575513597375
2201,裕隆,汽車工業,2,-8.91,5.36,-0.34,0.0,29.2,-572.0,-575.0,,,,-0.17,2076.31,12542.61,32.0,0.0,-0.17,0.0,2.5,29.5,0.17,29.3,29.25,1888.73,2067.67,-525.0,-584.0,0.0,-12.0,0.0,0.0,-28.0,1.0,-29.0,0.0,-1.0,4.0,63.0,10.0,0.0,0.0,0.04,-588.0,-0.05,4.43,4.0,0.0,0.9,-0.05,0.0,-0.01,-0.04,1.0,2.0,9.0,-0.23,-0.68,-1.73,-0.18,-0.59,-1.6,-0.03,-0.27,-0.86,0.29,37.73245178556319
2204,中華,汽車工業,1,-5.81,0.77,0.0,-0.19,52.2,9.0,-51.0,,,,-0.19,204.05,784.82,55.1,0.0,-0.95,-0.19,2.8000000000000043,52.3,-0.19,52.2,52.3,399.4,446.38,-21.0,-30.0,0.0,0.0,0.0,0.0,0.0,0.0,0.0,0.0,,2.0,12.0,-23.0,4.0,0.0,0.48,-33.0,-0.01,18.69,-1.0,-0.0,0.71,-0.01,-0.01,0.04,0.03,2.0,6.0,9.0,-0.06,-0.15,-0.35,-0.05,-0.07,-0.24,-0.1,-0.23,-0.7,-1.29,37.0570637150072
2206,三陽工業,汽車工業,2,-3.87,1.79,0.64,-0.64,62.6,-36.0,29.0,,,,0.81,299.41,2453.44,64.6,-1.26,-0.64,-0.64,1.999999999999993,62.6,0.16,62.2,62.1,409.88,739.25,-25.0,192.0,0.0,0.0,0.0,0.0,0.0,0.0,0.0,0.0,,2.0,-5.0,-4.0,0.0,0.0,2.24,188.0,0.02,7.65,4.0,0.0,0.5,0.0,0.0,-0.02,-0.01,2.0,3.0,6.0,0.01,0.05,-0.01,0.01,0.03,0.05,-0.16,-0.71,-0.79,-0.45,37.744979512650566
2207,和泰車,汽車工業,2,-7.66,1.98,0.59,-0.78,515.0,-11.0,-10.0,,,,1.18,239.43,663.02,548.0,-1.92,-0.78,-0.78,33.0,515.0,0.59,512.0,509.0,229.21,332.32,48.0,25.0,0.0,0.0,0.0,0.0,0.0,0.0,0.0,0.0,,3.0,-3.0,1.0,26.0,0.0,0.73,-1.0,-0.0,22.45,-0.0,-0.0,0.52,-0.0,0.0,-0.03,-0.03,5.0,9.0,16.0,-0.05,-0.05,0.01,-0.03,-0.04,0.0,3.0,-4.3,-10.0,1.98,44.33615500378226
2208,台船,航運業,1,-5.08,2.41,-1.57,-0.26,18.85,-288.0,-823.0,,,,-1.57,3315.98,4444.7,19.7,-1.02,-1.55,-0.26,0.5500000000000007,19.15,0.0,19.15,19.15,2641.81,2008.36,-226.0,-1453.0,0.0,0.0,0.0,0.0,0.0,0.0,0.0,0.0,,0.0,0.0,0.0,0.0,0.0,0.0,-1458.0,-0.13,7.28,5.0,0.0,0.04,-0.07,0.0,0.0,0.0,0.0,0.0,0.0,-0.09,0.03,-0.05,-0.01,0.14,-0.06,-0.37,-0.3,-0.17,-0.53,38.247681066968234
2211,長榮鋼,鋼鐵工業,1,-6.3,1.4,-0.5,1.14,79.3,-12.0,-154.0,,,,-0.5,586.62,2562.85,84.1,-1.0,-1.01,1.14,4.199999999999989,79.9,0.0,79.7,79.7,1174.06,534.05,2.0,-185.0,1.0,0.0,0.0,-1.0,17.0,17.0,16.0,17.0,-inf,1.0,-2.0,-11.0,100.0,0.02,5.12,-285.0,-0.07,3.33,0.0,0.0,0.53,-0.04,0.02,0.02,0.01,2.0,2.0,2.0,-0.28,-0.57,-0.48,-0.28,-0.47,-0.75,-0.26,-0.66,-1.99,-6.16,35.14965959554499
2221,大甲,其他,3,-60.56,272.59,-6.04,10.96,179.0,-600.0,150.0,,,,-9.37,2318.15,20182.53,198.0,3.47,9.76,10.96,5.0,193.0,-3.54,190.5,197.5,2048.19,2950.2,-367.0,,,,,,,,,,,,,,0.0,0.0,0.0,-66.0,-0.16,,,,,0.35,0.0,0.0,0.0,0.0,0.0,0.0,-2.12,-2.0,-4.18,-3.45,-0.91,-2.93,3.2,26.8,57.71,102.78,73.92353728359576
2227,裕日車,汽車工業,1,-7.45,0.67,0.0,0.33,45.0,-1.0,-1.0,,,,0.0,27.06,114.87,48.3,0.0,-0.56,0.33,3.299999999999997,45.0,0.0,45.0,45.0,29.86,36.38,12.0,3.0,,,,,,,,,,,,,0.0,0.0,0.0,3.0,0.0,40.44,0.0,0.0,0.21,-0.0,0.0,0.0,0.0,0.0,0.0,0.0,-0.01,-0.0,-0.03,-0.0,-0.01,-0.02,0.05,-0.21,-1.28,-3.34,29.428615414443996
2228,劍麟,汽車工業,1,-6.02,4.52,1.07,-0.27,75.7,1.0,11.0,,,,1.2,88.27,1216.21,78.1,-0.92,0.0,-0.27,1.7999999999999972,76.3,0.13,74.9,74.8,34.9,56.67,-5.0,30.0,0.0,0.0,0.0,0.0,0.0,0.0,0.0,0.0,,2.0,3.0,12.0,0.0,0.0,0.0,29.0,0.04,3.19,1.0,0.0,0.55,0.01,0.0,0.0,0.0,0.0,0.0,0.0,0.07,-0.18,-0.11,0.02,-0.12,-0.11,0.46,0.71,0.73,-1.34,57.47745482858588
2230,泰茂,電機機械,1,-9.11,8.35,-5.29,0.46,21.5,-1.0,-24.0,,,,-1.38,146.48,465.38,23.05,5.65,-3.12,0.46,0.3500000000000014,22.7,4.13,22.7,21.8,95.17,66.28,-10.0,,,,,,,,,,,,,,0.0,0.0,0.0,1.0,0.0,,,,,-0.05,0.0,0.0,0.0,0.0,0.0,0.0,0.0,-0.05,-0.09,-0.0,-0.14,-0.17,-0.25,-0.09,-0.33,-1.51,44.80047423176596
2231,為升,汽車工業,1,-9.23,10.17,-4.23,1.39,92.9,42.0,-55.0,,,,-1.9,329.71,329.71,97.5,-1.2,1.88,1.39,0.0,97.5,2.43,97.0,94.7,141.05,242.16,68.0,-64.0,2.0,-2.0,-2.0,-4.0,6.0,8.0,2.0,8.0,1.0,3.0,22.0,5.0,0.0,0.0,0.93,-59.0,-0.04,3.97,-5.0,-0.0,0.32,-0.04,0.0,0.0,0.0,0.0,0.0,0.0,0.03,0.15,0.03,-0.01,0.04,-0.13,0.64,1.04,1.97,-4.45,55.94115517077446
2233,宇隆,汽車工業,1,-12.25,10.06,0.3,-1.76,168.5,-124.0,-2.0,,,,0.9,224.48,695.28,175.5,0.31,2.44,-1.76,6.0,169.5,0.6,168.0,167.0,453.5,695.28,-8.0,-13.0,1.0,-1.0,3.0,-15.0,2.0,3.0,-13.0,3.0,14.0,3.0,-112.0,6.0,0.0,0.0,0.14,-18.0,-0.03,8.65,5.0,0.01,0.45,-0.0,0.0,0.0,-0.14,0.0,0.0,1.0,-0.19,-0.24,0.44,-0.35,-0.52,-1.24,2.3,5.15,4.93,-21.18,61.951749978938366
2235,謚源,電機機械,3,-7.81,,,3.32,,,,,,,,0.0,77.23,28.8,,,3.32,,,,,28.0,0.04,3.56,0.0,,,,,,,,,,,,,,0.0,0.0,0.0,,,,,,,,0.0,0.0,0.0,0.0,0.0,0.0,0.0,0.0,0.0,,,,,,,,
2236,百達-KY,汽車工業,1,-20.93,7.35,-0.91,2.34,108.5,6.0,1.0,,,,-0.91,413.7,2111.97,129.0,-3.15,-0.47,2.34,19.5,109.5,0.0,109.5,109.5,1517.89,233.7,36.0,-43.0,0.0,-1.0,-1.0,0.0,-6.0,0.0,-5.0,0.0,-1.0,3.0,-36.0,110.0,0.0,0.0,0.0,-44.0,-0.09,62.53,1.0,0.0,5.06,0.0,0.0,0.0,0.0,0.0,0.0,0.0,1.23,1.78,1.29,0.05,0.61,0.72,-0.2,-2.75,-7.92,-23.59,35.70549082155914
2239,英利-KY,汽車工業,1,-9.09,3.51,0.26,0.8,19.05,0.0,0.0,,,,0.53,28.21,329.07,20.35,0.26,-0.79,0.8,1.2000000000000028,19.15,0.26,19.0,18.95,54.1,53.0,24.0,2.0,0.0,0.0,0.0,0.0,0.0,0.0,0.0,0.0,,3.0,-5.0,-1.0,0.0,0.0,0.0,2.0,0.0,73.68,0.0,0.0,0.1,0.0,0.0,0.0,0.0,0.0,0.0,0.0,0.01,0.09,0.11,0.0,-0.05,-0.05,0.12,0.06,-0.3,-0.75,46.336924225689295
2241,艾姆勒,汽車工業,3,-31.52,47.13,-4.24,6.09,44.05,-170.0,-759.0,,,,-4.55,3600.15,8099.14,47.9,-0.11,0.92,6.09,1.6999999999999957,46.2,-0.33,46.0,46.15,3176.72,8099.14,489.0,-979.0,2.0,27.0,-14.0,-25.0,50.0,50.0,10.0,50.0,-1.93,3.0,215.0,61.0,0.0,0.0,0.02,-981.0,-0.94,5.86,2.0,0.0,3.22,-0.73,0.0,0.0,0.0,0.0,0.0,0.0,-1.46,-2.52,-2.54,-1.44,-1.81,-1.78,-0.24,3.88,6.85,8.22,72.90865107274483
2243,宏旭-KY,汽車工業,2,-23.84,36.48,-0.76,3.75,52.2,19.0,-12.0,,,,-0.76,138.5,984.56,56.0,-2.14,0.6,3.75,2.5,53.5,0.0,52.6,52.6,120.26,254.06,35.0,-25.0,0.0,0.0,0.0,0.0,0.0,0.0,0.0,0.0,,3.0,-8.0,6.0,0.0,0.0,0.2,-25.0,-0.04,26.75,0.0,0.0,0.57,-0.02,0.0,0.0,0.0,0.0,0.0,0.0,-0.22,-0.12,-1.25,-0.1,0.02,-0.7,0.84,1.26,3.38,5.6,62.49455611179862
2247,汎德永業,汽車工業,2,-5.52,3.44,0.45,0.67,225.5,-15.0,0.0,,,,0.45,19.4,73.41,235.5,-0.43,-2.62,0.67,10.0,225.5,0.0,224.5,224.5,32.88,73.41,19.0,-1.0,0.0,0.0,0.0,0.0,0.0,0.0,0.0,0.0,,1.0,0.0,0.0,0.0,0.0,0.21,-1.0,-0.0,4.09,0.0,0.0,0.09,0.0,-0.01,0.02,0.01,1.0,5.0,9.0,-0.01,0.04,0.14,-0.03,-0.01,-0.01,-0.9,-3.25,-4.43,-2.4,35.364273947569316
2250,IKKA-KY,汽車工業,1,-7.3,4.4,-2.11,0.88,55.7,0.0,-26.0,,,,-2.28,112.86,122.18,58.9,1.05,-1.39,0.88,1.8999999999999986,57.0,-0.18,56.9,57.0,13.6,122.18,17.0,-23.0,0.0,0.0,0.0,0.0,0.0,0.0,0.0,0.0,,1.0,-25.0,-28.0,0.0,0.0,0.0,-23.0,-0.07,7.0,0.0,0.0,0.02,-0.08,0.0,0.0,0.0,0.0,0.0,0.0,0.01,0.06,0.08,-0.07,-0.06,-0.11,-1.12,-0.99,-0.87,-3.71,37.992661941155156
2254,巨鎧精密-創,汽車工業,3,-35.1,65.67,1.18,0.43,94.1,-13.0,-2.0,,,,1.62,1662.97,3079.23,94.6,2.54,3.38,0.43,0.0,94.6,0.43,93.0,92.6,2038.02,2109.24,117.0,151.0,,,,,,,,,,,,,0.0,0.0,0.0,151.0,0.24,26.91,-0.0,-0.0,0.68,-0.0,0.0,0.0,0.0,0.0,0.0,0.0,1.38,2.69,3.04,-0.16,-0.19,-0.22,3.32,10.0,19.44,28.62,99.40836244452616
2258,鴻華先進-創,汽車工業,3,-8.17,8.89,-0.31,3.23,31.9,291.0,97.0,,,,-0.31,537.18,866.84,32.45,-0.33,1.48,3.23,0.0,32.45,0.0,32.0,32.0,469.3,866.84,500.0,235.0,,,,,,,,,,,,,0.0,0.0,0.0,235.0,0.01,0.52,0.0,0.0,0.1,0.01,0.0,0.0,0.0,0.0,0.0,0.0,0.04,0.05,0.03,0.03,0.03,0.0,0.71,0.8,0.93,0.54,64.02011773939111
2301,光寶科,電腦及週邊設備業,3,-17.38,13.55,2.34,-1.93,284.5,-3221.0,1078.0,,,,1.79,9330.36,46683.64,328.0,1.23,-2.09,-1.93,43.0,285.0,-0.54,278.0,279.5,13566.25,12605.07,-3991.0,1196.0,2.0,14.0,-9.0,-12.0,-17.0,14.0,-5.0,14.0,-1.86,3.0,404.0,-249.0,-169.0,-0.01,9.67,999.0,0.04,42.2,366.0,0.02,9.34,0.05,-0.04,-0.06,-0.11,1.0,4.0,11.0,-0.34,-0.44,-1.03,-0.3,-0.52,-1.35,1.4,1.95,-2.98,25.74,51.21468446436204
2302,麗正,半導體業,2,-15.13,17.58,3.56,-1.21,46.5,-43.0,1384.0,,,,3.33,6731.65,13188.31,47.25,0.66,-1.63,-1.21,0.10000000000000142,47.15,-0.22,44.9,45.0,3489.42,2760.08,225.0,1902.0,4.0,-7.0,26.0,52.0,79.0,44.0,131.0,52.0,-8.43,2.0,-162.0,84.0,0.0,0.0,0.14,1896.0,1.14,4.02,6.0,0.0,0.25,0.83,0.0,0.0,0.0,0.0,0.0,0.0,0.9,2.5,2.33,0.52,1.53,1.27,0.78,1.58,3.02,3.49,68.14182869854523
2303,聯電,半導體業,3,-27.0,44.2,3.53,-1.9,161.5,1516.0,30420.0,,,,4.53,114242.08,337408.28,168.5,-3.75,-0.32,-1.9,7.0,161.5,0.97,156.0,154.5,111591.7,102327.36,1890.0,29074.0,2.0,-279.0,160.0,637.0,-1898.0,211.0,-1472.0,637.0,-3.28,3.0,-6455.0,6246.0,1845.0,0.01,11.77,25461.0,0.2,41.51,1768.0,0.01,4.71,0.24,0.05,0.42,0.78,4.0,9.0,17.0,-0.26,0.45,0.21,-0.2,0.89,1.05,4.8,6.9,15.88,26.57,73.18658734810748
2305,全友,電腦及週邊設備業,3,-59.93,154.09,-5.21,-1.86,61.9,-1332.0,-3292.0,,,,-9.9,9397.49,93620.29,72.5,-1.1,9.86,-1.86,7.200000000000003,65.3,-4.95,65.3,68.7,5849.22,6402.75,-1135.0,-3239.0,1.0,13.0,-12.0,-83.0,-318.0,13.0,-315.0,13.0,-7.38,2.0,-403.0,-32.0,0.0,0.0,0.14,-3216.0,-1.56,6.23,-23.0,-0.01,1.35,-1.6,0.0,0.0,0.0,0.0,0.0,0.0,-1.72,3.55,3.12,-2.4,1.28,1.86,-3.34,1.16,13.42,25.17,63.28203193676672
2308,台達電,電子零組件業,3,-20.61,24.04,-1.04,0.27,1905.0,1746.0,-400.0,,,,0.79,6119.81,20433.05,1965.0,0.53,-3.93,0.27,30.0,1935.0,1.85,1925.0,1890.0,13798.82,10976.9,924.0,-629.0,3.0,15.0,-23.0,18.0,-2.0,15.0,13.0,18.0,0.2,1.0,-34.0,-190.0,117.0,0.0,4.41,-726.0,-0.03,61.47,-20.0,-0.0,1.4,-0.02,0.07,0.29,0.14,5.0,9.0,12.0,-0.15,-0.06,-0.59,0.02,0.37,-0.23,17.0,70.5,120.25,127.58,64.67752669281472
2312,金寶,其他電子業,2,-10.98,4.5,-0.96,0.97,31.0,1315.0,-643.0,,,,-0.8,4886.79,11839.43,33.7,0.16,0.16,0.97,2.3500000000000014,31.35,0.16,31.3,31.25,3153.66,6465.4,2376.0,-899.0,2.0,27.0,22.0,-2.0,9.0,27.0,30.0,27.0,-1.07,2.0,-362.0,62.0,0.0,0.0,0.22,-804.0,-0.05,8.76,-95.0,-0.01,0.22,-0.04,0.0,0.0,0.02,2.0,4.0,10.0,0.04,0.05,-0.26,-0.02,-0.06,-0.34,0.16,0.05,-0.31,-0.9,48.074995717602356
2313,華通,電子零組件業,2,-17.44,11.76,-1.1,-1.31,224.5,238.0,-937.0,,,,-0.88,6854.3,56818.13,258.0,-0.67,1.57,-1.31,30.0,228.0,0.22,227.0,226.5,10064.8,12970.19,355.0,-1098.0,3.0,-31.0,89.0,57.0,-331.0,89.0,-297.0,89.0,-2.84,1.0,-111.0,-7.0,-115.0,-0.01,3.25,-938.0,-0.08,19.14,-45.0,-0.0,1.57,-0.08,-0.0,-0.05,-1.19,3.0,6.0,11.0,0.1,-1.13,-2.03,0.13,-0.47,-2.66,-0.2,0.55,-3.47,6.21,48.56969378960976
2314,台揚,通信網路業,1,-12.29,14.01,0.88,-1.75,11.5,14.0,47.0,,,,2.68,212.22,314.58,11.8,-1.35,0.91,-1.75,0.0,11.8,1.79,11.4,11.2,102.55,89.89,-1.0,0.0,0.0,0.0,0.0,0.0,0.0,0.0,0.0,0.0,,0.0,0.0,0.0,0.0,0.0,0.0,0.0,0.0,0.5,0.0,0.0,0.0,0.02,0.0,0.0,0.0,0.0,0.0,0.0,0.0,0.0,0.0,0.03,0.01,-0.01,0.34,0.48,0.44,-0.25,62.950967467357934
2316,楠梓電,電子零組件業,2,-11.34,14.67,-0.3,1.22,167.0,163.0,-238.0,,,,0.6,2448.56,2838.55,172.0,0.94,0.93,1.22,0.0,172.0,0.9,167.5,166.0,1377.28,1637.97,394.0,-654.0,2.0,7.0,22.0,-14.0,27.0,22.0,7.0,22.0,-3.0,5.0,36.0,98.0,0.0,0.0,0.16,-614.0,-0.34,37.78,-40.0,-0.02,1.0,-0.13,0.0,0.0,0.0,0.0,0.0,0.0,-0.28,-0.27,-0.86,-0.04,-0.03,-0.6,4.1,6.85,8.1,4.93,72.59454857250297
2317,鴻海,其他電子業,2,-5.98,6.72,0.4,-0.79,254.0,3348.0,4812.0,,,,0.99,26626.55,49284.34,259.0,-2.15,0.0,-0.79,5.0,254.0,0.6,253.0,251.5,30651.88,26954.65,4618.0,5653.0,3.0,6.0,9.0,-4.0,-14.0,22.0,-27.0,22.0,-1.67,3.0,-207.0,176.0,204.0,0.0,3.88,5092.0,0.04,40.86,357.0,0.0,1.69,0.03,0.01,0.02,0.05,2.0,5.0,11.0,-0.04,-0.03,-0.09,0.01,0.04,0.03,1.5,2.55,2.88,4.55,59.5522721508014
2321,東訊,通信網路業,3,-51.27,75.84,-0.63,0.0,23.5,0.0,0.0,,,,-3.29,4.47,27.82,27.6,,,0.0,3.950000000000003,23.65,-2.67,23.65,24.3,2.54,3.84,0.0,0.0,0.0,0.0,0.0,0.0,0.0,0.0,0.0,0.0,,0.0,0.0,0.0,0.0,0.0,0.0,0.0,0.0,0.01,0.0,0.0,0.0,0.0,0.0,0.0,0.0,0.0,0.0,0.0,0.0,0.0,0.0,0.01,0.03,0.07,-0.95,-1.12,3.9,7.29,67.17248095915824
2323,中環,光電業,3,-6.73,,,1.38,,,,,,,,,14064.5,11.15,0.0,-0.93,1.38,,,,,11.0,4169.49,14064.5,8268.0,0.0,,,,,,,,,,,,,0.0,0.0,0.41,0.0,0.0,10.63,0.0,0.0,3.93,,0.0,0.0,0.0,0.0,0.0,0.0,0.45,0.76,-0.13,,,,,,,,
2324,仁寶,電腦及週邊設備業,1,-14.37,3.47,-1.48,2.2,36.65,4469.0,-10828.0,,,,-1.21,25328.44,141506.04,42.1,-0.82,-1.23,2.2,4.800000000000004,37.3,0.27,37.2,37.1,29621.82,46326.98,2690.0,-14665.0,0.0,-20.0,-2.0,-60.0,-177.0,-2.0,-203.0,-2.0,2.0,3.0,-711.0,-377.0,25.0,0.0,4.8,-15353.0,-0.35,34.19,663.0,0.02,11.78,-0.25,0.0,0.02,-0.01,4.0,6.0,6.0,-0.99,-1.86,-3.5,-0.69,-1.26,-2.84,0.03,-0.37,-1.33,-1.11,40.01374628053538
2327,國巨,電子零組件業,1,-15.54,17.81,7.5,-1.62,602.0,-3190.0,35701.0,,,,9.85,74137.46,74137.46,605.0,1.22,-5.52,-1.62,3.0,602.0,2.19,560.0,548.0,41164.38,23166.39,-681.0,26122.0,3.0,-1.0,-110.0,754.0,-2.0,69.0,683.0,754.0,-755.0,5.0,80.0,2359.0,1204.0,0.28,33.74,23394.0,5.53,220.65,1524.0,0.36,10.01,8.44,-0.35,-0.05,-0.86,1.0,6.0,7.0,1.11,1.81,0.52,3.58,5.46,2.94,31.8,42.6,45.7,-5.31,67.62036916658344
2328,廣宇,電子零組件業,2,-7.91,11.28,0.21,0.21,47.75,479.0,129.0,,,,0.42,1214.94,3335.41,48.7,-0.21,0.0,0.21,0.3500000000000014,48.35,0.21,47.65,47.55,774.12,1592.35,686.0,195.0,1.0,1.0,0.0,-1.0,-14.0,1.0,-3.0,1.0,-2.0,4.0,-20.0,7.0,0.0,0.0,0.18,211.0,0.04,9.6,-16.0,-0.0,0.68,0.02,0.0,0.0,0.0,0.0,0.0,0.0,0.24,0.47,0.58,0.19,0.53,0.62,0.47,0.78,1.22,1.77,67.87607461706884
2329,華泰,半導體業,2,-9.71,10.27,-1.66,1.13,44.35,1116.0,-310.0,,,,-1.0,1772.39,5751.91,45.3,0.11,-1.35,1.13,0.19999999999999574,45.1,0.67,45.1,44.8,1151.6,3783.13,1703.0,-474.0,1.0,-11.0,-15.0,-1.0,-36.0,9.0,-21.0,9.0,-0.91,3.0,24.0,102.0,0.0,0.0,0.21,-507.0,-0.09,11.64,33.0,0.01,0.53,-0.06,0.0,0.0,0.0,0.0,0.0,0.0,0.16,0.27,0.41,0.21,0.3,0.3,0.01,0.47,1.2,0.02,58.18043868283894
2330,台積電,半導體業,3,-5.38,7.49,0.8,-0.6,2510.0,1109.0,3758.0,,,,1.21,19810.09,37190.51,2510.0,-1.0,0.0,-0.6,0.0,2510.0,0.4,2490.0,2480.0,25633.35,32530.3,1855.0,4290.0,3.0,3.0,-1.0,2.0,2.0,7.0,9.0,7.0,-0.33,3.0,562.0,-38.0,596.0,0.0,3.65,3091.0,0.01,69.2,603.0,0.0,1.45,0.01,0.0,0.0,0.0,3.0,6.0,9.0,0.01,0.01,-0.06,0.01,0.02,-0.02,22.0,45.5,67.5,106.25,68.6666616688265
2331,精英,電腦及週邊設備業,2,-8.46,4.62,-0.26,1.32,19.15,213.0,67.0,,,,-0.26,700.4,2095.71,20.1,-0.79,-0.8,1.32,0.8500000000000014,19.25,0.0,19.2,19.2,541.43,1099.71,493.0,224.0,1.0,0.0,-1.0,0.0,-1.0,1.0,-1.0,1.0,,1.0,-22.0,-82.0,0.0,0.0,0.0,203.0,0.04,5.93,21.0,0.0,1.34,0.01,0.0,0.0,0.0,0.0,0.0,0.0,0.06,0.24,0.02,0.01,0.09,-0.12,0.17,0.13,0.1,-0.29,54.148401497005054
2332,友訊,通信網路業,1,-11.82,10.46,-2.18,1.98,20.15,1370.0,-407.0,,,,-2.18,5301.94,20151.63,21.15,-1.47,0.0,1.98,0.5499999999999972,20.6,0.0,20.6,20.6,5216.19,8101.04,1692.0,-1241.0,2.0,5.0,-1.0,-7.0,-26.0,9.0,-4.0,9.0,-2.4,3.0,214.0,133.0,0.0,0.0,0.0,-1255.0,-0.21,4.95,14.0,0.0,0.23,-0.07,0.0,0.0,0.0,0.0,0.0,0.0,0.12,-0.52,-0.89,0.07,-0.33,-0.73,-0.12,0.12,0.61,-1.04,54.29848155393843
2337,旺宏,半導體業,2,-12.31,7.46,0.0,2.08,121.0,8652.0,-467.0,,,,-1.22,16468.16,58876.93,130.0,-1.68,1.28,2.08,7.5,122.5,-1.22,121.0,122.5,15128.0,26932.41,10767.0,-1232.0,2.0,-12.0,4.0,-11.0,-131.0,28.0,-166.0,28.0,-0.08,3.0,-730.0,65.0,6.0,0.0,0.22,-1104.0,-0.06,26.4,-134.0,-0.01,0.1,-0.03,-0.04,-0.03,-0.21,3.0,6.0,6.0,0.37,0.57,0.03,0.31,0.36,-0.26,1.4,1.75,0.85,-3.04,53.798983936816
2338,光罩,半導體業,2,-30.73,29.59,-0.74,-0.11,47.2,101.0,100.0,,,,-0.21,2741.46,67315.12,54.5,1.4,0.0,-0.11,6.549999999999997,47.95,0.53,47.55,47.3,4039.5,2755.7,412.0,90.0,0.0,-15.0,-41.0,-30.0,-421.0,-15.0,-355.0,-15.0,1.0,1.0,-197.0,2.0,0.0,0.0,0.0,96.0,0.04,5.31,-6.0,-0.0,1.81,0.04,0.0,0.0,0.0,0.0,0.0,0.0,0.21,-0.48,-2.47,-0.11,-1.04,-2.38,0.17,-0.91,2.09,4.87,55.176925459068904
2340,台亞,半導體業,3,-31.32,52.82,7.48,5.97,43.85,-35.0,11979.0,,,,7.48,40533.8,40533.8,44.7,0.58,9.99,5.97,0.0,44.7,0.0,40.8,40.8,15628.46,34478.12,2389.0,13852.0,5.0,111.0,86.0,135.0,208.0,111.0,343.0,135.0,0.22,2.0,-939.0,-275.0,0.0,0.0,0.0,13333.0,3.52,16.4,519.0,0.14,1.82,3.16,0.0,0.0,0.0,0.0,0.0,0.0,4.71,5.59,5.61,4.29,5.06,4.77,5.54,7.83,9.56,10.92,92.15862857398555
2342,茂矽,半導體業,2,-30.57,37.23,-1.89,2.34,49.35,-45.0,36.0,,,,-1.89,7460.32,43473.43,53.0,3.99,3.94,2.34,2.5,50.5,0.0,50.3,50.3,27339.54,14272.76,258.0,341.0,5.0,52.0,28.0,23.0,216.0,89.0,229.0,89.0,-0.56,3.0,-328.0,-53.0,0.0,0.0,0.0,345.0,0.22,1.77,-4.0,-0.0,0.2,0.02,0.0,0.0,0.0,0.0,0.0,0.0,-3.79,-1.58,-3.39,-2.83,-1.17,-2.64,0.49,4.48,7.33,8.34,77.81541020219464
2344,華邦電,半導體業,3,-17.45,13.88,1.12,1.99,180.0,33413.0,15254.0,,,,0.28,64785.77,222260.65,192.0,-0.58,1.46,1.99,11.5,180.5,-0.84,178.0,179.5,45790.94,85013.12,39024.0,17530.0,2.0,83.0,349.0,-70.0,192.0,349.0,68.0,349.0,-1.84,1.0,-3016.0,-2501.0,-463.0,-0.01,8.37,16789.0,0.4,21.38,1204.0,0.03,0.92,0.36,-0.14,-0.53,-1.1,0.0,1.0,3.0,1.29,2.13,1.95,1.02,1.29,0.34,4.5,5.9,5.78,10.46,61.60094163834353
2345,智邦,通信網路業,1,-19.73,7.91,5.85,-3.01,1900.0,-1454.0,539.0,,,,7.04,5872.37,7120.57,2205.0,0.26,-4.49,-3.01,295.0,1910.0,1.13,1795.0,1775.0,4157.98,7120.57,-897.0,99.0,3.0,-1.0,1.0,2.0,0.0,1.0,2.0,2.0,-3.0,4.0,210.0,537.0,-431.0,-0.08,7.21,487.0,0.09,57.01,43.0,0.01,2.51,0.1,-0.76,-1.29,-1.95,0.0,0.0,2.0,0.06,0.05,-0.11,-0.54,-0.98,-1.77,46.0,48.0,-24.25,-216.33,52.62228758628521
2347,聯強,電子通路業,3,-14.3,13.04,0.42,-1.35,95.4,171.0,267.0,,,,0.53,5965.47,5965.47,100.0,0.0,0.0,-1.35,3.799999999999997,96.2,0.11,95.0,94.9,4671.34,3253.12,107.0,4187.0,0.0,0.0,0.0,0.0,0.0,0.0,0.0,0.0,,2.0,-4.0,-7.0,800.0,0.05,13.89,3259.0,0.2,30.26,128.0,0.01,8.45,0.02,0.08,0.06,0.25,5.0,8.0,15.0,0.41,0.46,0.6,0.19,0.22,0.24,0.64,3.15,5.05,6.25,83.09601040998082
2348,海悅,其他,1,-12.53,2.47,0.0,0.14,70.4,-52.0,-15.0,,,,-0.28,108.74,2168.06,79.0,-1.37,-2.08,0.14,8.400000000000006,70.6,-0.28,70.4,70.6,278.97,207.66,-29.0,-3.0,0.0,0.0,0.0,0.0,0.0,0.0,0.0,0.0,,2.0,7.0,-17.0,0.0,0.0,0.0,-3.0,-0.0,3.39,-0.0,-0.0,0.37,-0.01,0.0,0.0,0.0,0.0,0.0,0.0,-0.08,0.16,0.65,-0.13,-0.12,-0.22,-0.9,-1.63,-1.16,-2.55,37.16347023503634
2349,錸德,光電業,1,-10.22,6.44,-1.41,2.39,10.5,-883.0,-715.0,,,,-1.87,2276.96,5431.2,11.25,0.0,0.48,2.39,0.5,10.75,-0.47,10.65,10.7,1158.18,5431.2,284.0,-1121.0,0.0,0.0,0.0,0.0,0.0,0.0,0.0,0.0,,0.0,0.0,0.0,0.0,0.0,0.0,-1121.0,-0.16,13.24,0.0,0.0,0.42,-0.1,0.0,0.0,0.0,0.0,0.0,0.0,-0.19,-0.28,-0.65,-0.22,-0.35,-0.7,0.04,0.1,-0.01,-0.53,51.727529388891895
2351,順德,半導體業,2,-20.62,25.81,1.19,-3.69,212.5,-1054.0,-275.0,,,,1.67,3449.08,13791.97,257.0,-2.88,-1.82,-3.69,42.5,214.5,0.48,210.0,209.0,3820.24,6791.22,-1030.0,-267.0,1.0,-55.0,-16.0,18.0,-421.0,-16.0,-212.0,18.0,-1.33,2.0,206.0,20.0,21.0,0.01,1.92,-318.0,-0.17,27.15,30.0,0.02,0.02,-0.15,-0.28,-0.22,0.09,1.0,3.0,8.0,1.61,1.98,2.25,-0.52,-1.33,-0.11,-4.0,-14.8,-19.55,14.0,33.43783931711634
2352,佳世達,電腦及週邊設備業,1,-5.84,7.79,-2.02,1.19,29.1,1025.0,-749.0,,,,-1.85,3305.37,8883.72,29.95,0.0,0.0,1.19,0.1999999999999993,29.75,0.17,29.7,29.65,3583.81,5731.7,1704.0,-478.0,1.0,2.0,-1.0,0.0,-6.0,2.0,0.0,2.0,-1.0,3.0,394.0,151.0,0.0,0.0,2.94,-422.0,-0.02,5.76,-56.0,-0.0,1.63,-0.04,0.0,-0.01,0.16,0.0,1.0,10.0,0.07,0.32,0.24,0.01,0.17,0.31,-0.05,-0.11,0.11,-0.15,50.04271518832585
2353,宏��,電腦及週邊設備業,3,-6.96,6.16,0.63,-0.31,31.85,727.0,1994.0,,,,0.63,10102.36,40071.02,33.05,0.63,-1.1,-0.31,1.1499999999999986,31.9,0.0,31.65,31.65,6310.4,10089.84,2034.0,2599.0,3.0,-1.0,-17.0,2.0,-19.0,18.0,4.0,18.0,-3.0,2.0,464.0,-105.0,111.0,0.0,6.85,2228.0,0.07,13.85,260.0,0.01,4.94,0.07,0.0,0.06,0.25,5.0,10.0,20.0,0.1,0.25,-0.07,0.14,0.36,0.22,0.21,0.04,0.14,0.85,53.95672754161282
2354,鴻準,其他電子業,3,-8.92,18.2,-1.34,0.15,66.2,2087.0,-3178.0,,,,0.76,21963.24,24249.43,69.5,0.0,-1.21,0.15,0.0,69.5,2.13,67.1,65.7,4886.6,8525.28,4326.0,-3206.0,2.0,1.0,-6.0,-3.0,-3.0,3.0,-8.0,3.0,-4.0,2.0,-1354.0,-619.0,0.0,0.0,0.19,-3042.0,-0.22,14.28,-164.0,-0.01,0.78,-0.22,0.0,-0.01,-0.01,1.0,2.0,3.0,0.07,0.07,1.42,-0.03,-0.19,0.51,0.44,0.55,0.86,5.19,60.69875700487332
2355,敬鵬,電子零組件業,2,-9.55,4.35,-1.31,0.0,41.3,101.0,-367.0,,,,-1.2,1319.93,2105.21,44.5,0.24,-0.24,0.0,2.5,42.0,0.12,41.85,41.8,1204.85,1399.73,211.0,-427.0,2.0,0.0,0.0,1.0,1.0,1.0,2.0,1.0,inf,3.0,-24.0,42.0,0.0,0.0,0.0,-432.0,-0.11,17.01,5.0,0.0,0.35,-0.09,0.0,0.0,0.0,0.0,0.0,0.0,0.0,0.13,0.19,-0.03,-0.01,-0.0,-0.3,-0.06,-0.38,-1.13,43.42131617536845
2356,英業達,電腦及週邊設備業,1,-13.74,1.36,0.17,-0.83,59.7,-1350.0,-1842.0,,,,0.34,8414.14,36613.72,68.4,-1.8,-1.17,-0.83,8.600000000000009,59.8,0.17,59.6,59.5,9470.8,11590.27,-2034.0,-2384.0,0.0,-4.0,-2.0,-3.0,-42.0,-2.0,-43.0,-2.0,-0.25,4.0,70.0,-54.0,169.0,0.0,12.26,-2874.0,-0.08,18.03,321.0,0.01,10.89,-0.05,-0.01,-0.02,-0.01,2.0,4.0,7.0,-0.48,-0.63,-1.0,-0.37,-0.47,-0.89,-0.16,-1.02,-2.67,-3.98,30.746193567295236
2357,華碩,電腦及週邊設備業,3,-12.62,8.98,0.42,-0.83,965.0,-56.0,114.0,,,,0.42,1566.1,5904.12,1030.0,-0.52,1.05,-0.83,59.0,971.0,0.0,961.0,961.0,1663.35,1988.27,103.0,617.0,1.0,0.0,2.0,0.0,2.0,2.0,2.0,2.0,,2.0,11.0,-6.0,-9.0,-0.0,22.28,572.0,0.08,39.3,54.0,0.01,8.42,0.02,-0.01,-0.06,0.61,3.0,5.0,14.0,0.14,0.05,-0.29,0.08,0.07,-0.12,5.0,10.4,1.35,93.83,56.33493249625762
2358,廷鑫,其他,3,,,,,,,,,,,,,,,,,,,,,,,,,,,,,,,,,,,,,,,,,,,,,,,,,,,,,,,,,,,,,,,,,
2359,所羅門,其他電子業,1,-17.49,3.2,-0.78,-0.39,128.0,-119.0,-221.0,,,,-0.39,889.56,8437.79,151.5,-0.39,0.78,-0.39,22.5,129.0,0.39,129.0,128.5,731.25,1004.25,-89.0,-162.0,3.0,1.0,-2.0,0.0,30.0,26.0,30.0,26.0,-1.0,2.0,-61.0,21.0,0.0,0.0,0.0,-162.0,-0.09,5.07,0.0,0.0,1.32,-0.13,0.0,0.0,0.0,0.0,0.0,0.0,-0.27,-1.25,-3.6,-0.41,-1.23,-3.82,-0.1,-1.3,-4.03,-12.5,36.6334539451097
2360,致茂,其他電子業,2,-23.03,14.67,-2.12,-4.9,2080.0,-344.0,-579.0,,,,-2.58,2619.91,4875.14,2540.0,-1.29,-4.79,-4.9,390.0,2150.0,-0.47,2125.0,2135.0,2403.64,2354.98,-259.0,-679.0,1.0,-1.0,-5.0,1.0,-10.0,0.0,-7.0,1.0,-2.0,4.0,35.0,166.0,-1063.0,-0.25,6.08,308.0,0.07,59.42,76.0,0.02,0.62,-0.14,-0.51,-0.56,-0.28,0.0,2.0,7.0,0.3,0.4,0.44,-0.37,-0.23,-0.15,-124.0,-150.0,-105.5,0.25,35.95022575228295
2362,藍天,電腦及週邊設備業,2,-7.31,1.95,-0.85,0.0,46.6,-48.0,-118.0,,,,-0.64,479.52,2070.71,49.9,-0.31,-1.89,0.0,2.75,47.15,0.21,47.0,46.9,544.76,457.59,-88.0,-221.0,1.0,-1.0,-6.0,0.0,-1.0,4.0,-5.0,2.0,-1.0,4.0,0.0,30.0,0.0,0.0,0.0,-224.0,-0.04,10.39,3.0,0.0,0.27,-0.02,0.0,0.0,0.0,0.0,0.0,0.0,-0.1,-0.04,-0.06,-0.05,-0.01,0.03,-0.51,-0.84,-0.95,0.35,36.91585841222294
2363,矽統,半導體業,2,-21.11,23.98,2.19,-0.17,60.6,-203.0,1195.0,,,,2.54,9203.06,45225.87,63.0,-0.84,0.85,-0.17,2.0,61.0,0.34,59.3,59.1,4883.36,7012.03,683.0,1362.0,1.0,-2.0,-16.0,8.0,-44.0,26.0,-62.0,8.0,-5.0,3.0,-79.0,59.0,0.0,0.0,0.12,761.0,0.1,4.67,601.0,0.08,4.0,0.16,0.0,0.0,0.0,3.0,3.0,3.0,-0.16,0.47,0.06,-0.08,0.73,0.39,1.24,3.13,6.16,5.93,77.06861267397753
2364,倫飛,電腦及週邊設備業,1,-10.72,6.17,-0.15,-0.46,64.9,-10.0,-8.0,,,,-0.15,81.55,535.79,69.0,-0.9,-1.22,-0.46,3.5999999999999943,65.4,0.0,65.0,65.0,94.01,74.24,-13.0,11.0,0.0,0.0,0.0,0.0,1.0,1.0,0.0,0.0,,2.0,-5.0,-13.0,0.0,0.0,0.0,6.0,0.02,35.2,5.0,0.02,1.84,-0.03,0.0,0.0,0.0,0.0,0.0,0.0,-0.29,0.87,-1.71,-0.26,0.3,-1.62,-0.46,-0.64,-0.48,-5.58,41.48457853118428
2365,昆盈,電腦及週邊設備業,1,-11.89,4.99,-0.53,0.0,28.2,-99.0,-120.0,,,,-0.53,666.34,1648.1,30.7,-0.88,-0.35,0.0,2.3000000000000007,28.4,0.0,28.35,28.35,572.45,741.03,240.0,85.0,0.0,0.0,0.0,0.0,-4.0,0.0,0.0,0.0,,0.0,-208.0,-161.0,0.0,0.0,0.0,85.0,0.04,3.33,0.0,0.0,0.62,-0.05,0.0,0.0,0.0,0.0,0.0,0.0,0.26,0.37,0.21,-0.15,-0.13,-0.43,-0.06,-0.08,-0.21,-1.49,45.481382809062126
2367,燿華,電子零組件業,2,-11.52,10.75,-1.03,2.11,43.35,1381.0,50.0,,,,-0.46,3785.47,4674.23,44.7,0.0,1.32,2.11,0.9000000000000057,43.8,0.57,43.8,43.55,2486.32,4608.52,1724.0,-192.0,2.0,39.0,19.0,-7.0,42.0,39.0,26.0,39.0,-1.18,2.0,-79.0,45.0,0.0,0.0,0.0,-108.0,-0.02,9.87,-84.0,-0.01,0.73,0.01,0.0,0.0,0.0,0.0,0.0,0.0,0.33,0.51,0.81,0.31,0.43,0.55,0.84,1.6,1.63,0.19,69.44416899693786
2368,金像電,電子零組件業,2,-21.49,22.95,-2.23,0.45,1095.0,-2589.0,-1617.0,,,,-2.23,9076.96,19348.26,1210.0,-3.07,1.36,0.45,85.0,1125.0,0.0,1120.0,1120.0,8818.02,19348.26,-2721.0,-2073.0,2.0,-6.0,9.0,-16.0,38.0,148.0,27.0,148.0,1.67,4.0,-377.0,578.0,141.0,0.03,11.08,-2266.0,-0.46,23.38,52.0,0.01,0.29,-0.33,0.63,0.77,0.65,5.0,8.0,13.0,-2.13,-3.71,-3.95,-0.95,-1.55,-2.62,-21.0,32.3,29.55,84.63,54.93298172044611
2369,菱生,半導體業,1,-14.43,12.0,-1.24,0.94,31.75,1467.0,-239.0,,,,-1.24,3071.15,22679.35,33.6,-1.26,1.12,0.94,1.3999999999999986,32.2,0.0,32.15,32.15,4196.28,5052.43,2453.0,-108.0,4.0,15.0,7.0,-5.0,-16.0,15.0,23.0,15.0,-1.33,1.0,-371.0,-49.0,0.0,0.0,0.0,-94.0,-0.02,14.03,-14.0,-0.0,0.42,-0.06,0.0,0.0,0.0,0.0,0.0,0.0,0.41,-1.04,-1.49,0.18,-1.04,-1.85,0.07,0.48,1.01,-1.03,57.85719043716509
2371,大同,電機機械,3,-13.61,19.47,-1.61,3.57,30.5,6741.0,-9054.0,,,,0.16,33538.13,33538.13,31.6,-0.52,1.73,3.57,0.0,31.6,1.81,31.0,30.45,9023.8,25702.09,7597.0,-11345.0,4.0,107.0,57.0,51.0,180.0,126.0,290.0,126.0,-0.52,3.0,93.0,1415.0,0.0,0.0,0.19,-10687.0,-0.46,6.25,-658.0,-0.03,2.54,-0.39,0.0,-0.03,0.0,0.0,1.0,9.0,-0.24,0.31,0.4,-0.15,0.47,0.55,0.87,1.02,1.81,3.19,70.83256137572576
2373,震旦行,其他電子業,1,-2.6,1.72,-0.56,0.38,53.0,0.0,0.0,,,,0.19,12.49,51.09,53.8,-0.56,-0.57,0.38,0.5,53.3,0.76,53.3,52.9,27.19,26.28,7.0,4.0,0.0,0.0,0.0,0.0,0.0,0.0,0.0,0.0,,0.0,-1.0,0.0,0.0,0.0,0.0,2.0,0.0,1.41,2.0,0.0,0.2,0.0,0.0,0.0,0.0,0.0,0.0,0.0,0.0,0.01,0.02,0.0,0.0,0.0,0.14,0.09,0.0,-0.4,52.68725174637956
2374,佳能,光電業,2,-8.5,2.9,-1.19,0.6,66.7,242.0,-184.0,,,,-0.74,1221.27,4638.89,71.8,0.3,-0.15,0.6,4.299999999999997,67.5,0.45,67.5,67.2,1129.8,1452.17,600.0,-107.0,1.0,-2.0,-1.0,9.0,-9.0,0.0,1.0,9.0,-5.5,0.0,-153.0,-111.0,0.0,0.0,0.0,-105.0,-0.04,6.75,-2.0,-0.0,1.36,-0.06,0.0,-0.01,-0.03,0.0,0.0,1.0,0.27,0.51,-0.23,-0.04,-0.21,-1.17,0.2,-0.03,-0.45,-1.75,47.43203704896703
2375,凱美,電子零組件業,1,-12.26,10.92,4.62,-0.84,124.5,123.0,-538.0,,,,5.51,8440.3,8440.3,130.5,-0.42,0.0,-0.84,3.5,127.0,0.85,119.0,118.0,943.46,1118.97,221.0,-632.0,2.0,-2.0,-8.0,7.0,-67.0,48.0,-108.0,7.0,-4.5,3.0,-11.0,378.0,0.0,0.0,0.25,-753.0,-0.69,8.17,121.0,0.11,0.55,-0.5,0.0,0.0,-0.09,0.0,0.0,0.0,-0.6,-0.41,-1.02,-0.62,-0.74,-1.06,5.4,5.5,4.08,-6.78,68.63124746722488
2376,技嘉,電腦及週邊設備業,2,-9.31,9.99,2.08,-2.32,368.5,-525.0,1108.0,,,,2.79,3926.24,11634.82,376.0,-0.96,0.14,-2.32,7.0,369.0,0.7,361.0,358.5,6923.4,4255.64,-581.0,966.0,4.0,9.0,-75.0,7.0,33.0,78.0,49.0,78.0,-0.22,5.0,193.0,327.0,60.0,0.01,16.76,725.0,0.11,25.38,181.0,0.03,14.29,0.17,-0.05,0.39,0.87,2.0,6.0,14.0,0.45,0.35,-1.13,0.09,1.02,1.33,5.4,7.4,11.38,19.33,65.28420047201513
2377,微星,電腦及週邊設備業,2,-11.89,10.83,0.66,-0.98,152.5,-115.0,859.0,,,,0.99,3015.61,23321.41,164.0,0.33,-0.33,-0.98,10.5,153.5,0.33,151.5,151.0,2346.62,3325.44,-304.0,1147.0,0.0,0.0,-1.0,0.0,-5.0,0.0,-5.0,0.0,,2.0,74.0,-116.0,139.0,0.02,11.84,903.0,0.11,19.46,105.0,0.01,11.01,0.1,0.06,0.15,0.36,2.0,4.0,12.0,0.04,0.57,1.55,0.06,0.61,1.08,1.1,0.0,-0.3,2.95,52.62420062706254
2379,瑞昱,半導體業,2,-14.36,13.09,1.2,-0.39,762.0,41.0,-50.0,,,,0.26,3150.18,4887.23,794.0,-1.58,1.47,-0.39,25.0,769.0,-0.92,753.0,760.0,3051.45,2067.73,370.0,1214.0,3.0,0.0,3.0,1.0,8.0,8.0,1.0,3.0,inf,2.0,-12.0,30.0,375.0,0.07,22.29,740.0,0.14,46.67,99.0,0.02,4.39,-0.01,0.23,0.19,0.47,5.0,5.0,13.0,0.37,1.74,1.79,0.04,0.38,0.14,3.6,17.1,34.25,26.97,68.01486144557609
2380,虹光,電腦及週邊設備業,1,-17.4,7.86,0.0,0.89,17.0,-6.0,-2.0,,,,0.0,41.14,410.71,19.25,0.6,-1.49,0.89,2.1000000000000014,17.15,0.0,17.0,17.0,53.21,84.94,3.0,5.0,0.0,0.0,0.0,0.0,0.0,0.0,0.0,0.0,,0.0,0.0,0.0,0.0,0.0,0.0,5.0,0.0,0.23,0.0,0.0,0.0,-0.0,0.0,0.0,0.0,0.0,0.0,0.0,0.01,0.06,0.1,-0.0,-0.07,-0.18,0.19,0.24,-0.19,-1.67,50.07404454706489
2382,廣達,電腦及週邊設備業,2,-6.69,5.51,0.3,-1.91,334.0,-3162.0,-3188.0,,,,0.15,14817.74,34789.51,351.5,-0.88,-0.59,-1.91,16.5,335.0,-0.15,333.0,333.5,9823.7,12063.19,-3409.0,-1992.0,1.0,-6.0,0.0,-7.0,-36.0,5.0,-40.0,5.0,0.17,5.0,264.0,419.0,1445.0,0.04,15.81,-3731.0,-0.1,24.8,294.0,0.01,4.96,-0.08,0.08,0.47,0.54,4.0,9.0,18.0,-0.34,-0.46,-0.07,-0.27,-0.2,-0.13,-2.8,-5.8,-4.52,1.59,39.23451173420895
2383,台光電,電子零組件業,2,-18.25,7.34,0.51,-1.1,4975.0,-21.0,-164.0,,,,0.81,1363.43,5811.35,5670.0,0.6,-2.57,-1.1,695.0,4975.0,0.3,4950.0,4935.0,2146.88,1549.08,-3.0,-259.0,2.0,7.0,5.0,-1.0,-11.0,7.0,-12.0,7.0,-1.14,4.0,9.0,7.0,-66.0,-0.02,11.66,-202.0,-0.06,45.71,9.0,0.0,2.38,-0.05,-0.16,-0.8,-1.05,1.0,1.0,3.0,-0.24,0.16,0.08,-0.2,-0.69,-0.94,-5.0,42.5,-169.25,-252.83,43.99368586045964
2385,群光,電子零組件業,2,-8.52,4.41,0.96,0.0,105.5,-13.0,325.0,,,,0.96,1776.11,6290.01,111.5,0.48,0.0,0.0,5.0,106.5,0.0,104.5,104.5,2244.93,2246.47,201.0,922.0,1.0,0.0,0.0,0.0,3.0,3.0,3.0,3.0,,0.0,-16.0,-26.0,-24.0,-0.0,12.65,891.0,0.12,24.87,55.0,0.01,11.3,0.04,-0.01,-0.04,-0.02,0.0,3.0,10.0,0.27,0.33,0.33,0.04,-0.08,-0.33,0.9,0.55,-0.45,-0.09,54.34508741288167
2387,精元,電腦及週邊設備業,1,-4.54,3.52,0.14,-0.95,36.55,-8.0,-4.0,,,,0.27,142.1,354.16,37.45,-0.95,-1.09,-0.95,0.7000000000000028,36.75,0.14,36.5,36.45,164.4,178.32,0.0,-1.0,0.0,0.0,-1.0,0.0,-1.0,0.0,-1.0,0.0,,2.0,-15.0,-14.0,2.0,0.0,0.86,-3.0,-0.0,8.86,0.0,0.0,0.29,-0.0,-0.02,0.08,0.1,2.0,7.0,13.0,-0.02,-0.01,-0.09,-0.03,0.04,-0.03,-0.03,-0.14,-0.02,-0.78,48.002606127720426
2388,威盛,半導體業,2,-16.39,8.5,0.0,0.83,73.3,758.0,300.0,,,,0.41,3772.35,14272.56,83.0,-0.99,1.57,0.83,7.700000000000003,75.3,0.41,73.3,73.0,2745.94,2586.69,1032.0,373.0,4.0,11.0,21.0,1.0,21.0,21.0,33.0,21.0,-0.91,2.0,24.0,-57.0,0.0,0.0,0.22,360.0,0.07,17.16,13.0,0.0,3.02,0.06,0.02,0.02,0.02,3.0,3.0,3.0,0.1,-0.52,-1.12,0.08,-0.57,-0.37,1.62,2.31,-0.15,-0.46,58.49932625395507
2390,云辰,其他電子業,1,-5.22,4.99,-1.46,0.98,10.15,6.0,-48.0,,,,-1.46,247.6,801.84,10.35,-0.49,0.99,0.98,0.049999999999998934,10.3,0.0,10.3,10.3,264.08,296.4,57.0,-74.0,0.0,0.0,0.0,0.0,0.0,0.0,0.0,0.0,,3.0,15.0,12.0,0.0,0.0,0.0,-74.0,-0.04,2.67,0.0,0.0,0.16,-0.02,0.0,0.0,0.0,0.0,0.0,0.0,-0.01,0.28,-0.31,0.02,0.05,-0.28,-0.03,-0.02,0.03,-0.46,48.468565957281555
2392,正崴,電子零組件業,2,-15.32,7.43,0.97,2.21,41.6,-177.0,22.0,,,,0.0,893.0,5140.02,47.65,-0.71,-2.39,2.21,5.699999999999996,41.95,-0.96,41.2,41.6,2296.93,2838.36,276.0,3.0,0.0,0.0,0.0,0.0,-10.0,0.0,-3.0,0.0,,2.0,182.0,-45.0,0.0,0.0,0.0,10.0,0.0,7.76,-7.0,-0.0,0.71,0.0,0.0,-0.01,-0.03,0.0,0.0,2.0,-0.4,-0.68,-0.56,-0.36,-0.53,-0.67,-0.01,-0.61,-1.24,1.53,43.171902778205926
2393,億光,光電業,2,-8.27,5.9,0.0,0.94,64.5,324.0,57.0,,,,0.0,1196.22,2686.12,66.5,1.93,0.32,0.94,1.9000000000000057,64.6,0.0,64.5,64.5,1548.66,1624.94,677.0,178.0,1.0,0.0,0.0,0.0,-3.0,1.0,-3.0,1.0,,4.0,28.0,-36.0,-23.0,-0.01,4.2,199.0,0.04,29.0,2.0,0.0,2.09,0.01,-0.23,-0.13,-0.14,1.0,6.0,13.0,0.35,0.77,0.69,-0.0,0.1,-0.35,0.86,0.83,1.05,-0.07,60.39965176408788
2395,研華,電腦及週邊設備業,3,-14.46,14.15,-1.09,-0.68,723.0,-103.0,-53.0,,,,-0.41,1657.28,5020.07,754.0,3.0,1.11,-0.68,20.0,734.0,0.69,731.0,726.0,3626.82,2189.92,-177.0,490.0,2.0,-16.0,15.0,-1.0,11.0,15.0,7.0,15.0,-0.94,3.0,-91.0,26.0,170.0,0.02,2.65,352.0,0.04,36.52,-32.0,-0.0,0.59,-0.01,0.06,0.04,0.02,3.0,4.0,10.0,0.09,0.43,0.59,0.03,0.09,0.06,2.6,14.8,31.15,84.92,66.32525863832328
2397,友通,電腦及週邊設備業,3,-8.57,7.5,0.0,-0.79,63.1,-4.0,10.0,,,,0.16,77.47,440.13,64.2,0.16,1.29,-0.79,1.1000000000000014,63.1,0.16,63.1,63.0,205.19,104.69,2.0,10.0,1.0,-1.0,1.0,0.0,0.0,1.0,0.0,1.0,-1.0,2.0,-1.0,1.0,0.0,0.0,0.0,9.0,0.01,14.75,1.0,0.0,2.59,0.01,0.0,0.0,0.0,0.0,0.0,0.0,0.1,0.25,-0.14,0.04,0.12,-0.16,0.42,1.3,1.88,2.19,71.81362268080579
2399,映泰,電腦及週邊設備業,3,-13.74,16.86,4.69,-1.41,51.3,-350.0,366.0,,,,4.8,18929.41,18929.41,51.3,0.42,4.02,-1.41,0.0,51.3,0.1,49.0,48.95,9457.57,4266.57,-410.0,-752.0,4.0,44.0,59.0,527.0,-37.0,59.0,635.0,527.0,10.98,2.0,-3.0,692.0,0.0,0.0,0.0,-822.0,-0.46,8.61,70.0,0.04,0.7,0.21,0.0,0.0,0.0,0.0,0.0,0.0,0.39,2.97,1.08,0.63,1.96,0.27,2.53,2.74,4.13,7.34,73.24026401760933
2401,凌陽,半導體業,1,-12.87,14.77,-0.19,2.49,26.85,985.0,-1831.0,,,,0.37,6341.64,6341.64,27.2,-0.58,1.96,2.49,0.0,27.2,0.56,26.9,26.75,2382.08,4146.96,909.0,-2402.0,2.0,4.0,0.0,0.0,2.0,9.0,2.0,9.0,-1.0,2.0,4.0,183.0,0.0,0.0,0.17,-2467.0,-0.42,16.42,65.0,0.01,0.52,-0.31,0.02,0.02,0.02,3.0,3.0,3.0,-0.22,-0.03,-0.45,-0.09,0.09,-0.28,0.67,1.1,1.55,0.17,71.78368794927337
2402,毅嘉,電子零組件業,2,-11.67,16.05,-2.22,1.92,57.2,480.0,-319.0,,,,-2.22,1592.79,4781.8,60.0,2.24,3.83,1.92,0.7000000000000028,59.3,0.0,58.5,58.5,2274.65,3323.94,567.0,-369.0,2.0,-1.0,6.0,5.0,-4.0,6.0,2.0,6.0,-6.0,3.0,284.0,141.0,0.0,0.0,0.0,-292.0,-0.09,5.69,-77.0,-0.03,1.36,-0.1,0.0,0.0,0.0,0.0,0.0,0.0,0.21,0.21,-0.93,0.28,0.25,-0.72,1.0,2.0,1.85,0.76,62.69983982616134
2404,漢唐,其他電子業,3,-24.56,32.56,1.95,4.88,1305.0,680.0,287.0,,,,1.16,1828.03,5120.61,1315.0,2.8,-5.06,4.88,0.0,1315.0,-0.78,1280.0,1290.0,3026.74,3530.1,130.0,442.0,3.0,10.0,-13.0,2.0,13.0,16.0,15.0,16.0,-0.8,1.0,-93.0,-37.0,365.0,0.19,8.61,63.0,0.03,37.46,14.0,0.01,5.96,0.15,0.82,0.98,0.99,5.0,6.0,11.0,0.22,0.35,-0.27,1.55,2.22,1.71,35.0,124.0,192.25,180.67,75.6814443825838
2405,浩鑫,電腦及週邊設備業,1,-7.32,7.9,-1.61,-0.65,15.3,149.0,-96.0,,,,0.33,1893.69,1893.69,15.7,0.33,0.66,-0.65,0.0,15.7,1.97,15.55,15.25,728.91,1249.04,261.0,-425.0,0.0,0.0,0.0,0.0,0.0,0.0,0.0,0.0,,3.0,2.0,91.0,0.0,0.0,0.0,-434.0,-0.13,5.39,9.0,0.0,0.07,-0.03,0.0,0.0,0.0,0.0,0.0,0.0,0.14,0.37,0.33,-0.01,0.02,-0.27,0.15,0.22,0.3,-0.44,66.72498474921161
2406,國碩,光電業,2,-19.22,23.4,-1.57,3.8,31.4,689.0,-176.0,,,,-0.16,6902.32,33061.44,32.0,2.01,-0.66,3.8,0.10000000000000142,31.9,1.43,31.9,31.45,4945.79,18980.57,740.0,-486.0,4.0,2.0,-60.0,17.0,43.0,70.0,-10.0,20.0,7.5,3.0,409.0,124.0,0.0,0.0,0.26,-521.0,-0.15,6.59,35.0,0.01,0.46,-0.05,0.0,0.0,0.0,0.0,0.0,0.0,-0.34,-1.34,-1.85,-0.03,-0.82,-1.46,0.69,1.92,3.19,0.91,77.42825508258784
2408,南亞科,半導體業,3,-13.8,12.14,0.78,1.57,519.0,8886.0,3072.0,,,,0.0,27085.39,123832.87,540.0,-2.33,0.6,1.57,18.0,522.0,-0.77,515.0,519.0,24966.27,40070.21,12542.0,1142.0,3.0,80.0,115.0,-3.0,-2.0,448.0,93.0,448.0,-1.04,3.0,-2966.0,2959.0,25.0,0.0,5.85,1001.0,0.03,16.78,116.0,0.0,1.96,0.1,-0.11,0.07,-0.23,2.0,5.0,7.0,0.78,1.19,0.54,0.62,1.11,0.03,6.6,10.95,14.52,45.92,57.2808350678756
2409,友達,光電業,3,-34.88,62.6,-3.77,7.08,38.3,176787.0,-151775.0,,,,-0.65,932903.3,1162430.62,40.0,-1.44,2.49,7.08,0.0,40.0,3.24,39.8,38.55,539771.57,432086.52,70921.0,-39265.0,2.0,6279.0,706.0,-3297.0,6482.0,9247.0,-6062.0,6279.0,-1.53,3.0,-7804.0,11237.0,2628.0,0.03,0.36,-36216.0,-0.47,16.79,-5677.0,-0.07,7.04,-1.97,0.03,0.08,0.07,3.0,5.0,6.0,-2.43,4.51,6.45,-2.88,5.61,7.39,2.14,4.25,6.94,10.48,76.84077521178632
2412,中華電,通信網路業,3,-6.85,8.15,1.04,-1.03,145.5,38.0,1853.0,,,,1.39,8628.43,27669.56,146.0,-0.34,-0.69,-1.03,0.0,146.0,0.35,144.0,143.5,10555.18,10607.86,2901.0,3567.0,1.0,-1.0,0.0,0.0,0.0,1.0,0.0,1.0,-1.0,0.0,-60.0,-18.0,420.0,0.01,3.84,3508.0,0.05,18.28,-361.0,-0.0,0.99,0.02,0.02,0.0,0.0,3.0,5.0,11.0,0.18,0.53,1.31,0.04,0.22,0.64,0.8,0.8,3.38,6.72,68.0840550953905
2413,環科,電子零組件業,3,-28.85,29.0,0.0,-0.39,51.6,46.0,-190.0,,,,0.39,2839.55,24916.39,58.4,-1.72,-0.58,-0.39,4.799999999999997,53.6,0.39,51.6,51.4,1495.02,1359.58,-15.0,-313.0,0.0,-7.0,-8.0,-2.0,-36.0,-4.0,-33.0,-2.0,-0.71,2.0,18.0,271.0,0.0,0.0,0.0,-313.0,-0.25,3.18,-0.0,-0.0,0.53,-0.15,0.0,0.0,0.0,0.0,0.0,0.0,-0.04,0.24,-2.43,-0.34,-0.13,-1.98,0.1,-0.77,1.67,6.6,55.39968190494236
2414,精技,電子通路業,1,-3.55,3.29,-0.19,0.19,53.2,4.0,-1.0,,,,-0.19,47.06,295.39,53.5,-0.38,0.38,0.19,0.20000000000000284,53.3,0.0,53.3,53.3,94.98,84.16,5.0,-19.0,0.0,0.0,0.0,0.0,0.0,0.0,0.0,0.0,,2.0,-10.0,4.0,0.0,0.0,0.16,-20.0,-0.01,4.19,1.0,0.0,0.12,-0.0,0.0,0.0,0.0,0.0,0.0,0.0,0.01,0.03,0.05,-0.0,-0.01,0.02,0.08,0.24,0.49,-1.76,58.07921024798311
2415,錩新,電子零組件業,1,-10.59,3.2,-0.73,-0.18,27.25,-11.0,7.0,,,,0.18,81.25,234.68,29.75,0.56,0.93,-0.18,2.3000000000000007,27.45,0.92,27.45,27.2,133.36,97.26,-6.0,22.0,0.0,0.0,0.0,0.0,0.0,0.0,0.0,0.0,,3.0,-3.0,1.0,0.0,0.0,0.25,22.0,0.02,23.09,0.0,0.0,0.16,0.01,0.0,0.0,-0.03,0.0,0.0,0.0,0.07,0.06,-0.14,0.01,-0.04,-0.14,0.14,0.16,-0.23,-3.22,46.657754235302086
2417,圓剛,電腦及週邊設備業,1,-14.67,4.23,-1.14,0.51,38.95,45.0,-6.0,,,,-0.89,226.05,1566.72,44.3,0.13,-0.9,0.51,4.899999999999999,39.4,0.25,39.4,39.3,289.91,300.98,121.0,-33.0,0.0,-1.0,-1.0,0.0,-2.0,0.0,-2.0,0.0,-1.0,3.0,-17.0,32.0,0.0,0.0,0.0,-33.0,-0.02,2.41,0.0,0.0,1.46,-0.0,0.0,0.0,0.0,0.0,0.0,0.0,0.12,0.29,-0.53,0.0,0.03,-0.8,-0.05,-0.02,-0.38,-2.61,44.03199912643446
2419,仲琦,通信網路業,3,-13.54,25.26,-2.35,1.37,29.05,374.0,-50.0,,,,-2.19,868.65,13313.31,30.65,-1.21,1.22,1.37,0.8999999999999986,29.75,0.17,29.75,29.7,1112.75,1515.46,409.0,-139.0,0.0,-1.0,0.0,0.0,-12.0,23.0,-35.0,0.0,-1.0,1.0,-70.0,-36.0,0.0,0.0,0.0,-147.0,-0.05,1.49,8.0,0.0,0.36,-0.02,0.0,0.0,0.0,0.0,0.0,0.0,0.01,0.48,-0.27,0.05,0.21,-0.48,-0.03,0.21,1.11,2.95,57.41992019577054
2420,新巨,電子零組件業,2,-10.34,11.95,4.69,1.48,58.0,64.0,562.0,,,,5.45,1734.97,1734.97,59.0,0.37,0.0,1.48,0.0,59.0,0.73,55.4,55.0,168.03,290.43,80.0,565.0,0.0,0.0,0.0,0.0,0.0,0.0,0.0,0.0,,4.0,2.0,336.0,0.0,0.0,0.54,563.0,0.37,8.44,2.0,0.0,0.39,0.37,0.0,0.0,0.0,0.0,0.0,0.0,0.46,0.46,0.57,0.4,0.35,0.09,3.1,3.75,3.85,2.05,87.60760438251154
2421,建準,電子零組件業,3,-11.73,17.08,1.23,-2.43,164.0,-557.0,373.0,,,,2.18,1500.13,8051.99,179.0,2.45,-2.1,-2.43,14.5,164.5,0.93,162.0,160.5,1737.85,2575.75,31.0,470.0,2.0,-10.0,-4.0,14.0,-9.0,13.0,6.0,14.0,-2.4,2.0,45.0,-66.0,-10.0,-0.0,2.5,452.0,0.17,38.59,28.0,0.01,0.16,0.14,-0.05,-0.08,-0.08,0.0,0.0,5.0,0.27,0.6,-0.27,-0.1,0.17,-1.05,0.4,-0.1,-1.45,13.86,50.30221213199585
2423,固緯,其他電子業,1,-8.1,2.42,-0.56,0.14,71.6,-12.0,-30.0,,,,-0.69,155.96,156.52,76.5,-2.17,-0.41,0.14,4.5,72.0,-0.14,72.0,72.1,128.16,156.52,-49.0,-75.0,0.0,0.0,0.0,0.0,0.0,0.0,0.0,0.0,,1.0,0.0,21.0,0.0,0.0,0.03,-75.0,-0.05,4.89,0.0,0.0,0.07,-0.02,0.0,0.0,0.0,0.0,0.0,0.0,-0.15,-0.14,-0.16,-0.04,-0.03,-0.06,-0.78,-1.3,-1.51,-2.74,31.574019900247563
2424,隴華,電腦及週邊設備業,1,-12.1,9.77,1.75,2.22,8.16,0.0,2.0,,,,-1.69,29.02,139.0,8.76,1.23,-0.98,2.22,0.33000000000000007,8.43,-3.37,8.02,8.3,31.37,21.0,0.0,-3.0,0.0,0.0,0.0,0.0,0.0,0.0,0.0,0.0,,0.0,0.0,0.0,0.0,0.0,0.0,-3.0,-0.02,1.48,0.0,0.0,0.02,0.01,0.0,0.0,0.0,0.0,0.0,0.0,-0.07,-0.35,-0.56,0.02,-0.04,-0.05,-0.02,-0.03,0.06,-0.26,50.288499280355275
2425,承啟,電腦及週邊設備業,1,-8.8,8.37,0.53,-0.53,37.75,-15.0,39.0,,,,0.67,472.71,1158.06,38.65,-0.4,1.35,-0.53,0.44999999999999574,38.2,0.13,37.55,37.5,320.58,379.61,75.0,85.0,0.0,0.0,0.0,0.0,-1.0,0.0,-1.0,0.0,,2.0,-10.0,37.0,0.0,0.0,0.21,85.0,0.09,6.87,0.0,0.0,0.25,0.04,0.0,0.0,0.0,0.0,0.0,0.0,0.21,0.59,1.58,0.07,0.21,0.39,0.4,0.56,0.66,-3.1,58.66866268818205
2426,鼎元,光電業,3,-18.74,71.01,-3.29,3.48,103.0,3731.0,-2561.0,,,,-0.96,60579.28,78465.63,111.5,-0.92,2.99,3.48,0.0,111.5,2.4,106.5,104.0,26792.81,65671.37,457.0,-1867.0,2.0,158.0,150.0,-46.0,-40.0,158.0,47.0,158.0,-1.29,1.0,1098.0,-1303.0,0.0,0.0,0.0,-2038.0,-0.68,7.54,171.0,0.06,0.83,-0.85,0.0,0.0,0.0,0.0,0.0,0.0,0.72,0.75,-4.69,0.98,2.14,-6.77,2.7,3.21,4.23,23.83,61.21007974888636
2427,三商電,資訊服務業,1,-11.2,7.8,-0.21,0.21,23.3,32.0,2.0,,,,-0.21,326.92,5301.48,24.55,-0.43,-0.64,0.21,1.0500000000000007,23.5,0.0,23.35,23.35,268.77,674.94,377.0,12.0,1.0,-13.0,-1.0,-12.0,-13.0,1.0,-25.0,1.0,-0.08,2.0,19.0,18.0,0.0,0.0,0.01,9.0,0.0,3.3,3.0,0.0,2.25,0.0,0.0,0.0,0.0,0.0,0.0,0.0,0.29,0.38,0.33,0.02,-0.16,-0.08,-0.06,-0.19,0.33,0.24,51.21677822420504
2428,興勤,電子零組件業,2,-8.08,8.01,3.16,-1.18,261.0,-37.0,142.0,,,,3.78,1837.26,2467.22,266.0,0.2,-1.37,-1.18,3.0,263.0,0.6,253.0,251.5,627.86,437.05,-29.0,219.0,0.0,-1.0,0.0,0.0,-4.0,0.0,-4.0,0.0,-1.0,4.0,-17.0,14.0,0.0,0.0,1.97,199.0,0.16,14.1,20.0,0.02,0.33,0.11,-0.01,-0.01,-0.18,0.0,0.0,0.0,-0.11,-0.44,-0.04,-0.15,-0.6,-0.61,6.3,5.45,6.82,6.93,65.09565013596941
2429,銘旺科,光電業,1,-7.98,4.67,-0.16,0.98,30.75,-144.0,-6.0,,,,-0.65,174.88,509.82,32.6,-0.81,0.49,0.98,1.2000000000000028,31.4,-0.48,30.8,30.95,166.02,509.82,135.0,-26.0,0.0,0.0,0.0,0.0,0.0,0.0,0.0,0.0,,0.0,-1.0,0.0,0.0,0.0,0.0,-26.0,-0.1,4.05,0.0,0.0,0.47,-0.02,0.0,0.0,0.0,0.0,0.0,0.0,0.74,1.35,1.02,-0.59,-0.51,-0.89,0.03,-0.27,-0.18,-3.75,44.945892899296474
2430,燦坤,電子通路業,3,-3.56,6.74,-0.28,1.39,18.1,9.0,0.0,,,,-0.82,20.06,75.58,18.25,0.83,-0.82,1.39,0.05000000000000071,18.2,-0.55,18.15,18.25,46.69,64.27,-6.0,-3.0,0.0,0.0,0.0,0.0,0.0,0.0,0.0,0.0,,1.0,-1.0,0.0,0.0,0.0,0.0,-3.0,-0.0,2.77,0.0,0.0,0.36,0.0,0.0,0.0,0.0,0.0,0.0,0.0,-0.02,-0.03,0.0,0.02,0.03,0.04,-0.06,0.0,0.1,0.44,52.2718340955491
2431,聯昌,電子零組件業,1,-6.73,4.64,0.0,1.5,10.15,2.0,1.0,,,,0.0,52.07,426.54,10.4,-0.5,-0.5,1.5,0.25,10.15,0.0,10.15,10.15,81.01,80.85,15.0,-1.0,0.0,0.0,0.0,0.0,0.0,0.0,0.0,0.0,,0.0,-10.0,-26.0,0.0,0.0,0.0,-1.0,-0.0,1.05,0.0,0.0,0.33,0.0,0.0,0.0,0.0,0.0,0.0,0.0,-0.0,0.04,-0.0,0.0,-0.0,-0.13,0.06,0.06,0.1,-0.21,55.8708869567686
2432,倚天酷碁-創,電腦及週邊設備業,1,-4.27,2.97,-0.36,0.0,27.6,0.0,0.0,,,,-0.18,2.2,64.07,28.1,0.0,1.47,0.0,0.40000000000000213,27.7,0.18,27.7,27.65,7.0,3.0,-1.0,0.0,,,,,,,,,,,,,0.0,0.0,0.0,0.0,0.0,0.88,0.0,0.0,0.16,0.0,0.0,0.0,0.0,0.0,0.0,0.0,-0.01,-0.02,-0.03,0.0,0.0,0.01,0.12,0.19,0.19,-0.27,58.736397913813555
2433,互盛電,其他電子業,1,-4.31,1.25,-0.62,1.13,40.2,-2.0,0.0,,,,-0.62,27.55,77.77,41.75,-0.37,-0.25,1.13,1.2999999999999972,40.45,0.0,40.45,40.45,22.4,32.17,3.0,-7.0,0.0,0.0,0.0,0.0,0.0,0.0,0.0,0.0,,0.0,0.0,0.0,0.0,0.0,0.0,-13.0,-0.01,0.98,6.0,0.0,0.21,0.0,0.0,0.0,0.0,0.0,0.0,0.0,-0.01,0.0,-0.02,0.0,0.0,-0.02,0.0,-0.09,-0.57,-1.3,39.42025438739057
2434,統懋,半導體業,2,-20.27,37.29,-4.41,-2.1,62.9,-11.0,-33.0,,,,-3.82,470.45,3404.56,73.0,-3.26,-0.61,-2.1,7.099999999999994,65.9,0.61,65.8,65.4,423.91,837.81,15.0,-17.0,2.0,1.0,-1.0,0.0,1.0,2.0,1.0,2.0,-1.0,3.0,134.0,10.0,0.0,0.0,0.0,-17.0,-0.1,2.52,0.0,0.0,0.39,-0.19,0.0,0.0,0.0,0.0,0.0,0.0,-1.04,-0.02,-3.91,-2.4,-0.04,-4.55,-2.24,-0.76,-0.24,1.98,47.90386771897693
2436,偉詮電,半導體業,3,-17.29,23.16,-0.27,-2.99,74.0,-680.0,123.0,,,,-0.67,5128.35,18280.13,77.5,4.02,4.83,-2.99,2.0,75.5,-0.4,74.2,74.5,12261.1,9601.61,-1323.0,476.0,4.0,7.0,45.0,-23.0,196.0,105.0,172.0,105.0,-4.29,5.0,341.0,50.0,0.0,0.0,0.45,594.0,0.33,14.24,-118.0,-0.07,1.59,0.07,-0.01,-0.02,0.37,1.0,1.0,5.0,1.37,2.13,1.4,1.11,1.54,0.93,0.72,2.91,4.73,9.02,65.09189320778191
2438,翔耀,光電業,2,-19.78,14.73,0.25,1.02,19.95,-8.0,6.0,,,,0.25,68.29,1014.7,23.0,-1.27,1.03,1.02,2.75,20.25,0.0,19.9,19.9,42.2,91.74,-7.0,4.0,0.0,0.0,0.0,0.0,0.0,0.0,0.0,0.0,,0.0,0.0,0.0,0.0,0.0,0.0,4.0,0.01,0.82,0.0,0.0,0.01,0.01,0.0,0.0,0.0,0.0,0.0,0.0,0.04,0.08,-0.1,-0.02,-0.01,-0.33,0.19,0.07,-0.14,1.06,52.82015810164776
2439,美律,通信網路業,1,-6.18,4.17,-1.03,-1.02,76.5,-722.0,-298.0,,,,-1.03,1185.65,2385.13,79.3,0.26,-0.13,-1.02,1.7999999999999972,77.5,0.0,77.3,77.3,1217.19,1996.65,-739.0,-151.0,0.0,0.0,0.0,-2.0,-5.0,0.0,-6.0,0.0,-inf,3.0,54.0,34.0,0.0,0.0,0.4,-141.0,-0.06,11.51,-10.0,-0.0,0.24,-0.14,0.0,0.0,-0.16,0.0,0.0,4.0,0.14,1.11,0.81,-0.57,-0.17,-1.21,-1.12,-1.53,-0.98,-4.29,34.349979452841964
2440,太空梭,電子零組件業,1,-10.78,6.67,0.7,2.49,14.4,50.0,-5.0,,,,0.0,106.4,628.14,15.3,0.0,-1.39,2.49,0.9000000000000004,14.4,-0.69,14.3,14.4,237.64,230.91,123.0,4.0,0.0,0.0,0.0,0.0,0.0,0.0,0.0,0.0,,3.0,-13.0,5.0,0.0,0.0,0.0,4.0,0.0,0.71,0.0,0.0,0.05,-0.0,0.0,0.0,0.0,0.0,0.0,0.0,0.05,0.23,0.04,0.03,0.05,0.06,0.07,0.11,0.18,-0.47,59.058389778843875
2441,超豐,半導體業,2,-16.73,14.61,-0.8,1.62,124.5,61.0,-555.0,,,,-0.8,2286.71,8632.04,131.5,-0.8,-1.61,1.62,6.0,125.5,0.0,125.5,125.5,2178.48,4050.74,169.0,-822.0,2.0,2.0,-2.0,1.0,-7.0,2.0,-8.0,2.0,-0.5,2.0,-140.0,72.0,106.0,0.02,1.94,-892.0,-0.16,11.16,-36.0,-0.01,6.01,-0.1,-0.21,-0.3,-0.51,2.0,4.0,9.0,-0.16,1.4,1.09,-0.39,0.81,0.72,0.3,1.1,5.4,4.24,59.39616129299901
2442,新美齊,電腦及週邊設備業,1,-27.76,2.49,-0.35,-0.69,14.3,4.0,-105.0,,,,-0.69,584.76,4540.14,19.45,-1.72,0.35,-0.69,5.049999999999999,14.4,-0.35,14.35,14.4,599.67,527.5,41.0,-271.0,4.0,3.0,1.0,12.0,0.0,3.0,18.0,12.0,3.0,2.0,-91.0,-37.0,0.0,0.0,0.0,-271.0,-0.11,1.77,0.0,0.0,0.81,-0.04,0.0,0.0,0.0,0.0,0.0,0.0,-0.24,-0.5,-2.29,-0.14,-0.5,-2.55,-0.08,-0.12,-1.36,-3.83,22.75536546980649
2443,昶虹,其他,3,,,,,,,,,,,,,,,,,,,,,,,,,,,,,,,,,,,,,,,,,,,,,,,,,,,,,,,,,,,,,,,,,
2444,兆勁,通信網路業,3,-34.55,46.3,-2.6,3.92,15.0,-2.0,-530.0,,,,-5.66,2798.69,6502.37,16.5,-1.0,1.69,3.92,0.6999999999999993,15.8,-3.14,15.4,15.9,1916.01,3239.2,-15.0,-617.0,0.0,0.0,0.0,0.0,0.0,0.0,0.0,0.0,,0.0,0.0,0.0,0.0,0.0,0.0,-618.0,-0.61,3.25,1.0,0.0,0.21,-0.52,0.0,0.0,0.0,0.0,0.0,0.0,0.19,1.1,0.85,-0.56,0.21,0.05,-0.14,0.94,2.28,3.25,67.69425355352773
2449,京元電子,半導體業,2,-23.33,32.67,-0.67,-1.51,296.0,-3325.0,-3464.0,,,,0.51,14832.16,72526.47,330.0,2.3,-5.31,-1.51,31.5,298.5,1.19,298.0,294.5,29756.71,23993.94,-3471.0,-3531.0,0.0,-2.0,-213.0,-15.0,-225.0,151.0,-391.0,-2.0,6.5,3.0,595.0,683.0,-2220.0,-0.18,9.05,-885.0,-0.07,30.93,-426.0,-0.03,14.06,-0.28,-0.2,0.39,0.56,2.0,4.0,6.0,-1.54,1.96,0.29,-1.8,2.39,0.85,-4.0,2.35,16.27,28.4,56.937494306887764
2450,神腦,通信網路業,1,-1.41,1.25,0.0,0.18,28.3,-5.0,-2.0,,,,0.35,57.82,153.03,28.45,-0.18,-0.18,0.18,0.09999999999999787,28.35,0.35,28.3,28.2,72.44,67.91,19.0,4.0,0.0,0.0,0.0,0.0,0.0,0.0,0.0,0.0,,1.0,0.0,1.0,0.0,0.0,0.0,4.0,0.0,1.23,0.0,0.0,0.34,-0.0,0.0,0.0,0.0,0.0,0.0,0.0,-0.0,0.03,0.04,-0.0,-0.0,-0.01,0.05,0.03,0.04,-0.12,58.26193946979124
2451,創見,半導體業,2,-10.0,8.15,-0.86,0.17,289.5,700.0,-145.0,,,,0.17,1342.15,4821.57,300.0,0.0,0.53,0.17,8.0,292.0,1.04,292.0,289.0,1570.47,2748.43,1210.0,-187.0,1.0,-19.0,1.0,0.0,-34.0,11.0,-45.0,1.0,-1.0,2.0,-131.0,13.0,56.0,0.01,1.8,-241.0,-0.06,11.92,-2.0,-0.0,4.99,-0.03,0.01,-0.08,-0.1,3.0,3.0,6.0,0.45,0.83,0.3,0.2,0.29,-0.44,2.8,4.8,5.35,11.16,63.14425854937873
2453,凌群,資訊服務業,2,-8.01,4.87,-0.74,0.0,53.3,2.0,-46.0,,,,-0.56,181.83,2565.31,56.2,-0.19,0.0,0.0,2.4000000000000057,53.8,0.19,53.7,53.6,146.09,155.71,27.0,-34.0,0.0,0.0,0.0,0.0,-3.0,0.0,-2.0,0.0,,1.0,-4.0,5.0,0.0,0.0,0.0,-34.0,-0.03,5.68,0.0,0.0,0.6,-0.05,0.0,0.0,0.0,0.0,0.0,0.0,0.17,0.45,0.58,-0.05,0.32,0.39,-0.2,-0.87,-0.04,0.55,44.15784777462917
2454,聯發科,半導體業,3,-22.81,36.25,2.15,-1.8,4980.0,-843.0,-526.0,,,,1.22,4350.23,23560.5,5480.0,1.93,-7.1,-1.8,500.0,4980.0,-0.91,4875.0,4920.0,13244.27,8221.34,-868.0,-465.0,1.0,-3.0,-23.0,-3.0,-13.0,17.0,-33.0,3.0,0.0,3.0,108.0,-52.0,33.0,0.0,6.1,-572.0,-0.04,56.41,74.0,0.0,3.11,-0.03,-0.02,-0.03,0.17,2.0,4.0,13.0,-0.31,0.25,0.47,-0.35,0.05,0.23,-76.0,59.0,248.5,859.67,58.22255645309525
2455,全新,通信網路業,3,-16.78,47.4,-1.09,1.47,546.0,291.0,-392.0,,,,-1.09,2010.85,34014.19,590.0,0.36,-1.99,1.47,38.0,552.0,0.0,552.0,552.0,1025.21,1395.14,284.0,-441.0,0.0,-98.0,-68.0,-26.0,-614.0,28.0,-668.0,-26.0,-0.73,0.0,-64.0,-12.0,-1016.0,-0.55,12.95,292.0,0.16,31.07,283.0,0.15,4.57,-0.21,-0.67,0.19,0.5,0.0,3.0,5.0,0.24,-2.92,2.97,0.49,-1.46,0.61,-3.4,-1.1,10.2,126.82,54.85203323019312
2457,飛宏,電子零組件業,1,-10.83,6.67,-1.56,2.04,22.05,347.0,-197.0,,,,-2.22,875.35,1577.14,23.55,-1.35,-0.91,2.04,1.1500000000000021,22.4,-0.67,22.4,22.55,848.76,1577.14,690.0,-411.0,0.0,0.0,0.0,0.0,-4.0,1.0,-5.0,0.0,,3.0,-74.0,89.0,0.0,0.0,0.0,-390.0,-0.09,6.09,-21.0,-0.0,2.17,-0.05,0.0,0.0,0.0,0.0,0.0,0.0,0.07,0.22,0.28,-0.02,0.02,-0.09,-0.06,-0.02,-0.15,-1.33,47.95191360980435
2458,義隆,半導體業,1,-10.75,11.65,1.09,0.36,138.5,119.0,150.0,,,,0.73,1517.72,2731.47,139.5,6.59,-1.09,0.36,0.5,139.0,-0.36,137.0,137.5,1645.2,1489.3,30.0,308.0,3.0,-9.0,5.0,1.0,14.0,30.0,26.0,30.0,-1.11,4.0,-64.0,28.0,250.0,0.08,18.11,40.0,0.01,19.0,18.0,0.01,8.09,0.05,0.12,0.05,-0.27,4.0,4.0,8.0,-0.25,-0.5,-0.54,-0.15,-0.36,-1.03,2.8,5.7,7.07,-8.88,69.9887895326293
2459,敦吉,其他電子業,2,-3.87,0.78,0.0,-0.15,64.9,-24.0,-12.0,,,,-0.15,65.99,90.92,67.1,-0.31,-0.46,-0.15,2.0999999999999943,65.0,-0.15,64.9,65.0,28.06,89.45,-42.0,-1.0,0.0,0.0,0.0,0.0,0.0,0.0,0.0,0.0,,0.0,0.0,-1.0,0.0,0.0,0.0,-1.0,-0.0,15.39,0.0,0.0,0.26,-0.01,0.0,0.0,0.0,0.0,0.0,0.0,-0.09,-0.14,-0.12,-0.04,-0.05,-0.09,-0.18,-0.39,-0.75,-0.66,25.5941303178073
2460,建通,電子零組件業,1,-16.79,9.84,0.0,1.5,30.6,-5.0,0.0,,,,0.16,182.48,1178.59,33.65,-1.95,-1.16,1.5,2.9499999999999993,30.7,0.16,30.6,30.55,175.46,291.98,95.0,91.0,0.0,0.0,0.0,0.0,0.0,0.0,0.0,0.0,,0.0,0.0,-5.0,0.0,0.0,0.0,88.0,0.05,1.25,3.0,0.0,0.19,0.0,0.0,0.0,0.0,0.0,0.0,0.0,0.12,0.18,0.1,-0.02,0.01,-0.16,0.2,0.58,1.0,0.18,61.246800318497215
2461,光群雷,其他電子業,2,-7.26,4.35,-3.33,2.59,17.4,58.0,-147.0,,,,-2.52,630.49,1159.4,18.6,1.42,-2.25,2.59,0.6000000000000014,18.0,0.84,18.0,17.85,260.25,749.48,-14.0,-370.0,0.0,0.0,0.0,0.0,0.0,0.0,0.0,0.0,,3.0,71.0,68.0,0.0,0.0,0.0,-396.0,-0.23,10.08,26.0,0.02,0.03,-0.09,0.0,0.0,0.0,0.0,0.0,0.0,-0.22,0.05,-0.77,-0.04,-0.03,0.26,-0.2,-0.18,-0.4,0.04,42.39133706459459
2462,良得電,電子零組件業,1,-9.0,6.68,-0.25,0.25,19.9,-5.0,-4.0,,,,-0.25,53.34,261.37,20.55,2.26,-2.46,0.25,0.6000000000000014,19.95,0.0,19.95,19.95,118.35,84.78,22.0,21.0,0.0,0.0,0.0,0.0,0.0,8.0,-8.0,0.0,,2.0,-1.0,2.0,0.0,0.0,0.0,21.0,0.01,1.38,0.0,0.0,0.54,-0.0,0.0,0.0,0.0,0.0,0.0,0.0,0.05,0.18,0.03,-0.01,0.02,-0.12,-0.09,0.12,0.27,-0.22,54.53351693887989
2464,盟立,其他電子業,3,-22.77,13.66,0.0,-0.77,193.5,-822.0,-657.0,,,,0.52,8277.53,54753.35,224.0,0.26,-1.79,-0.77,28.5,195.5,0.52,193.5,192.5,9138.98,8431.84,797.0,674.0,3.0,8.0,-7.0,-43.0,19.0,17.0,-13.0,17.0,-6.38,4.0,191.0,118.0,79.0,0.04,1.29,701.0,0.36,16.29,-106.0,-0.05,0.41,-0.34,0.04,0.05,0.22,1.0,5.0,10.0,0.11,-0.49,0.74,-1.83,-1.9,-0.68,-0.2,2.4,-0.22,17.68,53.546110873006626
2465,麗臺,電腦及週邊設備業,2,-18.7,10.9,1.86,-1.41,93.2,-216.0,77.0,,,,2.19,1460.23,12290.39,107.5,-0.34,3.37,-1.41,13.900000000000006,93.6,0.33,91.5,91.2,1231.34,1236.99,-317.0,16.0,2.0,1.0,1.0,-4.0,-29.0,1.0,-32.0,1.0,-5.0,4.0,-26.0,68.0,0.0,0.0,0.0,16.0,0.03,11.23,0.0,0.0,1.0,0.13,0.0,0.0,0.0,0.0,0.0,0.0,-0.73,-1.0,-2.19,-0.49,-0.8,-2.27,2.32,2.33,-0.02,5.48,57.73341831419478
2466,冠西電,光電業,3,-30.37,44.37,0.39,8.26,128.5,442.0,-199.0,,,,3.21,5280.9,5280.9,136.0,5.29,-5.02,8.26,0.0,136.0,2.81,128.0,124.5,2218.54,3211.86,940.0,-18.0,3.0,39.0,-15.0,20.0,53.0,39.0,63.0,39.0,-0.49,4.0,135.0,-74.0,0.0,0.0,0.23,-28.0,-0.02,12.38,10.0,0.01,0.17,-0.12,0.0,0.0,0.0,0.0,0.0,0.0,0.34,0.8,0.76,-0.07,0.13,-0.08,8.6,14.75,21.08,25.81,75.67369015134383
2467,志聖,電子零組件業,2,-19.15,9.9,-0.37,-2.71,543.0,-272.0,-116.0,,,,0.74,878.27,2068.21,637.0,1.34,2.84,-2.71,82.0,555.0,1.11,545.0,539.0,889.5,1037.84,-385.0,-134.0,2.0,8.0,5.0,0.0,11.0,8.0,13.0,8.0,-1.0,3.0,106.0,15.0,-221.0,-0.14,0.84,95.0,0.06,20.47,-8.0,-0.01,0.12,-0.07,-0.14,-0.14,-0.09,0.0,0.0,3.0,-0.13,-0.67,-1.35,-0.24,-0.66,-1.29,7.6,13.3,-11.7,-6.52,52.402434200889964
2468,華經,資訊服務業,3,-34.98,41.84,-2.09,-1.73,44.55,-34.0,-29.0,,,,-2.09,993.91,46253.06,49.45,1.76,-0.43,-1.73,3.8500000000000014,45.6,0.0,45.5,45.5,920.54,817.31,25.0,78.0,0.0,-35.0,-1.0,-56.0,-647.0,-1.0,-221.0,-1.0,0.6,3.0,-81.0,-19.0,0.0,0.0,0.0,78.0,0.11,1.31,0.0,0.0,0.54,-0.04,0.0,0.0,0.0,0.0,0.0,0.0,0.24,0.84,0.58,0.0,-2.59,0.9,-1.01,-0.69,4.44,7.94,59.11336539319472
2471,資通,資訊服務業,3,-9.17,7.55,0.19,0.0,52.0,2.0,9.0,,,,0.39,92.09,1987.25,54.0,-0.77,-0.19,0.0,2.0,52.0,0.19,51.9,51.8,187.88,153.89,26.0,1.0,0.0,0.0,0.0,0.0,0.0,0.0,0.0,0.0,,0.0,-7.0,-9.0,0.0,0.0,0.0,-10.0,-0.02,5.47,11.0,0.02,0.08,0.02,0.0,0.0,0.0,0.0,0.0,0.0,0.49,1.76,1.26,-0.04,0.7,0.5,0.34,-0.1,0.9,1.66,58.94452123628071
2472,立隆電,電子零組件業,1,-12.95,11.71,5.85,-0.7,226.0,-115.0,-65.0,,,,5.85,5071.18,5812.56,235.5,0.92,-2.52,-0.7,6.5,229.0,0.0,213.5,213.5,1505.2,1051.55,8.0,-212.0,2.0,-1.0,-4.0,11.0,-3.0,2.0,7.0,11.0,-12.0,4.0,-30.0,269.0,0.0,0.0,0.0,-265.0,-0.16,13.74,53.0,0.03,0.36,-0.04,-0.11,-1.42,-3.68,1.0,1.0,1.0,-0.83,-0.03,2.8,-0.97,-1.47,-1.52,8.5,10.7,10.62,-18.42,66.37188296146533
2474,可成,其他電子業,3,-5.61,3.74,0.73,-0.48,207.5,214.0,348.0,,,,0.48,1387.15,4943.72,214.0,-1.2,-0.48,-0.48,6.0,208.0,-0.24,206.0,206.5,1568.42,1471.24,-153.0,197.0,1.0,0.0,0.0,0.0,-2.0,1.0,-1.0,1.0,,0.0,-66.0,-257.0,-17.0,-0.0,14.87,226.0,0.03,10.77,-12.0,-0.0,3.92,0.05,0.1,0.37,0.49,2.0,6.0,12.0,-0.28,-0.62,-1.11,0.17,0.63,0.93,0.5,-0.6,0.28,8.16,51.42661473197755
2476,鉅祥,電子零組件業,2,-9.8,9.78,-0.4,-1.2,123.0,35.0,-26.0,,,,-0.4,858.84,2017.07,127.5,0.41,1.63,-1.2,4.0,123.5,0.0,123.5,123.5,828.65,596.24,-19.0,212.0,1.0,0.0,10.0,-11.0,-4.0,10.0,-18.0,10.0,-inf,1.0,70.0,-23.0,0.0,0.0,0.62,-23.0,-0.01,8.7,235.0,0.11,3.58,-0.01,0.0,0.0,-0.05,0.0,0.0,0.0,0.16,0.35,-0.32,0.08,0.43,0.31,-0.1,0.55,1.58,1.39,54.055389303496
2477,美隆電,其他電子業,3,-8.53,15.59,-1.07,-0.22,23.1,12.0,-12.0,,,,-0.22,175.92,654.75,23.45,0.66,0.22,-0.22,0.09999999999999787,23.35,0.86,23.35,23.15,148.49,138.15,14.0,8.0,0.0,0.0,0.0,0.0,0.0,0.0,0.0,0.0,,2.0,12.0,-58.0,1.0,0.0,0.35,7.0,0.0,23.43,0.0,0.0,0.19,-0.01,-0.01,0.04,0.05,2.0,7.0,14.0,0.01,0.22,0.15,0.02,0.16,0.12,0.04,0.33,0.83,1.46,72.77521283514153
2478,大毅,電子零組件業,1,-12.98,14.22,3.32,0.42,124.5,308.0,-6.0,,,,3.75,6254.54,7673.18,131.0,0.42,-2.08,0.42,2.5,128.5,0.42,120.5,120.0,1301.25,985.08,368.0,-194.0,3.0,5.0,-17.0,-4.0,-6.0,9.0,-6.0,9.0,-1.8,3.0,-83.0,125.0,0.0,0.0,3.23,-302.0,-0.21,12.33,108.0,0.07,0.49,-0.0,-0.02,-0.02,-0.08,0.0,0.0,0.0,-0.03,0.34,1.2,0.09,0.31,0.34,4.2,4.5,4.0,-4.53,63.907548766129985
2480,敦陽科,資訊服務業,2,-8.08,4.56,-0.31,-0.62,160.0,-5.0,-5.0,,,,0.0,87.4,662.6,167.0,0.0,-0.93,-0.62,6.5,160.5,0.31,160.5,160.0,153.32,94.73,-13.0,-11.0,0.0,0.0,0.0,0.0,0.0,0.0,0.0,0.0,,3.0,2.0,-11.0,0.0,0.0,0.41,-11.0,-0.01,12.35,-0.0,-0.0,0.49,-0.0,0.0,0.0,0.02,0.0,0.0,4.0,-0.04,0.53,0.96,-0.01,0.32,0.43,-0.3,-1.5,0.8,1.71,47.75679197390925
2481,強茂,半導體業,2,-19.34,38.22,3.2,-2.82,177.5,-4614.0,7736.0,,,,3.2,23859.13,71771.73,181.0,0.87,0.57,-2.82,2.0,179.0,0.0,172.0,172.0,20652.9,28472.27,-4208.0,10289.0,3.0,80.0,-21.0,-67.0,147.0,80.0,74.0,80.0,-1.84,2.0,-770.0,-1951.0,73.0,0.02,13.0,9544.0,2.5,11.22,672.0,0.18,0.9,2.02,0.07,1.89,3.96,3.0,8.0,15.0,-0.38,-0.15,-4.94,-0.15,2.21,-1.16,3.0,6.35,14.95,24.61,69.66194879722676
2482,連宇,其他電子業,1,-7.74,6.45,-1.21,0.92,16.3,17.0,-15.0,,,,-0.91,57.93,227.2,16.8,0.0,0.62,0.92,0.3000000000000007,16.5,0.3,16.5,16.45,104.64,131.18,64.0,7.0,0.0,0.0,0.0,0.0,0.0,0.0,0.0,0.0,,2.0,-20.0,-4.0,0.0,0.0,0.0,7.0,0.01,1.66,0.0,0.0,2.59,-0.02,0.0,0.0,0.0,0.0,0.0,0.0,0.08,0.35,0.34,0.02,0.04,0.0,-0.02,0.11,0.29,-0.26,58.33409958975748
2483,百容,電子零組件業,1,-20.96,26.52,1.24,8.99,36.6,419.0,-1288.0,,,,2.38,5737.47,5737.47,37.45,0.15,-0.15,8.99,0.0,37.45,1.12,36.15,35.75,208.0,1702.96,222.0,-1302.0,3.0,3.0,0.0,4.0,7.0,4.0,11.0,4.0,0.33,3.0,-40.0,400.0,0.0,0.0,0.0,-1298.0,-1.19,4.33,-4.0,-0.0,0.15,-1.18,0.0,0.0,0.0,0.0,0.0,0.0,-0.86,-0.77,-0.38,-0.75,-0.61,-0.66,2.62,3.37,3.93,-1.81,81.13001846578129
2484,希華,電子零組件業,2,-24.59,32.61,7.91,0.65,84.6,-708.0,6703.0,,,,8.46,40048.72,40048.72,85.8,-0.14,5.63,0.65,0.0,85.8,0.51,78.4,78.0,30199.09,23947.17,-1199.0,5018.0,4.0,101.0,108.0,288.0,192.0,108.0,479.0,288.0,1.85,4.0,694.0,3286.0,0.0,0.0,0.25,4763.0,2.99,11.71,255.0,0.16,0.44,4.2,0.0,0.0,0.0,0.0,0.0,0.0,4.27,5.19,3.92,7.67,8.37,6.12,7.56,10.91,12.98,10.96,86.68337498417452
2485,兆赫,通信網路業,2,-13.18,11.19,-2.99,3.47,40.5,1144.0,-799.0,,,,-2.88,2456.32,4139.98,43.25,-0.25,1.53,3.47,1.5,41.75,0.12,41.75,41.7,1310.52,4139.98,1386.0,-704.0,2.0,-2.0,7.0,-14.0,16.0,20.0,-18.0,7.0,6.0,1.0,-65.0,109.0,0.0,0.0,0.0,-712.0,-0.22,6.71,8.0,0.0,0.61,-0.25,0.0,0.0,0.0,0.0,0.0,0.0,0.34,0.64,0.66,0.18,0.35,-0.03,0.43,0.61,0.55,-1.16,53.77185155410748
2486,一詮,光電業,2,-25.85,15.37,3.11,0.84,248.5,-49.0,107.0,,,,3.54,8667.51,34953.26,307.5,0.86,1.28,0.84,48.5,259.0,0.42,241.0,240.0,1955.93,3719.75,-222.0,-894.0,2.0,7.0,-7.0,14.0,-1.0,7.0,9.0,14.0,1.0,4.0,115.0,718.0,-40.0,-0.02,2.52,-824.0,-0.37,7.17,-30.0,-0.01,0.05,0.05,-0.02,-0.09,-0.3,0.0,1.0,4.0,-0.38,-1.31,-5.4,0.03,-0.93,-5.74,10.2,12.95,5.97,11.19,67.84971403102107
2488,漢平,其他電子業,1,-3.51,2.39,0.2,-0.61,48.95,2.0,0.0,,,,0.2,28.1,158.62,49.8,-0.51,-0.31,-0.61,0.5999999999999943,49.2,0.0,48.85,48.85,33.17,71.34,-4.0,2.0,0.0,0.0,0.0,0.0,0.0,0.0,0.0,0.0,,3.0,11.0,3.0,0.0,0.0,0.0,2.0,0.0,6.1,0.0,0.0,0.1,0.0,0.0,0.0,0.0,0.0,0.0,0.0,-0.02,0.11,-0.06,0.0,0.03,0.04,0.06,0.12,0.34,-0.17,59.89227298070969
2489,瑞軒,光電業,3,-20.44,39.24,-3.21,0.36,40.65,-2586.0,-1811.0,,,,-2.75,12754.5,123007.38,45.5,-0.61,0.74,0.36,3.450000000000003,42.05,0.48,42.0,41.8,8627.46,23864.64,-2767.0,-2398.0,0.0,-27.0,-35.0,-178.0,-529.0,-27.0,-604.0,-27.0,5.59,2.0,127.0,-486.0,0.0,0.0,0.04,-2192.0,-0.3,4.82,-206.0,-0.03,0.67,-0.24,0.01,0.01,0.01,3.0,3.0,7.0,-0.82,-0.61,-1.47,-0.91,-0.59,-2.54,-0.43,-1.24,-0.09,4.58,47.19245144927373
2491,吉祥全,光電業,2,-27.03,15.87,-1.34,-0.24,40.5,56.0,-93.0,,,,-0.74,513.78,8049.65,52.9,-1.49,1.64,-0.24,11.649999999999999,41.25,0.61,41.05,40.8,455.07,623.56,226.0,39.0,2.0,1.0,-3.0,-2.0,4.0,4.0,-2.0,4.0,-3.0,1.0,-84.0,-24.0,0.0,0.0,0.18,38.0,0.05,10.17,1.0,0.0,0.24,-0.11,0.0,0.0,0.0,0.0,0.0,0.0,0.37,0.09,-0.13,-0.03,-0.42,-2.29,0.26,0.16,-0.8,3.45,48.38886052354513
2492,華新科,電子零組件業,1,-21.51,31.08,8.76,-2.12,329.0,-6671.0,22787.0,,,,9.85,51670.69,57397.39,344.0,1.8,-3.05,-2.12,15.0,329.0,1.0,302.5,299.5,31201.96,18146.63,-5165.0,17771.0,3.0,8.0,-386.0,373.0,-360.0,31.0,-4.0,373.0,45.62,3.0,1137.0,-153.0,0.0,0.0,0.96,16492.0,3.39,13.63,1279.0,0.26,3.84,4.69,-0.22,-0.56,-1.22,1.0,1.0,2.0,0.6,0.75,1.36,0.87,0.77,0.49,19.4,20.85,21.18,25.27,66.05874008102164
2493,揚博,電子零組件業,1,-18.89,21.21,-0.25,-1.0,197.0,-20.0,8.0,,,,-0.25,988.91,9889.46,206.5,-3.05,2.62,-1.0,6.5,200.0,0.0,197.5,197.5,1972.78,1606.1,110.0,25.0,1.0,-8.0,2.0,0.0,-6.0,2.0,-8.0,2.0,-1.0,4.0,38.0,44.0,0.0,0.0,0.9,36.0,0.03,9.68,-11.0,-0.01,0.55,0.01,0.0,0.0,-0.07,0.0,0.0,1.0,0.06,-0.72,-0.01,0.01,-0.13,-0.34,1.3,2.7,10.97,-6.71,58.46884668422095
2495,普安,電腦及週邊設備業,1,-10.7,9.75,-2.03,-0.76,38.6,-44.0,-105.0,,,,-1.15,864.59,3372.97,40.2,0.51,-0.26,-0.76,0.8000000000000043,39.4,0.9,39.4,39.05,882.96,974.34,72.0,-191.0,0.0,0.0,0.0,0.0,-1.0,0.0,0.0,0.0,,2.0,1.0,17.0,0.0,0.0,0.5,-187.0,-0.07,8.39,-4.0,-0.0,0.43,-0.04,0.0,0.0,0.04,0.0,0.0,5.0,0.18,0.24,0.15,0.04,0.17,0.18,-0.3,0.14,0.82,-0.27,54.88077527243361
2496,卓越,其他,1,-2.86,1.29,0.0,-0.18,55.1,0.0,0.0,,,,0.18,15.91,25.59,56.0,1.1,-0.36,-0.18,0.8999999999999986,55.1,0.18,55.1,55.0,6.4,14.05,1.0,-1.0,0.0,0.0,0.0,0.0,0.0,0.0,0.0,0.0,,1.0,0.0,0.0,0.0,0.0,0.0,-1.0,-0.01,24.22,0.0,0.0,0.07,0.0,0.0,0.0,0.0,0.0,0.0,0.0,0.01,-0.01,-0.03,0.0,0.0,0.0,0.06,0.1,0.18,-2.35,52.988112319262974
2497,怡利電,汽車工業,1,-8.26,6.52,-2.11,-0.45,44.0,-3.0,-10.0,,,,-0.79,207.89,360.12,46.0,0.92,-0.46,-0.45,1.0499999999999972,44.95,1.35,44.95,44.35,87.63,240.1,66.0,-100.0,0.0,0.0,0.0,0.0,0.0,0.0,0.0,0.0,,1.0,-24.0,25.0,0.0,0.0,0.12,-94.0,-0.08,2.72,-6.0,-0.0,0.56,-0.01,0.0,0.0,0.07,1.0,1.0,5.0,-0.03,-0.18,-0.66,-0.02,-0.11,-0.4,0.17,0.23,0.15,-4.01,52.52565838246763
2498,宏達電,通信網路業,2,-16.33,20.59,0.46,-2.61,43.7,-1217.0,-286.0,,,,1.86,23409.45,24654.02,46.85,0.36,2.87,-2.61,0.0,46.85,1.4,43.5,42.9,8994.71,13288.77,-1560.0,-1240.0,4.0,50.0,-133.0,21.0,228.0,316.0,261.0,316.0,-0.58,3.0,-347.0,159.0,0.0,0.0,0.09,-1164.0,-0.14,8.38,-76.0,-0.01,8.43,-0.03,0.0,-0.04,-0.04,0.0,0.0,0.0,-0.84,-1.06,-1.72,-0.52,-0.72,-1.27,1.09,2.42,2.77,2.63,82.06080532662149
2501,國建,建材營造,1,-8.75,1.92,-0.47,-0.47,21.05,-444.0,-268.0,,,,-0.24,1745.08,6628.52,22.85,-0.47,0.24,-0.47,1.6000000000000014,21.25,0.24,21.15,21.1,2205.72,3115.57,-1037.0,-1219.0,1.0,0.0,0.0,0.0,10.0,9.0,9.0,9.0,,4.0,87.0,-7.0,0.0,0.0,0.03,-1224.0,-0.11,11.12,5.0,0.0,0.3,-0.02,0.0,0.0,0.0,0.0,0.0,0.0,-0.28,-0.65,-1.11,-0.18,-0.43,-0.7,-0.07,-0.26,-0.71,-1.34,27.373424020494383
2504,國產,建材營造,1,-3.64,1.32,-0.49,-0.16,30.55,-173.0,-55.0,,,,-0.33,1242.46,2210.79,31.6,-0.64,-1.13,-0.16,0.8500000000000014,30.75,0.16,30.7,30.65,2041.13,1251.68,-496.0,-485.0,0.0,0.0,0.0,0.0,0.0,0.0,0.0,0.0,,5.0,64.0,3.0,9.0,0.0,12.72,-520.0,-0.04,5.83,26.0,0.0,2.03,-0.0,-0.01,0.05,0.05,2.0,7.0,11.0,-0.34,-0.58,-0.68,-0.12,-0.15,-0.19,-0.2,-0.35,-0.54,-0.69,36.01065868583207
2505,國揚,建材營造,1,-5.92,2.1,0.59,-1.73,17.05,-12.0,6.0,,,,0.29,97.11,6320.49,17.75,0.0,-1.17,-1.73,0.6999999999999993,17.05,-0.29,16.95,17.0,303.32,398.5,-17.0,-18.0,0.0,0.0,0.0,0.0,0.0,0.0,0.0,0.0,,2.0,75.0,-21.0,0.0,0.0,0.0,-9.0,-0.0,3.26,-9.0,-0.0,0.92,0.0,0.0,0.0,0.0,0.0,0.0,0.0,-0.09,-0.48,-0.4,0.0,-0.16,-0.15,-0.01,-0.01,-0.09,-0.51,46.07131623805877
2506,太設,建材營造,1,-6.18,2.8,0.0,0.24,8.43,5.0,-1.0,,,,0.0,293.26,1360.39,8.74,-0.24,0.0,0.24,0.3100000000000005,8.43,0.0,8.43,8.43,273.69,85.55,11.0,-183.0,0.0,0.0,0.0,0.0,0.0,0.0,0.0,0.0,,2.0,0.0,-16.0,0.0,0.0,0.0,-183.0,-0.05,4.1,0.0,0.0,0.12,-0.0,0.0,0.0,0.0,0.0,0.0,0.0,-0.16,-0.6,-0.81,-0.0,-0.08,-0.08,0.01,0.0,-0.08,-0.19,45.08748229805169
2509,全坤建,建材營造,2,-9.68,2.14,0.7,1.06,14.3,1.0,-1.0,,,,0.0,58.5,280.36,15.5,-0.69,-2.09,1.06,1.1999999999999993,14.3,-0.7,14.2,14.3,156.58,30.9,13.0,5.0,0.0,0.0,0.0,0.0,0.0,0.0,0.0,0.0,,4.0,3.0,2.0,0.0,0.0,0.0,5.0,0.0,1.5,0.0,0.0,0.05,-0.0,0.0,0.0,0.0,0.0,0.0,0.0,-0.02,0.01,0.06,-0.01,-0.01,-0.04,0.01,-0.15,-0.27,0.28,43.50951040733103
2511,太子,建材營造,2,-4.29,2.33,-0.24,0.24,8.32,-113.0,-45.0,,,,-0.24,413.1,2007.75,8.62,-0.12,-0.83,0.24,0.27999999999999936,8.34,0.0,8.34,8.34,617.42,545.47,-70.0,-108.0,0.0,0.0,0.0,0.0,0.0,0.0,0.0,0.0,,5.0,24.0,2.0,0.0,0.0,0.0,-108.0,-0.01,2.6,0.0,0.0,0.35,-0.0,0.0,0.0,0.0,0.0,0.0,0.0,-0.04,-0.07,0.06,-0.02,-0.03,0.04,-0.03,-0.05,-0.08,-0.08,37.422324023112495
2514,龍邦,其他,1,-3.8,2.63,-0.43,2.18,11.6,0.0,-1.0,,,,-0.85,51.07,149.74,11.85,-1.29,-0.44,2.18,0.15000000000000036,11.7,-0.43,11.65,11.7,35.1,67.42,23.0,-8.0,0.0,-3.0,0.0,0.0,-3.0,0.0,-3.0,0.0,-1.0,3.0,-10.0,-59.0,0.0,0.0,0.0,-8.0,-0.0,2.29,0.0,0.0,1.33,-0.0,0.0,0.0,0.0,0.0,0.0,0.0,0.01,-0.01,-0.05,-0.0,-0.0,-0.02,0.05,-0.01,-0.03,-0.56,48.37575491354795
2515,中工,建材營造,1,-6.4,2.56,0.42,0.42,11.95,291.0,160.0,,,,0.42,1882.46,16630.95,12.5,0.0,-1.26,0.42,0.5,12.0,0.0,11.9,11.9,4178.37,3359.73,888.0,-418.0,0.0,-3.0,-1.0,0.0,-32.0,0.0,-30.0,0.0,-1.0,1.0,19.0,-13.0,0.0,0.0,0.0,-480.0,-0.03,8.21,62.0,0.0,0.38,0.01,0.0,0.0,-0.01,0.0,0.0,0.0,0.02,-0.05,0.02,-0.0,-0.17,-0.42,0.04,0.02,-0.0,-0.23,51.97857056393565
2516,新建,建材營造,3,-11.18,10.07,-0.98,0.0,15.15,14.0,1.0,,,,-1.3,115.0,864.92,15.65,4.39,-3.56,0.0,0.34999999999999964,15.3,-0.33,15.3,15.35,264.71,174.96,24.0,43.0,0.0,0.0,0.0,0.0,0.0,0.0,0.0,0.0,,0.0,0.0,0.0,0.0,0.0,0.0,36.0,0.02,2.94,7.0,0.0,0.13,0.0,0.0,0.0,0.0,0.0,0.0,0.0,0.09,0.14,0.23,0.1,0.17,0.25,0.02,0.26,0.54,0.93,59.164301202104234
2520,冠德,建材營造,2,-10.48,6.03,0.68,-1.35,36.75,-122.0,70.0,,,,0.68,1180.98,5226.46,39.6,0.95,-0.8,-1.35,2.6499999999999986,36.95,0.0,36.5,36.5,1043.42,1750.28,-372.0,132.0,0.0,0.0,0.0,0.0,0.0,0.0,0.0,0.0,,1.0,-7.0,-3.0,-488.0,-0.09,0.06,615.0,0.11,14.42,5.0,0.0,0.57,0.01,-0.09,-0.1,-0.03,0.0,0.0,4.0,0.06,0.35,0.16,0.02,0.24,0.63,-0.15,-0.43,-0.17,0.86,46.036384168107766
2524,京城,建材營造,1,-11.6,4.68,-0.29,0.87,34.6,0.0,0.0,,,,-0.29,25.37,426.48,37.5,-0.43,-1.72,0.87,2.799999999999997,34.7,0.0,34.7,34.7,56.37,54.72,23.0,1.0,1.0,1.0,0.0,-2.0,1.0,1.0,-1.0,1.0,-3.0,3.0,-14.0,-7.0,0.0,0.0,0.0,1.0,0.0,0.82,0.0,0.0,0.19,0.0,0.0,0.0,0.0,0.0,0.0,0.0,0.0,-0.0,0.01,0.0,0.0,-0.0,-0.08,-0.29,-0.16,-0.63,47.452384981736934
2527,宏璟,建材營造,3,-17.06,21.36,-1.8,1.94,49.1,302.0,-113.0,,,,-1.8,842.2,1603.7,51.0,-0.93,0.83,1.94,1.0,50.0,0.0,50.0,50.0,634.44,1603.7,825.0,-414.0,0.0,0.0,0.0,0.0,0.0,0.0,0.0,0.0,,2.0,-422.0,107.0,0.0,0.0,0.03,-418.0,-0.15,43.61,4.0,0.0,0.26,-0.04,0.0,0.0,0.0,0.0,0.0,0.0,0.25,0.67,0.36,0.18,0.47,0.39,0.34,1.95,3.84,4.09,70.41633750207808
2528,皇普,建材營造,1,-6.78,0.52,-0.52,0.0,19.25,-11.0,-18.0,,,,-0.77,121.12,992.28,20.65,-1.51,-1.28,0.0,1.2999999999999972,19.35,-0.26,19.35,19.4,315.99,164.65,-1.0,-67.0,0.0,0.0,0.0,0.0,0.0,0.0,0.0,0.0,,3.0,-5.0,5.0,3.0,0.0,0.45,-5.0,-0.0,2.08,-65.0,-0.02,0.16,-0.01,-0.02,0.06,0.08,2.0,7.0,14.0,-0.09,0.11,0.25,-0.05,-0.05,-0.07,-0.22,-0.48,-0.57,-1.25,34.1544547792531
2530,華建,建材營造,2,-9.41,7.2,0.0,-0.25,20.05,-22.0,-10.0,,,,0.0,193.53,1944.44,21.25,0.0,-0.25,-0.25,1.1499999999999986,20.1,0.0,20.05,20.05,399.87,541.8,65.0,-14.0,0.0,0.0,0.0,0.0,0.0,0.0,0.0,0.0,,2.0,-21.0,1.0,5.0,0.0,0.85,-27.0,-0.01,4.43,8.0,0.0,0.16,-0.0,-0.02,0.06,0.12,2.0,7.0,13.0,-0.0,-0.03,-0.16,-0.0,-0.05,0.16,-0.05,-0.13,0.02,0.32,48.278870798124956
2534,宏盛,建材營造,2,-4.03,1.2,0.0,0.89,16.85,-21.0,-3.0,,,,-0.59,205.84,735.03,17.35,-1.47,1.2,0.89,0.5,16.85,-0.59,16.85,16.95,214.61,283.19,100.0,67.0,0.0,0.0,0.0,0.0,0.0,0.0,0.0,0.0,,4.0,3.0,11.0,0.0,0.0,0.0,67.0,0.01,6.08,0.0,0.0,0.69,-0.0,0.0,0.0,0.0,0.0,0.0,0.0,0.05,0.12,0.21,-0.02,-0.01,-0.02,-0.02,-0.06,-0.06,-0.18,45.74724888602372
2535,達欣工,建材營造,2,-4.24,1.48,-0.45,-0.56,88.9,-19.0,-55.0,,,,-0.34,166.96,359.98,91.9,-0.11,-0.78,-0.56,2.6000000000000085,89.3,0.11,89.3,89.2,113.84,138.51,-11.0,-68.0,0.0,0.0,0.0,0.0,0.0,0.0,0.0,0.0,,1.0,0.0,0.0,0.0,0.0,0.02,-72.0,-0.03,6.88,4.0,0.0,7.32,-0.02,0.0,0.0,-0.05,0.0,0.0,0.0,0.01,0.04,0.05,-0.07,-0.08,-0.14,-0.48,-0.63,-0.5,-0.25,38.303767152366056
2536,宏普,建材營造,2,-10.34,3.22,-0.78,-1.03,19.1,-21.0,7.0,,,,-0.26,398.62,4492.27,20.8,-1.03,-0.26,-1.03,1.5500000000000007,19.25,0.52,19.25,19.15,608.25,464.47,-184.0,-50.0,0.0,0.0,0.0,0.0,0.0,0.0,0.0,0.0,,0.0,-3.0,0.0,0.0,0.0,0.03,-50.0,-0.02,4.99,0.0,0.0,0.11,0.0,0.0,0.0,0.0,0.0,0.0,0.0,-0.18,-0.08,-0.48,-0.01,-0.02,-0.37,-0.1,-0.19,-0.14,-0.47,35.605794012331614
2537,聯上發,建材營造,1,-8.68,1.36,-0.89,-0.88,11.1,-16.0,-143.0,,,,-1.33,1015.17,2797.56,12.1,0.0,-1.32,-0.88,0.9000000000000004,11.2,-0.44,11.2,11.25,537.98,395.25,-9.0,-448.0,0.0,0.0,0.0,-1.0,0.0,0.0,-1.0,0.0,-inf,1.0,-10.0,57.0,0.0,0.0,0.0,-448.0,-0.15,3.22,0.0,0.0,0.14,-0.05,0.0,0.0,0.0,0.0,0.0,0.0,-0.17,-0.26,-0.13,-0.03,-0.1,-0.15,-0.18,-0.2,-0.25,-0.13,30.16770032365001
2538,基泰,建材營造,1,-6.0,5.79,-1.34,2.76,8.83,103.0,-17.0,,,,-1.01,251.19,10701.64,9.0,0.46,0.0,2.76,0.05000000000000071,8.95,0.34,8.95,8.92,475.33,691.83,-85.0,-127.0,1.0,2.0,0.0,0.0,2.0,2.0,2.0,2.0,-1.0,2.0,-13.0,11.0,0.0,0.0,0.0,-125.0,-0.03,8.07,-2.0,-0.0,0.13,-0.0,0.0,0.0,0.0,0.0,0.0,0.0,-0.05,-0.99,-1.4,0.02,-0.25,-0.37,0.06,0.15,0.09,-0.38,59.02670534468145
2539,櫻花建,建材營造,1,-6.09,2.37,-0.72,0.44,34.25,57.0,-7.0,,,,-0.15,661.58,1833.47,36.1,-1.29,-1.31,0.44,1.6000000000000014,34.5,0.58,34.5,34.3,1069.48,657.42,149.0,60.0,0.0,-4.0,-1.0,-9.0,-17.0,0.0,-26.0,0.0,1.25,2.0,6.0,-5.0,0.0,0.0,0.02,59.0,0.01,3.69,1.0,0.0,0.05,-0.0,0.0,-0.02,-0.02,0.0,0.0,1.0,0.04,0.09,0.19,-0.0,0.02,0.04,-0.13,-0.44,-0.61,-4.0,40.052167016054156
2540,愛山林,建材營造,1,-13.7,7.69,0.51,1.36,48.85,55.0,32.0,,,,0.83,167.26,1750.39,54.0,-1.31,-2.86,1.36,5.0,49.0,0.31,48.6,48.45,462.17,291.5,118.0,49.0,0.0,0.0,0.0,0.0,0.0,0.0,0.0,0.0,,1.0,-15.0,-7.0,0.0,0.0,0.0,49.0,0.01,3.7,0.0,0.0,0.3,0.01,0.0,0.0,0.0,0.0,0.0,0.0,0.08,0.19,0.47,0.01,0.07,0.21,0.14,-0.25,0.33,-1.65,50.9818396014157
2542,興富發,建材營造,1,-22.09,1.71,-0.52,0.39,38.4,-1925.0,-2327.0,,,,-0.65,11207.8,47140.33,48.9,-0.13,-2.28,0.39,10.149999999999999,38.75,-0.13,38.6,38.65,11497.19,12284.3,-139.0,-2826.0,2.0,1.0,0.0,-1.0,1.0,2.0,0.0,2.0,-2.0,4.0,83.0,394.0,-2734.0,-0.15,9.59,-66.0,-0.0,8.23,-26.0,-0.0,0.89,-0.12,0.05,0.75,1.57,3.0,8.0,18.0,-0.21,-0.94,-1.84,-1.62,-1.83,-1.98,-0.54,-4.32,-6.61,-6.73,15.100068761753406
2543,皇昌,建材營造,2,-7.92,4.03,-1.29,0.0,38.2,68.0,-66.0,,,,-0.78,547.54,1833.22,40.4,-0.39,0.0,0.0,1.6999999999999957,38.7,0.52,38.7,38.5,724.4,832.92,229.0,-42.0,0.0,0.0,-1.0,0.0,-1.0,0.0,-1.0,0.0,,2.0,-161.0,35.0,0.0,0.0,0.0,-42.0,-0.02,4.04,0.0,0.0,0.03,-0.03,0.0,-0.01,-0.03,0.0,0.0,1.0,0.24,0.47,0.77,0.06,0.13,0.06,-0.06,-0.3,-0.26,-0.37,45.622974128984936
2545,皇翔,建材營造,2,-8.98,5.02,0.15,1.32,34.2,12.0,-1.0,,,,-0.73,44.79,621.15,36.2,0.59,-0.88,1.32,1.6500000000000057,34.55,-0.87,34.15,34.45,116.28,151.21,90.0,-1.0,0.0,0.0,0.0,0.0,-1.0,0.0,0.0,0.0,,3.0,-25.0,1.0,0.0,0.0,0.0,-6.0,-0.0,3.16,5.0,0.0,0.06,-0.0,0.0,0.0,0.0,0.0,0.0,0.0,0.03,0.08,0.16,-0.0,0.01,0.0,0.05,0.02,0.01,0.15,50.48133388366819
2546,根基,建材營造,2,-8.22,5.47,0.95,-0.94,106.0,-20.0,-3.0,,,,0.95,119.69,395.81,109.5,0.47,-0.47,-0.94,3.5,106.0,0.0,105.0,105.0,140.13,111.42,-4.0,-6.0,0.0,0.0,0.0,0.0,0.0,0.0,0.0,0.0,,3.0,6.0,25.0,-20.0,-0.02,0.07,15.0,0.01,4.99,-1.0,-0.0,0.05,-0.0,-0.02,-0.02,-0.09,0.0,0.0,0.0,0.03,0.08,-0.07,-0.01,0.06,0.1,0.1,0.35,0.85,3.94,53.560650388186104
2547,日勝生,建材營造,1,-5.42,2.29,-0.2,-0.91,9.78,-313.0,-169.0,,,,-0.1,724.58,2786.11,10.15,-1.21,0.31,-0.91,0.33000000000000007,9.82,0.1,9.8,9.79,774.66,1404.39,231.0,-296.0,1.0,0.0,-1.0,0.0,0.0,1.0,0.0,1.0,,0.0,-300.0,-102.0,8.0,0.0,0.5,-317.0,-0.03,14.78,13.0,0.0,0.14,-0.02,-0.01,0.06,0.07,2.0,7.0,13.0,-0.06,0.02,-0.16,-0.11,-0.09,-0.42,-0.06,-0.1,-0.12,-0.46,37.92407243254556
2548,華固,建材營造,1,-7.2,0.87,-0.22,-1.19,91.8,-677.0,-209.0,,,,0.22,575.06,4428.03,98.6,-0.21,-1.07,-1.19,6.299999999999997,92.3,0.44,92.0,91.6,1191.01,1628.15,-764.0,-272.0,0.0,-1.0,0.0,0.0,-2.0,0.0,-2.0,0.0,-1.0,1.0,43.0,-8.0,0.0,0.0,0.38,-163.0,-0.06,16.32,-109.0,-0.04,1.67,-0.08,0.0,0.0,-0.01,3.0,3.0,7.0,-0.58,-0.4,-0.76,-0.62,-0.57,-1.06,-0.64,-1.42,-1.8,-4.26,38.061597130803
2596,綠意,建材營造,3,-7.48,8.23,-0.57,3.24,34.9,0.0,3.0,,,,-0.57,24.51,334.55,36.75,1.29,-0.56,3.24,1.25,35.5,0.0,35.1,35.1,11.7,67.08,-1.0,,,,,,,,,,,,,,0.0,0.0,0.0,-7.0,-0.01,,,,,0.0,0.0,0.0,0.0,0.0,0.0,0.0,-0.0,0.02,0.11,0.0,-0.02,0.02,-0.24,-0.15,-0.4,1.64,44.25729040643669
2597,潤弘,建材營造,2,-5.14,3.07,-0.3,0.6,167.5,1.0,-19.0,,,,-0.3,272.55,479.59,175.0,-0.59,-0.3,0.6,7.0,168.0,0.0,168.0,168.0,87.87,161.61,35.0,-24.0,0.0,0.0,0.0,0.0,0.0,0.0,0.0,0.0,,1.0,1.0,0.0,90.0,0.05,7.99,-117.0,-0.06,3.99,3.0,0.0,0.26,-0.01,0.05,0.05,0.06,3.0,4.0,8.0,-0.03,-0.03,0.42,-0.02,-0.02,0.1,-0.2,-1.6,-2.12,0.44,40.96532740352751
2601,益航,貿易百貨,3,-17.17,,,,,,,,,,,,23990.31,6.99,,,,,,,,,,,0.0,0.0,,,,,,,,,,,,,0.0,0.0,0.0,0.0,0.0,11.72,0.0,0.0,0.47,,0.0,0.0,0.0,0.0,0.0,0.0,0.0,-1.38,-1.27,,,,,,,,
2603,長榮,航運業,3,-7.54,5.99,0.0,0.0,238.0,491.0,-231.0,,,,-0.63,5955.06,17620.66,245.5,0.0,-2.06,0.0,6.5,239.0,-0.63,238.0,239.5,6250.43,4735.7,762.0,-991.0,1.0,0.0,-35.0,-48.0,-9.0,22.0,-79.0,5.0,-inf,4.0,-20.0,220.0,332.0,0.02,19.17,-1374.0,-0.06,26.26,51.0,0.0,7.15,-0.01,0.17,0.41,1.0,4.0,8.0,18.0,-0.33,-0.19,-0.77,-0.04,0.3,0.27,-2.3,-2.8,0.68,15.91,46.419847427266184
2605,新興,航運業,2,-10.09,3.64,-0.42,0.0,35.4,-2202.0,-1023.0,,,,-0.42,4547.96,24763.87,38.65,-1.48,-3.01,0.0,3.1000000000000014,35.55,0.0,35.55,35.55,10030.19,10034.19,-1538.0,-1134.0,0.0,-3.0,-41.0,-2.0,-84.0,-1.0,-80.0,-1.0,-0.33,2.0,-386.0,-88.0,0.0,0.0,0.0,-1076.0,-0.18,48.16,-58.0,-0.01,1.21,-0.17,-0.03,-0.04,-0.06,0.0,0.0,2.0,-1.67,-0.23,0.31,-1.79,-0.31,-0.26,-0.58,-0.96,-0.79,1.54,39.609538936811994
2606,裕民,航運業,2,-10.53,9.12,-0.68,0.14,73.5,-174.0,38.0,,,,-0.14,1729.09,13294.75,81.7,0.0,-4.3,0.14,7.5,74.2,0.54,74.0,73.6,4989.52,2063.21,245.0,20.0,1.0,3.0,-42.0,-3.0,-51.0,3.0,-50.0,3.0,-2.0,4.0,121.0,16.0,-3.0,-0.0,6.89,17.0,0.0,24.28,6.0,0.0,2.26,0.0,0.06,0.18,0.25,4.0,7.0,11.0,-0.27,-0.31,0.11,-0.13,-0.06,0.26,-1.28,-2.33,-3.08,3.75,31.132076191976964
2607,榮運,航運業,3,-2.96,8.03,0.0,0.94,53.8,86.0,7.0,,,,0.0,188.56,486.81,54.0,0.0,-1.12,0.94,0.20000000000000284,53.8,0.0,53.8,53.8,391.61,305.12,108.0,67.0,0.0,0.0,0.0,0.0,0.0,0.0,0.0,0.0,,1.0,-3.0,0.0,0.0,0.0,0.0,61.0,0.01,4.2,6.0,0.0,0.63,0.0,0.0,0.0,0.0,0.0,0.0,0.0,0.03,0.06,0.1,0.01,0.02,0.03,0.18,0.28,0.42,3.49,62.10811826463024
2608,嘉里大榮,航運業,1,-3.07,1.41,0.7,0.0,28.8,-13.0,6.0,,,,0.7,85.9,1015.72,29.3,-0.35,-0.52,0.0,0.5,28.8,0.0,28.6,28.6,215.39,105.21,14.0,-8.0,0.0,0.0,0.0,0.0,0.0,0.0,0.0,0.0,,1.0,-4.0,12.0,0.0,0.0,0.0,-30.0,-0.01,2.88,22.0,0.0,0.75,0.0,0.0,0.0,0.0,0.0,0.0,0.0,-0.03,-0.07,-0.15,-0.01,-0.02,-0.01,0.11,0.01,0.11,-0.06,54.99423412818225
2609,陽明,航運業,2,-10.46,8.2,-0.17,1.02,58.8,5196.0,-219.0,,,,-1.01,12469.58,79512.91,63.1,-0.5,-2.01,1.02,3.700000000000003,59.4,-0.84,58.9,59.4,23606.56,15325.18,6814.0,-256.0,2.0,32.0,-70.0,3.0,-203.0,32.0,-185.0,32.0,-0.91,2.0,-426.0,-67.0,13.0,0.0,0.33,-215.0,-0.01,25.94,-54.0,-0.0,3.08,-0.01,0.0,-0.02,-0.0,5.0,8.0,15.0,0.1,1.21,2.16,-0.17,0.68,1.62,-0.42,-1.32,-0.41,3.51,43.39587591048246
2610,華航,航運業,1,-3.63,3.02,-0.73,0.99,20.3,6542.0,-1461.0,,,,-0.73,11977.06,34416.03,20.65,-0.73,-0.99,0.99,0.1999999999999993,20.45,0.0,20.45,20.45,7852.08,16977.47,9516.0,-3243.0,3.0,2.0,0.0,7.0,-32.0,50.0,-45.0,50.0,2.5,3.0,-106.0,-103.0,2998.0,0.05,7.25,-6178.0,-0.1,15.36,-63.0,-0.0,0.28,-0.02,0.3,0.47,0.55,4.0,9.0,17.0,-0.04,-0.02,0.18,-0.12,0.01,0.09,-0.02,0.02,-0.02,-0.49,49.60090443070395
2611,志信,航運業,1,-8.36,5.47,0.35,2.47,14.35,76.0,15.0,,,,-1.03,236.91,1044.99,14.95,-0.71,0.0,2.47,0.5,14.45,-1.38,14.3,14.5,225.76,497.76,174.0,-93.0,0.0,0.0,0.0,0.0,0.0,0.0,0.0,0.0,,2.0,-14.0,-21.0,0.0,0.0,0.0,-93.0,-0.05,1.29,0.0,0.0,0.92,0.01,0.0,0.0,0.0,0.0,0.0,0.0,0.06,0.1,0.13,-0.01,0.0,-0.16,0.13,0.08,0.13,-0.05,53.6047172883147
2612,中航,航運業,3,-8.75,11.27,-0.16,1.64,61.4,26.0,-5.0,,,,-0.65,131.96,1918.06,66.3,-0.32,-2.25,1.64,4.099999999999994,62.2,-0.49,61.5,61.8,388.56,288.1,153.0,12.0,1.0,-2.0,-1.0,3.0,-9.0,0.0,-6.0,3.0,-2.5,0.0,-80.0,-10.0,0.0,0.0,0.0,10.0,0.01,6.75,2.0,0.0,0.14,-0.0,0.0,0.0,0.0,0.0,0.0,0.0,0.11,0.32,1.18,-0.02,0.04,0.52,-0.32,-0.93,-1.51,3.61,41.06421948484025
2613,中櫃,航運業,2,-6.44,3.23,-0.22,2.05,22.2,34.0,-3.0,,,,-0.89,97.54,791.44,23.3,-0.45,-1.13,2.05,0.9499999999999993,22.35,-0.67,22.25,22.4,110.54,207.36,79.0,-31.0,0.0,0.0,0.0,0.0,0.0,0.0,0.0,0.0,,3.0,1.0,11.0,0.0,0.0,0.01,-31.0,-0.02,1.43,0.0,0.0,0.44,-0.0,0.0,0.0,0.0,0.0,0.0,0.0,0.1,0.23,0.34,0.01,0.05,0.05,-0.01,-0.01,-0.13,0.42,47.859649408838976
2614,東森,其他,3,-8.79,9.63,-0.26,1.05,19.25,118.0,-177.0,,,,0.26,2033.83,2885.21,19.35,-0.27,3.29,1.05,0.0,19.35,0.52,19.3,19.2,2885.21,1808.94,599.0,425.0,0.0,0.0,0.0,0.0,0.0,0.0,0.0,0.0,,5.0,3.0,7.0,0.0,0.0,0.0,426.0,0.14,4.12,-1.0,-0.0,1.58,-0.06,0.0,0.0,0.0,0.0,0.0,0.0,0.78,0.77,0.53,0.24,0.18,-0.3,0.48,0.85,1.02,1.02,84.81243274843752
2615,萬海,航運業,2,-14.8,13.73,-0.44,1.33,112.5,1385.0,-135.0,,,,-1.32,4209.8,35958.21,125.0,1.76,-3.9,1.33,11.5,113.5,-0.88,113.0,114.0,10041.04,5251.68,1806.0,227.0,1.0,107.0,-59.0,-28.0,-188.0,107.0,-204.0,107.0,-1.26,3.0,-178.0,64.0,189.0,0.01,0.72,246.0,0.01,48.41,-208.0,-0.01,1.18,-0.0,0.0,-0.03,-0.03,1.0,1.0,4.0,-0.05,0.21,0.02,-0.1,0.18,-0.05,-0.8,-3.1,-1.92,12.37,44.47402037828
2616,山隆,油電燃氣業,1,-2.94,0.76,0.0,0.76,13.3,1.0,-3.0,,,,0.0,31.11,129.89,13.6,-0.38,0.0,0.76,0.29999999999999893,13.3,0.0,13.3,13.3,55.54,62.31,9.0,7.0,0.0,0.0,0.0,0.0,0.0,0.0,0.0,0.0,,0.0,-1.0,-4.0,0.0,0.0,0.0,7.0,0.01,1.57,0.0,0.0,0.05,-0.0,0.0,0.0,0.0,0.0,0.0,0.0,-0.02,-0.04,0.01,-0.03,-0.04,-0.1,0.05,0.03,-0.02,-0.14,51.9719508826766
2617,台航,航運業,2,-11.08,6.43,-1.11,1.13,31.1,-47.0,-176.0,,,,-1.11,792.76,5793.88,34.75,-0.15,-4.73,1.13,3.3000000000000007,31.45,0.0,31.45,31.45,2312.3,570.28,-22.0,-92.0,3.0,2.0,7.0,19.0,9.0,7.0,28.0,19.0,8.5,2.0,14.0,49.0,0.0,0.0,0.0,-94.0,-0.02,12.1,2.0,0.0,0.67,-0.04,0.0,0.0,0.0,0.0,0.0,0.0,-0.11,0.08,1.91,-0.17,0.02,1.33,-0.79,-1.34,-1.48,0.48,28.829028757648075
2618,長榮航,航運業,2,-5.44,4.53,-0.47,2.15,42.2,10619.0,-3054.0,,,,-1.52,17575.41,37960.39,43.2,-1.98,-1.19,2.15,0.5,42.7,-1.05,42.4,42.85,14347.59,27537.93,13864.0,-5256.0,3.0,90.0,0.0,5.0,96.0,90.0,96.0,90.0,-0.94,4.0,-377.0,129.0,-1777.0,-0.03,20.24,-3654.0,-0.07,32.82,175.0,0.0,2.73,-0.06,0.23,0.58,0.78,4.0,9.0,17.0,0.09,0.05,0.21,0.1,0.31,0.55,-0.08,0.1,0.06,0.13,50.489303040680966
2630,亞航,航運業,1,-12.12,2.71,-0.64,0.53,46.85,-73.0,-63.0,,,,-0.43,403.95,1899.64,52.4,0.0,0.0,0.53,5.100000000000001,47.3,0.21,47.15,47.05,464.8,816.62,123.0,-35.0,2.0,-1.0,1.0,0.0,1.0,1.0,1.0,1.0,-1.0,4.0,16.0,1.0,0.0,0.0,0.0,-28.0,-0.01,2.78,-7.0,-0.0,0.24,-0.03,0.0,0.0,0.0,0.0,0.0,0.0,0.12,0.27,0.07,-0.21,-0.2,-0.57,0.29,0.02,-0.98,-3.77,42.224987605317025
2633,台灣高鐵,航運業,2,-3.23,1.38,0.39,0.2,25.8,243.0,5.0,,,,0.58,2936.14,17851.01,26.3,-0.2,-0.39,0.2,0.5,25.8,0.19,25.7,25.65,6250.25,3377.96,303.0,-1353.0,0.0,0.0,-4.0,0.0,-8.0,0.0,-4.0,0.0,,3.0,-32.0,-8.0,-1386.0,-0.05,4.74,21.0,0.0,11.4,12.0,0.0,0.55,0.0,0.0,0.18,0.44,4.0,9.0,19.0,-0.34,-1.07,-1.44,-0.12,-0.36,-0.32,0.19,0.09,-0.09,-0.2,53.40713788587277
2634,漢翔,航運業,2,-8.84,4.52,0.63,0.47,64.4,809.0,1032.0,,,,0.63,4805.8,20073.72,67.9,0.96,0.0,0.47,3.200000000000003,64.7,0.0,64.0,64.0,4595.08,6006.6,1431.0,1238.0,2.0,-17.0,0.0,3.0,51.0,77.0,58.0,77.0,-1.18,3.0,-66.0,154.0,368.0,0.04,0.29,884.0,0.09,3.31,-14.0,-0.0,0.41,0.11,0.04,0.04,0.05,3.0,5.0,9.0,0.08,0.21,-1.4,0.05,0.2,-1.36,0.98,0.66,0.19,-0.24,54.824494382014755
2636,台驊投控,航運業,2,-5.39,4.55,-0.7,1.85,70.7,91.0,-32.0,,,,-1.39,181.36,1009.16,72.3,1.55,-2.09,1.85,1.0999999999999943,71.2,-0.7,71.2,71.7,222.24,323.39,104.0,-64.0,0.0,0.0,0.0,0.0,0.0,0.0,0.0,0.0,,2.0,-23.0,3.0,0.0,0.0,0.0,-92.0,-0.06,12.05,28.0,0.02,1.85,-0.02,0.0,0.0,0.0,0.0,0.0,0.0,0.37,0.54,0.99,0.28,0.44,0.64,-0.4,-0.2,0.42,2.11,49.87473802351189
2637,慧洋-KY,航運業,2,-9.62,10.16,-1.24,1.47,95.3,329.0,-137.0,,,,-1.14,2302.5,7545.58,105.0,0.0,-5.47,1.47,8.5,96.5,0.1,96.5,96.4,4494.22,1545.01,694.0,-188.0,0.0,-1.0,-76.0,-20.0,-123.0,-1.0,-123.0,-1.0,19.0,1.0,-86.0,-28.0,251.0,0.03,4.96,-437.0,-0.06,28.38,-2.0,-0.0,0.67,-0.02,0.03,-0.09,0.54,3.0,4.0,13.0,-0.16,0.42,0.68,-0.15,0.15,0.59,-2.24,-4.42,-4.22,4.63,33.96562036576498
2640,大車隊,其他,2,-12.78,2.94,0.0,-0.32,157.0,0.0,0.0,,,,0.0,17.61,198.84,176.0,-0.32,0.96,-0.32,18.5,157.5,0.0,157.0,157.0,23.64,14.4,-3.0,,,,,,,,,,,,,,0.0,0.0,0.0,-9.0,-0.02,,,,,0.0,0.0,0.0,0.0,0.0,0.0,0.0,-0.02,-0.08,-0.06,-0.01,-0.0,0.0,-0.4,-4.4,-1.3,3.12,43.132256800058514
2641,正德,航運業,1,-7.26,1.45,-0.86,0.86,17.35,7.0,7.0,,,,-0.86,570.57,3983.06,18.6,0.29,-1.42,0.86,1.1000000000000014,17.5,0.0,17.5,17.5,1029.36,1153.29,285.0,,,,,,,,,,,,,,0.0,0.0,0.0,-71.0,-0.02,,,,,0.0,0.0,0.0,0.0,0.0,0.0,0.0,-0.02,-0.01,-0.07,-0.1,-0.12,-0.44,-0.09,-0.16,-0.34,-0.26,39.57356580148085
2642,宅配通,航運業,1,-4.07,2.0,-0.25,1.24,20.35,1.0,-1.0,,,,-0.25,20.16,69.35,20.9,0.0,-0.49,1.24,0.5,20.4,0.0,20.4,20.4,24.29,37.12,12.0,6.0,0.0,0.0,0.0,0.0,0.0,0.0,0.0,0.0,,4.0,1.0,1.0,0.0,0.0,0.0,6.0,0.01,5.49,0.0,0.0,2.03,-0.0,0.0,0.0,0.0,0.0,0.0,0.0,0.02,0.03,0.1,-0.0,-0.0,-0.0,-0.02,-0.01,0.02,-0.08,49.47756925892342
2643,捷迅,航運業,3,-1.59,1.79,-0.16,-0.16,62.3,0.0,0.0,,,,-0.48,10.46,32.46,63.0,-0.32,0.0,-0.16,0.5,62.5,-0.32,62.4,62.6,3.12,7.18,-3.0,,,,,,,,,,,,,,0.0,0.0,0.0,-2.0,-0.01,,,,,0.0,0.0,0.0,0.0,0.0,0.0,0.0,-0.02,-0.01,0.06,0.0,0.0,0.0,-0.34,-0.38,-0.44,0.6,32.474099902021564
2645,長榮航太,航運業,1,-5.29,3.85,-0.29,0.29,174.0,100.0,28.0,,,,0.58,674.34,2233.94,179.5,0.0,0.0,0.29,4.0,175.5,0.87,174.5,173.0,377.05,738.48,250.0,108.0,,,,,,,,,,,,,-6.0,-0.0,2.61,76.0,0.02,6.09,38.0,0.01,0.25,0.01,-0.0,-0.1,-0.12,0.0,1.0,3.0,0.05,0.13,-0.35,-0.0,0.03,-0.18,1.4,1.25,1.1,-14.46,56.743668572341214
2701,萬企,觀光事業,1,-2.86,1.47,-0.48,0.0,10.3,0.0,-1.0,,,,0.0,52.79,168.62,10.5,0.0,0.0,0.0,0.15000000000000036,10.35,0.49,10.35,10.3,27.14,47.34,29.0,4.0,0.0,0.0,0.0,0.0,0.0,0.0,0.0,0.0,,4.0,-7.0,4.0,0.0,0.0,0.0,4.0,0.0,0.63,0.0,0.0,0.06,-0.0,0.0,0.0,0.0,0.0,0.0,0.0,-0.0,0.0,-0.0,-0.01,-0.01,-0.01,0.03,-0.02,-0.05,-0.29,42.40158683949032
2702,華園,觀光事業,1,-6.95,2.49,0.82,-2.39,12.35,-143.0,1.0,,,,0.82,37.18,351.89,12.95,0.39,-1.56,-2.39,0.5999999999999996,12.35,0.0,12.25,12.25,11.44,351.89,8.0,7.0,0.0,0.0,0.0,0.0,0.0,0.0,0.0,0.0,,2.0,-195.0,-4.0,0.0,0.0,0.0,7.0,0.0,39.51,0.0,0.0,0.04,0.0,0.0,0.0,0.0,0.0,0.0,0.0,0.01,0.0,0.01,-0.09,-0.09,-0.09,-0.23,-0.34,-0.35,-0.34,29.74895199398135
2704,國賓,觀光事業,1,-3.78,3.16,-1.1,0.11,45.15,0.0,-1.0,,,,-0.66,77.22,142.02,46.3,-0.33,-0.11,0.11,0.5999999999999943,45.7,0.44,45.65,45.45,121.19,56.26,11.0,-6.0,0.0,0.0,0.0,0.0,0.0,0.0,0.0,0.0,,3.0,0.0,1.0,0.0,0.0,0.0,-6.0,-0.0,9.44,0.0,0.0,0.28,-0.0,0.0,0.0,0.0,0.0,0.0,0.0,-0.02,-0.02,-0.04,-0.0,-0.0,-0.0,-0.02,-0.22,-0.31,-0.62,44.492606987048326
2705,六福,觀光事業,1,-5.66,1.67,0.33,0.33,15.15,5.0,-1.0,,,,0.33,104.4,1135.15,15.9,0.0,-0.66,0.33,0.6500000000000004,15.25,0.0,15.1,15.1,56.17,107.87,28.0,-37.0,0.0,0.0,0.0,0.0,0.0,0.0,0.0,0.0,,2.0,5.0,0.0,0.0,0.0,0.0,-37.0,-0.02,3.09,0.0,0.0,0.12,-0.0,0.0,0.0,0.0,0.0,0.0,0.0,0.0,-0.02,-0.12,-0.0,-0.03,-0.05,0.03,-0.04,-0.23,-0.69,38.21234477016449
2706,第一店,觀光事業,1,-3.97,0.83,0.41,0.41,12.2,0.0,0.0,,,,0.0,15.09,313.77,12.6,0.0,0.0,0.41,0.40000000000000036,12.2,-0.41,12.15,12.2,93.28,41.57,21.0,5.0,0.0,0.0,0.0,0.0,0.0,0.0,0.0,0.0,,3.0,-6.0,1.0,0.0,0.0,0.0,5.0,0.0,2.77,0.0,0.0,0.06,0.0,0.0,0.0,0.0,0.0,0.0,0.0,-0.01,-0.04,-0.06,0.0,0.0,-0.01,0.06,0.06,-0.03,-0.27,54.45576310239478
2707,晶華,觀光事業,1,-2.78,0.57,0.28,0.0,176.0,-22.0,-27.0,,,,0.28,78.82,170.4,180.0,-0.56,-0.85,0.0,4.0,176.0,0.0,175.5,175.5,158.26,87.94,-10.0,13.0,0.0,0.0,0.0,0.0,0.0,0.0,0.0,0.0,,1.0,-3.0,-4.0,0.0,0.0,0.07,13.0,0.01,6.83,0.0,0.0,0.93,-0.02,0.0,0.0,-0.01,0.0,0.0,0.0,-0.07,-0.08,-0.21,-0.12,-0.18,-0.22,-0.1,-0.7,-1.43,-2.66,38.51446585789814
2712,遠雄來,觀光事業,1,-8.9,0.38,0.0,0.74,13.35,0.0,0.0,,,,-1.48,3.2,77.0,14.6,-0.74,0.37,0.74,1.25,13.35,-1.48,13.35,13.55,10.1,15.16,7.0,1.0,0.0,0.0,0.0,0.0,0.0,0.0,0.0,0.0,,0.0,0.0,0.0,0.0,0.0,0.0,1.0,0.0,0.39,0.0,0.0,0.03,0.0,0.0,0.0,0.0,0.0,0.0,0.0,0.01,0.01,0.03,0.0,0.0,-0.01,-0.07,-0.13,-0.53,-1.04,30.169310859732576
2718,晶悅,觀光事業,1,-8.07,3.31,-0.87,0.62,40.0,0.0,0.0,,,,-1.11,19.96,36.62,42.75,0.37,-0.37,0.62,2.1499999999999986,40.6,-0.25,40.35,40.45,3.89,24.83,1.0,,,,,,,,,,,,,,0.0,0.0,0.16,-9.0,-0.01,,,,,0.0,0.0,0.01,0.01,1.0,6.0,10.0,-0.01,-0.01,-0.04,0.0,0.0,0.0,-0.51,-0.55,-0.7,-4.51,30.797605338456748
2719,燦星旅,觀光事業,1,-6.37,5.76,-3.47,0.0,19.5,0.0,0.0,,,,-1.27,12.0,42.52,20.4,0.0,-1.79,0.0,0.1999999999999993,20.2,2.28,20.2,19.75,4.38,1.3,0.0,,,,,,,,,,,,,,0.0,0.0,0.0,-1.0,-0.0,,,,,0.0,0.0,0.0,0.0,0.0,0.0,0.0,-0.0,0.01,-0.02,0.0,0.0,-0.02,-0.01,-0.04,-0.08,-1.7,45.93014160699672
2722,夏都,觀光事業,1,-4.76,4.29,-2.05,0.0,21.45,0.0,0.0,,,,0.23,26.53,55.12,22.05,-0.24,0.47,0.0,0.15000000000000213,21.9,2.34,21.9,21.4,55.12,29.57,12.0,2.0,0.0,0.0,0.0,0.0,0.0,0.0,0.0,0.0,,3.0,-8.0,4.0,0.0,0.0,0.0,2.0,0.0,0.53,0.0,0.0,1.67,0.0,0.0,0.0,0.0,0.0,0.0,0.0,0.0,-0.01,-0.01,0.0,0.0,0.0,0.19,0.25,0.14,-0.32,61.65841974542053
2723,美食-KY,觀光事業,3,-9.17,25.89,0.65,0.91,77.5,17.0,0.0,,,,0.13,142.42,581.66,84.0,0.13,-2.42,0.91,6.200000000000003,77.8,-0.52,77.0,77.4,423.6,127.86,52.0,-33.0,0.0,-1.0,-1.0,0.0,-2.0,0.0,-2.0,0.0,-1.0,2.0,-5.0,17.0,0.0,0.0,0.0,-29.0,-0.02,46.47,-4.0,-0.0,0.32,0.0,0.0,0.0,0.0,0.0,0.0,0.0,0.0,-0.02,0.11,-0.02,-0.03,0.06,-0.18,-0.7,-1.84,6.85,43.12301702524625
2724,富驛-KY,觀光事業,2,-23.48,20.16,0.0,,11.8,,,,,,,1.1,41.74,13.2,6.5,,,1.3999999999999986,11.8,,11.8,,0.52,0.98,0.0,,,,,,,,,,,,,,0.0,0.0,0.0,,,,,,,,0.0,0.0,0.0,0.0,0.0,0.0,0.0,0.0,0.0,,,,-0.6,0.02,0.57,0.74,53.88678932582387
2726,雅茗-KY,觀光事業,1,-9.08,2.15,-0.99,-0.87,8.0,0.0,0.0,,,,0.0,7.11,95.47,8.7,0.37,-0.62,-0.87,0.6199999999999992,8.08,1.0,8.08,8.0,14.05,17.2,0.0,,,,,,,,,,,,,,0.0,0.0,0.0,0.0,0.0,,,,,0.0,0.0,0.0,0.0,0.0,0.0,0.0,0.0,0.0,0.0,0.0,0.0,0.0,-0.03,-0.05,-0.08,-0.51,33.02793139439808
2727,王品,觀光事業,2,-4.24,4.42,-0.42,1.07,235.0,44.0,19.0,,,,-0.42,150.96,526.58,236.0,0.87,1.29,1.07,0.0,236.0,0.0,236.0,236.0,427.9,287.55,62.0,-13.0,0.0,0.0,0.0,0.0,0.0,0.0,0.0,0.0,,1.0,2.0,-2.0,0.0,0.0,0.15,-16.0,-0.02,32.98,3.0,0.0,1.22,0.02,-0.23,-0.27,-0.27,0.0,1.0,1.0,0.92,0.65,0.51,0.44,0.22,0.05,1.4,4.6,4.7,3.97,72.34889964829382
2729,瓦城,觀光事業,2,-8.0,5.02,1.62,-0.64,157.0,0.0,0.0,,,,0.64,6.59,74.39,162.5,0.0,0.32,-0.64,5.5,157.0,-0.96,154.5,156.0,2.58,15.95,2.0,,,,,,,,,,,,,,0.0,0.0,0.0,2.0,0.01,,,,,0.0,0.0,0.0,0.0,0.0,0.0,0.0,0.0,-0.03,0.0,0.0,0.13,0.11,-0.2,0.2,1.5,-0.81,53.60289047029386
2731,雄獅,觀光事業,2,-4.14,3.96,-0.35,0.0,144.0,10.0,-11.0,,,,-0.35,91.63,381.28,145.0,-0.35,-0.69,0.0,0.5,144.5,0.0,144.5,144.5,152.72,107.59,7.0,-26.0,0.0,0.0,-1.0,0.0,0.0,1.0,-1.0,0.0,,2.0,-5.0,3.0,0.0,0.0,0.05,-27.0,-0.03,8.08,1.0,0.0,0.14,-0.01,0.0,-0.01,0.0,0.0,0.0,4.0,-0.0,0.11,-0.12,0.07,0.19,-0.25,0.0,0.5,1.05,-0.38,55.12727997947322
2732,六角,觀光事業,1,-7.07,1.94,-0.32,0.0,62.8,-2.0,-11.0,,,,-0.48,43.81,98.43,66.5,-2.77,1.9,0.0,3.5,63.0,-0.16,63.0,63.1,11.01,20.96,2.0,,,,,,,,,,,,,,0.0,0.0,0.0,4.0,0.01,,,,,-0.02,0.0,0.0,0.0,0.0,0.0,0.0,-0.01,-0.02,-0.06,0.03,0.03,-0.02,-0.9,-0.45,-0.35,-1.08,45.22167198070024
2734,易飛網,觀光事業,1,-4.67,0.7,0.0,0.35,14.35,0.0,0.0,,,,-0.69,46.21,85.66,15.0,0.0,-0.69,0.35,0.5999999999999996,14.4,-0.69,14.35,14.45,38.64,26.77,0.0,,,,,,,,,,,,,,0.0,0.0,0.0,0.0,0.0,,,,,0.0,0.0,0.0,0.0,0.0,0.0,0.0,-0.05,-0.05,-0.07,0.0,-0.02,-0.04,-0.09,-0.12,-0.26,-0.5,25.693123806461188
2736,富野,觀光事業,1,-3.85,0.89,0.0,0.44,11.3,0.0,0.0,,,,-0.44,17.08,87.48,11.7,0.0,0.89,0.44,0.34999999999999964,11.35,-0.44,11.3,11.35,16.29,27.72,-1.0,,,,,,,,,,,,,,0.0,0.0,0.0,-1.0,-0.0,,,,,0.0,0.0,0.0,0.0,0.0,0.0,0.0,-0.01,-0.02,0.02,-0.01,-0.02,-0.07,0.0,-0.03,-0.11,-0.33,36.54648683046634
2739,寒舍,觀光事業,2,-6.0,4.37,-1.35,0.14,36.5,-1.0,-12.0,,,,-0.14,70.88,105.34,38.35,-0.82,-0.41,0.14,1.3500000000000014,37.0,1.23,37.0,36.55,29.68,46.71,-4.0,10.0,0.0,0.0,0.0,0.0,0.0,0.0,0.0,0.0,,2.0,-18.0,9.0,0.0,0.0,0.0,10.0,0.01,3.24,0.0,0.0,0.11,-0.01,0.0,0.0,0.0,0.0,0.0,0.0,-0.06,-0.08,-0.17,-0.03,-0.02,-0.04,0.02,-0.2,-0.61,0.4,38.817320446411294
2740,天蔥,觀光事業,1,-13.22,4.3,-0.34,-0.82,29.0,0.0,0.0,,,,-3.81,9.14,13.82,32.15,-0.49,-0.16,-0.82,3.049999999999997,29.1,-3.48,29.1,30.15,4.33,13.82,0.0,,,,,,,,,,,,,,0.0,0.0,0.0,,,,,,,0.0,0.0,0.0,0.0,0.0,0.0,0.0,0.0,0.0,0.0,0.0,0.0,0.0,-1.27,-1.89,-1.99,-2.84,12.75895862860277
2743,山富,觀光事業,1,-16.12,5.1,-1.88,-1.11,52.3,0.0,-2.0,,,,-1.88,22.87,169.09,60.8,0.56,-1.84,-1.11,7.199999999999996,53.6,0.0,53.3,53.3,22.4,18.44,-8.0,,,,,,,,,,,,,,0.0,0.0,0.0,2.0,0.01,,,,,-0.01,0.0,0.0,0.0,0.0,0.0,0.0,0.03,0.24,-0.13,-0.01,0.05,-0.43,-1.14,-1.22,-1.98,-5.34,31.597299177227015
2745,五福,觀光事業,1,-5.76,2.64,-1.05,-0.35,84.6,0.0,0.0,,,,-0.35,19.55,104.75,88.5,-0.35,-0.71,-0.35,2.9000000000000057,85.6,0.71,85.5,84.9,37.99,26.9,11.0,,,,,,,,,,,,,,0.0,0.0,0.0,1.0,0.0,,,,,0.0,0.0,0.0,0.0,0.0,0.0,0.0,-0.05,0.14,0.07,-0.0,-0.11,-0.45,0.0,0.19,-0.87,-5.89,44.505569590945925
2748,雲品,觀光事業,2,-3.88,3.16,0.77,0.39,39.1,-3.0,4.0,,,,0.77,162.92,174.57,39.9,0.39,-0.26,0.39,0.6999999999999957,39.2,0.0,38.8,38.8,25.1,48.39,15.0,84.0,0.0,0.0,0.0,0.0,0.0,0.0,0.0,0.0,,3.0,2.0,-129.0,0.0,0.0,0.0,84.0,0.08,1.28,0.0,0.0,0.24,0.0,0.0,0.0,0.0,0.0,0.0,0.0,0.09,0.06,0.11,0.0,-0.01,0.07,0.29,0.3,0.21,0.15,64.15816701292579
2752,豆府,觀光事業,2,-4.42,2.02,0.28,-0.28,176.5,0.0,0.0,,,,-0.28,18.05,26.49,181.0,-0.28,-0.28,-0.28,4.5,176.5,-0.56,176.0,177.0,12.51,10.92,-1.0,,,,,,,,,,,,,,0.0,0.0,0.0,-2.0,-0.01,,,,,0.0,0.0,0.0,0.0,0.0,0.0,0.0,-0.02,-0.01,0.14,0.0,0.01,0.02,-1.0,-1.65,-1.47,-0.93,37.79774558430373
2753,八方雲集,觀光事業,2,-4.08,4.25,1.66,0.56,183.5,8.0,151.0,,,,1.94,385.92,385.92,184.0,0.0,-0.56,0.56,0.0,184.0,0.28,180.5,180.0,108.66,145.32,92.0,307.0,0.0,0.0,0.0,0.0,0.0,0.0,0.0,0.0,,1.0,-54.0,-25.0,1.0,0.0,0.78,305.0,0.46,6.56,1.0,0.0,0.01,0.23,-0.02,0.06,0.07,2.0,7.0,11.0,0.56,0.54,0.42,0.21,0.19,-0.11,3.0,3.55,4.12,3.55,72.24712442204483
2754,亞洲藏壽司,觀光事業,1,-4.41,1.19,0.29,-2.16,68.0,0.0,0.0,,,,0.0,8.24,55.25,70.3,-0.44,-0.44,-2.16,2.299999999999997,68.0,-0.29,67.8,68.0,12.27,18.37,3.0,,,,,,,,,,,,,,0.0,0.0,0.04,,,,,,,0.0,0.0,0.0,0.0,0.0,0.0,0.0,0.03,0.02,0.03,0.0,0.0,0.03,-0.18,-0.56,-0.72,-1.23,33.775225612876014
2755,揚秦,觀光事業,1,-4.49,1.12,0.1,0.0,99.0,0.0,-1.0,,,,0.1,26.72,114.86,102.5,-0.8,0.3,0.0,3.5,99.0,0.0,98.9,98.9,24.85,26.27,-4.0,,,,,,,,,,,,,,0.0,0.0,0.0,-3.0,-0.01,,,,,-0.0,0.0,0.0,0.0,0.0,0.0,0.0,-0.03,-0.0,-0.19,-0.01,-0.07,-0.39,-0.02,0.19,-0.3,-6.41,46.70373984192378
2756,聯發國際,觀光事業,3,-4.68,5.55,2.11,0.0,62.8,0.0,0.0,,,,0.0,10.01,80.11,64.1,0.16,-0.79,0.0,1.2999999999999972,62.8,-2.07,61.5,62.8,8.04,1.16,0.0,,,,,,,,,,,,,,0.0,0.0,0.0,-1.0,-0.0,,,,,0.0,0.0,0.0,0.0,0.0,0.0,0.0,-0.01,-0.03,-0.06,0.0,0.0,0.0,0.0,0.04,0.03,2.35,52.3033882184933
2762,世界健身-KY,運動休閒,1,-6.39,2.32,-1.26,-0.38,78.4,-5.0,-55.0,,,,-1.01,116.06,148.06,82.9,-1.0,0.0,-0.38,3.5,79.4,0.25,79.4,79.2,21.52,28.65,-5.0,0.0,,,,,,,,,,,,,0.0,0.0,0.0,3.0,0.0,82.29,-3.0,-0.0,0.05,-0.05,0.0,0.0,0.0,0.0,0.0,0.0,-0.05,-0.03,-0.29,-0.07,-0.1,-0.21,-0.68,-1.05,-1.85,-4.51,25.648263746940458
2801,彰銀,金融保險業,3,-16.13,16.91,-0.36,-0.54,27.55,107.0,1186.0,,,,-0.18,17913.79,54228.72,29.75,-0.36,-0.9,-0.54,2.1000000000000014,27.65,0.18,27.65,27.6,22785.12,17386.78,276.0,4215.0,3.0,2.0,-5.0,1.0,-3.0,16.0,-14.0,16.0,-0.5,1.0,-51.0,-1401.0,2218.0,0.02,3.38,2007.0,0.02,18.27,-10.0,-0.0,0.11,0.01,0.04,0.24,0.66,3.0,5.0,14.0,-0.03,-0.24,-0.64,-0.07,-0.1,-0.12,-0.1,-0.7,-0.12,2.26,45.40850803107679
2809,京城銀,金融保險業,3,,,,,,,,,,,,,,,,,,,,,,,,,,,,,,,,,,,,,,,,,,,,,,,,,,,,,,,,,,,,,,,,,
2812,台中銀,金融保險業,1,-4.82,1.34,-0.53,-0.26,18.8,-1512.0,-3167.0,,,,-0.27,11214.8,36663.55,19.7,-0.78,-1.05,-0.26,0.75,18.95,0.27,18.9,18.85,19296.78,13329.13,-3805.0,-5039.0,1.0,0.0,-1.0,1.0,-1.0,0.0,0.0,1.0,inf,3.0,188.0,-22.0,0.0,0.0,0.18,-5118.0,-0.1,11.01,79.0,0.0,0.11,-0.06,0.0,-0.04,-0.11,0.0,2.0,4.0,-0.64,-0.65,0.29,-0.35,-0.43,-0.38,-0.12,-0.32,-0.43,-0.7,30.004666836490742
2816,旺旺保,金融保險業,3,-7.0,19.65,-2.1,1.0,39.65,18.0,-29.0,,,,-1.61,374.7,1080.46,41.4,-0.74,-0.75,1.0,0.8999999999999986,40.5,0.5,40.5,40.3,309.19,142.68,-9.0,-131.0,0.0,0.0,0.0,-5.0,0.0,0.0,-5.0,0.0,-inf,1.0,-9.0,-2.0,0.0,0.0,0.0,-131.0,-0.06,3.48,0.0,0.0,0.19,-0.01,0.0,0.0,0.0,0.0,0.0,0.0,-0.07,0.07,0.36,-0.0,0.03,0.05,-0.43,-0.6,-0.08,3.13,45.812967202251045
2820,華票,金融保險業,2,-6.25,4.01,-0.59,0.0,16.75,-628.0,-1103.0,,,,-0.59,2353.37,6662.95,17.6,-1.45,-0.88,0.0,0.75,16.85,0.0,16.85,16.85,2579.35,1915.9,-44.0,-934.0,0.0,0.0,0.0,0.0,0.0,0.0,0.0,0.0,,2.0,70.0,110.0,0.0,0.0,0.0,-960.0,-0.07,10.91,26.0,0.0,1.0,-0.08,0.0,0.0,0.0,0.0,0.0,0.0,-0.05,0.43,1.56,-0.31,-0.33,0.01,-0.19,-0.42,-0.38,0.03,26.383029101259766
2832,台產,金融保險業,1,-6.53,1.97,-0.18,-0.87,56.8,-39.0,-10.0,,,,-0.18,83.58,415.18,59.7,-0.52,-1.22,-0.87,2.8000000000000043,56.9,0.0,56.9,56.9,203.77,124.36,-24.0,-40.0,0.0,0.0,0.0,0.0,0.0,0.0,0.0,0.0,,2.0,5.0,-4.0,1.0,0.0,0.19,-42.0,-0.01,3.1,1.0,0.0,1.6,-0.0,-0.01,0.02,0.02,2.0,7.0,13.0,-0.06,-0.03,-0.03,-0.04,-0.04,-0.22,-0.36,-1.05,-0.96,-1.25,31.907437203030668
2834,臺企銀,金融保險業,2,-10.37,9.23,-1.41,0.0,17.5,-541.0,-11896.0,,,,-1.41,37318.8,101013.43,18.8,-0.28,-1.4,0.0,1.0500000000000007,17.75,0.0,17.75,17.75,33187.67,19170.74,-1078.0,-16949.0,1.0,0.0,-7.0,1.0,-309.0,169.0,-477.0,1.0,inf,3.0,458.0,404.0,0.0,0.0,0.18,-16910.0,-0.21,20.62,-39.0,-0.0,0.26,-0.14,0.0,-0.05,-0.1,1.0,4.0,4.0,-0.49,-0.37,-0.08,-0.42,-0.49,-0.23,-0.22,-0.55,-0.35,0.06,37.115742794909785
2836,高雄銀,金融保險業,1,-5.16,2.11,-0.41,0.41,12.05,-29.0,-232.0,,,,-0.41,1872.76,4229.15,12.6,0.0,-1.23,0.41,0.5,12.1,0.0,12.1,12.1,1866.82,594.65,-266.0,-1315.0,0.0,0.0,0.0,0.0,0.0,0.0,0.0,0.0,,4.0,157.0,11.0,0.0,0.0,0.01,-1315.0,-0.08,8.23,0.0,0.0,0.1,-0.01,0.0,0.0,0.0,0.0,0.0,0.0,-0.23,-0.28,-0.21,-0.05,-0.04,0.01,-0.04,-0.16,-0.18,-0.18,38.75813324420808
2838,聯邦銀,金融保險業,1,-7.99,4.76,0.24,0.24,20.65,-126.0,-126.0,,,,0.24,2048.14,5220.7,21.9,-0.94,-2.14,0.24,1.0,20.9,0.0,20.6,20.6,4376.71,1921.57,-652.0,-911.0,0.0,0.0,0.0,0.0,0.0,0.0,0.0,0.0,,4.0,311.0,4.0,0.0,0.0,0.07,-917.0,-0.02,5.03,6.0,0.0,0.23,-0.0,0.0,0.0,0.0,2.0,5.0,8.0,-0.13,-0.11,0.03,-0.04,-0.04,0.01,-0.15,-0.54,-0.46,-0.23,35.34435823619694
2845,遠東銀,金融保險業,1,-6.86,1.94,0.0,-1.13,13.1,-1392.0,-3894.0,,,,0.0,14841.52,42579.38,13.85,-0.37,-1.5,-1.13,0.6999999999999993,13.15,0.0,13.1,13.1,9621.1,7130.25,-2532.0,-6946.0,0.0,0.0,0.0,-1.0,0.0,0.0,-1.0,0.0,-inf,4.0,109.0,44.0,-3356.0,-0.08,2.79,-3426.0,-0.08,13.02,-164.0,-0.0,0.4,-0.1,-0.06,-0.07,-0.06,1.0,1.0,3.0,-0.27,-0.18,1.23,-0.28,-0.31,0.37,-0.09,-0.29,-0.39,-0.31,25.65602314026465
2849,安泰銀,金融保險業,3,-12.58,14.23,0.31,3.55,16.0,17.0,0.0,,,,-0.31,54.06,710.17,16.3,-1.88,-0.96,3.55,0.25,16.05,-0.62,15.95,16.05,150.51,174.18,48.0,-2.0,0.0,0.0,0.0,0.0,0.0,0.0,0.0,0.0,,4.0,12.0,0.0,0.0,0.0,0.0,2.0,0.0,76.91,-4.0,-0.0,0.3,0.0,0.0,0.0,0.0,0.0,0.0,0.0,-0.02,0.0,0.02,0.0,0.0,0.02,0.17,0.04,0.27,1.0,56.9128117191252
2850,新產,金融保險業,2,-4.91,4.84,-3.38,1.56,157.0,21.0,-261.0,,,,-3.68,649.34,1404.16,163.0,-0.63,2.22,1.56,0.5,162.5,-0.31,162.5,163.0,649.13,1404.16,11.0,-402.0,0.0,0.0,0.0,0.0,0.0,0.0,0.0,0.0,,4.0,7.0,14.0,-224.0,-0.07,1.92,-178.0,-0.06,10.89,0.0,0.0,1.32,-0.08,-0.07,-0.07,-0.03,0.0,1.0,3.0,0.05,0.08,-0.14,-0.05,-0.03,-0.15,-2.4,-2.1,-1.53,0.09,42.15017541749089
2851,中再保,金融保險業,3,-8.35,21.03,-2.33,0.32,46.1,-4.0,-674.0,,,,-2.33,3396.29,5733.75,48.5,-0.94,-0.95,0.32,1.2999999999999972,47.2,0.0,47.2,47.2,1827.05,1080.4,-19.0,-851.0,1.0,-1.0,-6.0,0.0,-8.0,3.0,-6.0,3.0,-1.0,0.0,-39.0,-10.0,-834.0,-0.1,0.37,11.0,0.0,10.95,-28.0,-0.0,0.0,-0.08,-0.1,-0.07,0.15,0.0,1.0,5.0,0.13,0.51,0.86,-0.04,0.1,0.32,-1.06,-1.07,-0.63,4.88,40.53372265600596
2852,第一保,金融保險業,2,-3.33,2.21,-0.72,-0.18,27.6,-21.0,-112.0,,,,-0.9,380.75,501.74,28.5,-0.53,-0.89,-0.18,0.6999999999999993,27.8,-0.18,27.8,27.85,331.08,145.29,-56.0,-219.0,0.0,0.0,0.0,0.0,0.0,0.0,0.0,0.0,,3.0,-5.0,1.0,0.0,0.0,0.0,-219.0,-0.07,6.11,0.0,0.0,0.13,-0.04,0.0,0.0,0.0,0.0,0.0,0.0,-0.15,-0.12,-0.3,-0.08,-0.08,-0.21,-0.24,-0.4,-0.43,0.06,32.72333916770157
2855,統一證,金融保險業,3,-17.25,25.03,-0.18,1.25,56.4,348.0,-567.0,,,,-0.35,4222.17,12609.77,59.7,0.17,-3.98,1.25,3.0,56.7,-0.18,56.5,56.6,6563.64,5118.07,304.0,-1090.0,1.0,1.0,-9.0,0.0,-21.0,9.0,-30.0,1.0,-1.0,4.0,-66.0,11.0,550.0,0.04,8.13,-1640.0,-0.11,7.92,0.0,0.0,0.02,-0.04,0.04,0.21,1.0,2.0,6.0,15.0,-0.13,0.59,0.27,-0.06,0.65,1.21,-0.4,0.84,2.86,7.8,62.437695630324114
2867,三商壽,金融保險業,3,,,,,,,,,,,,,,,,,,,,,,,,,,,,,,,,,,,,,,,,,,,,,,,,,,,,,,,,,,,,,,,,,
2880,華南金,金融保險業,3,-14.08,17.62,0.22,-0.77,45.25,1041.0,-1091.0,,,,-0.22,13395.51,35504.34,48.3,-0.11,-1.86,-0.77,2.8999999999999986,45.4,-0.44,45.15,45.35,12588.66,13519.87,1692.0,-1160.0,0.0,-1.0,-18.0,-4.0,-29.0,0.0,-33.0,-1.0,3.0,5.0,3.0,1.0,2818.0,0.02,11.82,-5325.0,-0.04,14.87,1347.0,0.01,1.94,-0.01,0.02,-0.04,-0.08,4.0,4.0,6.0,-0.06,0.02,0.41,-0.02,-0.0,0.21,-0.16,-1.06,-0.31,2.84,44.34518932482918
2881,富邦金,金融保險業,3,-8.95,20.72,-0.33,-1.31,150.5,-462.0,-2400.0,,,,-0.33,18246.08,27842.42,156.5,-1.96,1.0,-1.31,5.0,151.5,0.0,151.0,151.0,14184.27,11243.42,-130.0,-2844.0,1.0,-1.0,4.0,-17.0,-18.0,5.0,-40.0,4.0,16.0,3.0,-118.0,69.0,3820.0,0.03,8.22,-6763.0,-0.05,20.16,99.0,0.0,0.81,-0.02,0.02,0.03,0.04,1.0,2.0,6.0,-0.05,-0.02,0.03,-0.04,-0.01,0.06,-0.7,-1.5,0.07,14.05,49.0241428778562
2882,國泰金,金融保險業,3,-7.69,15.46,-1.34,-0.45,110.5,-372.0,-1307.0,,,,-0.45,20285.32,43435.15,117.0,-0.9,0.9,-0.45,5.0,112.0,0.9,112.0,111.0,19177.46,21365.82,-386.0,-1427.0,2.0,3.0,16.0,-11.0,17.0,16.0,6.0,16.0,-4.67,5.0,45.0,199.0,5477.0,0.04,9.72,-6791.0,-0.05,23.11,-113.0,-0.0,0.73,-0.01,0.06,0.05,0.12,3.0,5.0,12.0,-0.06,-0.07,-0.15,-0.01,-0.0,0.02,-0.5,-1.0,-1.17,7.27,46.369377231649324
2883,開發金,金融保險業,3,-15.2,28.95,-4.4,-1.4,36.9,-2818.0,-37558.0,,,,-5.02,120935.18,120935.18,40.8,-1.02,0.0,-1.4,2.049999999999997,38.75,-0.64,38.6,38.85,37568.27,33768.66,-1059.0,-12327.0,2.0,-60.0,3.0,-105.0,-96.0,3.0,-165.0,3.0,0.75,2.0,-23.0,559.0,8299.0,0.05,12.46,-21896.0,-0.13,29.77,1270.0,0.01,1.61,-0.22,0.05,0.11,0.2,3.0,5.0,13.0,-0.15,-0.13,-0.12,-0.23,-0.15,0.04,-1.7,-2.19,-1.2,3.63,32.91292571109034
2884,玉山金,金融保險業,3,-16.9,22.67,1.23,-0.77,45.35,-1912.0,3042.0,,,,1.11,29162.35,96702.58,47.35,0.0,-1.54,-0.77,1.8999999999999986,45.45,-0.11,44.8,44.85,32018.15,30746.75,-1717.0,5082.0,0.0,-17.0,-31.0,-2.0,-88.0,11.0,-101.0,-2.0,-0.88,3.0,331.0,-258.0,8005.0,0.05,9.03,-3630.0,-0.02,34.11,707.0,0.0,0.56,0.02,0.12,0.23,0.56,5.0,10.0,20.0,-0.12,-0.13,-0.2,-0.02,0.01,0.34,0.09,-0.52,0.22,5.6,52.99946381929897
2885,元大金,金融保險業,2,-8.37,10.84,-1.61,-1.01,67.4,-1361.0,-8573.0,,,,-1.61,22451.93,48742.99,71.7,-0.57,-0.72,-1.01,3.200000000000003,68.5,0.0,68.5,68.5,20346.0,15649.9,-457.0,-9762.0,1.0,0.0,0.0,26.0,0.0,0.0,26.0,26.0,inf,3.0,-12.0,137.0,1529.0,0.01,7.97,-11880.0,-0.09,29.32,589.0,0.0,2.35,-0.07,0.0,-0.12,-0.09,2.0,4.0,9.0,-0.17,0.02,0.22,-0.12,-0.04,0.16,-1.28,-1.88,-1.95,0.44,32.08032202530843
2886,兆豐金,金融保險業,2,-9.17,6.62,-0.31,-0.81,48.85,-1492.0,-3299.0,,,,-0.61,30290.34,46974.85,52.9,-0.8,-1.01,-0.81,3.75,49.15,-0.31,49.0,49.15,20847.36,16038.18,-1057.0,13654.0,2.0,0.0,0.0,6.0,-8.0,1.0,2.0,6.0,inf,3.0,50.0,74.0,-1895.0,-0.01,11.27,14470.0,0.1,21.51,1079.0,0.01,2.85,-0.02,-0.03,-0.05,0.12,3.0,6.0,13.0,0.07,0.2,0.77,-0.07,-0.11,0.06,-0.49,-1.37,-1.56,-0.15,31.837996816228824
2887,台新金,金融保險業,3,-11.27,17.37,-1.55,-1.18,41.25,2641.0,-13788.0,,,,-1.67,82708.62,138019.88,44.8,-1.05,-1.65,-1.18,2.8999999999999986,41.9,-0.12,41.9,41.95,46941.88,34429.97,4775.0,-6406.0,2.0,32.0,-78.0,950.0,-180.0,32.0,805.0,950.0,28.69,3.0,338.0,-627.0,19273.0,0.15,29.36,-26211.0,-0.21,45.93,532.0,0.0,1.49,-0.11,0.2,0.31,0.98,4.0,7.0,17.0,-0.34,-0.68,-1.04,-0.18,-0.36,-0.08,-0.84,-1.75,-1.36,3.12,32.93069665366029
2888,新光金,金融保險業,3,,,,,,,,,,,,,,,,,,,,,,,,,,,,,,,,,,,,,,,,,,,,,,,,,,,,,,,,,,,,,,,,,
2889,國票金,金融保險業,2,-10.86,7.82,-2.12,0.0,16.15,-321.0,-4763.0,,,,-2.12,11163.65,44317.8,17.5,-1.49,-0.91,0.0,0.9499999999999993,16.55,0.0,16.5,16.5,8786.25,6708.25,474.0,-5902.0,1.0,0.0,-10.0,0.0,-2.0,9.0,-2.0,9.0,,2.0,-96.0,-977.0,0.0,0.0,0.05,-5901.0,-0.17,11.95,-1.0,-0.0,0.75,-0.14,0.0,0.0,0.0,0.0,0.0,0.0,-0.36,-0.39,1.18,-0.34,-0.58,-0.7,-0.33,-0.64,-0.55,0.17,29.92351993313352
2890,永豐金,金融保險業,3,-11.65,14.16,-1.36,-0.11,43.65,769.0,-3874.0,,,,-1.36,22127.38,51074.47,46.35,0.22,-2.77,-0.11,2.0,44.35,0.0,44.25,44.25,34667.14,17902.31,2156.0,-5209.0,1.0,-23.0,-13.0,-65.0,-16.0,21.0,-81.0,21.0,1.83,3.0,-24.0,103.0,3287.0,0.03,11.99,-9462.0,-0.08,35.14,966.0,0.01,1.89,-0.03,0.07,0.25,0.48,4.0,8.0,17.0,-0.15,-0.29,-0.29,-0.05,-0.03,0.12,-0.75,-1.31,-0.47,2.47,40.32046312454811
2891,中信金,金融保險業,2,-9.17,10.14,-0.29,-1.72,67.9,-3389.0,-5773.0,,,,-0.73,28647.14,74865.31,72.0,-0.58,0.29,-1.72,3.5999999999999943,68.4,-0.44,68.1,68.4,27538.15,26395.16,-3804.0,-7722.0,3.0,6.0,22.0,-42.0,12.0,22.0,-27.0,22.0,-8.0,4.0,156.0,318.0,4756.0,0.02,15.8,-13477.0,-0.07,35.01,999.0,0.01,1.87,-0.03,0.05,0.12,0.28,5.0,8.0,18.0,-0.15,-0.1,-0.06,-0.06,0.0,0.13,-0.58,-1.49,-0.64,1.74,41.05775708404007
2892,第一金,金融保險業,3,-13.55,17.17,0.91,-1.53,38.7,-341.0,2289.0,,,,0.13,18760.72,52521.5,40.95,-0.88,-2.28,-1.53,2.0500000000000043,38.9,-0.78,38.35,38.65,26936.59,28977.96,5556.0,3538.0,1.0,19.0,-11.0,-15.0,7.0,19.0,-20.0,19.0,-1.79,2.0,108.0,-41.0,3965.0,0.03,6.69,-386.0,-0.0,28.19,-41.0,-0.0,0.76,0.02,0.08,0.16,0.41,5.0,9.0,17.0,-0.02,0.18,0.82,0.02,0.1,0.43,-0.36,-0.85,-0.06,2.95,44.80507746462319
2897,王道銀行,金融保險業,2,-8.37,8.96,-1.37,-0.91,10.8,-636.0,-1138.0,,,,-0.92,8785.32,16173.54,11.35,-0.45,-0.9,-0.91,0.40000000000000036,10.95,0.46,10.95,10.9,4564.92,3869.5,-1411.0,-3024.0,0.0,0.0,-6.0,0.0,-6.0,0.0,-6.0,0.0,,4.0,29.0,59.0,-2785.0,-0.1,0.0,-283.0,-0.01,9.96,44.0,0.0,0.33,-0.04,-0.1,-0.1,-0.04,0.0,0.0,2.0,-0.19,-0.28,0.45,-0.07,-0.09,0.22,-0.16,-0.27,-0.2,0.27,34.345692128972516
2901,欣欣,貿易百貨,2,-16.79,11.21,2.69,1.26,24.8,1.0,7.0,,,,2.69,36.64,958.07,26.8,1.74,1.93,1.26,2.0,24.8,0.0,24.15,24.15,50.92,35.49,-7.0,6.0,0.0,0.0,0.0,0.0,0.0,0.0,0.0,0.0,,1.0,2.0,-4.0,0.0,0.0,0.0,6.0,0.01,0.58,0.0,0.0,0.06,0.01,0.0,0.0,0.0,0.0,0.0,0.0,0.1,0.14,0.14,-0.07,-0.02,-0.02,0.99,1.23,1.28,1.01,68.23016027955133
2903,遠百,貿易百貨,1,-3.97,2.55,-0.9,0.23,21.95,-145.0,-952.0,,,,-0.9,1960.45,1960.45,22.65,-0.67,-0.9,0.23,0.5,22.15,0.0,22.15,22.15,1122.71,1760.74,27.0,-1320.0,0.0,0.0,0.0,0.0,0.0,0.0,0.0,0.0,,3.0,13.0,12.0,-798.0,-0.06,2.64,-555.0,-0.04,7.73,33.0,0.0,0.3,-0.07,-0.01,-0.02,0.06,2.0,2.0,7.0,-0.16,-0.18,-0.35,-0.13,-0.17,-0.21,-0.12,-0.16,-0.24,-0.26,41.203473081299656
2904,匯僑,其他,1,-3.86,2.01,0.79,0.4,12.7,1.0,0.0,,,,0.79,6.49,66.65,12.95,0.0,0.4,0.4,0.25,12.7,0.0,12.6,12.6,16.57,29.33,-1.0,-1.0,0.0,0.0,0.0,0.0,0.0,0.0,0.0,0.0,,1.0,0.0,0.0,0.0,0.0,0.0,-1.0,-0.0,0.7,0.0,0.0,0.03,0.0,0.0,0.0,0.0,0.0,0.0,0.0,-0.01,0.03,0.02,0.0,0.0,-0.01,0.1,0.12,0.07,-0.38,62.69461140514714
2905,三商,貿易百貨,3,-8.95,7.65,-1.37,1.1,18.05,101.0,-228.0,,,,-1.37,1176.64,2924.09,19.0,-1.88,-1.64,1.1,0.6999999999999993,18.3,0.0,18.3,18.3,1238.08,770.64,346.0,-518.0,1.0,-2.0,4.0,-5.0,-4.0,4.0,-8.0,4.0,1.5,0.0,-105.0,-90.0,0.0,0.0,0.0,-534.0,-0.05,4.93,16.0,0.0,0.19,-0.02,0.0,0.0,0.0,0.0,0.0,0.0,-0.04,0.1,0.28,-0.06,-0.11,-0.02,-0.21,-0.38,-0.29,0.94,41.50948948579009
2906,高林,貿易百貨,2,-6.03,1.13,0.37,0.75,13.4,-13.0,0.0,,,,0.0,40.11,147.84,14.1,0.37,-1.48,0.75,0.6999999999999993,13.4,-0.37,13.35,13.4,67.16,79.26,12.0,1.0,0.0,0.0,0.0,0.0,0.0,0.0,0.0,0.0,,4.0,1.0,4.0,0.0,0.0,0.0,1.0,0.0,1.7,-0.0,-0.0,3.72,0.0,0.0,0.0,0.0,0.0,0.0,0.0,-0.01,-0.01,-0.03,-0.02,-0.04,-0.06,-0.01,-0.15,-0.28,-0.23,37.0068584635505
2908,特力,貿易百貨,2,-4.42,3.51,0.23,1.61,22.1,8.0,0.0,,,,0.23,260.89,350.31,22.6,0.0,-2.03,1.61,0.5,22.1,0.0,22.05,22.05,286.05,256.71,15.0,38.0,0.0,0.0,0.0,0.0,0.0,0.0,0.0,0.0,,5.0,132.0,182.0,0.0,0.0,0.0,38.0,0.01,1.86,0.0,0.0,0.08,0.0,0.0,0.0,0.0,0.0,0.0,0.0,-0.02,0.01,0.04,0.0,0.0,0.0,0.07,0.04,0.03,0.19,53.002016578822264
2910,統領,貿易百貨,1,-5.74,2.61,0.0,-0.21,23.6,0.0,0.0,,,,0.0,1.0,33.1,24.4,-0.42,-1.91,-0.21,0.7999999999999972,23.6,0.0,23.6,23.6,20.11,33.01,9.0,1.0,0.0,0.0,0.0,0.0,0.0,0.0,0.0,0.0,,1.0,-2.0,0.0,0.0,0.0,0.0,1.0,0.0,0.46,0.0,0.0,0.03,0.0,0.0,0.0,0.0,0.0,0.0,0.0,0.0,0.0,0.01,0.0,0.0,0.0,0.1,0.05,-0.0,-0.58,50.60933449392688
2911,麗嬰房,貿易百貨,1,-9.09,4.0,0.99,0.66,6.14,-5.0,-13.0,,,,0.99,90.77,177.47,6.6,-0.49,-1.15,0.66,0.35999999999999943,6.24,0.0,6.08,6.08,124.87,111.42,17.0,13.0,0.0,0.0,0.0,0.0,0.0,0.0,0.0,0.0,,4.0,13.0,11.0,0.0,0.0,0.0,13.0,0.01,15.82,0.0,0.0,1.19,-0.01,0.0,0.0,0.0,0.0,0.0,0.0,-0.01,-0.0,0.02,-0.03,-0.04,-0.04,0.04,-0.05,-0.14,-0.6,39.59389019511864
2912,統一超,貿易百貨,1,-3.88,0.95,0.24,-0.7,212.5,-326.0,-475.0,,,,0.0,2207.66,2770.69,219.0,-0.23,-0.24,-0.7,6.5,212.5,-0.24,212.0,212.5,1493.08,1661.58,198.0,272.0,0.0,0.0,0.0,0.0,0.0,0.0,0.0,0.0,,5.0,3.0,7.0,-9.0,-0.0,9.76,280.0,0.03,14.34,1.0,0.0,0.69,-0.05,0.02,0.1,0.09,3.0,6.0,10.0,-0.07,-0.27,-0.17,-0.29,-0.41,-0.51,0.0,-1.55,-2.82,-11.58,31.780478013211294
2913,農林,貿易百貨,1,-3.56,2.3,0.0,0.9,11.1,225.0,8.0,,,,-0.45,345.22,3068.94,11.25,-0.9,-0.45,0.9,0.15000000000000036,11.1,-0.45,11.1,11.15,729.07,883.05,437.0,56.0,0.0,0.0,0.0,0.0,0.0,0.0,0.0,0.0,,4.0,11.0,2.0,0.0,0.0,0.0,56.0,0.01,5.84,0.0,0.0,0.37,0.0,0.0,0.0,0.0,0.0,0.0,0.0,0.09,-0.15,-0.39,0.05,0.05,0.06,0.01,0.05,0.06,-0.0,54.01348049004039
2915,潤泰全,貿易百貨,2,-7.28,5.38,-0.68,0.51,58.3,-86.0,-145.0,,,,-0.85,1152.94,2818.2,60.4,-0.17,-2.5,0.51,1.6000000000000014,58.8,-0.17,58.7,58.8,1554.78,1295.83,250.0,185.0,1.0,-1.0,1.0,0.0,0.0,1.0,0.0,1.0,-1.0,3.0,44.0,-116.0,0.0,0.0,0.42,176.0,0.02,6.53,9.0,0.0,4.84,-0.01,0.0,-0.04,-0.04,0.0,0.0,0.0,0.11,0.31,0.4,0.05,0.16,0.18,-0.84,-0.55,0.36,2.75,46.63606960764816
2916,滿心,貿易百貨,2,-2.09,1.63,0.0,0.0,40.5,0.0,0.0,,,,-0.12,12.15,63.55,40.75,0.62,-0.12,0.0,0.20000000000000284,40.55,-0.12,40.5,40.55,7.57,10.15,2.0,,,,,,,,,,,,,,0.0,0.0,0.0,2.0,0.0,,,,,0.0,0.0,0.0,0.0,0.0,0.0,0.0,-0.01,-0.02,0.01,0.0,0.0,0.0,-0.01,-0.02,0.16,0.26,53.20432399659801
2923,鼎固-KY,建材營造,1,-20.35,13.11,-0.2,2.62,25.4,14.0,0.0,,,,-0.2,44.48,353.0,28.25,-5.45,-1.65,2.62,2.8000000000000007,25.45,0.0,25.45,25.45,116.43,152.58,61.0,7.0,,,,,,,,,,,,,0.0,0.0,0.0,18.0,0.0,99.5,-11.0,-0.0,0.02,0.0,0.0,0.0,0.0,0.0,0.0,0.0,0.0,0.01,-0.02,0.0,0.01,-0.0,0.45,0.11,0.01,-2.79,51.01593432810567
2924,東凌-KY,貿易百貨,3,-15.22,24.01,0.0,-0.54,18.85,0.0,0.0,,,,3.01,1.0,30.16,19.05,-0.26,-2.89,-0.54,0.1999999999999993,18.85,3.01,18.85,18.3,8.03,19.0,1.0,,,,,,,,,,,,,,0.0,0.0,0.0,,,,,,,0.0,0.0,0.0,0.0,0.0,0.0,0.0,0.0,0.0,0.0,0.0,0.0,0.0,0.12,0.58,1.06,1.36,61.28054578282002
2926,誠品生活,文化創意業,1,-5.21,4.81,-0.66,2.2,30.3,0.0,0.0,,,,0.33,3.29,22.18,30.7,,,2.2,0.1999999999999993,30.5,0.99,30.5,30.2,18.38,12.02,1.0,,,,,,,,,,,,,,0.0,0.0,0.0,1.0,0.0,,,,,0.0,0.0,0.0,0.0,0.0,0.0,0.0,0.0,0.03,0.03,0.0,0.0,0.0,0.26,0.29,0.21,-0.37,59.33198076698677
2929,淘帝-KY,貿易百貨,2,-10.41,5.81,-0.34,0.34,5.81,3.0,0.0,,,,-0.34,34.65,986.26,6.15,0.34,-0.51,0.34,0.3200000000000003,5.83,0.0,5.83,5.83,102.85,81.47,16.0,8.0,0.0,0.0,0.0,0.0,0.0,0.0,0.0,0.0,,4.0,1.0,5.0,0.0,0.0,0.0,8.0,0.01,17.02,0.0,0.0,1.49,0.0,0.0,0.0,0.0,0.0,0.0,0.0,-0.0,0.19,0.25,0.0,-0.01,-0.03,-0.01,0.01,0.04,0.06,55.446063410883305
2937,集雅社,貿易百貨,3,-2.79,,,0.0,,,,,,,,0.0,18.33,44.75,,,0.0,,,,,44.7,5.01,1.0,0.0,,,,,,,,,,,,,,0.0,0.0,0.0,,,,,,,,0.0,0.0,0.0,0.0,0.0,0.0,0.0,0.0,0.0,,,,,,,,
2939,凱羿-KY,貿易百貨,3,-12.95,17.02,0.23,9.23,21.95,6.0,0.0,,,,0.23,24.03,457.0,22.0,0.0,3.32,9.23,0.0,22.0,0.0,21.9,21.9,51.0,92.0,1.0,1.0,1.0,0.0,0.0,0.0,1.0,1.0,0.0,1.0,,0.0,0.0,0.0,0.0,0.0,0.0,1.0,0.0,19.86,0.0,0.0,0.42,0.0,0.0,0.0,0.0,0.0,0.0,0.0,0.0,0.01,0.08,0.01,0.01,0.01,1.29,1.54,1.87,2.4,75.96668359255776
2945,三商家購,貿易百貨,2,-5.73,3.36,0.25,0.0,39.9,0.0,0.0,,,,0.13,21.69,213.89,41.0,-0.25,-0.25,0.0,1.0499999999999972,39.95,-0.13,39.8,39.85,25.14,20.7,0.0,-3.0,,,,,,,,,,,,,0.0,0.0,0.0,-3.0,-0.0,0.48,0.0,0.0,0.05,0.0,0.0,0.0,0.0,0.0,0.0,0.0,0.01,-0.0,0.02,-0.13,-0.13,-0.14,0.01,-0.09,0.01,-0.63,48.45304369061469
2947,振宇五金,貿易百貨,1,-3.07,0.83,0.0,-0.17,60.5,0.0,0.0,,,,0.0,9.4,63.39,61.9,,,-0.17,1.3999999999999986,60.5,0.0,60.5,60.5,0.23,8.15,1.0,,,,,,,,,,,,,,0.0,0.0,0.0,1.0,0.01,,,,,0.0,0.0,0.0,0.0,0.0,0.0,0.0,0.02,0.02,0.0,0.0,0.0,-0.01,0.03,0.11,-0.35,-2.61,44.326124830146895
2948,寶陞,居家生活,2,-5.99,4.57,-3.18,0.0,36.5,0.0,0.0,,,,-2.41,6.08,13.1,38.4,-1.75,0.82,0.0,0.6499999999999986,37.75,0.8,37.7,37.4,6.09,1.44,0.0,,,,,,,,,,,,,,0.0,0.0,0.0,,,,,,,0.0,0.0,0.0,0.0,0.0,0.0,0.0,0.0,0.0,0.0,0.0,0.0,0.0,-0.37,-0.42,-0.85,-1.15,40.11385427525845
2949,欣新網,數位雲端,3,-13.21,,,6.0,,0.0,0.0,,,,,0.0,15.29,70.4,,,6.0,,,,,68.9,0.07,15.29,-2.0,,,,,,,,,,,,,,0.0,0.0,0.0,,,,,,,0.0,0.0,0.0,0.0,0.0,0.0,0.0,0.0,0.0,0.0,0.0,0.0,0.0,,,,,
3002,歐格,電腦及週邊設備業,2,-22.01,21.15,1.3,1.05,19.45,10.0,17.0,,,,0.78,397.35,1873.55,21.35,0.0,0.0,1.05,1.3000000000000007,20.05,-0.52,19.2,19.3,138.62,327.82,-20.0,40.0,1.0,0.0,0.0,2.0,0.0,0.0,2.0,2.0,inf,3.0,4.0,-3.0,0.0,0.0,0.0,40.0,0.04,1.87,-0.0,-0.0,0.05,0.02,0.0,0.0,0.0,0.0,0.0,0.0,-0.04,-0.03,0.15,-0.04,-0.05,-0.03,0.36,0.38,1.37,1.71,66.23016203163232
3003,健和興,電子零組件業,1,-19.45,8.83,-0.99,-0.17,59.8,62.0,-41.0,,,,-0.99,205.48,3354.6,68.9,2.56,-0.67,-0.17,8.500000000000007,60.4,0.0,60.4,60.4,286.36,334.49,106.0,-9.0,0.0,0.0,0.0,0.0,0.0,0.0,0.0,0.0,,2.0,20.0,-15.0,0.0,0.0,0.0,-9.0,-0.01,4.54,-0.0,-0.0,0.34,-0.03,0.0,0.0,0.0,0.0,0.0,0.0,0.34,0.36,-1.48,0.08,0.06,-1.49,0.08,0.71,-0.03,-2.43,51.15078324284296
3004,豐達科,鋼鐵工業,1,-11.63,8.33,1.26,0.42,121.0,-3.0,37.0,,,,1.68,488.16,1065.88,129.0,-0.85,0.43,0.42,5.5,123.5,0.42,119.5,119.0,85.16,165.71,22.0,-88.0,0.0,0.0,-1.0,0.0,-1.0,1.0,-2.0,0.0,,3.0,5.0,13.0,0.0,0.0,0.0,-92.0,-0.17,4.33,4.0,0.01,0.03,0.07,0.0,-0.38,-0.79,0.0,0.0,0.0,-0.04,0.32,-0.36,0.04,-0.05,-1.2,2.5,3.0,2.12,-6.58,64.53581190626699
3005,神基,電腦及週邊設備業,2,-6.67,4.91,0.43,-0.85,117.5,-239.0,227.0,,,,0.86,975.08,3131.79,120.0,-0.85,0.43,-0.85,2.5,117.5,0.43,117.0,116.5,983.94,1298.87,-293.0,318.0,0.0,0.0,0.0,0.0,-13.0,0.0,0.0,0.0,,1.0,-6.0,-72.0,1.0,0.0,6.19,258.0,0.04,15.54,59.0,0.01,9.29,0.04,-0.02,0.16,0.18,3.0,8.0,15.0,-0.03,0.31,0.39,-0.01,0.31,0.27,0.5,0.1,1.47,2.62,55.73347869327175
3006,晶豪科,半導體業,3,-17.55,20.76,-1.4,0.0,281.0,-61.0,-1852.0,,,,-1.75,6910.57,41962.59,319.0,0.36,3.64,0.0,34.0,285.0,-0.35,285.0,286.0,9171.75,8256.3,-3.0,-2391.0,1.0,-9.0,32.0,-11.0,-17.0,32.0,-45.0,32.0,0.22,4.0,154.0,531.0,0.0,0.0,0.41,-2529.0,-0.88,39.66,138.0,0.05,2.25,-0.65,-0.0,0.19,0.24,1.0,5.0,9.0,-1.04,-2.15,-4.38,-1.04,-1.75,-3.64,0.8,-0.5,-3.55,28.36,49.175139835015024
3008,大立光,光電業,2,-27.84,21.82,4.29,-1.08,6205.0,-328.0,-70.0,,,,4.37,2312.56,2952.68,7955.0,0.89,-3.6,-1.08,1730.0,6225.0,0.08,5950.0,5945.0,1784.1,1667.35,-250.0,34.0,3.0,-2.0,-5.0,1.0,-4.0,2.0,-3.0,2.0,-1.5,4.0,20.0,95.0,-139.0,-0.1,7.6,116.0,0.09,24.49,57.0,0.04,4.28,-0.05,-0.32,-0.06,-1.28,1.0,4.0,7.0,-0.55,-1.7,-1.33,-0.89,-1.47,-2.17,84.0,-3.5,-290.25,863.0,48.06334949539637
3010,華立,電子通路業,2,-7.2,3.67,0.0,-1.18,126.0,-43.0,7.0,,,,0.4,392.96,994.94,132.0,0.8,-0.79,-1.18,5.0,127.0,0.4,126.0,125.5,367.6,343.19,-65.0,73.0,0.0,0.0,0.0,0.0,-1.0,0.0,-1.0,0.0,,2.0,57.0,-5.0,0.0,0.0,0.18,63.0,0.03,21.33,10.0,0.0,0.13,0.0,0.0,0.0,-0.01,0.0,0.0,0.0,0.02,-0.16,-0.5,0.03,0.02,-0.18,0.5,1.15,0.35,2.97,56.77889919965571
3011,今皓,電子零組件業,1,-12.38,10.87,-1.47,1.81,10.05,34.0,-22.0,,,,-0.99,291.23,1670.72,10.5,1.32,-1.0,1.81,0.3000000000000007,10.2,0.49,10.2,10.15,174.44,270.23,133.0,0.0,1.0,0.0,1.0,0.0,1.0,1.0,1.0,1.0,,3.0,3.0,-21.0,0.0,0.0,0.0,0.0,0.0,3.72,0.0,0.0,0.39,-0.02,0.0,0.0,0.0,0.0,0.0,0.0,0.1,0.33,1.03,-0.02,0.01,-0.58,0.06,0.07,0.11,-0.98,52.92073356295524
3013,晟銘電,電腦及週邊設備業,2,-13.3,15.91,7.92,2.0,94.0,-247.0,687.0,,,,8.29,5259.58,5259.58,94.0,0.24,-0.59,2.0,0.0,94.0,0.35,87.1,86.8,637.3,2758.14,-205.0,330.0,3.0,3.0,-1.0,15.0,3.0,3.0,18.0,15.0,4.0,4.0,114.0,552.0,0.0,0.0,0.04,126.0,0.08,5.39,204.0,0.13,1.34,0.44,0.0,0.0,0.01,1.0,3.0,4.0,-0.15,-0.23,-1.33,0.31,0.18,-0.92,7.28,9.21,8.75,7.2,83.0749547932024
3014,聯陽,半導體業,2,-11.38,12.94,0.35,-2.08,142.0,-340.0,332.0,,,,0.35,1276.07,4800.68,145.0,-1.75,2.14,-2.08,1.0,144.0,0.0,141.5,141.5,3216.33,1815.82,-280.0,432.0,1.0,0.0,-3.0,-1.0,5.0,30.0,5.0,30.0,-inf,1.0,-10.0,-63.0,3.0,0.0,5.48,409.0,0.25,20.81,20.0,0.01,0.77,0.21,0.01,0.17,0.22,4.0,9.0,18.0,-0.96,0.93,0.61,-0.78,0.84,0.46,-0.1,2.95,7.03,9.1,66.99784165864052
3015,全漢,電子零組件業,1,-8.84,9.5,-1.09,1.85,54.6,181.0,13.0,,,,-1.09,338.88,875.45,55.4,0.0,0.75,1.85,0.10000000000000142,55.3,0.0,55.2,55.2,341.6,529.69,241.0,98.0,0.0,0.0,0.0,0.0,0.0,0.0,0.0,0.0,,0.0,-61.0,-42.0,0.0,0.0,1.44,94.0,0.05,9.65,4.0,0.0,0.17,0.01,0.0,-0.02,0.11,0.0,1.0,10.0,0.22,0.24,-0.02,0.17,0.18,0.06,0.58,1.59,1.93,-0.41,68.16124584573905
3016,嘉晶,半導體業,3,-44.6,79.98,-0.59,-0.59,168.0,-2987.0,766.0,,,,-0.59,5580.76,75400.14,176.0,9.97,7.81,-0.59,7.0,169.0,0.0,169.0,169.0,75400.14,43282.58,-3075.0,1181.0,3.0,-80.0,113.0,-263.0,1813.0,1119.0,1330.0,1119.0,2.29,2.0,625.0,-205.0,0.0,0.0,0.0,1282.0,0.44,11.76,-101.0,-0.04,1.18,0.27,0.0,0.0,0.0,0.0,0.0,1.0,5.32,7.9,6.62,3.51,7.08,6.36,5.0,26.45,45.06,58.44,87.00721244731305
3017,奇鋐,電腦及週邊設備業,3,-13.89,28.47,2.18,-0.58,3510.0,259.0,68.0,,,,2.18,3303.22,4515.44,3600.0,2.45,-4.36,-0.58,80.0,3520.0,0.0,3435.0,3435.0,3714.03,3631.17,261.0,6.0,3.0,-4.0,-21.0,10.0,-19.0,8.0,-5.0,10.0,-3.5,4.0,-22.0,69.0,-30.0,-0.01,13.76,-5.0,-0.0,55.54,41.0,0.01,1.47,0.02,-0.01,0.01,-0.05,3.0,6.0,12.0,-0.05,-0.25,0.16,0.03,0.02,0.03,36.0,113.5,135.75,600.5,60.60748646473924
3018,同開,其他電子業,1,-12.4,11.87,2.08,0.42,12.25,,,,,,2.08,23.48,104.34,12.5,0.0,-0.42,0.42,0.25,12.25,0.0,12.0,12.0,30.64,36.17,16.0,-1.0,0.0,0.0,0.0,0.0,0.0,0.0,0.0,0.0,,0.0,0.0,0.0,0.0,0.0,0.0,-1.0,-0.0,0.71,0.0,0.0,0.1,,0.0,0.0,0.0,0.0,0.0,0.0,-0.0,-0.05,-0.1,,,,0.21,0.29,0.55,-0.48,64.80760783009653
3019,亞光,光電業,2,-19.63,6.59,0.37,0.37,137.0,54.0,75.0,,,,0.37,1848.64,33676.35,163.0,0.0,0.37,0.37,25.5,137.5,0.0,136.5,136.5,1562.55,1304.11,140.0,460.0,0.0,-3.0,-5.0,0.0,-43.0,-3.0,-38.0,0.0,-1.0,3.0,13.0,-73.0,0.0,0.0,0.0,457.0,0.16,8.13,3.0,0.0,0.95,0.03,0.0,0.0,0.0,0.0,0.0,0.0,-0.95,-1.28,-2.03,-0.92,-1.09,-1.52,1.2,0.9,-1.57,0.0,52.554996051950596
3021,鴻名,電子零組件業,3,-35.32,48.72,-1.05,-7.93,28.15,-745.0,-238.0,,,,-1.05,1240.59,3737.75,31.0,10.0,9.83,-7.93,1.8500000000000014,29.15,0.0,28.45,28.45,1253.25,3337.1,-422.0,-310.0,3.0,-25.0,29.0,0.0,7.0,29.0,8.0,29.0,-1.0,2.0,-64.0,15.0,0.0,0.0,0.01,-310.0,-0.32,3.74,0.0,0.0,0.06,-0.25,0.0,0.0,0.0,0.0,0.0,0.0,-0.12,-0.14,-0.48,-0.1,-0.28,-0.4,0.62,1.22,2.88,5.35,62.64342674514648
3022,威強電,電腦及週邊設備業,2,-16.73,13.76,0.33,-1.39,92.6,-224.0,22.0,,,,0.33,863.35,4751.94,98.6,2.65,-0.11,-1.39,5.199999999999989,93.4,0.0,92.3,92.3,1607.79,1114.49,-425.0,306.0,2.0,-1.0,1.0,0.0,3.0,5.0,3.0,5.0,-1.0,2.0,111.0,-236.0,0.0,0.0,0.12,300.0,0.17,21.65,6.0,0.0,0.58,0.01,0.0,0.0,0.0,0.0,0.0,0.0,0.17,1.07,0.48,0.02,0.79,-0.0,0.26,1.41,3.2,1.37,59.831805666126655
3023,信邦,電子零組件業,2,-12.5,2.48,0.82,-1.6,309.0,-226.0,-122.0,,,,0.65,715.94,2248.44,348.0,-0.32,-1.13,-1.6,38.5,309.5,-0.16,306.5,307.0,885.89,1125.08,284.0,225.0,0.0,0.0,0.0,0.0,-3.0,0.0,-1.0,0.0,,3.0,20.0,-4.0,-26.0,-0.01,11.14,231.0,0.1,42.36,20.0,0.01,0.59,-0.05,-0.01,-0.05,0.07,0.0,1.0,7.0,0.05,0.22,0.46,-0.36,-0.36,-0.04,-0.3,-6.25,-12.4,-5.13,36.021166668896804
3024,憶聲,光電業,2,-12.18,8.68,-2.08,0.0,14.1,-84.0,-43.0,,,,-0.7,562.19,3454.42,15.6,1.74,-2.74,0.0,1.1999999999999993,14.4,1.41,14.4,14.2,944.85,473.73,55.0,-35.0,1.0,-5.0,2.0,0.0,-13.0,2.0,-10.0,2.0,-1.0,0.0,-117.0,-93.0,0.0,0.0,0.0,-35.0,-0.01,2.91,0.0,0.0,0.05,-0.02,0.0,0.0,0.0,0.0,0.0,0.0,-0.03,-0.2,-0.28,-0.05,-0.3,-0.23,-0.19,-0.42,-0.33,0.41,39.011355550800495
3025,星通,通信網路業,2,-14.11,16.43,3.75,0.57,58.1,0.0,390.0,,,,9.83,706.84,706.84,58.1,0.77,0.0,0.57,0.0,58.1,5.86,56.0,52.9,70.09,156.2,21.0,94.0,1.0,0.0,0.0,2.0,0.0,0.0,2.0,2.0,inf,2.0,-21.0,138.0,0.0,0.0,0.0,94.0,0.17,3.72,0.0,0.0,0.49,0.69,0.0,0.0,0.0,0.0,0.0,0.0,0.29,0.47,0.65,0.7,0.73,0.47,4.54,5.59,6.31,3.44,89.81507370538209
3026,禾伸堂,電子零組件業,3,-27.36,47.46,7.04,-2.94,852.0,-951.0,1900.0,,,,7.71,18518.16,18518.16,870.0,5.47,-1.73,-2.94,0.0,870.0,0.63,796.0,791.0,5185.2,6312.09,-1153.0,1692.0,2.0,-31.0,-41.0,148.0,-49.0,63.0,118.0,148.0,-5.77,3.0,83.0,1045.0,197.0,0.12,16.45,1446.0,0.87,11.85,49.0,0.03,1.1,1.15,0.35,1.13,2.78,5.0,10.0,18.0,0.85,-0.89,-2.58,1.12,0.65,0.65,48.6,60.3,90.9,152.26,70.79375965171666
3027,盛達,通信網路業,1,-10.77,9.2,-1.32,2.44,18.7,32.0,0.0,,,,-1.06,115.91,995.98,19.5,-0.8,-0.81,2.44,0.5,19.0,0.26,18.95,18.9,130.4,249.11,102.0,31.0,0.0,0.0,0.0,0.0,-1.0,4.0,-5.0,0.0,,3.0,4.0,-4.0,0.0,0.0,0.04,31.0,0.03,1.97,0.0,0.0,0.07,0.0,0.0,0.0,0.0,0.0,0.0,0.0,0.16,0.12,0.37,0.02,-0.01,-0.03,0.05,0.3,0.52,0.17,58.21643074108018
3028,增你強,電子通路業,1,-9.02,3.97,-1.27,-0.16,62.1,-111.0,-196.0,,,,-1.27,560.57,965.58,66.5,1.3,0.32,-0.16,3.6000000000000014,62.9,0.0,62.9,62.9,536.35,562.38,-25.0,-154.0,4.0,4.0,1.0,19.0,29.0,26.0,49.0,26.0,3.75,3.0,18.0,2.0,0.0,0.0,0.26,-145.0,-0.06,10.27,-9.0,-0.0,0.0,-0.09,0.01,0.01,0.01,3.0,3.0,8.0,-0.04,-0.18,-0.69,-0.22,-0.32,-0.93,-0.28,-0.01,-0.34,-3.76,45.34895925703036
3029,零壹,資訊服務業,3,-13.89,14.22,-0.83,1.27,119.0,316.0,76.0,,,,-0.83,920.93,17817.44,126.0,1.27,-2.08,1.27,5.5,120.5,0.0,120.0,120.0,1708.42,1546.88,250.0,200.0,1.0,-5.0,-5.0,0.0,-5.0,10.0,-2.0,10.0,-1.0,1.0,-8.0,-90.0,0.0,0.0,0.48,184.0,0.12,8.72,16.0,0.01,0.25,0.05,0.0,0.0,0.0,0.0,0.0,0.0,0.35,1.32,0.18,0.15,1.02,-0.16,0.0,-0.75,2.65,8.89,52.75627712566935
3030,德律,其他電子業,2,-15.82,12.4,2.66,0.0,289.0,-52.0,399.0,,,,3.58,1666.29,2790.26,306.5,2.08,2.22,0.0,16.5,290.0,0.9,281.5,279.0,1413.02,975.68,73.0,228.0,3.0,10.0,1.0,5.0,10.0,10.0,15.0,10.0,-0.5,3.0,44.0,171.0,0.0,0.0,0.17,105.0,0.04,9.82,123.0,0.05,0.54,0.17,0.0,0.0,0.01,0.0,2.0,3.0,0.26,0.27,-0.51,0.16,0.14,-0.69,13.3,18.15,16.77,3.95,77.26178232512362
3031,佰鴻,光電業,2,-27.96,45.83,-0.33,-1.44,30.5,205.0,297.0,,,,-0.97,2758.12,10641.42,31.65,7.6,2.63,-1.44,0.14999999999999858,31.5,-0.65,30.6,30.8,10641.42,3719.89,-36.0,792.0,5.0,4.0,21.0,5.0,59.0,44.0,79.0,44.0,0.25,1.0,-20.0,-380.0,0.0,0.0,0.0,792.0,0.46,2.63,0.0,0.0,0.17,0.17,0.0,0.0,0.0,0.0,0.0,0.0,-0.19,-0.47,-0.2,-0.31,-0.23,-0.27,0.24,1.76,4.1,5.4,73.71935952753215
3032,偉訓,電子零組件業,2,-16.39,14.31,0.51,0.51,79.3,7.0,43.0,,,,1.28,310.69,1734.44,83.6,-3.66,-1.39,0.51,3.6999999999999886,79.9,0.77,78.9,78.3,294.03,165.41,8.0,110.0,0.0,0.0,0.0,0.0,-5.0,0.0,-4.0,0.0,,1.0,-43.0,-15.0,0.0,0.0,0.0,110.0,0.11,1.8,0.0,0.0,0.44,0.04,0.0,0.0,0.0,0.0,0.0,0.0,0.55,0.74,0.42,0.46,0.71,0.26,0.0,1.76,2.25,0.55,57.78155285480545
3033,威健,電子通路業,1,-10.56,6.34,-0.93,0.59,42.4,160.0,-342.0,,,,-0.47,1486.0,10098.28,45.0,0.48,0.48,0.59,2.200000000000003,42.8,0.47,42.8,42.6,2109.28,3088.59,470.0,-502.0,2.0,-2.0,-1.0,-2.0,23.0,25.0,22.0,25.0,0.0,4.0,72.0,118.0,0.0,0.0,0.4,-464.0,-0.11,22.34,-38.0,-0.01,0.0,-0.08,0.0,0.0,-0.06,0.0,0.0,0.0,-0.09,-0.48,-2.34,-0.24,-0.56,-2.33,0.32,0.54,0.12,-3.56,54.88454576052689
3034,聯詠,半導體業,3,-8.47,9.98,0.18,0.55,547.0,471.0,-115.0,,,,0.18,2451.83,4730.77,567.0,-0.37,-0.55,0.55,16.0,551.0,0.0,546.0,546.0,2795.23,4490.92,1257.0,603.0,0.0,0.0,0.0,-2.0,3.0,3.0,-2.0,0.0,-inf,1.0,-51.0,-20.0,118.0,0.02,22.65,470.0,0.08,45.46,15.0,0.0,8.49,-0.02,-0.02,0.05,0.08,2.0,4.0,10.0,0.33,1.02,1.97,-0.12,0.22,0.38,2.8,-0.7,3.15,20.3,51.65526963845504
3035,智原,半導體業,3,-23.96,29.7,1.43,0.0,213.0,171.0,1091.0,,,,1.19,4389.35,15188.47,217.0,1.23,1.69,0.0,3.0,214.0,-0.24,210.0,210.5,7221.06,5825.26,-83.0,1380.0,3.0,8.0,-16.0,18.0,55.0,62.0,11.0,18.0,1.25,2.0,-17.0,34.0,0.0,0.0,0.21,1354.0,0.52,17.68,26.0,0.01,4.51,0.42,-0.0,0.0,0.02,1.0,1.0,2.0,1.5,3.94,3.69,1.09,3.51,2.93,4.2,14.9,25.68,28.88,86.68624172091683
3036,文曄,電子通路業,2,-14.79,17.36,3.16,-1.91,212.5,-610.0,2478.0,,,,3.41,9949.55,26324.95,213.0,0.49,0.24,-1.91,0.0,213.0,0.24,206.0,205.5,4569.24,7228.16,-3278.0,1463.0,3.0,-4.0,1.0,6.0,-4.0,5.0,2.0,6.0,-2.5,2.0,361.0,-121.0,-38.0,-0.0,9.03,788.0,0.08,36.24,713.0,0.07,5.74,0.24,-0.03,0.33,0.31,0.0,3.0,7.0,0.01,-0.56,-2.64,0.3,0.35,-1.22,4.8,7.45,14.4,10.37,76.9316025870278
3037,欣興,電子零組件業,3,-29.02,40.89,1.67,0.0,1215.0,786.0,876.0,,,,3.4,15498.3,40840.6,1230.0,2.16,-1.69,0.0,0.0,1230.0,1.7,1195.0,1175.0,10810.27,10714.94,718.0,1040.0,2.0,-24.0,-56.0,-100.0,111.0,91.0,-80.0,87.0,3.17,3.0,149.0,-234.0,627.0,0.04,13.23,344.0,0.02,45.16,69.0,0.0,1.2,0.06,0.14,0.09,-0.27,5.0,7.0,13.0,0.52,1.11,1.74,0.45,1.21,1.27,35.0,122.8,189.6,240.47,80.52993074036434
3038,全台,光電業,2,-5.71,5.56,0.0,1.96,20.9,44.0,4.0,,,,0.48,203.98,540.96,21.0,0.0,0.0,1.96,0.10000000000000142,20.9,0.48,20.9,20.8,140.66,540.96,52.0,-64.0,0.0,0.0,0.0,0.0,0.0,0.0,0.0,0.0,,3.0,38.0,-11.0,0.0,0.0,0.88,-62.0,-0.04,8.06,-2.0,-0.0,0.24,0.0,0.0,0.0,0.0,0.0,0.0,0.0,0.02,-0.01,-0.09,0.05,0.02,-0.12,0.38,0.52,0.67,0.35,84.29561571492914
3040,遠見,其他,1,-11.14,2.42,-1.33,-1.46,33.4,-30.0,-34.0,,,,-1.33,175.52,436.16,37.25,-0.28,-3.56,-1.46,3.3500000000000014,33.9,0.0,33.85,33.85,159.64,114.29,11.0,37.0,0.0,0.0,0.0,0.0,0.0,0.0,0.0,0.0,,0.0,-72.0,-43.0,0.0,0.0,0.0,37.0,0.06,1.11,0.0,0.0,6.82,-0.05,0.0,0.0,0.0,0.0,0.0,0.0,0.01,0.32,0.2,-0.19,-0.24,-0.78,-0.88,-1.0,-1.37,-3.09,29.965586484229718
3041,揚智,半導體業,2,-13.24,16.06,1.23,1.67,24.65,161.0,-8.0,,,,1.23,1067.76,1284.12,25.3,-1.69,1.72,1.67,0.0,25.3,0.0,24.35,24.35,343.09,1284.12,381.0,0.0,3.0,8.0,0.0,2.0,8.0,8.0,2.0,8.0,-0.75,2.0,26.0,113.0,0.0,0.0,0.0,-0.0,-0.0,4.11,0.0,0.0,1.23,-0.0,0.0,0.0,0.0,0.0,0.0,0.0,0.39,0.86,0.86,0.14,0.45,0.39,0.77,1.19,1.51,1.34,74.7833623058493
3042,晶技,電子零組件業,3,-24.11,31.76,4.05,0.72,218.5,1086.0,4629.0,,,,4.05,34574.95,41859.15,224.0,2.53,2.71,0.72,0.0,224.0,0.0,210.0,210.0,34407.83,26893.77,316.0,3608.0,4.0,-47.0,12.0,104.0,97.0,72.0,200.0,104.0,-3.21,5.0,203.0,744.0,1290.0,0.42,3.72,1424.0,0.46,26.6,894.0,0.29,1.48,1.49,1.24,1.23,1.16,4.0,7.0,9.0,-1.18,1.8,2.2,3.34,3.73,4.47,10.9,23.15,32.03,38.12,84.97148379417148
3043,科風,其他電子業,2,-7.48,2.78,-0.49,-1.45,20.25,1.0,-2.0,,,,-0.49,58.24,97.29,21.4,-1.44,-2.43,-1.45,1.0499999999999972,20.35,0.0,20.35,20.35,97.29,46.18,-3.0,-4.0,0.0,0.0,0.0,0.0,0.0,0.0,0.0,0.0,,2.0,12.0,1.0,0.0,0.0,0.0,-4.0,-0.01,2.04,0.0,0.0,2.38,-0.01,0.0,0.0,0.0,0.0,0.0,0.0,-0.14,0.06,0.1,-0.02,0.04,0.01,-0.19,-0.28,-0.34,-0.55,40.59847269736483
3044,健鼎,電子零組件業,3,-13.16,20.36,1.15,0.0,529.0,182.0,-13.0,,,,0.76,1527.58,4717.98,547.0,-0.92,-3.16,0.0,18.0,529.0,-0.38,523.0,525.0,2303.01,2375.03,163.0,29.0,2.0,0.0,-6.0,2.0,-18.0,1.0,-5.0,2.0,inf,2.0,-91.0,-12.0,-250.0,-0.05,8.29,218.0,0.04,48.55,61.0,0.01,6.97,-0.0,-0.1,-0.0,0.11,1.0,3.0,11.0,-0.01,0.16,0.07,-0.02,0.58,0.68,-2.2,4.7,18.07,69.18,59.07232752369084
3045,台灣大,通信網路業,3,-8.76,9.42,1.67,-1.24,122.0,-984.0,391.0,,,,2.09,5834.78,18125.33,125.5,-0.41,-1.22,-1.24,3.5,122.0,0.42,120.0,119.5,5806.54,9587.63,1526.0,1609.0,1.0,-38.0,0.0,-10.0,-191.0,14.0,-64.0,14.0,-0.74,1.0,-154.0,-269.0,-852.0,-0.02,12.81,2260.0,0.06,19.17,201.0,0.01,0.89,0.01,-0.04,0.02,0.08,0.0,4.0,10.0,0.17,0.4,1.2,-0.03,0.01,0.28,0.4,-0.8,0.95,6.77,53.37514873342612
3046,建��,電腦及週邊設備業,1,-9.58,3.28,0.0,0.0,53.5,-19.0,-3.0,,,,-0.19,95.15,420.93,57.4,-0.37,-0.37,0.0,3.799999999999997,53.6,-0.19,53.5,53.6,65.07,106.78,-46.0,-45.0,1.0,-1.0,2.0,0.0,1.0,2.0,1.0,2.0,-1.0,3.0,3.0,-1.0,0.0,0.0,0.01,-47.0,-0.06,4.83,2.0,0.0,0.31,-0.0,0.0,0.0,0.0,0.0,0.0,0.0,-0.21,-0.17,-0.91,-0.02,-0.05,-0.86,-0.2,-0.05,-0.21,-1.71,43.048659873151486
3047,訊舟,通信網路業,1,-13.4,11.32,-1.69,0.34,14.5,151.0,-66.0,,,,-1.69,461.36,4747.57,15.3,-1.02,0.0,0.34,0.5500000000000007,14.75,0.0,14.75,14.75,493.79,706.31,311.0,-70.0,1.0,3.0,0.0,-15.0,-11.0,8.0,-34.0,3.0,-6.0,1.0,-55.0,-57.0,0.0,0.0,0.0,-70.0,-0.03,3.48,0.0,0.0,0.36,-0.03,0.0,0.0,0.0,0.0,0.0,0.0,0.15,0.35,0.48,0.02,0.08,0.02,-0.11,0.07,0.52,0.12,55.899155232528024
3048,益登,電子通路業,2,-10.36,7.3,2.13,-0.19,52.8,58.0,85.0,,,,2.13,1773.85,1773.85,55.0,2.98,-1.54,-0.19,2.1000000000000014,52.9,0.0,51.7,51.7,1041.86,784.0,111.0,-112.0,2.0,0.0,0.0,2.0,0.0,1.0,3.0,2.0,inf,3.0,26.0,74.0,0.0,0.0,0.0,-126.0,-0.05,5.8,14.0,0.01,0.45,0.03,0.0,0.0,0.0,0.0,0.0,0.0,-0.14,-0.2,-0.24,-0.13,-0.21,-0.58,1.22,1.67,1.33,-0.84,64.37718242835271
3049,和鑫,光電業,2,-12.59,21.05,-2.77,3.27,12.3,1152.0,-1065.0,,,,-2.77,4037.19,17344.81,13.5,-1.21,-0.82,3.27,0.8499999999999996,12.65,0.0,12.65,12.65,2310.16,9024.07,2193.0,-1499.0,2.0,27.0,-2.0,-13.0,-9.0,27.0,18.0,27.0,-1.48,2.0,-7.0,119.0,0.0,0.0,0.0,-1514.0,-0.19,1.76,15.0,0.0,0.29,-0.13,0.0,0.0,0.0,0.0,0.0,0.0,-0.06,-0.4,-0.18,-0.1,-0.44,-0.55,-0.05,-0.03,-0.09,0.53,48.261773052842074
3050,鈺德,光電業,2,-9.17,9.17,-0.84,2.58,11.75,146.0,-79.0,,,,-1.67,949.21,949.21,12.0,0.0,1.3,2.58,0.09999999999999964,11.9,-0.84,11.85,11.95,316.07,774.86,185.0,-236.0,0.0,0.0,0.0,0.0,0.0,0.0,0.0,0.0,,3.0,169.0,46.0,0.0,0.0,0.0,-224.0,-0.14,6.15,-12.0,-0.01,0.26,-0.05,0.0,0.0,0.0,0.0,0.0,0.0,0.12,0.3,0.25,0.04,0.12,0.05,0.08,0.2,0.32,0.2,60.25388070861622
3051,力特,光電業,2,-12.21,12.71,-2.13,1.53,23.0,87.0,-30.0,,,,-1.29,465.03,1256.85,23.75,-0.89,1.57,1.53,0.25,23.5,0.86,23.5,23.3,336.49,1256.85,378.0,25.0,0.0,0.0,0.0,0.0,0.0,3.0,-3.0,0.0,,2.0,-37.0,-72.0,0.0,0.0,0.0,19.0,0.01,3.65,6.0,0.0,0.09,-0.02,0.0,0.0,0.0,0.0,0.0,0.0,0.35,0.97,0.37,0.01,0.43,-0.24,0.25,0.46,0.98,0.28,61.25950141383306
3052,夆典,建材營造,1,-4.25,3.94,0.48,0.48,10.45,-17.0,8.0,,,,0.48,388.66,497.08,10.6,0.0,-0.48,0.48,0.049999999999998934,10.55,0.0,10.4,10.4,128.34,235.04,99.0,83.0,0.0,0.0,0.0,0.0,0.0,0.0,0.0,0.0,,2.0,-4.0,5.0,0.0,0.0,0.0,83.0,0.04,1.78,0.0,0.0,0.09,0.0,0.0,0.0,0.0,0.0,0.0,0.0,0.03,0.0,-0.26,0.0,-0.0,-0.11,0.05,0.08,0.04,-0.27,56.04831431818966
3054,立萬利,半導體業,3,-10.15,20.04,0.68,0.51,59.6,6.0,0.0,,,,0.34,123.16,189.04,60.1,-0.17,0.68,0.51,0.5,59.6,-0.34,59.2,59.4,92.62,151.64,46.0,10.0,0.0,0.0,0.0,0.0,0.0,0.0,0.0,0.0,,1.0,-25.0,-35.0,0.0,0.0,0.02,10.0,0.01,0.63,0.0,0.0,0.15,0.0,0.0,0.0,0.0,0.0,0.0,0.0,0.11,0.2,0.16,0.03,0.05,0.06,0.66,1.4,2.41,4.89,76.70631224394837
3055,蔚華科,電子通路業,3,-43.81,98.13,0.96,4.23,210.0,-620.0,321.0,,,,0.24,1429.99,25052.31,226.0,-2.21,2.26,4.23,14.0,212.0,-0.72,208.0,209.5,7359.54,15323.7,-494.0,55.0,3.0,1224.0,197.0,-834.0,1497.0,1224.0,527.0,1224.0,-1.68,3.0,991.0,-271.0,0.0,0.0,0.0,48.0,0.05,3.05,7.0,0.01,0.56,0.33,0.0,0.0,0.0,0.0,0.0,0.0,0.8,1.31,-1.66,-0.56,2.02,0.34,4.9,18.4,40.85,67.26,81.60122766601216
3056,總太,建材營造,1,-10.03,2.97,-0.72,0.0,13.75,-124.0,-74.0,,,,-0.72,422.16,2783.34,14.95,0.0,-1.42,0.0,1.0999999999999996,13.85,0.0,13.85,13.85,425.78,508.74,-31.0,2.0,0.0,0.0,0.0,0.0,-2.0,0.0,0.0,0.0,,3.0,16.0,3.0,0.0,0.0,0.0,3.0,0.0,6.27,-1.0,-0.0,0.18,-0.02,0.0,0.0,0.0,0.0,0.0,0.0,-0.0,0.44,0.55,-0.11,0.1,0.05,-0.16,-0.32,-0.24,-0.41,37.10469924868263
3057,喬鼎,電腦及週邊設備業,2,-13.65,6.13,-3.05,-0.31,15.9,0.0,-6.0,,,,-1.85,117.46,123.02,17.95,-2.17,2.85,-0.31,1.5,16.45,1.23,16.4,16.2,85.8,15.33,0.0,-6.0,0.0,0.0,0.0,0.0,0.0,0.0,0.0,0.0,,0.0,0.0,0.0,0.0,0.0,0.0,-5.0,-0.01,2.05,-1.0,-0.0,0.26,-0.01,0.0,0.0,0.0,0.0,0.0,0.0,0.0,0.15,0.06,-0.04,-0.05,-0.08,-0.16,-0.29,-0.58,-0.54,38.83206955842518
3058,立德,電子零組件業,1,-5.72,3.79,-0.61,-0.36,8.15,19.0,-47.0,,,,-0.61,280.98,675.09,8.39,-0.96,-0.85,-0.36,0.17999999999999972,8.21,0.0,8.2,8.2,282.79,336.2,124.0,68.0,0.0,0.0,0.0,0.0,0.0,0.0,0.0,0.0,,0.0,0.0,0.0,0.0,0.0,0.0,68.0,0.03,2.6,0.0,0.0,0.07,-0.02,0.0,0.0,0.0,0.0,0.0,0.0,0.2,0.48,0.33,-0.01,0.1,-0.32,-0.05,-0.02,0.04,-0.18,49.224517648819344
3059,華晶科,光電業,1,-9.52,6.56,-1.79,1.31,38.3,246.0,-302.0,,,,-1.16,1140.41,2551.84,40.45,-0.26,0.0,1.31,1.4500000000000028,39.0,0.65,39.0,38.75,754.48,1575.18,307.0,-400.0,2.0,1.0,0.0,1.0,0.0,1.0,2.0,1.0,0.0,3.0,-61.0,105.0,0.0,0.0,0.1,-392.0,-0.14,8.65,-8.0,-0.0,0.76,-0.11,0.0,0.0,0.05,0.0,0.0,5.0,0.18,0.24,-0.29,0.01,-0.09,-0.57,0.16,0.2,0.13,-1.69,53.07906036824765
3060,銘異,電腦及週邊設備業,1,-13.27,15.29,0.53,0.36,28.3,-99.0,-45.0,,,,0.71,1766.14,2271.59,29.4,0.95,3.39,0.36,0.0,29.4,0.18,28.15,28.1,2096.63,2271.59,33.0,64.0,2.0,4.0,10.0,-4.0,14.0,10.0,10.0,10.0,-2.0,2.0,56.0,-171.0,0.0,0.0,0.27,61.0,0.04,10.07,3.0,0.0,1.49,-0.03,0.0,0.0,0.0,0.0,0.0,0.0,0.01,0.02,-1.48,-0.15,-0.11,-0.94,0.96,1.31,1.67,-0.1,72.75034173061033
3062,建漢,通信網路業,2,-13.36,13.43,-1.77,1.55,22.25,535.0,-353.0,,,,-2.84,1441.7,7900.42,23.2,-1.13,0.23,1.55,0.3999999999999986,22.8,-1.09,22.65,22.9,1045.14,3202.36,436.0,-511.0,3.0,12.0,12.0,-4.0,24.0,12.0,27.0,12.0,-1.33,4.0,420.0,-93.0,0.0,0.0,0.0,-507.0,-0.15,9.67,-4.0,-0.0,0.61,-0.11,0.0,0.0,0.0,0.0,0.0,0.0,-0.13,-0.22,-0.23,-0.04,-0.1,-0.08,-0.01,0.27,1.0,1.07,57.291854294605194
3064,泰偉,文化創意業,1,-8.43,0.0,0.0,,15.75,0.0,0.0,,,,,3.83,3.83,17.2,,,,1.4499999999999993,15.75,,15.75,,0.11,0.13,0.0,,,,,,,,,,,,,,0.0,0.0,0.0,,,,,,,0.0,0.0,0.0,0.0,0.0,0.0,0.0,0.0,0.0,0.0,0.0,0.0,0.0,0.0,-0.73,-1.0,-2.31,26.39915463719123
3066,李洲,光電業,3,-25.69,34.15,-1.37,-0.17,28.9,-80.0,-12.0,,,,-1.03,1584.62,7987.41,30.75,0.55,7.66,-0.17,0.5,30.25,0.34,29.3,29.2,2779.98,2402.03,-279.0,,,,,,,,,,,,,,0.0,0.0,0.0,5.0,0.01,,,,,-0.01,0.0,0.0,0.0,0.0,0.0,0.0,0.09,2.84,2.54,0.03,1.53,1.0,0.45,0.61,2.67,4.5,63.40087999974887
3067,全域,其他電子業,3,-7.51,,,,,,,,,,,0.0,23.06,17.3,,,,,,,,,1.0,0.0,0.0,,,,,,,,,,,,,,0.0,0.0,0.0,,,,,,,,0.0,0.0,0.0,0.0,0.0,0.0,0.0,0.0,0.0,,,,,,,,
3071,協禧,電腦及週邊設備業,1,-10.78,1.98,-0.22,0.22,23.05,-12.0,-23.0,,,,0.0,143.88,641.83,25.5,-0.22,-0.43,0.22,2.3000000000000007,23.2,0.22,23.1,23.05,106.81,126.0,19.0,,,,,,,,,,,,,,0.0,0.0,0.12,16.0,0.01,,,,,-0.02,0.0,0.0,0.0,0.0,0.0,0.0,-0.01,0.01,-0.31,-0.1,-0.18,-0.48,0.04,-0.14,-0.57,-2.09,39.007110849876426
3073,天方能源,半導體業,1,-12.09,4.75,-0.49,-1.67,20.5,,,,,,-0.49,8.48,83.06,22.75,0.0,1.48,-1.67,1.8000000000000007,20.95,0.0,20.6,20.6,13.69,9.61,1.0,,,,,,,,,,,,,,0.0,0.0,0.0,-3.0,-0.01,,,,,,0.0,0.0,0.0,0.0,0.0,0.0,-0.02,-0.06,-0.21,,,,0.04,-0.07,-0.84,-1.37,33.98530126807927
3078,僑威,電子零組件業,1,-11.34,7.67,-1.19,0.65,45.75,114.0,-61.0,,,,-0.87,402.17,1416.96,48.5,0.55,0.44,0.65,2.200000000000003,46.3,0.33,46.3,46.15,284.93,359.09,178.0,,,,,,,,,,,,,,3.0,0.0,1.24,-146.0,-0.06,,,,,-0.03,-0.01,0.09,0.12,2.0,7.0,14.0,0.06,0.25,-0.11,0.05,0.16,-0.37,0.11,0.34,0.58,-4.78,51.03457468361123
3081,聯亞,通信網路業,2,-27.49,5.22,-1.12,-0.19,2660.0,-21.0,-185.0,,,,-1.3,1921.57,5759.49,3565.0,0.75,-1.85,-0.19,845.0,2720.0,-0.19,2690.0,2695.0,1244.65,1417.73,-75.0,,,,,,,,,,,,,,-348.0,-0.38,17.3,-80.0,-0.09,,,,,-0.2,-0.83,0.69,-1.07,2.0,7.0,8.0,-0.06,-3.97,-2.63,-1.0,-2.59,-2.93,-17.0,-89.0,-191.0,184.83,37.3007025326566
3083,網龍,文化創意業,1,-10.72,12.01,5.51,-0.44,23.95,1.0,29.0,,,,5.97,274.53,274.53,24.25,0.0,-0.66,-0.44,0.0,24.25,0.44,22.7,22.6,47.02,60.34,-11.0,,,,,,,,,,,,,,0.0,0.0,1.35,-4.0,-0.0,,,,,0.03,0.0,0.0,0.0,0.0,0.0,0.0,0.01,0.14,0.12,0.03,0.05,-0.05,0.96,1.22,1.24,-0.17,76.72797003933492
3085,新零售,電子商務,3,-10.33,,,5.22,,,,,,,,,19.87,12.1,0.0,-0.44,5.22,,,,,12.1,8.15,4.53,0.0,,,,,,,,,,,,,,0.0,0.0,0.0,,,,,,,,0.0,0.0,0.0,0.0,0.0,0.0,0.0,0.0,0.0,,,,,,,,
3086,華義,文化創意業,1,-16.62,7.13,-0.18,0.74,27.35,-25.0,-1.0,,,,-0.18,65.39,344.77,32.5,-0.88,-2.12,0.74,4.699999999999999,27.8,0.0,27.4,27.4,132.8,97.42,12.0,,,,,,,,,,,,,,0.0,0.0,0.0,22.0,0.09,,,,,-0.0,0.0,0.0,0.0,0.0,0.0,0.0,0.14,0.31,0.46,-0.48,-0.53,-0.96,-0.51,-1.07,-1.68,-1.25,27.624443495708746
3088,艾訊,電腦及週邊設備業,2,-13.36,12.5,-1.12,-3.26,132.5,-247.0,-54.0,,,,-0.75,441.05,1736.59,138.5,1.97,5.02,-3.26,3.5,135.0,0.37,134.0,133.5,1736.59,962.65,-196.0,,,,,,,,,,,,,,0.0,0.0,0.41,-130.0,-0.13,,,,,-0.05,0.0,0.0,0.0,0.0,0.0,0.0,0.42,1.18,0.22,0.17,0.77,0.22,0.8,3.3,6.0,1.71,62.09549730578111
3089,億杰,電子零組件業,3,,,,,,,,,,,,,,,,,,,,,,,,,,,,,,,,,,,,,,,,,,,,,,,,,,,,,,,,,,,,,,,,,
3090,日電貿,電子零組件業,1,-14.21,9.24,4.32,-1.23,169.0,-80.0,563.0,,,,4.97,8362.1,14273.7,183.0,0.0,-2.42,-1.23,11.5,171.5,0.62,162.0,161.0,1579.58,1199.85,-56.0,936.0,2.0,-2.0,-1.0,21.0,-7.0,3.0,19.0,21.0,-11.5,3.0,-42.0,232.0,0.0,0.0,7.58,815.0,0.45,12.44,121.0,0.07,0.6,0.31,0.05,0.12,0.49,1.0,4.0,7.0,0.04,0.83,0.68,-0.07,0.12,-0.07,4.8,5.15,3.62,-6.07,61.446111621212495
3092,鴻碩,電子零組件業,1,-13.6,15.28,-1.62,9.65,24.3,-101.0,-136.0,,,,-2.8,756.52,1373.87,25.0,0.66,0.0,9.65,0.10000000000000142,24.9,-1.2,24.7,25.0,148.78,1373.87,97.0,-165.0,1.0,4.0,0.0,-6.0,4.0,4.0,-2.0,4.0,-2.5,2.0,-73.0,-65.0,0.0,0.0,0.0,-165.0,-0.15,1.92,-0.0,-0.0,0.13,-0.13,0.0,0.0,0.0,0.0,0.0,0.0,0.02,0.18,0.58,-0.23,-0.21,-0.25,0.82,1.17,1.13,0.21,62.70022213616193
3093,港建,其他電子業,1,-10.88,6.74,2.46,0.45,45.85,14.0,4.0,,,,2.57,266.77,390.78,48.25,0.56,-2.01,0.45,2.3500000000000014,45.9,0.11,44.75,44.7,356.59,211.12,93.0,,,,,,,,,,,,,,0.0,0.0,0.0,67.0,0.05,,,,,0.0,0.0,0.0,0.0,0.0,0.0,0.0,0.26,0.36,0.19,-0.04,-0.02,-0.26,1.09,1.08,1.09,-1.4,61.45387406564698
3094,聯傑,半導體業,3,-40.77,91.24,9.55,-0.81,67.7,-4305.0,3302.0,,,,9.9,29571.94,38839.09,67.7,0.0,9.94,-0.81,0.0,67.7,0.32,61.8,61.6,10028.32,38839.09,-930.0,1914.0,3.0,-94.0,325.0,348.0,140.0,325.0,626.0,348.0,-4.7,3.0,817.0,1725.0,0.0,0.0,0.0,1832.0,2.2,11.5,82.0,0.1,0.35,3.97,0.0,0.0,0.0,0.0,0.0,0.0,-2.33,3.89,7.55,0.65,5.34,8.41,8.18,12.68,18.89,26.57,85.90218792517639
3095,及成,通信網路業,1,-15.46,4.06,-0.3,0.75,33.2,0.0,0.0,,,,-0.9,5.18,65.35,37.85,2.26,0.0,0.75,4.550000000000004,33.3,-0.6,33.3,33.5,5.03,8.17,1.0,,,,,,,,,,,,,,0.0,0.0,0.0,1.0,0.01,,,,,0.0,0.0,0.0,0.0,0.0,0.0,0.0,0.01,-0.0,0.0,0.0,0.0,0.0,-0.39,-0.84,-1.55,-3.44,33.814541852499886
3105,穩懋,半導體業,3,-23.08,56.22,-1.47,6.48,538.0,17325.0,-3039.0,,,,-0.74,26937.66,47614.13,546.0,1.01,-1.79,6.48,0.0,546.0,0.74,546.0,542.0,15337.97,43189.14,14061.0,,,,,,,,,,,,,,563.0,0.13,11.73,113.0,0.03,,,,,-0.72,0.59,1.22,3.84,5.0,10.0,18.0,2.46,5.39,2.68,2.85,6.0,4.34,23.6,37.3,61.73,130.77,74.56231726684341
3114,好德,電子零組件業,2,-23.52,30.76,4.19,-3.35,36.05,-38.0,443.0,,,,4.19,3014.8,3014.8,38.05,9.95,2.19,-3.35,0.0,38.05,0.0,34.6,34.6,1782.3,651.47,-164.0,,,,,,,,,,,,,,0.0,0.0,0.0,442.0,0.68,,,,,0.68,0.0,0.0,0.0,0.0,0.0,0.0,0.05,0.26,-0.08,0.42,0.64,0.32,1.84,3.41,4.35,2.66,77.5830388645164
3115,富榮綱,電子零組件業,1,-18.05,9.5,-1.2,0.0,8.2,0.0,0.0,,,,-3.53,8.11,70.01,9.25,-0.5,7.77,0.0,0.9499999999999993,8.3,-2.35,8.3,8.5,14.9,23.44,-1.0,,,,,,,,,,,,,,0.0,0.0,0.0,,,,,,,0.0,0.0,0.0,0.0,0.0,0.0,0.0,0.05,0.04,0.04,0.01,0.01,0.01,-0.06,-0.0,-0.22,-0.55,44.06190222485994
3118,進階,生技醫療業,2,-4.06,2.6,0.8,-0.95,31.55,1.0,0.0,,,,0.8,7.18,48.88,32.05,,1.62,-0.95,0.49999999999999645,31.55,0.0,31.3,31.3,29.2,48.88,-4.0,,,,,,,,,,,,,,0.0,0.0,0.0,-1.0,-0.0,,,,,0.0,0.0,0.0,0.0,0.0,0.0,0.0,0.01,0.02,0.01,-0.01,-0.01,-0.01,0.29,0.14,0.12,-0.11,55.00071906929041
3122,笙泉,半導體業,1,-11.75,6.99,1.24,3.64,24.5,6.0,0.0,,,,1.24,22.41,112.53,25.95,-1.03,-2.08,3.64,1.4499999999999993,24.5,0.0,24.2,24.2,38.74,73.72,1.0,,,,,,,,,,,,,,0.0,0.0,0.0,-2.0,-0.0,,,,,0.0,0.0,0.0,0.0,0.0,0.0,0.0,-0.04,0.01,0.01,-0.03,-0.05,-0.11,0.41,0.37,0.13,-1.01,56.02499548586603
3128,昇銳,光電業,1,-10.45,4.06,-2.2,0.0,20.05,-16.0,-8.0,,,,-1.47,80.34,617.31,22.0,0.49,0.0,0.0,1.5,20.5,0.74,20.5,20.35,39.6,60.99,11.0,,,,,,,,,,,,,,0.0,0.0,0.0,17.0,0.04,,,,,-0.02,0.0,0.0,0.0,0.0,0.0,0.0,0.06,0.18,-0.07,-0.07,-0.12,-0.3,-0.22,-0.3,-0.17,-1.37,34.61300690070085
3130,一零四,資訊服務業,2,-1.42,0.96,0.48,0.0,210.0,-1.0,-1.0,,,,0.48,64.45,65.16,211.0,0.0,0.24,0.0,1.0,210.0,0.0,209.0,209.0,39.95,46.56,-26.0,-43.0,0.0,0.0,0.0,0.0,0.0,0.0,0.0,0.0,,0.0,-1.0,0.0,0.0,0.0,0.0,-43.0,-0.13,13.68,0.0,0.0,0.04,-0.0,0.0,0.0,0.0,0.0,0.0,0.0,-0.4,-0.76,-1.11,-0.01,-0.07,-0.16,1.0,1.1,0.85,1.38,65.53268316222966
3131,弘塑,其他電子業,1,-18.03,17.4,-4.8,0.8,2380.0,18.0,-328.0,,,,-5.74,680.88,918.65,2745.0,1.9,2.7,0.8,215.0,2530.0,-0.99,2500.0,2525.0,556.29,767.97,53.0,,,,,,,,,,,,,,-2.0,-0.01,4.85,-368.0,-1.26,,,,,-1.12,-0.18,-0.18,-0.28,0.0,3.0,8.0,-0.4,-1.4,-1.22,-1.12,-1.23,-1.52,-51.0,-39.5,-45.5,-194.08,44.174274480837646
3138,耀登,通信網路業,2,-23.89,16.86,-1.0,2.02,99.0,36.0,-42.0,,,,-1.98,365.54,3522.4,113.0,2.37,-1.31,2.02,12.5,100.5,-0.99,100.0,101.0,439.5,589.69,-10.0,-5.0,1.0,0.0,0.0,0.0,-5.0,4.0,-3.0,4.0,,3.0,6.0,-33.0,0.0,0.0,0.0,-2.0,-0.0,2.5,-3.0,-0.01,0.15,-0.08,0.0,0.0,0.0,0.0,0.0,0.0,-0.91,-3.87,-3.95,-0.75,-3.0,-3.22,0.08,-1.47,2.98,1.19,52.15784405250922
3141,晶宏,半導體業,2,-25.0,28.02,-1.17,-0.47,84.5,-61.0,-163.0,,,,-0.94,1474.89,21370.26,110.0,-2.89,1.55,-0.47,23.200000000000003,86.8,0.23,85.5,85.3,1556.45,1076.36,-111.0,,,,,,,,,,,,,,0.0,0.0,0.0,-66.0,-0.09,,,,,-0.22,0.0,0.0,0.0,0.0,0.0,0.0,-0.36,-1.18,-0.84,-0.98,-2.19,-3.16,-0.56,-4.32,-7.75,5.91,33.08147106882649
3147,大綜,資訊服務業,3,-19.63,26.48,10.54,-0.81,267.5,-3.0,315.0,,,,9.86,1672.96,1672.96,267.5,3.62,0.0,-0.81,0.0,267.5,-0.62,242.0,243.5,580.12,543.55,96.0,,,,,,,,,,,,,,0.0,0.0,0.0,36.0,0.09,,,,,0.81,0.0,0.0,0.0,0.0,0.0,0.0,0.41,0.77,0.6,0.72,0.94,0.79,21.2,26.55,35.9,38.71,84.87628658435901
3149,正達,光電業,2,-23.26,30.31,0.0,6.47,74.3,2388.0,-4511.0,,,,0.41,37136.0,37136.0,76.1,0.16,6.32,6.47,0.0,76.1,0.41,74.3,74.0,9373.93,18806.12,-3940.0,-1278.0,2.0,136.0,32.0,-49.0,146.0,136.0,85.0,136.0,-1.36,4.0,2437.0,250.0,0.0,0.0,0.0,-1120.0,-0.78,5.01,-158.0,-0.11,0.0,-3.13,0.0,0.0,0.0,0.0,0.0,0.0,-3.03,-1.61,-3.58,-0.91,-0.55,-2.55,5.88,8.46,10.83,5.64,83.51768537251914
3152,璟德,通信網路業,1,-11.43,8.29,0.22,1.76,232.5,5.0,8.0,,,,0.65,104.94,306.28,245.0,4.99,-2.38,1.76,10.0,235.0,0.43,232.0,231.0,88.92,90.84,-1.0,,,,,,,,,,,,,,0.0,0.0,0.0,13.0,0.02,,,,,0.01,0.0,0.0,0.0,0.0,0.0,0.0,-0.14,-0.15,-0.2,0.01,0.01,-0.13,4.2,7.5,5.43,-1.91,61.06266769825599
3162,精確,電機機械,3,-26.09,53.08,1.74,4.27,87.5,279.0,819.0,,,,2.46,7506.04,7506.04,92.0,-1.47,9.92,4.27,0.0,92.0,0.7,86.0,85.4,4087.59,7118.62,1065.0,,,,,,,,,,,,,,0.0,0.0,0.0,1161.0,0.89,,,,,0.63,0.0,0.0,0.0,0.0,0.0,0.0,2.44,3.19,1.63,1.67,2.62,1.64,7.08,9.87,13.2,17.62,80.30267418429682
3163,波若威,通信網路業,2,-20.13,7.13,-0.31,-2.28,651.0,-77.0,-552.0,,,,1.24,3136.33,4776.7,790.0,-1.51,-1.07,-2.28,114.0,676.0,1.56,653.0,643.0,1040.58,1071.19,-117.0,,,,,,,,,,,,,,-3.0,-0.0,2.52,-418.0,-0.52,,,,,-0.69,-0.01,-0.03,-0.03,0.0,0.0,0.0,-0.93,-2.04,-3.17,-0.93,-2.01,-3.45,-0.2,-6.0,-34.05,-46.62,38.715107349988955
3164,景岳,生技醫療業,3,-6.31,8.14,0.0,0.91,16.5,0.0,0.0,,,,-0.3,30.21,102.56,16.65,1.56,1.84,0.91,0.04999999999999716,16.6,-0.3,16.5,16.55,102.56,33.17,5.0,5.0,0.0,0.0,0.0,0.0,0.0,0.0,0.0,0.0,,1.0,4.0,0.0,0.0,0.0,0.0,5.0,0.01,0.62,0.0,0.0,0.08,0.0,0.0,0.0,0.0,0.0,0.0,0.0,0.06,0.08,0.09,0.02,0.02,0.02,0.1,0.35,0.48,0.33,67.90111415653426
3167,大量,電機機械,3,-26.26,53.54,7.38,-1.66,975.0,-690.0,1902.0,,,,9.92,9021.63,16040.43,975.0,6.63,-4.85,-1.66,0.0,975.0,2.37,908.0,887.0,4902.89,4139.18,-742.0,2105.0,2.0,-15.0,-67.0,66.0,-53.0,49.0,15.0,66.0,-5.4,5.0,72.0,311.0,118.0,0.14,8.05,1966.0,2.38,13.01,21.0,0.03,0.59,2.31,0.14,0.55,0.96,1.0,5.0,8.0,1.26,-0.93,2.26,1.68,0.19,2.87,54.2,100.1,122.25,224.04,69.47508998276065
3169,亞信,半導體業,3,-17.85,21.94,1.74,-0.86,117.0,61.0,154.0,,,,1.74,474.95,2592.22,121.0,3.15,0.87,-0.86,1.5,119.5,0.0,115.0,115.0,471.88,261.45,40.0,,,,,,,,,,,,,,0.0,0.0,0.7,164.0,0.26,,,,,0.25,0.0,0.0,0.0,0.0,0.0,0.0,1.01,1.36,0.41,0.75,0.9,-0.06,2.4,7.9,10.8,13.87,85.27512383561744
3171,新洲,貿易百貨,1,-10.19,2.09,-1.38,0.34,57.3,0.0,-9.0,,,,-2.55,39.53,85.77,63.8,0.17,-1.19,0.34,5.299999999999997,58.5,-1.19,58.1,58.8,7.51,4.1,-1.0,,,,,,,,,,,,,,0.0,0.0,0.0,-2.0,-0.0,,,,,-0.01,0.0,0.0,0.0,0.0,0.0,0.0,-0.0,0.01,0.02,-0.01,-0.01,-0.07,-1.16,-1.55,-2.69,-5.74,26.09926038833271
3176,基亞,生技醫療業,3,-13.75,10.88,-0.53,0.94,37.5,4.0,8.0,,,,-0.53,252.84,2854.82,40.0,-2.08,-1.06,0.94,2.299999999999997,37.7,0.0,37.7,37.7,281.03,288.24,94.0,,,,,,,,,,,,,,0.0,0.0,0.0,-61.0,-0.04,,,,,0.01,0.0,0.0,0.0,0.0,0.0,0.0,-0.02,0.42,0.86,-0.09,0.08,0.08,-0.27,-0.62,0.52,2.03,48.905385322067346
3178,公準,電機機械,2,-31.13,25.98,-1.0,-0.72,69.4,4.0,8.0,,,,0.0,176.69,2867.9,81.6,-1.57,0.73,-0.72,10.799999999999997,70.8,1.01,70.1,69.4,142.99,238.59,23.0,,,,,,,,,,,,,,0.0,0.0,0.0,5.0,0.01,,,,,0.02,0.0,0.0,0.0,0.0,0.0,0.0,0.01,0.09,-0.13,0.05,-0.82,-0.96,-0.02,0.54,4.62,7.01,59.94071617734907
3188,鑫龍騰,建材營造,2,-7.57,1.51,-1.49,-0.43,23.2,-30.0,-19.0,,,,-0.43,98.68,257.37,25.1,0.0,-0.21,-0.43,1.5500000000000007,23.55,1.07,23.55,23.3,22.21,128.82,0.0,,,,,,,,,,,,,,0.0,0.0,0.0,-2.0,-0.0,,,,,-0.01,0.0,0.0,0.0,0.0,0.0,0.0,-0.02,-0.04,-0.08,-0.04,-0.07,-0.05,-0.19,-0.37,-0.67,-0.52,24.82482785231977
3189,景碩,半導體業,3,-24.9,33.16,3.48,0.94,1010.0,-744.0,2055.0,,,,4.12,32224.07,42703.31,1020.0,6.18,-0.73,0.94,0.0,1020.0,0.62,976.0,970.0,15155.24,21325.43,229.0,3165.0,3.0,225.0,272.0,-42.0,1104.0,518.0,544.0,272.0,-1.19,1.0,-503.0,-389.0,1519.0,0.33,10.76,1518.0,0.33,26.54,128.0,0.03,2.13,0.45,0.7,0.89,0.79,4.0,8.0,14.0,2.47,3.74,2.87,1.24,4.28,2.68,49.4,110.4,154.8,198.02,82.7642913574997
3191,和進,電子零組件業,1,-8.94,4.29,0.6,-0.3,16.85,,,,,,0.6,45.0,104.65,17.9,0.9,-1.49,-0.3,0.8999999999999986,17.0,0.0,16.75,16.75,21.01,21.51,0.0,,,,,,,,,,,,,,0.0,0.0,0.0,,,,,,,,0.0,0.0,0.0,0.0,0.0,0.0,0.0,0.0,0.04,,,,0.16,0.16,0.01,-0.92,52.39470223660327
3202,樺晟,電子零組件業,3,,,,,,,,,,,,,,,,,,,,,,,,,,,,,,,,,,,,,,,,,,,,,,,,,,,,,,,,,,,,,,,,,
3205,佰研,生技醫療業,1,-4.58,2.4,-0.21,0.0,46.7,0.0,0.0,,,,-0.21,18.71,114.51,48.0,0.64,-0.43,0.0,1.1000000000000014,46.9,0.0,46.8,46.8,52.16,6.06,3.0,,,,,,,,,,,,,,0.0,0.0,0.0,3.0,0.01,,,,,0.0,0.0,0.0,0.0,0.0,0.0,0.0,0.09,0.11,0.2,-0.03,-0.03,-0.09,-0.07,0.0,-0.04,-1.54,47.07704491827822
3206,志豐,電子零組件業,2,-9.61,8.32,-1.56,1.16,34.6,0.0,0.0,,,,-1.0,14.39,115.91,35.9,-1.0,-0.14,1.16,0.75,35.15,0.57,35.15,34.95,8.05,18.17,0.0,,,,,,,,,,,,,,0.0,0.0,0.0,0.0,0.0,,,,,0.0,0.0,0.0,0.0,0.0,0.0,0.0,0.01,0.2,0.31,0.0,0.03,0.07,-0.13,-0.23,-0.15,-0.1,45.37307425818426
3207,耀勝,電子零組件業,1,-12.91,14.82,4.9,0.39,40.7,5.0,44.0,,,,4.9,309.15,309.45,41.45,-0.39,0.79,0.39,0.0,41.45,0.0,38.8,38.8,108.01,186.52,94.0,,,,,,,,,,,,,,0.0,0.0,0.0,87.0,0.14,,,,,0.07,0.0,0.0,0.0,0.0,0.0,0.0,0.43,0.47,0.45,0.1,0.07,-0.15,1.94,2.4,2.24,-2.43,74.53547806510413
3209,全科,電子通路業,1,-8.5,3.4,-0.11,-1.31,45.35,-173.0,-53.0,,,,0.0,553.67,2368.92,48.25,0.11,-0.66,-1.31,2.6000000000000014,45.65,0.11,45.4,45.35,691.17,797.5,-183.0,-70.0,1.0,2.0,0.0,-2.0,2.0,2.0,0.0,2.0,-2.0,3.0,29.0,-51.0,0.0,0.0,0.03,-73.0,-0.03,13.59,3.0,0.0,0.03,-0.02,0.0,0.0,0.0,0.0,0.0,0.0,-0.29,-0.08,-0.91,-0.2,-0.18,-0.98,-0.2,-0.25,-0.34,-6.62,37.61328761363133
3211,順達,電腦及週邊設備業,2,-14.04,26.15,-0.51,2.18,394.0,1638.0,-436.0,,,,-1.13,2448.05,8930.05,406.0,-0.39,1.98,2.18,8.0,398.0,-0.63,396.0,398.5,3990.95,8225.02,632.0,,,,,,,,,,,,,,-28.0,-0.02,16.08,-448.0,-0.3,,,,,-0.29,0.04,0.52,-0.88,2.0,6.0,13.0,-0.32,-0.29,-1.55,0.51,1.11,-2.02,6.6,13.2,16.65,17.69,63.04896955933032
3213,茂訊,電腦及週邊設備業,1,-11.15,4.18,-0.4,-1.58,124.0,-18.0,-17.0,,,,-0.4,143.37,890.32,134.5,0.4,0.8,-1.58,10.0,124.5,0.0,124.5,124.5,154.64,123.25,3.0,,,,,,,,,,,,,,0.0,0.0,0.22,-45.0,-0.08,,,,,-0.03,0.0,0.0,0.0,0.0,0.0,0.0,0.09,0.42,-1.95,-0.04,0.02,-1.46,-0.5,-0.45,-0.42,-3.58,45.838580105458
3217,優群,電子零組件業,1,-9.09,4.0,-0.38,-0.38,129.5,-29.0,-4.0,,,,-0.38,134.08,1044.31,137.5,-0.38,0.39,-0.38,7.5,130.0,0.0,130.0,130.0,133.0,284.71,86.0,,,,,,,,,,,,,,0.0,0.0,0.02,-29.0,-0.03,,,,,-0.0,0.0,0.0,0.0,0.0,0.0,0.0,0.16,0.2,-0.72,-0.06,-0.18,-1.0,-0.3,-0.05,-0.78,-11.37,43.79621955736436
3218,大學光,生技醫療業,1,-8.62,2.26,-0.74,0.75,134.0,7.0,-15.0,,,,-0.74,93.83,358.87,145.0,0.75,-0.74,0.75,9.5,135.5,0.0,135.0,135.0,88.66,84.3,-5.0,,,,,,,,,,,,,,0.0,0.0,0.31,-31.0,-0.04,,,,,-0.02,0.0,0.0,0.0,0.0,0.0,0.0,-0.25,-0.45,-1.1,-0.07,-0.19,-0.66,-0.1,0.0,-1.3,-3.14,44.80172421920628
3219,倚強科,其他電子業,3,-39.55,95.91,-0.75,1.15,131.5,-114.0,-45.0,,,,0.0,1249.58,6655.74,134.5,9.57,9.61,1.15,0.5,134.0,0.76,132.5,131.5,1432.36,6655.74,343.0,,,,,,,,,,,,,,0.0,0.0,0.0,99.0,0.14,,,,,-0.06,0.0,0.0,0.0,0.0,0.0,0.0,0.4,0.99,2.55,-1.42,0.09,0.62,10.0,24.63,33.78,51.65,88.14539492384209
3221,台嘉碩,通信網路業,2,-19.89,24.83,4.68,-1.35,53.7,-114.0,331.0,,,,4.88,13632.74,13632.74,55.3,-2.0,3.46,-1.35,0.0,55.3,0.2,51.3,51.2,4932.68,3081.46,-213.0,,,,,,,,,,,,,,0.0,0.0,0.0,356.0,0.34,,,,,0.32,0.0,0.0,0.0,0.0,0.0,0.0,1.15,2.31,-0.29,1.15,1.86,-0.58,2.72,4.36,4.94,4.82,76.75225691831358
3224,三顧,電子通路業,1,-13.14,3.45,-1.75,1.45,30.9,0.0,-12.0,,,,-1.75,66.37,158.75,35.0,-0.16,-2.82,1.45,3.5500000000000007,31.45,0.0,31.45,31.45,69.47,18.2,3.0,,,,,,,,,,,,,,0.0,0.0,0.0,5.0,0.01,,,,,-0.02,0.0,0.0,0.0,0.0,0.0,0.0,0.03,-0.03,0.0,-0.02,-0.07,-0.11,-0.54,-1.04,-1.69,-3.61,26.779303047457546
3226,至寶電,電機機械,3,-19.23,26.21,5.18,-0.66,65.0,0.0,17.0,,,,7.62,150.54,170.0,65.0,0.52,2.74,-0.66,0.0,65.0,2.32,61.8,60.4,64.68,58.48,2.0,,,,,,,,,,,,,,0.0,0.0,0.0,-11.0,-0.02,,,,,0.03,0.0,0.0,0.0,0.0,0.0,0.0,0.0,0.0,-0.01,0.03,0.03,0.05,4.56,6.27,8.11,11.51,97.52519006684896
3227,原相,半導體業,1,-10.03,3.62,0.54,-1.07,185.5,-306.0,-70.0,,,,0.27,616.47,958.49,199.5,-1.08,1.09,-1.07,13.5,186.0,-0.27,184.5,185.0,602.87,724.3,-432.0,,,,,,,,,,,,,,-115.0,-0.08,9.4,-39.0,-0.03,,,,,-0.05,-0.17,-0.31,-0.68,2.0,2.0,5.0,-0.29,-0.81,-2.17,-0.26,-0.61,-1.73,0.5,0.95,-0.15,-9.31,51.087516386797304
3228,金麗科,半導體業,3,-14.89,36.73,-3.49,-2.41,179.5,-121.0,0.0,,,,-1.37,498.32,944.47,188.0,4.19,3.45,-2.41,0.0,188.0,2.2,186.0,182.0,944.47,609.57,-62.0,,,,,,,,,,,,,,0.0,0.0,0.21,-18.0,-0.03,,,,,0.0,0.09,0.09,0.08,3.0,3.0,3.0,0.25,0.37,0.81,-0.13,-0.14,0.1,3.0,7.15,7.68,19.7,64.0729651169266
3229,晟鈦,電子零組件業,2,-33.61,22.52,0.0,1.74,59.0,-21.0,-41.0,,,,0.68,1070.26,16338.98,72.9,-1.74,1.24,1.74,13.600000000000009,59.3,0.68,59.0,58.6,1133.43,2112.11,1.0,-26.0,1.0,1.0,-1.0,-1.0,-36.0,1.0,-19.0,1.0,-2.0,4.0,-24.0,8.0,0.0,0.0,0.0,-25.0,-0.08,2.07,-1.0,-0.0,0.04,-0.13,0.0,0.0,0.0,0.0,0.0,0.0,-2.12,-4.79,1.14,-1.93,-7.58,-6.51,1.3,-0.01,0.89,8.35,51.927701368187705
3230,錦明,光電業,2,-11.65,9.58,1.44,-1.19,42.25,-51.0,87.0,,,,2.05,727.61,727.61,45.5,-2.31,3.73,-1.19,1.4500000000000028,44.05,0.6,41.65,41.4,520.65,308.73,65.0,,,,,,,,,,,,,,0.0,0.0,0.0,108.0,0.15,,,,,0.12,0.0,0.0,0.0,0.0,0.0,0.0,0.5,0.93,0.74,-0.06,-0.18,-0.41,0.91,0.84,0.42,-0.79,58.43013862343662
3231,緯創,電腦及週邊設備業,3,-11.22,11.01,2.14,-1.34,190.5,-2061.0,24573.0,,,,3.25,59140.01,123233.7,200.5,2.5,0.54,-1.34,9.0,191.5,1.08,186.5,184.5,32141.71,20375.74,-1607.0,30634.0,2.0,-2.0,16.0,66.0,-123.0,16.0,6.0,66.0,-34.0,4.0,437.0,156.0,554.0,0.02,16.63,29330.0,1.01,42.27,750.0,0.03,11.68,0.85,-0.1,-0.19,0.83,3.0,6.0,14.0,1.36,0.23,-1.9,1.03,0.13,-0.35,5.5,5.7,4.18,13.36,65.52958292578599
3232,昱捷,電子通路業,2,-14.32,8.25,-1.43,0.48,20.7,0.0,0.0,,,,-0.96,14.26,364.24,22.7,-0.47,-1.42,0.48,1.6999999999999993,21.0,0.48,21.0,20.9,57.8,42.2,-6.0,,,,,,,,,,,,,,0.0,0.0,0.0,-3.0,-0.01,,,,,0.0,0.0,0.0,0.0,0.0,0.0,0.0,0.0,0.02,0.15,0.0,-0.07,-0.0,-0.24,-0.43,0.23,0.39,46.28720360786727
3234,光環,通信網路業,2,-26.36,25.36,-0.58,-2.54,172.0,-300.0,-36.0,,,,-0.58,1489.01,8078.71,220.0,4.71,-1.97,-2.54,47.0,173.0,0.0,173.0,173.0,1771.66,1854.98,-164.0,,,,,,,,,,,,,,0.0,0.0,0.13,-45.0,-0.05,,,,,-0.04,0.0,0.0,-0.01,0.0,0.0,2.0,-0.76,-3.48,-1.12,-1.37,-3.94,-5.06,-1.5,-3.35,-12.07,24.69,41.876693494078424
3236,千如,電子零組件業,2,-14.62,17.13,9.35,-1.01,48.55,-26.0,1909.0,,,,9.97,13578.63,13578.63,48.55,0.34,0.57,-1.01,0.0,48.55,0.57,44.4,44.15,1446.84,913.09,33.0,,,,,,,,,,,,,,0.0,0.0,0.0,1481.0,1.41,,,,,1.82,0.0,0.0,0.0,0.0,0.0,0.0,1.93,2.05,2.31,2.11,2.2,2.26,3.68,4.47,4.64,3.07,80.39237981123938
3252,海灣,觀光事業,1,-9.15,6.6,1.66,-1.29,15.35,0.0,0.0,,,,0.33,8.01,85.34,15.85,0.0,0.98,-1.29,0.5,15.35,-1.31,15.1,15.3,8.01,28.54,-3.0,,,,,,,,,,,,,,0.0,0.0,0.0,1.0,0.0,,,,,0.0,0.0,0.0,0.0,0.0,0.0,0.0,-0.01,-0.02,-0.03,0.0,0.0,0.0,0.01,0.03,0.0,-0.73,48.80817154278339
3257,虹冠電,半導體業,1,-10.1,9.71,0.0,0.61,49.7,9.0,1.0,,,,0.2,164.32,501.22,51.0,-0.51,1.23,0.61,0.7000000000000028,50.3,0.2,49.7,49.6,147.57,120.8,55.0,83.0,0.0,-1.0,0.0,0.0,-1.0,0.0,-1.0,0.0,-1.0,2.0,-18.0,3.0,0.0,0.0,0.01,83.0,0.1,2.1,0.0,0.0,0.73,0.0,0.0,0.0,0.0,0.0,0.0,0.0,0.26,0.53,0.51,0.07,0.09,-0.32,0.45,0.84,1.26,-1.64,69.33900151474577
3259,鑫創,半導體業,2,-35.97,31.46,0.86,10.94,11.7,8.0,5.0,,,,9.86,52.42,90.49,13.9,-3.86,-2.41,10.94,2.200000000000001,11.7,8.92,11.6,10.65,16.55,37.91,4.0,,,,,,,,,,,,,,0.0,0.0,0.0,6.0,0.01,,,,,0.01,0.0,0.0,0.0,0.0,0.0,0.0,0.02,0.03,0.09,0.01,0.01,-0.01,1.23,1.18,0.7,-1.54,65.8410682838663
3260,威剛,半導體業,2,-12.73,2.28,0.4,-0.66,380.0,-662.0,-77.0,,,,0.66,2640.28,13197.55,428.0,-1.31,-0.26,-0.66,46.0,382.0,0.26,378.5,377.5,2852.28,3491.41,-712.0,,,,,,,,,,,,,,-192.0,-0.06,5.42,46.0,0.02,,,,,-0.03,-0.06,0.04,0.22,2.0,5.0,10.0,-1.35,-1.58,-4.56,-1.32,-1.93,-3.38,0.9,-5.95,-15.2,-18.38,33.43112134658787
3264,欣銓,半導體業,2,-24.01,21.53,0.82,0.0,245.5,-6331.0,-5658.0,,,,0.82,14994.07,29511.52,289.5,-2.38,-1.83,0.0,44.0,245.5,0.0,243.5,243.5,10639.35,15626.65,-6791.0,,,,,,,,,,,,,,-4158.0,-0.85,12.08,-635.0,-0.13,,,,,-1.15,-3.97,-3.79,-3.74,0.0,2.0,6.0,-1.63,2.43,2.13,-5.68,-3.64,-3.95,-0.2,-7.0,4.72,23.39,49.60796091111118
3265,台星科,半導體業,3,-19.44,17.67,0.0,1.36,185.0,457.0,-166.0,,,,-0.54,1106.38,5385.27,198.0,1.67,-1.37,1.36,11.5,186.5,-0.54,185.0,186.0,745.8,2362.89,688.0,,,,,,,,,,,,,,0.0,0.0,2.65,-188.0,-0.14,,,,,-0.12,-0.02,-0.02,-0.08,0.0,0.0,0.0,-0.37,2.39,1.41,-0.13,2.13,1.24,2.1,5.5,10.38,16.57,61.310574585127696
3266,昇陽,建材營造,3,-4.24,3.32,0.0,1.82,14.0,2.0,0.0,,,,0.0,19.18,88.23,14.15,0.72,-1.79,1.82,0.15000000000000036,14.0,0.0,14.0,14.0,43.12,38.07,21.0,5.0,0.0,0.0,0.0,0.0,0.0,0.0,0.0,0.0,,0.0,-2.0,0.0,0.0,0.0,0.0,5.0,0.0,8.36,0.0,0.0,0.06,0.0,0.0,0.0,0.0,0.0,0.0,0.0,0.01,0.01,0.01,0.0,0.0,0.0,0.07,0.08,0.08,0.14,54.86052205061797
3268,海德威,半導體業,3,-24.32,30.93,-0.92,1.16,21.6,35.0,4.0,,,,-0.69,92.64,437.88,22.0,1.79,7.77,1.16,0.1999999999999993,21.8,0.23,21.8,21.75,437.88,139.69,17.0,,,,,,,,,,,,,,0.0,0.0,0.0,-11.0,-0.03,,,,,0.01,0.0,0.0,0.0,0.0,0.0,0.0,0.02,0.14,0.14,0.3,0.47,0.5,0.72,1.81,2.86,2.29,81.1317248078795
3272,東碩,電腦及週邊設備業,1,-13.14,4.06,-1.42,-1.76,13.9,0.0,0.0,,,,-0.36,25.78,375.82,15.6,-0.36,-1.79,-1.76,1.5,14.1,1.08,14.1,13.95,65.67,21.21,4.0,,,,,,,,,,,,,,0.0,0.0,0.07,4.0,0.01,,,,,0.0,0.0,0.0,0.0,0.0,0.0,0.0,0.06,0.07,0.08,-0.02,-0.02,-0.02,0.0,-0.06,-0.19,-0.4,44.589998480953824
3276,宇環,電子零組件業,1,-6.23,4.8,-0.71,1.44,13.9,2.0,-4.0,,,,-1.07,47.96,296.22,14.45,-0.36,0.36,1.44,0.25,14.2,-0.36,14.0,14.05,38.74,57.36,16.0,,,,,,,,,,,,,,0.0,0.0,0.0,0.0,0.0,,,,,-0.01,0.0,0.0,0.0,0.0,0.0,0.0,0.04,0.06,-0.24,-0.01,-0.02,-0.09,0.01,0.0,-0.08,-1.04,46.930510235979426
3284,太普高,其他,1,-9.93,5.51,-1.01,2.05,19.65,-4.0,-20.0,,,,-1.26,91.53,513.16,21.15,0.0,-1.77,2.05,1.0499999999999972,20.1,-0.25,19.85,19.9,96.0,216.05,99.0,,,,,,,,,,,,,,0.0,0.0,0.0,-8.0,-0.01,,,,,-0.02,0.0,0.0,0.0,0.0,0.0,0.0,0.07,-0.05,0.12,-0.04,-0.04,-0.11,-0.04,-0.16,-0.25,-1.89,44.69778101889278
3285,微端,其他電子業,2,-14.51,15.86,0.0,0.48,41.5,0.0,0.0,,,,0.0,54.4,270.12,44.8,-2.13,0.36,0.48,2.799999999999997,42.0,0.0,41.5,41.5,41.62,11.03,-2.0,,,,,,,,,,,,,,0.0,0.0,0.0,0.0,0.0,,,,,0.0,0.0,0.0,0.0,0.0,0.0,0.0,-0.01,0.05,-0.0,0.0,0.01,0.01,-0.18,0.23,0.49,2.16,53.98694991875729
3287,廣寰科,電腦及週邊設備業,3,-23.78,23.91,-1.3,0.36,41.65,-16.0,-36.0,,,,-1.19,408.29,3717.97,45.0,-0.73,0.37,0.36,2.5,42.5,0.12,42.2,42.15,474.43,922.61,-11.0,,,,,,,,,,,,,,0.0,0.0,0.0,32.0,0.07,,,,,-0.08,0.0,0.0,0.0,0.0,0.0,0.0,-0.1,1.07,1.03,-0.42,0.63,0.39,0.17,0.85,3.38,7.17,65.87042356766506
3288,點晶,電子零組件業,1,-16.88,11.46,0.24,0.0,21.25,0.0,0.0,,,,0.24,23.94,167.34,23.1,-2.33,-0.48,0.0,1.7000000000000028,21.4,0.0,21.2,21.2,43.37,24.19,1.0,,,,,,,,,,,,,,0.0,0.0,0.0,0.0,0.0,,,,,0.0,0.0,0.0,0.0,0.0,0.0,0.0,-0.01,0.11,0.01,-0.05,-0.02,-0.03,0.08,0.27,0.44,-0.85,55.006378710597865
3289,宜特,其他電子業,1,-11.9,9.65,0.0,-1.06,141.5,-2.0,41.0,,,,1.43,338.05,1608.19,147.0,2.56,-0.36,-1.06,5.0,142.0,1.43,141.5,139.5,461.13,1535.68,-7.0,,,,,,,,,,,,,,0.0,0.0,0.01,59.0,0.08,,,,,0.05,0.0,0.0,0.0,0.0,0.0,0.0,0.28,0.27,0.24,0.34,0.69,0.13,2.1,4.15,4.3,-0.53,66.02151157012725
3290,東浦,電子零組件業,1,-14.79,16.46,-2.34,7.96,50.0,-274.0,-246.0,,,,-4.21,1372.48,2614.26,52.4,1.09,3.35,7.96,0.3999999999999986,52.0,-1.92,51.2,52.2,922.62,2614.26,-381.0,,,,,,,,,,,,,,0.0,0.0,0.0,-454.0,-0.37,,,,,-0.2,0.0,0.0,0.0,0.0,0.0,0.0,-0.83,-0.9,-1.25,-0.52,-0.67,-0.98,1.6,2.47,3.06,-3.23,62.73595753023815
3293,鈊象,文化創意業,3,-15.6,18.49,3.56,0.9,814.0,918.0,3212.0,,,,3.3,5980.77,5980.77,814.0,4.39,2.37,0.9,0.0,814.0,-0.25,786.0,788.0,3493.04,2078.14,1113.0,,,,,,,,,,,,,,432.0,0.31,16.73,3639.0,2.58,,,,,2.28,0.39,1.01,-0.3,4.0,9.0,17.0,6.6,7.45,6.57,5.68,6.89,5.04,39.8,65.6,87.9,79.0,91.09411798730977
3294,英濟,電子零組件業,2,-20.89,22.03,1.69,-3.13,33.05,-94.0,-246.0,,,,1.85,2051.17,7952.48,36.15,-0.15,-2.23,-3.13,1.25,34.9,0.15,32.5,32.45,1377.08,984.66,66.0,,,,,,,,,,,,,,0.0,0.0,0.0,-275.0,-0.21,,,,,-0.19,0.0,0.0,0.0,0.0,0.0,0.0,-1.28,-1.21,-1.33,-1.23,-1.14,-1.29,-0.1,1.37,2.47,1.76,68.59588901096942
3296,勝德,電子零組件業,3,-22.13,26.55,0.0,2.53,28.6,1.0,6.0,,,,0.7,71.4,432.34,29.6,-0.71,-0.54,2.53,1.0,28.6,0.7,28.6,28.4,113.13,64.33,29.0,19.0,0.0,0.0,0.0,0.0,0.0,0.0,0.0,0.0,,4.0,2.0,-2.0,0.0,0.0,0.0,13.0,0.01,2.53,6.0,0.01,0.21,0.01,0.0,0.0,0.0,0.0,0.0,0.0,0.01,0.12,0.16,-0.0,0.06,0.04,0.42,0.84,2.42,3.47,71.6637337940899
3297,杭特,光電業,2,-32.78,26.2,-3.96,-1.51,31.5,-10.0,-28.0,,,,-3.37,200.96,2121.38,38.9,1.93,-4.37,-1.51,5.899999999999999,33.0,0.61,32.8,32.6,304.23,174.14,-10.0,,,,,,,,,,,,,,0.0,0.0,0.0,28.0,0.08,,,,,-0.08,0.0,0.0,0.0,0.0,0.0,0.0,-0.13,0.14,0.03,-0.46,-0.13,0.13,-1.5,-1.54,1.18,2.57,47.212770053822986
3303,岱稜,其他電子業,1,-9.29,3.17,0.0,0.0,48.7,-7.0,2.0,,,,0.1,108.06,1145.48,52.2,-0.1,0.31,0.0,3.3500000000000014,48.85,0.1,48.7,48.65,165.66,149.05,52.0,,,,,,,,,,,,,,0.0,0.0,0.0,-10.0,-0.01,,,,,0.0,0.0,0.0,0.0,0.0,0.0,0.0,0.13,0.1,-0.76,-0.05,-0.11,-0.65,0.27,0.21,-0.66,-3.63,44.90787277463867
3305,昇貿,其他電子業,1,-14.41,9.69,-0.47,0.0,106.0,51.0,-65.0,,,,0.0,660.41,3067.84,114.5,0.98,1.46,0.0,7.0,107.5,0.47,106.5,106.0,624.35,715.55,96.0,24.0,1.0,-7.0,-6.0,-1.0,-8.0,4.0,-10.0,4.0,-0.86,2.0,24.0,-116.0,0.0,0.0,0.0,38.0,0.03,4.56,-14.0,-0.01,0.02,-0.05,0.0,0.0,0.0,0.0,0.0,0.0,0.16,0.12,-1.21,0.13,0.09,-1.61,1.7,2.85,2.0,-3.32,63.774141723967276
3306,鼎天,通信網路業,2,-8.65,9.45,-1.14,0.1,47.5,6.0,1.0,,,,-1.14,44.84,268.29,48.55,-0.54,4.27,0.1,0.5,48.05,0.0,48.05,48.05,268.29,175.71,-27.0,,,,,,,,,,,,,,0.0,0.0,0.0,7.0,0.01,,,,,0.0,0.0,0.0,0.0,0.0,0.0,0.0,0.22,0.17,0.3,0.16,0.18,0.32,0.56,1.54,2.08,2.47,72.52128509425971
3308,聯德,電子零組件業,3,-11.49,16.84,1.79,0.45,22.75,34.0,17.0,,,,1.79,84.86,228.44,23.5,-0.46,3.02,0.45,0.6000000000000014,22.9,0.0,22.35,22.35,228.44,154.83,31.0,7.0,0.0,0.0,0.0,0.0,0.0,0.0,0.0,0.0,,1.0,-1.0,1.0,0.0,0.0,0.0,7.0,0.01,1.07,-0.0,-0.0,0.07,0.02,0.0,0.0,0.0,0.0,0.0,0.0,0.04,0.14,0.26,0.08,0.08,0.08,0.65,0.79,0.89,1.82,75.28417823937549
3310,佳穎,電子零組件業,2,-6.25,4.24,-1.16,2.23,68.0,0.0,0.0,,,,-1.16,21.11,33.0,70.4,-0.29,0.88,2.23,1.6000000000000085,68.8,0.0,68.8,68.8,10.22,12.0,-1.0,,,,,,,,,,,,,,0.0,0.0,0.0,2.0,0.0,,,,,0.0,0.0,0.0,0.0,0.0,0.0,0.0,-0.01,-0.0,-0.0,0.0,0.0,0.01,-0.5,-0.48,-0.35,-0.18,42.84922510146532
3311,閎暉,通信網路業,3,-30.45,44.25,6.61,8.03,45.15,990.0,1353.0,,,,9.99,7066.25,7066.25,45.15,3.68,0.26,8.03,0.0,45.15,3.17,42.35,41.05,303.97,4650.95,1666.0,1782.0,2.0,-29.0,0.0,24.0,-29.0,2.0,-5.0,24.0,-1.83,4.0,233.0,166.0,0.0,0.0,0.0,1781.0,2.97,9.22,1.0,0.0,0.46,2.25,0.0,0.0,0.0,0.0,0.0,0.0,5.93,5.9,4.87,4.2,4.81,4.5,5.33,6.41,9.26,10.98,87.33950074709878
3312,弘憶股,電子通路業,2,-18.92,12.21,-1.72,1.56,51.5,202.0,-78.0,,,,-0.96,570.38,4146.73,57.6,0.0,0.79,1.56,5.200000000000003,52.4,0.77,52.4,52.0,629.46,1021.39,307.0,-39.0,3.0,1.0,1.0,0.0,0.0,1.0,0.0,1.0,-1.0,3.0,-3.0,32.0,0.0,0.0,0.0,-41.0,-0.03,1.96,2.0,0.0,0.18,-0.05,0.0,0.0,0.0,0.0,0.0,0.0,-0.37,0.08,-0.51,-0.7,-0.14,-0.85,0.42,0.23,0.71,1.03,52.778811909006954
3313,斐成,其他,1,-10.34,4.9,0.96,-0.48,10.55,0.0,-2.0,,,,0.96,51.94,506.66,11.6,0.48,0.0,-0.48,0.9000000000000004,10.7,0.0,10.45,10.45,8.23,34.59,-5.0,,,,,,,,,,,,,,0.0,0.0,0.0,-3.0,-0.0,,,,,-0.0,0.0,0.0,0.0,0.0,0.0,0.0,-0.0,-0.02,-0.04,-0.0,-0.01,-0.07,0.06,0.06,-0.1,-0.31,49.197471415710964
3317,尼克森,半導體業,1,-26.99,24.58,0.93,-0.31,65.2,-352.0,-32.0,,,,0.0,2075.15,16229.72,73.0,2.71,-4.25,-0.31,6.599999999999994,66.4,-0.92,64.6,65.2,3988.84,2129.67,-599.0,,,,,,,,,,,,,,0.0,0.0,0.0,-2.0,-0.0,,,,,-0.05,0.0,0.0,0.0,0.0,0.0,0.0,-3.78,-3.27,-3.04,-3.32,-2.88,-3.15,-0.92,3.79,5.42,-3.8,65.03548112844166
3321,同泰,電子零組件業,1,-12.3,9.85,0.27,1.11,18.3,11.0,8.0,,,,0.27,139.86,470.99,19.1,-0.82,-0.27,1.11,0.7000000000000028,18.4,0.0,18.25,18.25,139.23,87.63,9.0,1.0,0.0,0.0,0.0,0.0,0.0,0.0,0.0,0.0,,0.0,0.0,0.0,0.0,0.0,0.01,1.0,0.0,1.53,0.0,0.0,0.01,0.01,0.0,0.0,0.0,0.0,0.0,0.0,-0.1,0.01,0.02,0.01,0.07,-0.08,0.05,0.32,0.6,-0.23,60.23117393652793
3322,建舜電,電子零組件業,1,-10.68,11.96,2.65,1.8,11.6,27.0,89.0,,,,2.65,468.83,468.83,11.7,-1.33,0.0,1.8,0.0,11.7,0.0,11.3,11.3,106.99,251.15,72.0,,,,,,,,,,,,,,0.0,0.0,0.0,50.0,0.05,,,,,0.08,0.0,0.0,0.0,0.0,0.0,0.0,0.26,0.33,0.07,0.12,0.11,-0.07,0.33,0.52,0.57,0.05,72.60978009829739
3323,加百裕,電腦及週邊設備業,1,-12.4,13.21,-2.01,0.68,29.3,64.0,-2.0,,,,-1.35,256.72,1058.36,30.25,-0.36,5.39,0.68,0.25,30.0,0.67,29.9,29.7,1058.36,692.86,130.0,,,,,,,,,,,,,,0.0,0.0,0.0,7.0,0.01,,,,,-0.0,0.0,0.0,0.0,0.0,0.0,0.0,0.38,0.34,0.15,0.17,0.17,-0.35,0.47,1.19,1.35,-0.5,68.93911258911142
3324,雙鴻,其他電子業,3,-29.14,60.73,-0.33,-5.56,1525.0,-754.0,-472.0,,,,-0.33,3094.78,11001.86,1750.0,7.21,-4.68,-5.56,215.0,1535.0,0.0,1530.0,1530.0,3944.39,4369.64,-1009.0,,,,,,,,,,,,,,4.0,0.0,2.56,-561.0,-0.63,,,,,-0.53,0.81,1.21,0.13,4.0,8.0,8.0,-2.27,-3.73,-1.42,-1.31,-0.57,1.38,-73.0,-8.5,68.25,385.05,52.98511072480736
3325,旭品,電腦及週邊設備業,1,-13.73,8.18,0.43,1.71,11.7,-3.0,-11.0,,,,-1.68,70.3,503.2,12.75,0.84,-2.09,1.71,0.8499999999999996,11.9,-2.1,11.65,11.9,94.63,59.22,-4.0,,,,,,,,,,,,,,0.0,0.0,0.0,4.0,0.0,,,,,-0.01,0.0,0.0,0.0,0.0,0.0,0.0,0.0,-0.01,0.02,-0.04,-0.03,-0.08,-0.12,-0.01,0.25,-0.1,51.69555566178837
3332,幸康,電子零組件業,2,-8.77,9.61,1.88,3.58,64.9,1.0,0.0,,,,1.88,56.45,56.45,65.0,2.16,,3.58,0.0,65.0,0.0,63.7,63.7,0.06,18.63,-1.0,,,,,,,,,,,,,,0.0,0.0,0.0,-6.0,-0.01,,,,,0.0,0.0,0.0,0.0,0.0,0.0,0.0,-0.01,-0.01,-0.04,0.0,0.0,0.0,2.33,3.57,3.7,2.04,80.48054238181061
3338,泰碩,電子零組件業,3,-12.12,16.55,-0.15,-0.29,67.9,33.0,-33.0,,,,-0.15,340.86,2118.98,71.8,0.9,0.44,-0.29,2.799999999999997,69.0,0.0,68.0,68.0,208.72,394.43,70.0,66.0,1.0,1.0,0.0,-1.0,1.0,1.0,0.0,1.0,-2.0,1.0,4.0,-22.0,0.0,0.0,0.0,62.0,0.07,3.72,4.0,0.0,0.46,-0.04,0.0,0.0,0.0,0.0,0.0,0.0,0.27,0.69,0.55,0.04,0.16,-0.07,0.22,0.68,1.24,3.08,61.96507664580956
3339,泰谷,光電業,3,-17.87,26.12,-1.53,-0.54,45.05,-219.0,-98.0,,,,-1.31,1243.66,6385.76,49.8,0.53,-2.12,-0.54,3.1999999999999957,46.6,0.22,45.75,45.65,1761.98,1467.68,-136.0,,,,,,,,,,,,,,0.0,0.0,0.0,-6.0,-0.01,,,,,-0.19,0.0,0.0,0.0,0.0,0.0,0.0,-1.54,-0.27,-2.62,-0.82,-1.62,-3.31,-1.16,-0.93,0.33,4.92,47.798748511838106
3346,麗清,汽車工業,2,-29.62,32.79,-1.23,1.26,24.0,89.0,-19.0,,,,-0.62,434.04,4021.76,26.0,-0.21,0.85,1.26,1.6999999999999993,24.3,0.62,24.3,24.15,722.83,592.55,185.0,36.0,2.0,0.0,0.0,1.0,-3.0,7.0,2.0,7.0,inf,1.0,-46.0,20.0,0.0,0.0,0.0,32.0,0.03,1.52,4.0,0.0,0.07,-0.02,0.0,0.0,0.0,0.0,0.0,0.0,0.08,0.07,-0.49,-0.15,0.42,-0.05,0.16,0.99,2.93,2.96,73.21378300255637
3349,寶德,電腦及週邊設備業,1,-17.03,3.42,-1.27,0.0,19.4,0.0,-9.0,,,,-2.76,127.53,1580.57,22.9,3.65,0.25,0.0,3.25,19.65,-1.5,19.65,19.95,60.29,17.06,-3.0,,,,,,,,,,,,,,0.0,0.0,0.0,-4.0,-0.01,,,,,-0.02,0.0,0.0,0.0,0.0,0.0,0.0,-0.04,-0.2,-0.22,-0.02,-0.02,-0.17,-0.28,-0.41,-1.19,-2.94,28.678174715533657
3354,律勝,電子零組件業,3,-33.38,76.75,-15.7,8.25,29.8,1201.0,-1050.0,,,,-7.31,8973.71,8973.71,35.35,6.57,-2.5,8.25,0.0,35.35,9.95,35.35,32.15,761.47,2583.02,404.0,,,,,,,,,,,,,,0.0,0.0,0.0,-429.0,-0.61,,,,,-1.5,0.0,0.0,0.0,0.0,0.0,0.0,-0.02,0.09,-0.94,-0.11,0.01,-0.59,-0.07,0.05,1.24,5.62,53.19562918092262
3356,奇偶,光電業,2,-18.79,12.33,-1.05,-0.6,65.7,-21.0,-25.0,,,,-0.45,212.12,752.54,72.9,-0.15,0.61,-0.6,6.400000000000006,66.5,0.61,66.4,66.0,195.73,162.79,-30.0,-58.0,0.0,0.0,0.0,0.0,0.0,0.0,0.0,0.0,,3.0,-1.0,9.0,0.0,0.0,0.0,-58.0,-0.06,6.2,0.0,0.0,0.29,-0.03,0.0,0.0,0.0,0.0,0.0,0.0,-0.62,-1.04,-2.03,-0.31,-0.72,-0.8,0.14,-0.5,1.88,4.98,59.77804657042174
3357,臺慶科,電子零組件業,1,-11.99,11.57,3.16,0.0,212.5,53.0,57.0,,,,3.91,2130.47,2770.53,221.0,0.0,-1.46,0.0,4.0,217.0,0.73,206.0,204.5,435.11,368.08,89.0,,,,,,,,,,,,,,0.0,0.0,0.0,59.0,0.06,,,,,0.06,-0.26,-0.26,-0.26,0.0,0.0,0.0,0.32,0.33,0.65,-0.09,0.1,-0.27,6.1,6.5,6.5,-3.32,64.00936717930027
3360,尚立,電子通路業,1,-9.97,11.07,0.0,1.32,15.25,53.0,11.0,,,,-0.65,210.34,648.03,15.55,0.0,0.33,1.32,0.0,15.55,-0.65,15.25,15.35,165.58,334.75,169.0,,,,,,,,,,,,,,0.0,0.0,0.0,15.0,0.02,,,,,0.01,0.0,0.0,0.0,0.0,0.0,0.0,0.44,0.34,0.57,0.18,0.16,-0.43,0.09,0.27,0.43,-1.11,62.95574618486006
3362,先進光,光電業,2,-23.94,10.19,2.03,-1.16,175.5,15.0,3.0,,,,2.63,1962.6,9101.11,213.0,1.76,-1.16,-1.16,34.5,178.5,0.58,172.0,171.0,754.99,652.46,91.0,,,,,,,,,,,,,,0.0,0.0,0.0,-133.0,-0.09,,,,,0.0,0.0,0.0,0.0,0.0,0.0,0.0,0.25,-0.07,-0.49,0.05,-0.25,-2.07,3.4,1.7,-5.57,-2.28,49.40325903840598
3363,上詮,通信網路業,2,-26.0,19.31,-0.93,-1.82,641.0,-143.0,-139.0,,,,-1.23,1137.04,9068.02,850.0,1.4,0.0,-1.82,195.0,655.0,-0.31,647.0,649.0,1588.71,1534.28,-71.0,,,,,,,,,,,,,,0.0,0.0,1.93,-132.0,-0.13,,,,,-0.14,0.0,0.09,0.25,0.0,1.0,2.0,-0.04,-1.54,-3.16,-0.61,-2.32,-4.05,-6.4,-17.0,-45.45,17.53,36.7376110195321
3372,典範,半導體業,1,-17.06,18.44,-1.5,1.53,16.45,148.0,12.0,,,,-0.6,271.36,2594.99,17.0,-0.63,3.16,1.53,0.3000000000000007,16.7,0.91,16.7,16.55,404.53,644.86,172.0,,,,,,,,,,,,,,0.0,0.0,1.28,-7.0,-0.0,,,,,0.01,0.0,0.0,0.0,0.0,0.0,0.0,0.04,-0.07,-0.15,0.08,0.2,-0.14,0.25,0.3,1.12,0.52,66.36466825547544
3373,熱映,其他電子業,1,-3.95,1.9,0.0,-0.31,16.0,-5.0,0.0,,,,0.0,19.61,221.7,16.45,0.0,0.31,-0.31,0.34999999999999787,16.1,0.0,16.0,16.0,23.18,56.29,4.0,,,,,,,,,,,,,,0.0,0.0,0.0,-2.0,-0.0,,,,,0.0,0.0,0.0,0.0,0.0,0.0,0.0,-0.0,-0.03,-0.51,-0.01,-0.02,-0.19,-0.01,0.03,-0.02,-0.41,48.19149628576011
3374,精材,半導體業,3,-20.77,58.13,-0.22,-1.62,456.0,233.0,33.0,,,,0.33,703.44,17905.48,496.0,-4.87,1.34,-1.62,39.0,457.0,0.55,457.0,454.5,2082.29,1205.82,71.0,,,,,,,,,,,,,,-1.0,-0.0,6.52,117.0,0.04,,,,,0.01,-0.01,1.26,2.01,0.0,2.0,5.0,-2.16,-3.8,-1.58,-2.09,-2.11,-1.28,-1.3,4.6,7.2,81.5,54.89951836532587
3376,新日興,電子零組件業,1,-20.51,2.93,-0.57,0.58,174.0,156.0,-128.0,,,,-0.29,1408.15,19831.86,214.5,-1.42,-1.44,0.58,39.0,175.5,0.29,175.0,174.5,2076.76,2518.66,-619.0,-688.0,2.0,164.0,200.0,-25.0,342.0,200.0,315.0,200.0,-1.15,2.0,16.0,-10.0,0.0,0.0,1.55,-693.0,-0.37,10.66,5.0,0.0,0.7,-0.07,0.0,0.06,0.05,0.0,2.0,2.0,-1.29,-2.5,-9.27,-0.56,-1.16,-7.79,-0.1,-1.9,-12.22,-14.58,36.69103834139055
3379,彬台,電機機械,1,-12.61,7.12,1.1,0.36,27.6,7.0,1.0,,,,-0.36,47.2,140.11,29.75,-0.91,0.18,0.36,1.8999999999999986,27.85,-1.44,27.3,27.7,60.82,39.81,18.0,,,,,,,,,,,,,,0.0,0.0,0.0,1.0,0.0,,,,,0.0,0.0,0.0,0.0,0.0,0.0,0.0,0.09,0.25,0.44,0.01,0.01,-0.08,0.13,0.06,-0.05,-1.41,49.98579317544224
3380,明泰,通信網路業,2,-14.84,21.67,-2.19,-1.68,31.3,-1206.0,-919.0,,,,-2.64,2569.52,13199.4,33.7,1.94,0.0,-1.68,1.7000000000000028,32.0,-0.47,32.0,32.15,3870.77,5494.16,-1344.0,-1138.0,1.0,4.0,0.0,-1.0,-14.0,27.0,-42.0,4.0,-1.25,3.0,139.0,40.0,0.0,0.0,0.01,-1121.0,-0.21,3.08,-17.0,-0.0,0.18,-0.17,0.0,0.0,0.01,2.0,3.0,6.0,-0.82,-0.63,-1.23,-0.59,-0.49,-0.56,-0.23,-0.15,0.57,1.54,51.67383171867399
3383,新世紀,光電業,3,,,,,,,,,,,,,,,,,,,,,,,,,,,,,,,,,,,,,,,,,,,,,,,,,,,,,,,,,,,,,,,,,
3388,崇越電,電子零組件業,2,-12.88,8.9,-1.06,4.28,84.4,159.0,-65.0,,,,-1.06,602.03,1547.17,91.6,1.11,-0.49,4.28,4.699999999999989,86.9,0.0,85.3,85.3,172.75,960.82,142.0,,,,,,,,,,,,,,0.0,0.0,0.0,-180.0,-0.24,,,,,-0.09,0.0,0.0,0.0,0.0,0.0,0.0,0.1,-0.27,0.43,0.18,-0.29,-0.4,1.52,2.09,0.48,2.67,56.036175262121354
3390,旭軟,電子零組件業,1,-7.02,7.33,-1.54,-0.44,22.35,24.0,1.0,,,,-1.11,116.96,320.4,22.8,-0.23,2.06,-0.44,0.10000000000000142,22.7,0.44,22.7,22.6,189.87,195.59,-38.0,,,,,,,,,,,,,,0.0,0.0,0.0,-10.0,-0.01,,,,,0.0,0.0,0.0,0.0,0.0,0.0,0.0,-0.07,0.11,-0.09,0.09,0.01,-0.14,0.15,0.33,0.43,-0.47,60.56016250461652
3402,漢科,其他電子業,2,-13.45,16.03,0.0,2.26,137.0,164.0,24.0,,,,0.74,414.69,1030.07,137.5,0.39,1.16,2.26,0.0,137.5,0.74,137.0,136.0,316.42,1030.07,399.0,,,,,,,,,,,,,,0.0,0.0,0.18,99.0,0.14,,,,,0.03,0.0,0.0,0.0,0.0,0.0,0.0,0.91,1.29,1.45,0.4,0.59,0.73,4.5,7.45,10.72,7.51,83.32105606166877
3406,玉晶光,光電業,3,-23.77,54.94,7.34,0.0,950.0,-171.0,354.0,,,,6.74,6290.7,10750.89,1140.0,-0.44,-2.11,0.0,167.0,973.0,-0.56,885.0,890.0,2568.92,3631.72,-36.0,-355.0,1.0,-16.0,-46.0,24.0,-92.0,-3.0,-46.0,24.0,-2.5,1.0,-50.0,683.0,11.0,0.01,12.42,-395.0,-0.35,38.89,29.0,0.03,8.49,0.31,-0.05,-0.01,2.24,3.0,5.0,10.0,-0.45,-3.73,-6.0,-0.18,-2.07,-1.56,44.4,15.5,-27.35,217.39,54.54300413096226
3413,京鼎,半導體業,1,-8.28,9.02,-0.51,-1.02,293.0,37.0,18.0,,,,0.69,545.67,1368.11,296.0,0.88,1.04,-1.02,0.0,296.0,1.2,294.5,291.0,729.9,705.05,21.0,12.0,1.0,2.0,-1.0,-2.0,0.0,2.0,-2.0,2.0,-2.0,1.0,-12.0,14.0,0.0,0.0,2.1,13.0,0.01,30.14,-1.0,-0.0,0.14,0.02,0.0,0.0,0.13,0.0,0.0,2.0,0.42,0.48,-0.71,0.26,0.37,-0.48,3.3,7.25,9.73,-10.52,75.16399960699394
3416,融程電,電腦及週邊設備業,1,-11.24,5.38,1.83,0.0,166.5,-16.0,26.0,,,,2.46,408.8,1024.02,178.0,0.31,0.62,0.0,11.5,166.5,0.62,163.5,162.5,160.95,154.92,-15.0,-1.0,2.0,20.0,-1.0,0.0,28.0,20.0,23.0,20.0,-1.0,2.0,1.0,-16.0,0.0,0.0,0.0,-9.0,-0.01,4.19,8.0,0.01,0.43,0.03,0.0,0.0,0.0,0.0,0.0,0.0,-0.12,-0.35,-1.97,-0.05,-0.2,-1.67,4.0,4.25,3.22,-6.9,64.87992614637675
3419,譁裕,通信網路業,1,-15.2,16.04,-1.66,2.99,11.85,-1.0,9.0,,,,-1.66,241.82,1020.62,12.5,-1.38,9.77,2.99,0.1999999999999993,12.3,0.0,12.05,12.05,488.43,1020.62,-301.0,-69.0,0.0,0.0,0.0,0.0,0.0,0.0,0.0,0.0,,0.0,-51.0,0.0,0.0,0.0,0.0,-70.0,-0.06,1.29,1.0,0.0,0.42,0.01,0.0,0.0,0.0,0.0,0.0,0.0,-0.13,-0.02,-0.01,-0.01,-0.18,-0.43,0.38,0.6,0.56,-0.11,63.41318831914468
3426,台興,電機機械,3,,,,,,,,,,,,,,,,,,,,,,,,,,,,,,,,,,,,,,,,,,,,,,,,,,,,,,,,,,,,,,,,,
3430,奇鈦科,化學工業,2,-13.88,13.11,-0.45,-0.89,111.5,-7.0,-3.0,,,,0.0,147.05,1013.64,116.0,5.63,0.0,-0.89,3.0,113.0,0.45,112.0,111.5,336.63,188.21,-1.0,,,,,,,,,,,,,,0.0,0.0,0.0,-26.0,-0.08,,,,,-0.01,0.0,0.0,0.0,0.0,0.0,0.0,-0.24,0.32,0.56,0.06,0.3,0.06,0.6,4.0,5.1,-1.72,68.17682502508455
3432,台端,電子零組件業,1,-10.19,6.38,-1.67,0.68,14.75,0.0,-1.0,,,,-1.01,51.43,137.53,15.7,-0.68,1.37,0.68,0.6999999999999993,15.0,0.67,15.0,14.9,16.09,50.97,1.0,-9.0,0.0,0.0,0.0,0.0,0.0,0.0,0.0,0.0,,0.0,0.0,0.0,0.0,0.0,0.0,-9.0,-0.03,3.58,0.0,0.0,1.69,-0.0,0.0,0.0,0.0,0.0,0.0,0.0,-0.11,-0.08,-0.01,-0.0,-0.05,-0.05,0.0,-0.02,0.13,-0.87,50.60950254788129
3434,哲固,光電業,2,-15.37,9.52,-0.63,0.16,31.4,-6.0,1.0,,,,0.0,49.13,1206.03,34.15,-0.32,-0.16,0.16,2.5,31.65,0.64,31.6,31.4,56.59,48.27,-6.0,,,,,,,,,,,,,,0.0,0.0,0.0,-6.0,-0.02,,,,,0.0,0.0,0.0,0.0,0.0,0.0,0.0,-0.02,0.34,0.28,-0.02,0.08,0.5,-0.13,-0.43,0.64,1.11,50.65894875044486
3437,榮創,光電業,3,-27.98,37.84,-1.78,1.13,22.05,55.0,1.0,,,,-1.78,1527.48,11410.57,24.3,1.85,1.82,1.13,1.3500000000000014,22.95,0.0,22.45,22.45,2071.8,2199.03,-32.0,320.0,1.0,-4.0,0.0,1.0,-61.0,0.0,-22.0,1.0,-1.25,1.0,-152.0,-102.0,0.0,0.0,0.0,320.0,0.22,5.11,0.0,0.0,0.45,0.0,0.0,0.0,0.0,0.0,0.0,0.0,0.12,-0.13,-0.5,-0.04,0.12,-0.19,-0.05,0.49,2.18,3.4,66.16287698285612
3438,類比科,半導體業,2,-11.0,13.95,-0.49,0.65,61.5,3.0,-2.0,,,,-0.65,63.97,389.97,68.2,-0.81,0.33,0.65,5.300000000000004,62.9,-0.16,61.8,61.9,28.62,85.01,24.0,,,,,,,,,,,,,,0.0,0.0,0.0,10.0,0.02,,,,,-0.0,0.0,0.0,0.0,0.0,0.0,0.0,0.16,0.19,0.05,-0.01,-0.0,-0.19,0.02,-0.54,-1.19,1.13,43.81339621497389
3441,聯一光電,光電業,3,-39.01,146.35,7.14,0.0,202.5,-89.0,2145.0,,,,9.76,6283.25,47642.13,202.5,1.97,2.21,0.0,0.0,202.5,2.44,189.0,184.5,785.78,1109.26,-96.0,,,,,,,,,,,,,,0.0,0.0,0.0,136.0,0.34,,,,,5.36,0.0,0.0,0.0,0.0,0.0,0.0,0.08,0.69,-2.42,5.21,5.84,7.94,16.4,17.2,36.55,89.07,78.54881234873233
3443,創意,半導體業,3,-33.53,55.62,-1.74,-0.62,7900.0,39.0,-28.0,,,,-1.74,718.32,3187.76,8545.0,1.67,-7.04,-0.62,445.0,8100.0,0.0,8040.0,8040.0,1082.92,669.08,130.0,-81.0,2.0,1.0,-11.0,-9.0,-13.0,18.0,-40.0,1.0,-10.0,2.0,-94.0,1.0,-104.0,-0.08,11.56,11.0,0.01,27.32,12.0,0.01,5.66,-0.02,-0.39,-0.3,0.06,0.0,3.0,11.0,0.62,0.05,0.08,-0.0,0.45,0.71,-255.0,241.5,1065.5,2470.33,63.17653815352327
3444,利機,電子通路業,2,-11.49,10.98,-0.98,0.25,80.7,14.0,3.0,,,,-0.74,75.47,620.2,87.0,0.12,0.37,0.25,5.099999999999994,81.9,0.25,81.5,81.3,218.21,235.17,-33.0,,,,,,,,,,,,,,0.0,0.0,0.0,-15.0,-0.03,,,,,0.01,0.0,0.0,0.0,0.0,0.0,0.0,0.19,0.32,0.57,0.03,-0.09,-0.52,0.08,-0.59,-0.49,2.18,48.46362607983102
3447,展達,通信網路業,1,-12.34,5.86,-1.25,1.29,27.65,14.0,0.0,,,,0.36,27.06,225.45,30.4,-2.15,-0.55,1.29,2.3999999999999986,28.0,1.63,28.0,27.55,54.03,84.45,19.0,-6.0,,,,,,,,,,,,,0.0,0.0,0.0,-6.0,-0.01,1.22,0.0,0.0,0.17,0.0,0.0,0.0,0.0,0.0,0.0,0.0,0.06,0.0,-0.03,0.0,-0.0,-0.11,0.14,-0.11,-0.2,-1.15,49.08849651146692
3450,聯鈞,半導體業,2,-21.88,9.52,-1.9,-2.06,515.0,-939.0,-1158.0,,,,-1.53,5342.36,16344.58,626.0,-1.35,2.34,-2.06,97.0,529.0,0.38,525.0,523.0,5251.57,5074.96,-982.0,-1236.0,1.0,-7.0,-56.0,0.0,-83.0,19.0,-44.0,19.0,-1.0,4.0,54.0,-57.0,-921.0,-0.63,6.62,-275.0,-0.19,15.94,-40.0,-0.03,1.6,-0.79,-0.52,0.93,-1.75,1.0,5.0,6.0,-2.1,-6.4,-8.04,-2.47,-4.29,-9.2,-4.2,-12.1,-18.77,8.19,42.047567465167745
3454,晶睿,光電業,3,,,,,,,,,,,,,,,,,,,,,,,,,,,,,,,,,,,,,,,,,,,,,,,,,,,,,,,,,,,,,,,,,
3455,由田,光電業,3,-23.97,31.53,7.89,-0.56,287.0,-123.0,345.0,,,,7.49,3975.94,5809.98,292.0,5.74,3.49,-0.56,0.0,292.0,-0.37,266.0,267.0,5606.35,5809.98,-414.0,,,,,,,,,,,,,,0.0,0.0,0.81,2.0,0.0,,,,,0.58,0.0,0.0,0.0,0.0,0.0,0.0,0.24,1.29,-0.28,1.42,2.34,0.04,22.4,30.1,41.2,61.94,81.1149485828075
3465,進泰電子,電子零組件業,1,-5.83,6.19,0.5,0.17,30.0,0.0,4.0,,,,1.01,26.14,80.06,30.0,0.17,0.0,0.17,0.0,30.0,0.51,29.85,29.7,2.03,11.08,2.0,,,,,,,,,,,,,,0.0,0.0,0.0,2.0,0.01,,,,,0.01,0.0,0.0,0.0,0.0,0.0,0.0,0.03,0.03,0.03,0.01,0.01,0.04,0.28,0.56,0.72,-0.1,79.04726236655904
3466,致振,通信網路業,1,-7.33,2.56,-0.63,0.42,23.75,-54.0,1.0,,,,-0.63,67.78,389.82,25.25,-1.44,-0.21,0.42,1.25,24.0,0.0,23.9,23.9,81.03,389.82,-10.0,,,,,,,,,,,,,,0.0,0.0,0.0,23.0,0.04,,,,,0.0,0.0,0.0,0.0,0.0,0.0,0.0,-0.02,0.54,0.74,-0.19,-0.31,-0.56,-0.18,-0.34,-0.51,-2.41,35.17697646846841
3479,安勤,電腦及週邊設備業,2,-12.86,12.3,-0.36,-2.86,136.5,-105.0,5.0,,,,0.37,283.04,1528.4,140.0,4.21,1.84,-2.86,3.0,137.0,0.74,137.0,136.0,1093.74,712.86,-33.0,,,,,,,,,,,,,,0.0,0.0,0.65,14.0,0.02,,,,,0.01,0.0,0.0,0.0,0.0,0.0,0.0,0.92,1.6,1.79,0.62,0.83,0.87,1.0,3.6,6.3,1.56,64.75352542141972
3481,群創,光電業,2,-16.67,23.47,-5.77,8.1,52.3,173213.0,-151063.0,,,,-4.39,465129.7,502870.54,55.5,-0.1,0.4,8.1,0.0,55.5,1.46,55.5,54.7,104276.06,486059.15,106280.0,-96716.0,2.0,3761.0,-115.0,-3075.0,3709.0,3761.0,390.0,3761.0,-1.82,3.0,13094.0,6895.0,600.0,0.01,0.65,-93138.0,-1.03,18.16,-4178.0,-0.05,2.38,-1.66,0.01,-0.02,-0.02,2.0,3.0,4.0,-0.43,0.15,0.54,-0.27,0.16,0.47,1.12,2.07,2.89,2.07,61.394755425810175
3483,力致,電腦及週邊設備業,2,-12.32,13.25,-1.26,1.15,78.5,104.0,-6.0,,,,-0.76,142.08,993.76,83.6,1.17,0.0,1.15,4.099999999999994,79.5,0.51,79.5,79.1,231.18,346.5,146.0,,,,,,,,,,,,,,0.0,0.0,0.81,-23.0,-0.03,,,,,-0.01,0.0,0.0,0.0,0.0,0.0,0.0,0.23,0.57,-0.14,0.15,0.29,0.25,0.66,1.98,1.36,1.82,60.08792670783189
3484,崧騰,電子零組件業,2,-14.87,8.74,1.5,-0.96,47.3,8.0,27.0,,,,1.61,158.78,531.73,51.1,0.76,1.08,-0.96,3.8000000000000043,47.3,0.11,46.6,46.55,130.19,86.39,-31.0,,,,,,,,,,,,,,0.0,0.0,0.0,35.0,0.05,,,,,0.04,0.0,0.0,0.0,0.0,0.0,0.0,0.06,-0.02,-0.67,0.11,0.17,-0.25,0.75,1.15,1.38,-1.28,64.59247775992831
3489,森寶,建材營造,2,-12.86,14.76,0.0,1.08,23.8,9.0,14.0,,,,1.93,145.7,282.34,24.1,-0.44,2.65,1.08,0.0,24.1,1.93,23.8,23.35,194.34,90.91,33.0,,,,,,,,,,,,,,0.0,0.0,0.0,-7.0,-0.01,,,,,0.02,0.0,0.0,0.0,0.0,0.0,0.0,0.11,0.15,-0.07,0.07,0.11,0.05,0.64,1.12,1.37,1.25,78.22214857309369
3490,單井,光電業,3,-17.64,21.42,7.97,-1.88,48.75,-245.0,915.0,,,,9.92,13912.96,13912.96,48.75,2.04,0.11,-1.88,0.0,48.75,1.8,45.15,44.35,4296.32,1917.89,-395.0,,,,,,,,,,,,,,0.0,0.0,0.0,1345.0,2.45,,,,,1.66,0.0,0.0,0.0,0.0,0.0,0.0,1.68,3.18,-1.72,0.69,1.15,-1.35,3.27,3.49,4.26,10.13,70.7231525562926
3491,昇達科,通信網路業,3,-19.63,24.79,-1.32,-2.6,1490.0,-185.0,-101.0,,,,-0.67,740.39,2091.81,1630.0,-0.64,-2.89,-2.6,120.0,1510.0,0.67,1510.0,1500.0,1557.96,881.08,-134.0,,,,,,,,,,,,,,0.0,0.0,10.14,-75.0,-0.12,,,,,-0.16,0.12,0.75,1.74,3.0,7.0,15.0,-0.41,-1.09,-3.15,-0.09,0.11,0.62,-34.0,-21.0,18.25,159.88,50.146510787803585
3492,長盛,電子零組件業,1,-4.11,2.68,0.0,0.52,19.15,0.0,0.0,,,,0.0,36.05,136.36,19.45,-0.26,-0.52,0.52,0.3000000000000007,19.15,0.0,19.15,19.15,8.21,18.0,1.0,,,,,,,,,,,,,,0.0,0.0,0.0,2.0,0.01,,,,,0.0,0.0,0.0,0.0,0.0,0.0,0.0,0.02,0.04,0.06,0.0,0.0,-0.01,0.01,0.08,0.04,-1.62,49.15473837554419
3494,誠研,電腦及週邊設備業,1,-10.39,2.75,0.14,1.43,7.09,0.0,0.0,,,,-0.14,44.11,298.62,7.7,0.0,-0.28,1.43,0.6100000000000003,7.09,-0.28,7.08,7.1,44.74,27.33,-1.0,2.0,0.0,0.0,0.0,0.0,0.0,0.0,0.0,0.0,,0.0,0.0,0.0,0.0,0.0,0.0,2.0,0.0,1.37,0.0,0.0,0.23,0.0,0.0,0.0,0.0,0.0,0.0,0.0,0.0,-0.03,-0.12,0.0,0.0,0.0,-0.01,-0.04,-0.02,-0.13,43.56843136560315
3498,陽程,其他電子業,3,-26.17,34.91,-2.44,-2.35,219.5,-1080.0,-286.0,,,,-4.15,4023.79,7143.01,235.0,7.54,9.81,-2.35,7.0,228.0,-1.75,225.0,229.0,4815.32,7143.01,-764.0,,,,,,,,,,,,,,0.0,0.0,0.0,44.0,0.07,,,,,-0.45,0.0,0.0,0.0,0.0,0.0,0.0,-2.19,-1.64,-3.47,-1.25,-0.58,-2.44,0.2,12.7,20.88,61.02,60.68921588947053
3499,環天科,通信網路業,2,-18.12,13.58,0.36,0.36,13.75,10.0,0.0,,,,-0.36,31.23,654.78,14.9,3.01,0.0,0.36,1.0999999999999996,13.8,-0.72,13.7,13.8,7.12,43.27,-6.0,,,,,,,,,,,,,,0.0,0.0,0.0,,,,,,,0.0,0.0,0.0,0.0,0.0,0.0,0.0,-0.0,-0.02,-0.2,0.02,0.06,-0.04,0.1,0.18,0.29,0.41,57.73745790497864
3501,維熹,電子零組件業,1,-7.18,0.67,0.0,0.27,37.7,-38.0,-12.0,,,,0.13,55.36,210.65,40.4,-0.13,-1.06,0.27,2.6499999999999986,37.75,0.13,37.7,37.65,151.4,196.3,8.0,-29.0,0.0,0.0,0.0,0.0,0.0,0.0,0.0,0.0,,1.0,-59.0,0.0,0.0,0.0,0.0,-29.0,-0.02,2.93,0.0,0.0,0.13,-0.01,0.0,0.0,0.0,0.0,0.0,0.0,-0.18,-0.27,-0.37,-0.15,-0.26,-0.33,-0.04,-0.25,-0.9,-1.73,29.42115947004622
3504,揚明光,光電業,2,-19.46,8.49,1.26,-0.88,80.2,-70.0,29.0,,,,1.39,1338.04,9604.33,95.6,0.64,1.27,-0.88,13.799999999999997,81.8,0.13,79.2,79.1,627.9,690.79,1.0,106.0,3.0,-13.0,4.0,5.0,-13.0,4.0,-8.0,5.0,-1.38,1.0,-20.0,31.0,0.0,0.0,0.0,107.0,0.09,4.76,-1.0,-0.0,2.34,0.03,0.0,0.0,0.0,0.0,0.0,0.0,-0.15,-0.12,-0.43,-0.19,-0.68,-0.68,1.14,1.05,-1.63,3.24,51.55236866389114
3508,位速,其他電子業,3,-25.81,33.33,-2.62,0.0,26.0,68.0,-28.0,,,,0.39,374.06,1915.75,27.7,5.01,-0.95,0.0,0.8999999999999986,26.8,3.09,26.7,25.9,553.66,511.89,109.0,,,,,,,,,,,,,,0.0,0.0,0.0,-13.0,-0.01,,,,,-0.03,0.0,0.0,0.0,0.0,0.0,0.0,0.0,0.19,0.09,-0.05,0.01,-0.03,0.2,1.17,2.96,6.1,68.69053032854407
3511,矽瑪,電子零組件業,1,-11.66,11.24,-1.01,1.28,19.6,-12.0,-1.0,,,,-0.76,48.87,249.73,20.15,0.52,0.26,1.28,0.34999999999999787,19.8,0.25,19.8,19.75,103.36,99.62,36.0,,,,,,,,,,,,,,0.0,0.0,0.0,23.0,0.03,,,,,-0.0,0.0,0.0,0.0,0.0,0.0,0.0,0.16,0.25,-0.05,-0.04,-0.03,-0.18,0.1,0.3,0.38,-0.56,58.09544458747443
3512,皇龍,建材營造,1,-3.55,1.05,0.26,0.0,19.2,0.0,1.0,,,,0.0,20.34,150.04,19.7,0.0,-0.26,0.0,0.5,19.2,-0.26,19.15,19.2,8.26,20.28,-3.0,,,,,,,,,,,,,,0.0,0.0,0.0,-1.0,-0.0,,,,,0.0,0.0,0.0,0.0,0.0,0.0,0.0,-0.01,-0.02,0.01,0.0,0.0,-0.01,-0.02,0.0,-0.05,-0.38,42.78209423655505
3515,華擎,電腦及週邊設備業,2,-14.47,7.46,0.47,-0.47,215.0,17.0,31.0,,,,1.42,326.3,1786.06,235.0,-0.24,0.0,-0.47,19.0,216.0,0.94,214.0,212.0,152.21,131.88,30.0,166.0,0.0,0.0,0.0,0.0,0.0,0.0,0.0,0.0,,2.0,-2.0,-7.0,0.0,0.0,0.1,164.0,0.13,8.77,2.0,0.0,0.53,0.03,0.0,0.0,0.02,0.0,0.0,6.0,0.1,0.6,0.09,-0.01,-0.04,-0.31,2.9,2.9,-0.35,2.06,56.779905586290994
3516,亞帝歐,光電業,2,-9.71,3.04,-0.2,1.6,25.35,0.0,0.0,,,,-0.2,45.22,746.08,27.3,-1.38,-0.4,1.6,1.9000000000000021,25.4,0.0,25.4,25.4,7.08,14.0,1.0,,,,,,,,,,,,,,0.0,0.0,0.0,-4.0,-0.01,,,,,0.0,0.0,0.0,0.0,0.0,0.0,0.0,-0.0,0.0,0.08,0.0,0.0,0.02,0.09,0.14,-0.24,-0.37,49.316368176453004
3518,柏騰,其他電子業,3,-36.21,68.16,-4.27,1.48,40.35,151.0,-1099.0,,,,-1.82,18736.88,18736.88,45.15,4.78,10.0,1.48,0.0,45.15,2.55,42.15,41.1,5608.94,8426.47,744.0,879.0,4.0,23.0,46.0,-4.0,79.0,46.0,75.0,46.0,-1.17,5.0,76.0,213.0,0.0,0.0,0.0,912.0,1.14,12.73,-33.0,-0.04,0.25,-1.37,0.0,0.0,0.0,0.0,0.0,0.0,4.51,5.7,4.67,-0.1,0.51,-0.61,3.29,6.2,8.24,11.18,86.80236678888637
3520,華盈,電子零組件業,2,-4.78,2.06,-1.16,0.0,17.0,15.0,-20.0,,,,-2.02,160.73,171.66,17.8,0.0,-0.58,0.0,0.5,17.3,-0.86,17.2,17.35,171.66,160.97,-2.0,,,,,,,,,,,,,,0.0,0.0,0.0,-4.0,-0.01,,,,,-0.03,0.0,0.0,0.0,0.0,0.0,0.0,-0.19,-0.22,-0.39,-0.09,-0.1,-0.06,-0.17,-0.27,-0.35,-0.48,35.29542078016138
3521,鴻翊,電腦及週邊設備業,1,-5.28,3.0,1.69,0.85,12.0,0.0,14.0,,,,1.27,97.71,142.14,12.3,0.0,-0.42,0.85,0.3000000000000007,12.0,-0.42,11.8,11.85,37.07,20.02,-3.0,,,,,,,,,,,,,,0.0,0.0,0.0,-9.0,-0.01,,,,,0.02,0.0,0.0,0.0,0.0,0.0,0.0,-0.04,-0.05,-0.03,0.02,0.02,0.02,0.16,0.08,-0.03,-0.25,54.35047455029376
3522,御頂,觀光事業,2,-14.02,10.53,0.0,-0.4,12.5,-14.0,-10.0,,,,0.0,67.57,883.66,13.55,-1.17,-0.79,-0.4,0.9500000000000011,12.6,0.0,12.5,12.5,177.16,111.89,11.0,,,,,,,,,,,,,,0.0,0.0,0.0,12.0,0.01,,,,,-0.01,0.0,0.0,0.0,0.0,0.0,0.0,0.03,-0.0,-0.01,-0.09,-0.08,-0.1,-0.1,-0.36,-0.04,0.2,40.318991152655435
3523,迎輝,光電業,1,-17.03,11.03,-7.53,0.0,13.5,0.0,-1.0,,,,-10.0,33.21,59.94,15.85,-0.33,0.0,0.0,1.25,14.6,-2.67,14.6,15.0,16.2,13.8,1.0,,,,,,,,,,,,,,0.0,0.0,0.0,-1.0,-0.0,,,,,-0.0,0.0,0.0,0.0,0.0,0.0,0.0,-0.01,-0.02,-0.02,-0.0,-0.02,-0.01,-1.18,-1.39,-1.36,-1.74,24.226849009222775
3526,凡甲,電子零組件業,1,-8.71,4.77,-0.37,0.18,272.0,-15.0,-19.0,,,,0.0,136.2,307.53,287.0,0.37,0.19,0.18,12.5,274.5,0.37,273.0,272.0,160.1,91.58,-28.0,,,,,,,,,,,,,,0.0,0.0,1.27,-29.0,-0.05,,,,,-0.03,0.0,-0.07,-0.22,3.0,3.0,6.0,-0.24,-0.4,-0.96,-0.12,-0.28,-0.76,1.3,2.25,-0.52,-15.95,52.99508504105729
3527,聚積,半導體業,1,-9.32,9.87,-2.84,3.91,51.4,7.0,-18.0,,,,-3.2,75.81,175.01,53.1,-0.39,1.18,3.91,0.20000000000000284,52.9,-0.38,52.9,53.1,41.77,51.76,-7.0,,,,,,,,,,,,,,0.0,0.0,0.25,-28.0,-0.06,,,,,-0.04,0.0,0.0,0.0,0.0,0.0,0.0,-0.04,0.19,-0.05,-0.02,0.06,-0.02,-0.26,0.42,0.81,-1.4,53.28237232786473
3528,安馳,電子通路業,2,-12.4,14.16,2.12,1.42,86.9,-1.0,-1.0,,,,1.52,407.14,504.83,87.9,0.59,-0.35,1.42,0.0,87.9,-0.58,85.1,85.6,130.61,162.78,29.0,15.0,0.0,0.0,0.0,0.0,0.0,0.0,0.0,0.0,,3.0,-16.0,19.0,0.0,0.0,0.0,13.0,0.02,5.01,2.0,0.0,0.1,-0.0,0.0,0.0,0.0,0.0,0.0,0.0,0.2,0.39,0.03,-0.01,0.07,-0.13,1.56,2.76,3.47,1.21,75.29510089776693
3529,力旺,半導體業,3,-35.9,60.05,-1.82,-4.2,3245.0,-10.0,-5.0,,,,-1.82,1121.07,3388.6,3635.0,-2.27,2.32,-4.2,290.0,3345.0,0.0,3305.0,3305.0,2232.42,2605.14,-85.0,,,,,,,,,,,,,,58.0,0.08,10.73,-70.0,-0.09,,,,,-0.01,2.58,3.13,5.34,5.0,10.0,18.0,-3.56,-4.33,-8.07,-0.18,0.1,-0.68,-33.0,186.5,418.25,651.67,69.02509433489952
3530,晶相光,半導體業,2,-9.67,10.31,-1.17,0.68,59.0,2.0,-6.0,,,,-0.34,84.4,212.66,61.0,-1.19,0.17,0.68,1.1000000000000014,59.9,0.84,59.7,59.2,39.48,114.63,35.0,12.0,1.0,1.0,0.0,0.0,1.0,1.0,1.0,1.0,-1.0,4.0,1.0,8.0,0.0,0.0,0.0,12.0,0.02,40.5,0.0,0.0,0.8,-0.01,0.0,0.0,0.0,0.0,0.0,0.0,0.07,0.21,0.07,-0.02,0.02,-0.07,0.22,0.58,1.17,1.33,59.39329655457684
3531,先益,光電業,1,-3.94,1.93,0.0,0.24,21.15,0.0,0.0,,,,1.2,1.0,14.0,21.6,1.67,,0.24,0.45000000000000284,21.15,1.2,21.15,20.9,0.0,2.0,0.0,,,,,,,,,,,,,,0.0,0.0,0.0,,,,,,,0.0,0.0,0.0,0.0,0.0,0.0,0.0,0.0,0.0,0.0,0.0,0.0,0.0,0.1,-0.01,-0.1,-0.64,47.78743155241629
3532,台勝科,半導體業,3,-24.42,50.08,-0.21,2.5,474.0,-774.0,-486.0,,,,0.64,9721.23,14082.55,497.5,1.69,0.33,2.5,0.0,497.5,0.85,475.0,471.0,7089.44,14082.55,-1103.0,-408.0,3.0,224.0,19.0,392.0,152.0,224.0,367.0,392.0,0.75,3.0,686.0,-15.0,-155.0,-0.04,5.96,-125.0,-0.03,43.96,-128.0,-0.03,4.35,-0.13,-0.02,0.01,1.06,3.0,4.0,12.0,0.06,0.04,-0.48,0.04,0.07,0.4,14.7,24.0,46.65,82.4,78.19569933861976
3533,嘉澤,電子零組件業,2,-19.84,24.75,4.21,2.31,1855.0,142.0,316.0,,,,4.8,2677.06,2718.29,1865.0,0.0,1.18,2.31,0.0,1865.0,0.56,1780.0,1770.0,2102.97,2399.43,13.0,161.0,2.0,1.0,0.0,3.0,0.0,1.0,3.0,3.0,2.0,4.0,17.0,54.0,1.0,0.0,0.96,114.0,0.1,44.06,46.0,0.04,0.36,0.28,0.33,0.14,0.05,4.0,4.0,6.0,-0.73,-0.58,-1.58,-0.06,0.19,-0.12,112.0,185.0,206.75,71.92,78.51191783039289
3535,晶彩科,光電業,2,-13.26,13.81,-0.76,2.34,91.3,140.0,-50.0,,,,-0.76,587.8,1655.16,93.5,2.79,1.58,2.34,1.2000000000000028,92.3,0.0,92.0,92.0,1109.71,1514.61,326.0,-34.0,3.0,3.0,-1.0,29.0,-4.0,4.0,35.0,29.0,8.67,3.0,-5.0,-17.0,0.0,0.0,0.0,-42.0,-0.05,3.81,8.0,0.01,2.69,-0.06,0.0,0.0,0.0,0.0,0.0,0.0,0.65,0.98,-0.52,0.35,0.42,-0.74,1.8,2.95,3.95,2.51,64.2370386478041
3536,誠創,半導體業,3,,,,,,,,,,,,,,,,,,,,,,,,,,,,,,,,,,,,,,,,,,,,,,,,,,,,,,,,,,,,,,,,,
3537,堡達,電子零組件業,2,-12.8,14.68,8.52,0.57,58.6,23.0,538.0,,,,9.94,1661.85,1661.85,58.6,0.57,-1.13,0.57,0.0,58.6,1.31,54.0,53.3,70.85,114.44,47.0,,,,,,,,,,,,,,0.0,0.0,0.0,156.0,0.29,,,,,1.0,0.0,0.0,0.0,0.0,0.0,0.0,0.47,0.74,1.27,1.06,1.12,1.35,4.48,5.0,5.1,3.27,80.69997870500926
3540,曜越,電腦及週邊設備業,2,-13.6,16.46,0.43,0.88,23.1,-22.0,7.0,,,,0.22,200.22,837.31,25.0,-1.3,-0.22,0.88,1.6499999999999986,23.35,-0.22,23.0,23.05,205.02,161.05,51.0,,,,,,,,,,,,,,0.0,0.0,0.0,26.0,0.04,,,,,0.01,0.0,0.0,0.0,0.0,0.0,0.0,0.26,0.49,-0.08,-0.05,0.09,-0.91,0.17,0.06,0.12,0.85,53.67897413453648
3541,西柏,其他電子業,3,-16.67,14.45,-0.61,-0.41,24.4,1.0,0.0,,,,0.0,34.15,785.46,25.8,-0.41,-0.2,-0.41,1.25,24.55,0.61,24.55,24.4,82.31,66.92,4.0,,,,,,,,,,,,,,0.0,0.0,0.04,-1.0,-0.0,,,,,0.0,0.0,0.0,0.0,0.0,0.0,0.0,-0.08,0.0,0.06,0.02,-0.18,-0.17,-0.07,0.87,1.71,2.44,82.30029348105636
3543,州巧,光電業,3,-21.0,33.85,-0.39,3.02,51.1,-1311.0,81.0,,,,-0.2,2685.19,10696.8,51.9,-0.65,9.85,3.02,0.10000000000000142,51.8,0.2,51.3,51.2,4142.47,10696.8,595.0,207.0,3.0,23.0,19.0,-5.0,46.0,23.0,38.0,23.0,-1.22,4.0,369.0,48.0,0.0,0.0,0.0,137.0,0.15,7.33,70.0,0.08,1.1,0.09,0.0,0.0,0.0,0.0,0.0,0.0,0.46,0.02,-2.39,-0.32,-0.9,-3.23,2.26,4.35,5.86,11.8,78.84689473486641
3545,敦泰,半導體業,2,-10.67,11.58,-1.71,-0.19,51.6,-122.0,0.0,,,,-0.39,662.74,2221.78,53.4,-0.58,1.76,-0.19,0.3999999999999986,53.0,1.35,52.5,51.8,503.19,950.18,-95.0,19.0,1.0,-3.0,-1.0,-10.0,-4.0,1.0,-13.0,1.0,2.33,3.0,24.0,-5.0,0.0,0.0,0.13,35.0,0.02,15.91,-16.0,-0.01,5.94,0.0,0.02,0.02,0.02,3.0,3.0,3.0,-0.03,0.59,0.7,-0.07,0.32,0.44,0.08,0.27,0.83,1.08,57.765740774078566
3546,宇峻,文化創意業,1,-6.96,4.13,0.27,-0.14,73.2,-11.0,0.0,,,,0.83,46.06,402.88,76.2,1.11,-0.55,-0.14,3.0,73.2,0.55,73.0,72.6,44.76,55.92,-21.0,,,,,,,,,,,,,,0.0,0.0,0.0,-1.0,-0.0,,,,,0.0,0.0,0.0,0.0,0.0,0.0,0.0,0.05,0.17,0.51,-0.04,-0.03,0.19,0.42,0.43,0.51,0.14,56.69118115672115
3548,兆利,電子零組件業,2,-14.32,7.73,-1.92,0.13,76.5,6.0,-16.0,,,,-1.03,171.14,855.73,88.7,-0.77,0.0,0.13,10.700000000000003,78.0,0.91,78.0,77.3,111.89,169.73,22.0,,,,,,,,,,,,,,0.0,0.0,0.0,2.0,0.0,,,,,-0.02,0.0,0.0,0.0,0.0,0.0,0.0,0.14,0.26,0.29,-0.05,-0.02,-0.26,-0.64,-1.84,-3.36,-1.7,34.39272572960178
3550,聯穎,電子零組件業,2,-22.77,25.94,-0.77,-1.15,25.7,-1897.0,54.0,,,,-0.77,2399.52,8130.12,27.45,0.21,9.85,-1.15,0.75,26.7,0.0,25.9,25.9,3498.6,8130.12,-1904.0,168.0,2.0,23.0,4.0,-5.0,23.0,23.0,18.0,23.0,-1.22,1.0,-133.0,-18.0,0.0,0.0,0.28,168.0,0.19,9.32,-0.0,-0.0,0.32,0.06,0.0,0.0,0.0,0.0,0.0,0.0,-1.07,0.79,0.55,-1.32,-1.17,-1.54,0.61,1.41,2.28,2.31,70.1285349601058
3551,世禾,其他電子業,2,-13.18,15.18,2.12,-0.27,193.0,-68.0,255.0,,,,2.93,1127.8,1890.69,193.5,-0.54,2.19,-0.27,0.0,193.5,0.8,189.0,187.5,949.69,930.4,-50.0,,,,,,,,,,,,,,0.0,0.0,0.0,294.0,0.52,,,,,0.45,0.0,0.0,0.0,0.0,0.0,0.0,0.97,-0.18,-0.37,0.47,-0.7,-1.02,6.4,9.25,12.97,11.04,75.37727855658545
3552,同致,其他電子業,2,-16.65,16.75,0.57,0.68,44.3,-20.0,-2.0,,,,0.45,311.49,3733.44,46.55,5.46,-4.3,0.68,1.25,45.3,-0.11,44.05,44.1,631.41,407.23,-60.0,,,,,,,,,,,,,,0.0,0.0,0.0,9.0,0.01,,,,,-0.0,0.0,0.0,0.0,0.0,0.0,0.0,-0.3,-1.8,-1.8,-0.72,-1.38,-1.52,0.24,2.23,2.09,-0.07,62.13147559777892
3555,重鵬,半導體業,2,-23.0,8.01,-0.89,-0.3,167.0,-9.0,-4.0,,,,-0.89,27.55,244.33,213.0,-3.21,1.2,-0.3,44.5,168.5,0.0,168.5,168.5,63.35,41.19,7.0,,,,,,,,,,,,,,0.0,0.0,0.0,-3.0,-0.01,,,,,-0.02,0.0,0.0,0.0,0.0,0.0,0.0,0.06,0.18,-0.06,-0.15,-0.25,-0.18,-1.2,-3.7,-13.28,-0.23,33.879056956878614
3556,禾瑞亞,半導體業,1,-13.7,8.21,1.55,-0.34,59.1,23.0,39.0,,,,1.72,231.84,940.19,63.5,1.59,0.7,-0.34,4.200000000000003,59.3,0.17,58.2,58.1,110.23,144.24,5.0,,,,,,,,,,,,,,0.0,0.0,0.0,54.0,0.08,,,,,0.06,0.0,0.0,0.0,0.0,0.0,0.0,0.19,0.43,0.26,0.13,0.17,-0.44,1.26,1.56,1.46,-2.52,66.96409456086388
3557,嘉威,其他,1,-9.31,3.13,0.22,-0.22,23.1,-11.0,0.0,,,,0.43,27.27,87.42,24.7,-0.22,-0.22,-0.22,1.5999999999999979,23.1,0.22,23.05,23.0,30.57,54.87,19.0,15.0,0.0,0.0,0.0,0.0,0.0,0.0,0.0,0.0,,2.0,0.0,2.0,0.0,0.0,0.0,15.0,0.02,1.36,0.0,0.0,0.04,0.0,0.0,0.0,0.0,0.0,0.0,0.0,0.03,0.05,0.05,-0.01,-0.01,-0.03,0.17,0.09,-0.31,-1.65,47.1167236641295
3558,神準,通信網路業,2,-10.04,11.16,3.61,0.4,129.0,7.0,33.0,,,,3.2,218.4,218.4,129.5,-0.41,2.05,0.4,0.0,129.5,-0.4,124.5,125.0,55.2,46.77,16.0,,,,,,,,,,,,,,0.0,0.0,0.85,39.0,0.08,,,,,0.07,0.0,0.0,0.0,0.0,0.0,0.0,0.18,0.62,0.5,0.11,0.19,0.09,4.4,5.4,7.08,2.57,74.4850907703719
3563,牧德,光電業,3,-22.55,29.11,-8.05,-0.49,754.0,221.0,-721.0,,,,-6.57,2874.56,2874.56,825.0,2.12,3.25,-0.49,0.0,825.0,1.61,820.0,807.0,1814.86,1867.2,348.0,-911.0,3.0,-2.0,2.0,-8.0,16.0,8.0,0.0,4.0,3.0,4.0,42.0,-1.0,0.0,0.0,5.36,-845.0,-1.89,8.89,-66.0,-0.15,2.52,-1.61,0.0,0.0,-0.04,0.0,0.0,1.0,-2.33,-1.62,-2.57,-0.41,0.35,-0.67,-21.4,32.0,54.2,72.13,58.82208985836437
3564,其陽,通信網路業,2,-15.73,17.16,0.2,-0.39,51.0,26.0,3.0,,,,0.79,210.65,1770.5,53.4,2.81,1.92,-0.39,2.1999999999999957,51.2,0.59,50.9,50.6,274.96,155.75,30.0,,,,,,,,,,,,,,0.0,0.0,0.0,101.0,0.17,,,,,0.01,0.0,0.0,0.0,0.0,0.0,0.0,0.65,1.23,1.07,0.14,0.3,0.12,1.09,1.48,1.95,3.34,66.56649771200718
3567,逸昌,半導體業,1,-6.24,6.65,-1.13,2.34,26.15,6.0,0.0,,,,-0.19,46.47,356.3,26.45,-0.19,0.78,2.34,0.0,26.45,0.95,26.45,26.2,356.3,125.24,7.0,,,,,,,,,,,,,,0.0,0.0,0.0,-5.0,-0.01,,,,,0.0,0.0,0.0,0.0,0.0,0.0,0.0,-0.07,-0.08,-0.19,-0.1,-0.1,-0.1,0.27,0.57,0.67,-0.09,77.79755878210413
3570,大塚,資訊服務業,3,-5.81,5.88,1.79,-0.3,170.5,0.0,-4.0,,,,2.1,113.43,113.43,172.0,0.3,-0.6,-0.3,1.0,171.0,0.3,167.5,167.0,11.92,18.58,-3.0,,,,,,,,,,,,,,0.0,0.0,0.0,-17.0,-0.1,,,,,-0.02,0.0,0.0,0.0,0.0,0.0,0.0,-0.08,0.01,0.19,-0.03,0.07,0.15,2.5,2.0,4.1,5.88,70.03147782156698
3576,聯合再生,光電業,2,-20.15,25.23,-7.04,7.95,18.5,32005.0,-14325.0,,,,-6.09,55900.17,86571.38,20.1,2.82,-1.64,7.95,0.0,20.1,1.02,19.9,19.7,11641.23,86571.38,12910.0,-4823.0,0.0,0.0,0.0,0.0,0.0,0.0,0.0,0.0,,0.0,0.0,0.0,0.0,0.0,0.0,-4698.0,-0.29,15.94,-125.0,-0.01,0.06,-0.88,0.0,0.0,0.0,0.0,0.0,0.0,0.7,1.11,0.76,1.43,1.84,1.44,0.07,0.79,1.24,1.18,59.274919102067386
3577,泓格,電腦及週邊設備業,1,-17.6,15.05,-2.53,-2.49,115.5,-125.0,-39.0,,,,-1.7,193.28,1014.27,125.0,0.0,7.02,-2.49,6.5,118.5,0.85,118.5,117.5,1014.27,627.55,-182.0,,,,,,,,,,,,,,0.0,0.0,0.81,-39.0,-0.06,,,,,-0.06,0.0,0.0,0.0,0.0,0.0,0.0,-0.25,0.22,0.33,-0.05,0.18,0.08,-1.1,-1.1,1.75,-7.94,49.20935261816235
3580,友威科,其他電子業,3,-29.57,49.53,-2.68,-1.34,109.0,-184.0,62.0,,,,-1.36,1264.26,4891.23,116.0,2.31,8.82,-1.34,4.0,112.0,1.36,112.0,110.5,3318.79,4891.23,-445.0,,,,,,,,,,,,,,0.0,0.0,0.01,45.0,0.11,,,,,0.16,0.0,0.0,0.0,0.0,0.0,0.0,-0.97,-0.01,-0.17,-0.44,1.25,1.93,2.56,7.36,15.15,23.49,77.44809746171576
3581,博磊,半導體業,2,-27.78,38.47,-7.14,6.85,117.0,181.0,-517.0,,,,0.0,1644.21,1644.21,128.5,-0.95,2.4,6.85,0.0,128.5,7.69,126.0,117.0,217.16,571.0,143.0,,,,,,,,,,,,,,0.0,0.0,0.0,-559.0,-1.1,,,,,-1.01,0.0,0.0,0.0,0.0,0.0,0.0,-0.66,-0.46,-1.13,-0.57,-0.4,-1.29,7.1,12.19,12.66,6.32,75.70595429875185
3583,辛耘,半導體業,2,-16.06,10.14,-0.84,-2.08,707.0,-219.0,-167.0,,,,0.0,684.19,2003.88,791.0,1.01,2.15,-2.08,63.0,728.0,0.85,713.0,707.0,714.98,1261.36,-176.0,-197.0,2.0,0.0,1.0,-1.0,1.0,1.0,-1.0,1.0,-inf,3.0,33.0,-8.0,0.0,0.0,1.29,-195.0,-0.24,20.93,-2.0,-0.0,0.06,-0.21,0.0,-0.09,-0.6,0.0,0.0,0.0,-0.61,-0.42,-1.82,-0.65,-0.51,-2.23,3.8,8.7,-0.45,-15.65,52.88881959595801
3587,閎康,其他電子業,2,-17.77,5.9,0.21,-0.62,241.0,-53.0,14.0,,,,1.05,292.72,1894.87,278.5,1.06,0.42,-0.62,36.0,242.5,0.84,240.5,238.5,290.96,330.29,-44.0,,,,,,,,,,,,,,0.0,0.0,0.05,25.0,0.04,,,,,0.02,0.0,0.0,0.0,0.0,0.0,0.0,0.01,-0.02,-1.02,-0.15,-0.24,-1.24,2.3,2.55,-1.32,-9.15,53.07825645470449
3588,通嘉,半導體業,2,-14.53,17.0,9.23,-1.64,59.2,3.0,274.0,,,,9.83,611.03,611.03,59.2,0.58,2.48,-1.64,0.0,59.2,0.56,54.2,53.9,133.62,209.99,-7.0,35.0,2.0,0.0,0.0,3.0,1.0,1.0,4.0,3.0,inf,1.0,-11.0,-14.0,0.0,0.0,0.0,34.0,0.06,8.94,1.0,0.0,0.1,0.47,0.0,0.0,0.0,0.0,0.0,0.0,0.21,0.42,0.21,0.49,0.51,0.33,4.94,5.97,6.43,4.71,85.56521764845756
3591,艾笛森,光電業,3,-21.28,41.71,-2.36,3.78,26.9,484.0,103.0,,,,-2.0,1378.57,12519.99,28.2,0.2,7.1,3.78,0.0,28.2,0.36,27.55,27.45,1678.49,2368.3,584.0,298.0,2.0,3.0,0.0,-3.0,49.0,42.0,41.0,42.0,-2.0,2.0,-62.0,-94.0,0.0,0.0,0.0,283.0,0.2,6.41,15.0,0.01,5.44,0.07,0.0,0.0,0.0,0.0,0.0,0.0,0.83,1.09,1.1,0.64,-0.36,-0.01,0.9,1.16,2.2,4.5,70.24216650271917
3592,瑞鼎,半導體業,2,-10.14,11.29,0.0,3.94,238.0,-237.0,-268.0,,,,0.21,1116.13,1755.01,241.5,0.67,0.22,3.94,0.0,241.5,0.21,238.0,237.5,258.4,1755.01,-194.0,-303.0,0.0,0.0,0.0,0.0,0.0,0.0,0.0,0.0,,3.0,46.0,26.0,0.0,0.0,4.33,-309.0,-0.41,14.18,6.0,0.01,0.44,-0.35,0.07,0.07,0.08,3.0,3.0,4.0,-0.74,-0.38,-0.38,-0.72,-0.48,-0.65,8.4,10.75,13.57,5.42,76.53505949665627
3593,力銘,電子零組件業,2,-29.96,42.77,-2.13,2.33,11.5,0.0,0.0,,,,4.55,20.26,39.77,11.75,0.0,8.42,2.33,0.0,11.75,6.82,11.75,11.0,24.77,39.77,0.0,0.0,0.0,0.0,0.0,0.0,0.0,0.0,0.0,0.0,,0.0,0.0,0.0,0.0,0.0,0.0,0.0,0.0,0.24,0.0,0.0,0.03,0.0,0.0,0.0,0.0,0.0,0.0,0.0,0.0,0.0,-0.02,0.0,0.0,0.0,1.14,1.58,1.35,-0.6,76.49546762583321
3594,磐儀,電腦及週邊設備業,1,-11.39,8.54,-1.65,1.27,47.7,42.0,23.0,,,,-0.42,382.21,1124.74,50.9,0.21,1.07,1.27,1.9499999999999957,48.95,1.25,48.5,47.9,254.92,428.54,2.0,,,,,,,,,,,,,,0.0,0.0,0.0,18.0,0.02,,,,,0.02,0.0,0.0,0.0,0.0,0.0,0.0,0.06,-0.01,-1.08,0.08,0.02,-0.94,0.48,0.86,0.66,-3.0,58.7333960862231
3596,智易,通信網路業,1,-6.77,1.65,-0.65,-1.29,153.0,-190.0,-99.0,,,,0.0,560.8,1644.98,162.5,0.99,0.0,-1.29,8.5,154.0,0.65,154.0,153.0,450.28,626.62,-314.0,-272.0,1.0,-10.0,0.0,-3.0,4.0,14.0,1.0,14.0,-0.7,3.0,4.0,0.0,0.0,0.0,2.46,-289.0,-0.13,25.22,17.0,0.01,0.02,-0.04,0.0,0.0,0.0,0.0,0.0,0.0,-0.65,-1.11,-2.68,-0.36,-0.59,-1.25,0.0,-0.7,-2.07,-15.53,40.25996737108194
3597,映興,電子零組件業,3,-9.93,8.91,0.0,0.72,28.1,5.0,0.0,,,,0.0,25.35,281.4,28.7,-2.29,0.54,0.72,0.5999999999999979,28.1,0.0,28.1,28.1,44.78,71.44,6.0,,,,,,,,,,,,,,0.0,0.0,0.0,-3.0,-0.01,,,,,0.0,0.0,0.0,0.0,0.0,0.0,0.0,0.01,0.03,0.01,0.05,0.05,0.03,0.08,0.88,1.28,1.46,69.36562916495964
3605,宏致,電子零組件業,3,-40.42,68.08,4.09,-6.83,178.0,-1193.0,787.0,,,,4.4,11986.95,50842.49,190.5,1.94,-0.54,-6.83,11.5,179.0,0.29,171.0,170.5,12502.65,17829.85,767.0,343.0,3.0,-147.0,-9.0,18.0,-69.0,297.0,250.0,297.0,-1.12,2.0,-1287.0,647.0,309.0,0.23,5.92,-6.0,-0.0,29.18,40.0,0.03,0.03,0.59,0.75,1.06,1.23,3.0,4.0,6.0,2.35,4.33,-0.23,1.86,6.68,6.45,-0.9,11.1,32.65,61.26,70.39604150177027
3607,谷崧,電子零組件業,1,-4.96,4.48,-0.36,1.45,13.95,27.0,13.0,,,,-0.36,127.84,324.15,14.1,0.0,-0.36,1.45,0.09999999999999964,14.0,0.0,14.0,14.0,55.13,220.28,37.0,-13.0,0.0,0.0,0.0,0.0,0.0,0.0,0.0,0.0,,4.0,23.0,22.0,0.0,0.0,0.0,-13.0,-0.01,5.4,0.0,0.0,0.12,0.01,0.0,0.0,0.0,0.0,0.0,0.0,0.02,0.09,-0.2,0.03,-0.01,-0.18,0.12,0.16,0.24,-0.32,61.939305705649474
3609,三一東林,電子零組件業,2,-31.98,36.96,0.22,-3.77,23.0,0.0,3.0,,,,0.0,86.22,1789.3,25.8,-2.12,1.95,-3.77,1.9000000000000021,23.9,-0.22,22.95,23.0,52.2,27.06,-14.0,,,,,,,,,,,,,,0.0,0.0,0.0,-25.0,-0.07,,,,,0.01,0.0,0.0,0.0,0.0,0.0,0.0,-0.22,-0.06,0.11,0.02,0.25,0.35,-0.22,0.05,1.99,-0.36,60.2845480016193
3611,鼎翰,電腦及週邊設備業,1,-2.17,2.22,0.27,0.0,184.5,0.0,0.0,,,,0.82,11.26,77.22,184.5,0.0,0.0,0.0,0.0,184.5,0.55,184.0,183.0,23.95,30.39,-2.0,,,,,,,,,,,,,,0.0,0.0,0.03,-2.0,-0.0,,,,,0.0,0.0,0.0,0.0,0.0,0.0,0.0,0.0,-0.06,-0.22,0.0,-0.02,-0.1,1.2,1.85,2.0,-1.99,73.3166006204698
3615,安可,光電業,2,-28.38,39.63,-5.57,8.53,43.25,549.0,-1422.0,,,,-5.57,7169.98,7169.98,45.8,-1.04,9.89,8.53,0.0,45.8,0.0,45.8,45.8,3489.34,2887.68,-316.0,,,,,,,,,,,,,,0.0,0.0,0.0,-519.0,-0.76,,,,,-2.08,0.0,0.0,0.0,0.0,0.0,0.0,-1.03,-0.89,-0.58,-0.38,-0.13,-0.36,1.87,4.32,6.14,5.2,69.26496798647634
3617,碩天,其他電子業,2,-7.87,4.27,0.21,-1.02,243.0,0.0,0.0,,,,0.41,86.64,472.63,254.0,-0.21,-0.82,-1.02,10.0,244.0,0.21,242.5,242.0,258.99,211.37,57.0,-6.0,0.0,0.0,0.0,0.0,0.0,0.0,0.0,0.0,,1.0,-36.0,2.0,0.0,0.0,0.9,-5.0,-0.01,10.56,-1.0,-0.0,0.05,0.0,0.0,0.05,0.04,0.0,1.0,1.0,0.24,0.36,0.26,-0.07,0.0,-0.09,0.8,-0.65,-0.4,7.66,49.3590033101187
3622,洋華,光電業,1,-18.99,5.98,-0.43,1.99,45.9,28.0,3.0,,,,-0.43,83.31,671.22,53.7,-0.56,1.02,1.99,7.600000000000001,46.1,0.0,46.1,46.1,112.01,191.62,43.0,-22.0,0.0,0.0,0.0,0.0,0.0,1.0,-1.0,0.0,,3.0,-1.0,-4.0,0.0,0.0,0.21,-22.0,-0.01,2.66,-0.0,-0.0,0.99,0.0,0.0,0.0,0.0,0.0,0.0,0.0,0.0,-0.06,-0.98,-0.04,-0.06,-0.63,0.84,0.5,-1.41,-5.43,47.44303714494136
3623,富晶通,光電業,3,-26.29,47.27,0.66,2.05,30.55,19.0,23.0,,,,2.52,330.72,1204.58,31.0,2.17,3.0,2.05,0.0,31.0,1.85,30.35,29.8,328.04,365.92,66.0,,,,,,,,,,,,,,0.0,0.0,0.0,52.0,0.18,,,,,0.08,0.0,0.0,0.0,0.0,0.0,0.0,0.83,0.98,1.36,0.55,0.86,1.5,1.45,1.94,3.64,7.15,84.36807716048271
3624,光頡,電子零組件業,3,-43.84,84.6,9.42,-2.14,151.0,-1852.0,5301.0,,,,9.82,31089.56,64877.03,151.0,4.48,0.0,-2.14,0.0,151.0,0.36,138.0,137.5,19122.45,16906.21,-1722.0,,,,,,,,,,,,,,0.0,0.0,1.66,796.0,0.68,,,,,4.52,-0.64,-0.64,1.66,0.0,0.0,3.0,0.66,-1.06,-5.74,4.17,3.16,4.05,10.5,18.6,32.33,50.81,78.32073375377354
3625,西勝,電腦及週邊設備業,1,-24.44,12.75,1.36,0.9,11.2,2.0,5.0,,,,0.45,236.34,520.61,13.5,-2.13,-2.61,0.9,2.0,11.5,-0.9,11.05,11.15,520.61,95.11,1.0,,,,,,,,,,,,,,0.0,0.0,0.0,12.0,0.01,,,,,0.0,0.0,0.0,0.0,0.0,0.0,0.0,-0.05,-0.13,-0.25,-0.02,-0.02,0.05,-0.16,-0.3,-0.76,-3.25,29.9977510373121
3628,盈正,其他電子業,2,-13.81,12.73,0.14,-0.41,72.8,-2.0,-7.0,,,,0.14,46.9,756.16,78.2,0.0,-1.88,-0.41,4.700000000000003,73.5,0.0,72.7,72.7,54.79,79.8,11.0,,,,,,,,,,,,,,0.0,0.0,0.0,-6.0,-0.01,,,,,-0.02,0.0,0.0,0.0,0.0,0.0,0.0,0.06,0.19,0.18,-0.0,0.03,0.46,-0.6,-0.53,0.41,3.32,49.5060257909596
3629,地心引力,文化創意業,2,-24.12,32.57,-6.36,0.29,16.2,,,,,,-6.36,2.0,11.01,21.35,,,0.29,4.050000000000001,17.3,0.0,17.3,17.3,1.0,4.17,0.0,,,,,,,,,,,,,,0.0,0.0,0.0,,,,,,,,0.0,0.0,0.0,0.0,0.0,0.0,0.0,0.0,0.0,,,,-0.73,-1.24,-2.83,0.25,29.037176944061372
3630,新鉅科,光電業,2,-11.05,9.16,-0.19,0.94,26.9,17.0,22.0,,,,-0.19,410.02,4101.8,28.95,-0.18,-1.3,0.94,1.5500000000000007,27.4,0.0,26.95,26.95,336.67,229.44,49.0,,,,,,,,,,,,,,0.0,0.0,0.0,4.0,0.0,,,,,0.01,0.0,0.0,0.0,0.0,0.0,0.0,-0.01,-0.05,-0.31,-0.04,-0.15,-0.46,-0.01,0.45,0.31,0.58,59.10034623470454
3631,晟楠,電子零組件業,3,-12.1,13.08,-0.12,1.0,40.45,2.0,2.0,,,,-0.12,150.52,271.63,41.75,-0.37,-0.5,1.0,0.25,41.5,0.0,40.5,40.5,64.38,143.0,67.0,,,,,,,,,,,,,,0.0,0.0,0.0,-3.0,-0.0,,,,,0.0,0.0,0.0,0.0,0.0,0.0,0.0,0.12,0.25,0.24,0.0,0.04,0.01,0.18,0.42,1.21,3.93,58.7438841773081
3632,研勤,通信網路業,1,-4.98,0.57,0.28,-0.56,7.08,0.0,0.0,,,,-0.98,11.24,32.77,7.43,0.0,-0.14,-0.56,0.33000000000000007,7.1,-1.26,7.06,7.15,13.95,24.26,0.0,,,,,,,,,,,,,,0.0,0.0,0.0,,,,,,,0.0,0.0,0.0,0.0,0.0,0.0,0.0,0.0,0.0,0.0,0.0,0.0,0.0,-0.08,-0.05,-0.08,-0.54,32.06860694379351
3642,駿熠電,其他電子業,3,,,,,,,,,,,,,,,,,,,,,,,,,,,,,,,,,,,,,,,,,,,,,,,,,,,,,,,,,,,,,,,,,
3645,達邁,電子零組件業,2,-12.11,21.02,-2.24,3.29,74.2,413.0,-497.0,,,,-1.46,3575.31,8152.23,76.0,0.96,-0.82,3.29,0.0,76.0,0.8,75.9,75.3,1758.34,5003.12,249.0,-424.0,3.0,16.0,-2.0,-1.0,20.0,16.0,20.0,16.0,-1.06,2.0,314.0,-273.0,0.0,0.0,0.0,-409.0,-0.31,9.42,-15.0,-0.01,0.43,-0.38,0.0,0.0,0.0,0.0,0.0,0.0,-1.62,-1.59,-5.2,-1.41,-1.52,-4.92,0.58,2.81,3.13,3.47,63.560890446180245
3646,艾恩特,電子零組件業,3,-6.16,9.39,-0.8,-0.2,24.85,0.0,0.0,,,,-0.4,18.01,48.33,25.15,0.2,0.2,-0.2,0.09999999999999787,25.05,0.4,25.05,24.95,6.03,18.51,0.0,,,,,,,,,,,,,,0.0,0.0,0.0,5.0,0.01,,,,,0.0,0.0,0.0,0.0,0.0,0.0,0.0,0.0,-0.02,0.0,0.0,0.0,0.0,0.04,0.05,0.36,1.13,63.1757666171524
3652,精聯,電腦及週邊設備業,2,-9.14,8.81,0.44,0.74,34.5,-2.0,4.0,,,,0.88,56.08,186.12,35.0,-1.02,-0.73,0.74,0.3999999999999986,34.6,0.44,34.35,34.2,45.32,54.05,26.0,32.0,,,,,,,,,,,,,0.0,0.0,0.0,31.0,0.04,1.93,1.0,0.0,0.09,0.01,0.0,0.0,0.0,0.0,0.0,0.0,0.1,0.23,0.18,0.02,0.08,0.1,0.28,0.36,1.05,1.3,61.004226815409744
3653,健策,電子零組件業,3,-27.23,41.0,2.31,-2.58,6875.0,-83.0,-1.0,,,,1.1,616.93,2756.49,7160.0,7.96,-0.36,-2.58,265.0,6895.0,-1.18,6720.0,6800.0,1660.06,1234.9,-165.0,20.0,2.0,-9.0,-6.0,-13.0,136.0,95.0,120.0,95.0,0.44,3.0,1.0,-36.0,42.0,0.03,13.32,-25.0,-0.02,26.91,3.0,0.0,0.55,-0.0,0.17,0.23,0.21,4.0,7.0,13.0,-0.6,-0.56,-0.13,-0.02,0.0,0.05,95.0,711.0,947.5,2072.5,77.71084391913104
3661,世芯-KY,半導體業,2,-24.36,17.18,-0.13,-0.13,3765.0,67.0,-85.0,,,,0.67,953.45,5595.15,4310.0,0.27,-2.25,-0.13,490.0,3820.0,0.8,3770.0,3740.0,1176.97,1125.49,89.0,-162.0,1.0,0.0,-3.0,0.0,-1.0,5.0,-6.0,1.0,,4.0,11.0,84.0,-1.0,-0.0,1.9,-163.0,-0.21,56.54,2.0,0.0,3.85,-0.11,-0.03,-3.36,-3.54,0.0,1.0,4.0,-0.24,1.97,-1.38,-0.2,-1.59,-6.09,21.0,137.0,-3.75,34.5,55.24963755047747
3663,鑫科,其他電子業,1,-17.35,18.52,-3.13,7.45,65.1,15.0,-229.0,,,,-3.98,1180.49,2718.15,68.6,1.32,1.46,7.45,1.3999999999999915,67.2,-0.88,67.2,67.8,552.34,2718.15,-74.0,,,,,,,,,,,,,,0.0,0.0,0.0,-307.0,-0.42,,,,,-0.31,0.0,0.0,0.0,0.0,0.0,0.0,-0.29,-0.31,-0.57,-0.15,-0.26,-0.55,1.6,2.82,3.65,0.71,63.025052864095464
3664,安瑞-KY,通信網路業,3,-29.12,65.49,-0.11,0.0,8.85,0.0,0.0,,,,-0.11,41.14,234.93,9.17,-0.45,0.0,0.0,0.3000000000000007,8.87,0.0,8.86,8.86,91.0,17.0,0.0,,,,,,,,,,,,,,0.0,0.0,0.01,0.0,0.0,,,,,0.0,0.0,0.0,0.0,0.0,0.0,0.0,0.0,0.0,0.0,0.0,0.02,0.03,-0.02,0.27,0.72,1.86,68.85795307650208
3665,貿聯-KY,其他電子業,3,-32.59,45.03,-1.54,3.8,2555.0,699.0,-151.0,,,,-1.54,3055.67,6449.96,2685.0,0.0,4.49,3.8,60.0,2625.0,0.0,2595.0,2595.0,4555.4,6153.46,478.0,-52.0,3.0,41.0,8.0,-28.0,46.0,41.0,25.0,41.0,-1.68,2.0,-27.0,10.0,486.0,0.3,19.43,-482.0,-0.3,58.99,-56.0,-0.03,2.4,-0.09,1.26,1.47,1.51,5.0,9.0,14.0,-0.44,-0.59,-3.17,0.99,1.57,-0.46,100.0,251.5,396.5,432.67,77.05456239808257
3666,光耀,光電業,3,-2.76,2.83,-0.39,0.2,25.3,0.0,0.0,,,,0.0,28.25,220.68,25.4,0.0,0.4,0.2,0.0,25.4,0.4,25.4,25.3,40.23,38.15,4.0,,,,,,,,,,,,,,0.0,0.0,0.0,3.0,0.01,,,,,0.0,0.0,0.0,0.0,0.0,0.0,0.0,0.05,0.09,0.1,0.0,0.0,0.0,0.04,0.15,0.22,0.23,87.25812964083075
3669,圓展,通信網路業,1,-11.11,4.84,0.75,0.3,33.4,-9.0,-5.0,,,,1.21,248.58,656.56,36.0,-0.92,0.62,0.3,2.450000000000003,33.55,0.45,33.15,33.0,49.38,102.85,-12.0,-55.0,0.0,0.0,0.0,0.0,0.0,0.0,0.0,0.0,,3.0,6.0,22.0,0.0,0.0,0.0,-56.0,-0.06,2.83,1.0,0.0,0.42,-0.01,0.0,0.0,0.0,0.0,0.0,0.0,-0.14,-0.12,-0.87,-0.01,-0.06,-0.6,0.67,0.75,0.38,-2.43,62.23799846624643
3672,康聯訊,通信網路業,1,-11.54,5.22,0.41,1.23,12.1,0.0,0.0,,,,-2.02,7.98,178.45,13.0,5.44,-0.79,1.23,0.9000000000000004,12.1,-2.43,12.05,12.35,16.3,9.93,-3.0,,,,,,,,,,,,,,0.0,0.0,0.0,0.0,0.0,,,,,0.0,0.0,0.0,0.0,0.0,0.0,0.0,-0.03,-0.03,-0.04,0.0,0.0,0.0,-0.2,-0.02,0.08,-0.5,47.320225673307014
3673,TPK-KY,光電業,2,-20.84,29.35,-0.54,9.26,73.3,-609.0,-3089.0,,,,-2.91,26102.94,37006.92,75.8,1.23,4.73,9.26,0.0,75.8,-2.38,73.7,75.5,11366.6,37006.92,-3689.0,-1829.0,3.0,125.0,73.0,-11.0,195.0,125.0,186.0,125.0,-1.09,4.0,2978.0,-653.0,0.0,0.0,0.03,-2052.0,-0.5,37.23,223.0,0.05,2.99,-0.76,0.0,0.0,0.0,0.0,0.0,0.0,-1.78,-1.56,-1.73,-1.18,-0.93,-1.15,3.72,6.15,7.71,8.3,72.61243530217904
3675,德微,半導體業,2,-28.89,40.9,8.79,-2.08,359.0,-67.0,270.0,,,,8.79,2918.16,3602.79,360.0,0.9,-0.3,-2.08,0.0,360.0,0.0,330.0,330.0,2794.74,1348.62,55.0,,,,,,,,,,,,,,102.0,0.2,0.9,198.0,0.39,,,,,0.54,0.89,0.77,0.44,5.0,5.0,5.0,-1.32,-1.66,-0.71,-0.06,0.31,0.64,21.0,43.0,63.9,73.26,81.67908857190226
3679,新至陞,電子零組件業,1,-4.52,3.32,0.46,-0.92,108.5,-3.0,-1.0,,,,0.46,64.25,131.82,110.5,0.46,-0.46,-0.92,1.5,109.0,0.0,108.0,108.0,9.18,35.97,3.0,-7.0,0.0,0.0,0.0,0.0,0.0,0.0,0.0,0.0,,1.0,-1.0,0.0,0.0,0.0,0.24,-7.0,-0.01,8.62,0.0,0.0,0.12,-0.0,-0.01,0.02,0.02,1.0,6.0,12.0,-0.01,0.02,0.06,-0.0,0.02,-0.04,0.0,0.15,0.58,-0.51,52.93494767528383
3680,家登,半導體業,3,-14.75,25.31,-0.9,0.36,551.0,94.0,3.0,,,,-0.72,758.66,7897.11,573.0,2.65,1.11,0.36,11.0,562.0,0.18,556.0,555.0,1084.11,1654.64,163.0,,,,,,,,,,,,,,-0.0,-0.0,0.2,23.0,0.02,,,,,0.0,-0.0,-0.0,0.04,0.0,0.0,2.0,0.52,2.08,3.28,0.3,1.23,0.95,6.2,12.9,21.62,63.13,61.535797272667985
3682,亞太電,通信網路業,3,,,,,,,,,,,,,,,,,,,,,,,,,,,,,,,,,,,,,,,,,,,,,,,,,,,,,,,,,,,,,,,,,
3684,榮昌,通信網路業,3,-8.05,5.64,2.65,-0.94,54.3,-1.0,3.0,,,,2.65,50.17,161.9,55.9,,0.38,-0.94,1.6000000000000014,54.3,0.0,52.9,52.9,6.67,84.97,-10.0,,,,,,,,,,,,,,0.0,0.0,0.0,-13.0,-0.04,,,,,0.01,0.0,0.0,0.0,0.0,0.0,0.0,-0.08,-0.11,-0.15,0.01,0.01,0.01,0.85,0.5,0.33,1.71,59.915242006380005
3685,元創精密,電機機械,2,-12.3,4.93,-1.0,-0.57,34.65,17.0,2.0,,,,-1.0,216.89,1147.55,38.2,0.28,0.0,-0.57,3.0500000000000043,35.15,0.0,35.0,35.0,324.38,293.73,-34.0,,,,,,,,,,,,,,0.0,0.0,0.0,-5.0,-0.01,,,,,0.0,0.0,0.0,0.0,0.0,0.0,0.0,-0.03,0.41,0.74,0.04,0.18,0.42,-0.38,-0.74,-1.42,-1.79,26.82753852001379
3686,達能,半導體業,2,-16.67,20.0,-3.32,8.67,16.0,162.0,-135.0,,,,-1.84,486.96,569.23,16.8,-1.33,0.34,8.67,0.0,16.8,1.53,16.55,16.3,41.42,569.23,28.0,-57.0,0.0,0.0,0.0,0.0,0.0,0.0,0.0,0.0,,0.0,0.0,0.0,0.0,0.0,0.44,-51.0,-0.07,1.47,-6.0,-0.01,0.67,-0.18,0.0,0.0,0.0,0.0,0.0,0.0,-0.09,-0.22,-0.18,0.0,-0.07,-0.08,0.61,0.95,1.35,1.08,68.66409413084911
3687,歐買尬,電子商務,1,-7.85,3.01,2.33,0.33,61.6,0.0,12.0,,,,2.16,51.57,139.59,65.0,-0.5,0.0,0.33,3.299999999999997,61.7,-0.17,60.2,60.3,28.67,28.42,4.0,,,,,,,,,,,,,,0.0,0.0,0.0,16.0,0.05,,,,,0.04,0.0,0.0,0.0,0.0,0.0,0.0,0.09,0.17,0.21,-0.04,-0.06,-0.23,0.98,0.74,-0.05,-4.31,59.0582383630004
3689,湧德,電子零組件業,2,-14.92,6.7,-0.9,-0.9,110.5,25.0,-23.0,,,,0.0,295.15,3867.48,124.0,0.91,-0.45,-0.9,12.5,111.5,0.9,111.5,110.5,268.24,385.29,106.0,,,,,,,,,,,,,,0.0,0.0,0.0,3.0,0.0,,,,,-0.03,0.0,0.0,0.0,0.0,0.0,0.0,0.36,0.3,-0.85,0.25,0.2,-0.74,0.3,1.1,0.0,0.2,55.08516255910111
3691,碩禾,光電業,1,-30.65,33.15,-6.25,1.27,112.5,2.0,-276.0,,,,-5.86,1173.84,5436.54,130.5,-0.41,-2.07,1.27,10.0,120.5,0.42,120.0,119.5,1334.51,973.68,-87.0,,,,,,,,,,,,,,0.0,0.0,0.0,104.0,0.11,,,,,-0.3,0.0,0.0,0.0,0.0,0.0,0.0,-0.4,0.12,-0.2,0.27,0.86,0.25,-6.1,3.32,9.3,2.23,56.86452393482696
3693,營邦,電腦及週邊設備業,3,-16.31,38.2,-3.49,-2.97,664.0,-168.0,-387.0,,,,-3.35,2839.03,3782.3,748.0,-0.41,-3.7,-2.97,57.0,691.0,0.15,688.0,687.0,1326.58,1274.54,-54.0,,,,,,,,,,,,,,-32.0,-0.08,0.2,-71.0,-0.18,,,,,-1.01,-0.09,-0.14,-0.17,0.0,0.0,0.0,-0.69,-0.78,5.46,-2.13,-2.04,3.81,-38.8,-35.8,-21.5,97.12,38.32798658000763
3694,海華,通信網路業,1,-6.91,6.39,-0.78,1.18,51.2,110.0,3.0,,,,-0.58,283.84,835.46,52.1,0.2,0.2,1.18,0.5,51.6,0.19,51.6,51.5,239.88,365.93,159.0,-50.0,1.0,0.0,0.0,5.0,0.0,0.0,5.0,5.0,inf,1.0,-49.0,68.0,0.0,0.0,0.0,-49.0,-0.04,3.21,-1.0,-0.0,0.33,0.0,0.0,0.0,0.0,0.0,0.0,0.0,0.23,0.51,-0.14,0.06,0.17,-0.11,0.48,0.66,1.02,-3.25,61.112331541246554
3701,大眾控,電腦及週邊設備業,3,-23.61,31.94,8.97,8.64,50.4,1254.0,2032.0,,,,9.8,8814.07,8814.07,50.4,0.0,1.21,8.64,0.0,50.4,0.76,46.25,45.9,552.96,4549.94,73.0,636.0,2.0,73.0,0.0,79.0,71.0,73.0,145.0,79.0,0.08,3.0,820.0,1436.0,0.0,0.0,0.0,616.0,0.27,5.29,20.0,0.01,0.1,0.89,0.0,0.0,0.0,0.0,0.0,0.0,0.34,0.46,0.08,1.47,1.57,1.26,6.29,7.68,8.6,9.62,85.86300033752833
3702,大聯大,電子通路業,2,-16.67,22.94,3.48,-0.87,119.0,-1112.0,2882.0,,,,4.39,9434.24,14959.82,120.0,3.07,-2.13,-0.87,0.5,119.5,0.88,115.0,114.0,10942.99,5581.0,-348.0,5769.0,2.0,-2.0,-4.0,13.0,-1.0,6.0,12.0,13.0,-7.5,4.0,146.0,-654.0,504.0,0.03,11.52,4889.0,0.29,34.73,376.0,0.02,10.37,0.17,-0.01,0.16,0.14,3.0,6.0,11.0,0.48,0.74,1.36,0.29,0.64,1.09,3.1,5.2,9.55,7.18,72.05582042463016
3703,欣陸,建材營造,1,-6.05,2.61,0.0,0.51,19.55,-89.0,-56.0,,,,-0.26,308.71,1897.64,20.65,-0.75,-1.27,0.51,1.0,19.65,-0.26,19.55,19.6,1119.77,690.26,-298.0,-102.0,0.0,0.0,0.0,0.0,0.0,0.0,0.0,0.0,,2.0,8.0,-17.0,0.0,0.0,0.05,-112.0,-0.01,19.32,10.0,0.0,0.47,-0.01,0.0,0.0,-0.01,0.0,0.0,1.0,-0.16,-0.21,-0.13,-0.06,-0.06,-0.0,-0.11,-0.2,-0.21,-0.52,40.67872020083059
3704,合勤控,通信網路業,1,-9.12,5.02,-1.84,-0.49,40.05,3.0,-235.0,,,,-1.11,1609.43,10631.78,42.75,0.5,-0.62,-0.49,1.9500000000000028,40.8,0.74,40.8,40.5,1130.75,926.51,78.0,-119.0,1.0,-11.0,0.0,-3.0,-15.0,2.0,-12.0,2.0,-0.73,2.0,20.0,113.0,0.0,0.0,0.0,-123.0,-0.03,10.69,4.0,0.0,0.42,-0.06,0.0,0.0,0.0,0.0,0.0,0.0,-0.14,-0.19,-2.14,-0.2,-0.47,-1.98,-0.27,-0.62,-0.34,-3.1,42.275590079717404
3705,永信,生技醫療業,3,-4.01,5.19,0.18,0.0,56.7,21.0,4.0,,,,0.0,75.6,419.14,57.4,-0.36,-0.18,0.0,0.6000000000000014,56.8,-0.18,56.6,56.7,125.15,167.86,14.0,26.0,0.0,0.0,0.0,0.0,0.0,0.0,0.0,0.0,,1.0,0.0,-2.0,0.0,0.0,0.0,13.0,0.0,7.37,13.0,0.0,0.04,0.0,0.0,0.0,0.0,0.0,0.0,0.0,0.01,0.05,0.08,0.01,0.04,0.11,0.4,0.22,0.44,1.58,59.299206998711306
3706,神達,電腦及週邊設備業,1,-18.57,6.06,2.75,0.0,82.1,-11.0,3998.0,,,,3.53,12817.23,17193.67,95.3,-0.13,0.51,0.0,13.0,82.3,0.76,79.9,79.3,2938.74,3956.42,173.0,5024.0,2.0,0.0,19.0,20.0,14.0,19.0,34.0,20.0,inf,1.0,-135.0,-410.0,50.0,0.0,6.12,4372.0,0.36,11.48,602.0,0.05,0.81,0.33,-0.22,-0.38,-0.11,1.0,1.0,8.0,0.4,0.53,-1.51,0.14,-0.11,-2.78,2.62,2.45,-0.87,-5.96,58.25586422879369
3707,漢磊,半導體業,2,-26.5,36.05,1.97,4.41,77.5,1868.0,2456.0,,,,2.38,21346.51,55913.77,78.5,3.7,0.14,4.41,0.0,78.5,0.4,76.0,75.7,20586.87,30579.13,2419.0,,,,,,,,,,,,,,0.0,0.0,0.0,2719.0,0.82,,,,,0.74,0.0,0.0,0.0,0.0,0.0,0.0,-0.93,-0.19,-1.03,-0.6,0.53,-0.55,3.68,8.52,12.7,12.54,88.29113888708471
3708,上緯投控,化學工業,2,-8.08,6.54,0.41,0.82,98.9,33.0,15.0,,,,0.0,306.25,1258.42,101.5,2.26,-2.11,0.82,2.0999999999999943,99.4,-0.4,98.5,98.9,306.89,282.79,-46.0,-87.0,0.0,-3.0,-13.0,-6.0,-140.0,7.0,-153.0,-3.0,1.0,2.0,-36.0,11.0,0.0,0.0,0.94,-87.0,-0.09,6.42,0.0,0.0,0.01,0.02,0.0,-0.01,0.09,0.0,1.0,10.0,-0.44,-0.4,-0.64,0.06,0.09,-0.15,0.38,1.14,0.72,-0.69,53.65275595621505
3709,鑫聯大投控,電腦及週邊設備業,1,-10.5,10.41,-0.75,1.24,65.9,77.0,-69.0,,,,1.07,508.93,1698.47,67.6,-0.32,1.43,1.24,0.7999999999999972,66.8,1.84,66.4,65.2,235.68,362.72,32.0,,,,,,,,,,,,,,0.0,0.0,0.0,-101.0,-0.1,,,,,-0.07,0.0,0.0,0.0,0.0,0.0,0.0,0.02,0.03,-0.72,0.04,0.08,-0.89,1.6,2.13,2.24,-3.63,70.54914707713526
3710,連展投控,電子零組件業,3,-45.1,72.61,-2.88,-3.26,8.08,-32.0,-46.0,,,,-2.88,241.78,770.47,8.78,0.9,8.95,-3.26,0.4599999999999991,8.32,0.0,8.32,8.32,423.18,262.5,-34.0,,,,,,,,,,,,,,0.0,0.0,0.0,-34.0,-0.01,,,,,-0.02,0.0,0.0,0.0,0.0,0.0,0.0,-0.04,-0.09,-0.11,-0.01,0.03,0.04,-0.02,0.11,1.46,2.43,78.22780305273395
3711,日月光投控,半導體業,3,-20.06,25.89,1.43,-1.82,710.0,2177.0,935.0,,,,1.0,8885.91,27604.66,723.0,0.87,-1.72,-1.82,13.0,710.0,-0.43,700.0,703.0,14248.95,14584.12,2674.0,742.0,3.0,5.0,-29.0,5.0,37.0,54.0,-12.0,13.0,0.0,0.0,-140.0,-91.0,227.0,0.01,5.12,458.0,0.01,79.55,57.0,0.0,1.97,0.02,-0.12,-0.1,-0.22,1.0,4.0,9.0,0.19,0.78,1.21,0.09,0.7,0.88,11.6,39.5,68.9,89.57,75.76654737112614
3712,永崴投控,電腦及週邊設備業,2,-8.18,2.48,0.0,0.24,20.65,-14.0,16.0,,,,0.0,358.92,939.28,22.0,0.24,-0.24,0.24,1.3000000000000007,20.7,0.0,20.65,20.65,426.42,663.2,-50.0,62.0,0.0,0.0,0.0,0.0,0.0,0.0,0.0,0.0,,1.0,21.0,-12.0,0.0,0.0,0.0,62.0,0.03,3.14,0.0,0.0,0.63,0.01,0.0,0.0,0.0,0.0,0.0,0.0,0.01,0.22,-0.17,0.02,0.05,0.07,-0.01,-0.06,-0.13,0.83,45.66996109272096
3713,新晶投控,光電業,1,-15.16,4.94,1.1,0.36,13.8,-4.0,0.0,,,,-0.72,15.52,101.05,15.5,-0.71,-0.71,0.36,1.6999999999999993,13.8,-1.8,13.65,13.9,45.25,52.09,-3.0,,,,,,,,,,,,,,0.0,0.0,0.0,0.0,0.0,,,,,0.0,0.0,0.0,0.0,0.0,0.0,0.0,0.0,-0.01,-0.02,-0.02,-0.02,-0.02,-0.14,-0.21,-0.39,-0.67,25.03030857391623
3714,富采,光電業,3,-17.01,29.12,-1.71,1.9,68.8,1100.0,-1076.0,,,,-1.57,10454.79,50253.67,72.3,0.15,0.74,1.9,1.7999999999999972,70.5,0.14,70.0,69.9,7402.68,21400.35,1890.0,-1094.0,2.0,15.0,7.0,-21.0,-325.0,83.0,-429.0,15.0,-2.4,1.0,523.0,-156.0,712.0,0.1,0.13,-1849.0,-0.27,15.08,43.0,0.01,0.73,-0.16,0.1,0.1,0.12,2.0,4.0,5.0,0.28,0.49,1.47,0.12,0.05,0.68,0.42,1.12,3.39,9.19,63.60103316626306
3715,定穎投控,電子零組件業,2,-16.3,24.04,0.78,0.4,129.0,153.0,415.0,,,,1.98,4697.7,16952.44,138.0,-1.99,1.22,0.4,9.0,129.0,1.19,128.0,126.5,2792.96,4275.58,142.0,173.0,,,,,,,,,,,,,0.0,0.0,0.04,186.0,0.07,10.1,-13.0,-0.0,0.82,0.15,0.0,0.0,0.0,0.0,0.0,0.0,-0.48,0.02,-2.41,-0.69,0.07,-2.28,3.3,5.4,5.62,8.0,62.7659689254229
4102,永日,生技醫療業,1,-6.65,2.19,0.27,1.1,18.45,0.0,0.0,,,,0.0,26.5,51.98,19.55,-1.07,-0.81,1.1,0.9000000000000021,18.65,-0.27,18.4,18.45,7.36,37.33,4.0,,,,,,,,,,,,,,0.0,0.0,0.0,0.0,0.0,,,,,0.0,0.0,0.0,0.0,0.0,0.0,0.0,0.01,0.04,0.03,0.0,0.0,0.0,-0.04,-0.23,-0.35,-0.82,32.61657067997061
4104,佳醫,生技醫療業,3,-3.29,2.97,0.0,0.83,72.7,39.0,15.0,,,,0.0,80.46,698.71,73.0,-0.42,0.28,0.83,0.29999999999999716,72.7,0.0,72.7,72.7,135.87,149.09,104.0,13.0,0.0,0.0,0.0,0.0,0.0,0.0,0.0,0.0,,2.0,-2.0,-2.0,0.0,0.0,0.0,7.0,0.0,4.04,6.0,0.0,0.25,0.01,0.0,0.0,0.0,0.0,0.0,0.0,0.07,0.11,0.29,0.05,0.03,0.1,0.38,0.42,0.79,1.42,65.32369425149054
4105,東洋,生技醫療業,3,-3.78,3.68,-0.13,-0.38,78.5,-30.0,-35.0,,,,0.0,449.42,755.97,79.3,-0.51,0.64,-0.38,0.5,78.8,0.13,78.6,78.5,294.11,543.78,-28.0,,,,,,,,,,,,,,2.0,0.0,0.65,-9.0,-0.0,,,,,-0.01,-0.02,0.07,0.08,2.0,7.0,12.0,0.03,0.07,-0.02,-0.02,0.08,-0.08,-0.06,-0.15,0.48,1.03,52.97750818252943
4106,雃博,生技醫療業,2,-2.64,1.25,-0.41,0.41,24.1,-11.0,-22.0,,,,-1.03,155.56,282.64,24.6,-0.62,0.21,0.41,0.3500000000000014,24.25,-0.62,24.2,24.35,46.36,86.88,8.0,-3.0,0.0,0.0,0.0,0.0,0.0,0.0,0.0,0.0,,2.0,2.0,4.0,0.0,0.0,0.0,-3.0,-0.0,2.77,0.0,0.0,0.76,-0.02,0.0,0.0,0.0,0.0,0.0,0.0,-0.01,-0.01,-0.08,-0.03,-0.04,-0.03,-0.15,-0.25,-0.29,-0.36,30.747197116697222
4107,邦特,生技醫療業,1,-3.08,0.45,0.45,-0.45,110.5,0.0,-1.0,,,,0.0,19.43,73.82,113.5,-0.45,0.45,-0.45,3.0,110.5,-0.45,110.0,110.5,43.06,26.16,-3.0,,,,,,,,,,,,,,0.0,0.0,0.0,-1.0,-0.0,,,,,-0.0,0.0,0.0,0.0,0.0,0.0,0.0,-0.02,-0.02,-0.12,-0.05,-0.07,-0.1,0.1,-0.35,-1.2,-3.68,33.314759143448356
4108,懷特,生技醫療業,2,-6.38,7.94,0.0,1.32,11.5,-27.0,0.0,,,,0.0,50.72,505.35,11.75,-1.72,-0.87,1.32,0.1999999999999993,11.55,0.0,11.5,11.5,133.48,171.22,9.0,16.0,0.0,0.0,0.0,0.0,0.0,0.0,0.0,0.0,,0.0,0.0,0.0,0.0,0.0,0.0,16.0,0.01,1.37,0.0,0.0,0.03,0.0,0.0,0.0,0.0,0.0,0.0,0.0,-0.02,-0.02,-0.02,-0.01,-0.02,-0.2,0.01,0.07,0.13,0.06,55.28484819112578
4109,加捷生醫,生技醫療業,1,-3.98,1.84,-0.91,0.0,10.9,-1.0,-19.0,,,,-1.36,158.41,237.27,11.3,0.0,0.0,0.0,0.25,11.05,-0.45,11.0,11.05,54.22,51.76,7.0,,,,,,,,,,,,,,0.0,0.0,0.0,32.0,0.04,,,,,-0.02,0.0,0.0,0.0,0.0,0.0,0.0,0.06,0.03,-0.14,-0.01,-0.03,-0.12,-0.12,-0.2,-0.17,-0.42,24.72756633163401
4111,濟生,生技醫療業,1,-1.9,1.76,-0.17,0.87,28.85,1.0,0.0,,,,-0.17,22.99,95.69,28.95,-0.35,0.35,0.87,0.05000000000000071,28.9,0.0,28.9,28.9,17.31,31.54,-6.0,,,,,,,,,,,,,,0.0,0.0,0.0,-4.0,-0.01,,,,,0.0,0.0,0.0,0.0,0.0,0.0,0.0,0.03,0.02,-0.07,0.0,0.0,-0.03,0.04,0.05,0.07,-0.65,52.603624605792355
4113,聯上,建材營造,1,-14.41,6.19,-1.95,0.0,15.1,-13.0,-37.0,,,,-2.89,584.51,807.22,17.35,-0.64,0.0,0.0,1.9000000000000021,15.45,-0.96,15.4,15.55,618.84,305.21,-36.0,,,,,,,,,,,,,,0.0,0.0,0.0,-27.0,-0.01,,,,,-0.02,0.0,0.0,0.0,0.0,0.0,0.0,-0.08,-0.19,-0.12,-0.06,-0.15,-0.15,-0.38,-0.47,-0.45,0.06,25.661636850241635
4114,健喬,生技醫療業,1,-2.66,0.85,-0.17,0.51,29.5,60.0,0.0,,,,-0.17,308.72,829.58,30.1,-0.68,-0.34,0.51,0.5500000000000007,29.55,0.0,29.55,29.55,608.04,475.46,221.0,,,,,,,,,,,,,,0.0,0.0,0.0,53.0,0.01,,,,,0.0,0.0,0.0,0.0,0.0,0.0,0.0,0.07,0.26,0.35,-0.04,-0.05,-0.14,0.03,-0.04,-0.09,-0.56,46.99505873952573
4116,明基醫,生技醫療業,2,-4.27,2.56,-0.5,0.0,39.8,0.0,0.0,,,,0.0,22.39,94.01,41.0,-0.25,0.25,0.0,1.0,40.0,0.5,40.0,39.8,11.38,17.15,-2.0,,,,,,,,,,,,,,0.0,0.0,0.0,-3.0,-0.01,,,,,0.0,0.0,0.0,0.0,0.0,0.0,0.0,-0.02,-0.05,-0.03,0.0,0.0,0.03,0.26,0.3,0.09,0.59,62.25685423582178
4119,旭富,生技醫療業,3,-14.0,8.33,-0.18,1.83,55.7,-16.0,1.0,,,,0.36,65.76,708.58,60.7,-0.18,-2.29,1.83,4.800000000000004,55.9,0.54,55.8,55.5,112.38,107.84,31.0,-2.0,0.0,0.0,0.0,0.0,0.0,0.0,0.0,0.0,,1.0,-5.0,0.0,0.0,0.0,0.0,-2.0,-0.0,5.26,-0.0,-0.0,0.16,0.0,0.0,0.0,0.0,0.0,0.0,0.0,-0.03,-0.05,-0.03,-0.04,-0.05,0.15,-0.32,-1.49,-1.3,3.21,36.65659941252969
4120,友華,生技醫療業,2,-5.91,3.14,0.0,-0.43,46.0,0.0,0.0,,,,0.22,2.24,43.93,47.4,-0.22,0.22,-0.43,1.3999999999999986,46.0,0.22,46.0,45.9,4.17,7.13,0.0,,,,,,,,,,,,,,0.0,0.0,0.0,-1.0,-0.0,,,,,0.0,0.0,0.0,0.0,0.0,0.0,0.0,-0.0,-0.01,0.0,0.0,0.0,0.0,-0.02,-0.01,-0.2,-1.07,43.97412621165473
4121,優盛,生技醫療業,1,-4.2,1.59,0.0,1.19,12.75,-8.0,0.0,,,,0.0,16.29,73.49,13.1,1.59,-0.39,1.19,0.34999999999999964,12.75,0.0,12.75,12.75,18.13,73.49,2.0,,,,,,,,,,,,,,0.0,0.0,0.0,-4.0,-0.0,,,,,0.0,0.0,0.0,0.0,0.0,0.0,0.0,-0.0,-0.0,-0.03,-0.01,-0.02,-0.03,0.02,0.04,0.0,-0.26,50.97301463092115
4123,晟德,生技醫療業,1,-6.83,6.64,0.16,0.81,31.3,212.0,43.0,,,,0.16,902.29,2574.74,31.5,-1.75,0.16,0.81,0.1999999999999993,31.3,0.0,31.25,31.25,1038.19,987.85,400.0,,,,,,,,,,,,,,-31.0,-0.0,0.0,17.0,0.0,,,,,0.01,-0.0,-0.0,-0.04,0.0,0.0,0.0,0.13,0.3,-0.24,0.06,0.14,0.07,0.1,0.28,0.62,-3.06,59.418695303042114
4126,太醫,生技醫療業,2,-1.92,1.82,-0.26,0.26,78.0,0.0,0.0,,,,-0.13,25.29,73.28,78.3,-0.13,0.13,0.26,0.09999999999999432,78.2,0.13,78.2,78.1,8.38,20.71,-9.0,,,,,,,,,,,,,,0.0,0.0,0.0,-11.0,-0.02,,,,,0.0,0.0,0.0,0.0,0.0,0.0,0.0,-0.04,-0.02,0.02,0.0,0.0,0.01,0.06,0.18,0.22,0.4,59.209827021369456
4127,天良,生技醫療業,1,-36.13,3.29,1.52,-2.25,46.7,-133.0,-41.0,,,,2.41,323.22,1525.16,71.4,-1.81,-2.46,-2.25,24.300000000000004,47.1,0.88,46.0,45.6,312.82,422.15,46.0,,,,,,,,,,,,,,0.0,0.0,0.0,47.0,0.1,,,,,-0.09,0.0,0.0,0.0,0.0,0.0,0.0,0.68,0.57,1.2,-0.93,-1.42,-2.65,-0.92,-6.61,-11.5,-26.48,17.099994419281416
4128,中天,生技醫療業,1,-8.74,9.57,-1.94,1.32,15.15,504.0,8.0,,,,-1.3,1199.64,4208.12,15.45,0.0,1.01,1.32,0.0,15.45,0.65,15.45,15.35,1201.08,1725.51,959.0,,,,,,,,,,,,,,0.0,0.0,0.0,-420.0,-0.07,,,,,0.0,0.0,0.0,0.0,0.0,0.0,0.0,0.18,0.46,0.45,0.16,0.07,-0.01,0.11,0.32,0.4,0.1,65.08406178663026
4129,聯合,生技醫療業,1,-3.22,2.72,-0.72,0.72,82.6,12.0,0.0,,,,-0.96,72.22,235.14,83.8,-0.72,0.73,0.72,0.5999999999999943,83.2,-0.24,83.2,83.4,124.78,100.89,6.0,,,,,,,,,,,,,,0.0,0.0,0.0,-46.0,-0.05,,,,,0.0,0.0,0.0,0.0,0.0,0.0,0.0,-0.05,-0.25,-1.01,0.01,0.0,0.02,-0.22,-0.03,0.16,-3.02,48.35729824194913
4130,健亞,生技醫療業,3,,,,,,,,,,,,,,,,,,,,,,,,,,,,,,,,,,,,,,,,,,,,,,,,,,,,,,,,,,,,,,,,,
4131,晶宇,生技醫療業,1,-9.36,7.02,-1.28,-4.96,30.85,0.0,0.0,,,,0.65,8.11,216.0,32.6,-0.93,-0.16,-4.96,1.3500000000000014,31.25,1.96,31.25,30.65,20.0,47.54,0.0,,,,,,,,,,,,,,0.0,0.0,0.0,,,,,,,0.0,0.0,0.0,0.0,0.0,0.0,0.0,0.02,0.02,0.02,0.0,0.0,0.0,-0.7,-0.64,-0.42,-1.49,39.71629847136085
4133,亞諾法,生技醫療業,1,-3.61,2.99,0.24,0.73,20.65,5.0,0.0,,,,0.0,30.49,116.84,20.8,-0.97,0.49,0.73,0.15000000000000213,20.65,-0.24,20.6,20.65,46.76,35.81,9.0,-8.0,0.0,0.0,-10.0,0.0,-10.0,0.0,-10.0,0.0,,1.0,1.0,-2.0,0.0,0.0,0.0,-8.0,-0.01,12.06,0.0,0.0,4.18,0.0,0.0,0.0,0.0,0.0,0.0,0.0,0.02,0.04,0.06,0.02,0.05,0.0,0.12,0.14,0.21,-0.21,61.52999676890296
4137,麗豐-KY,生技醫療業,1,-10.87,4.29,-1.17,0.52,76.3,3.0,-17.0,,,,-1.29,96.74,466.4,83.7,-1.8,0.39,0.52,5.900000000000006,77.8,-0.13,77.2,77.3,76.36,71.88,-8.0,-37.0,0.0,0.0,0.0,0.0,0.0,0.0,0.0,0.0,,2.0,-1.0,0.0,1.0,0.0,0.45,-38.0,-0.05,55.33,0.0,0.0,0.75,-0.02,-0.01,0.06,0.07,2.0,7.0,13.0,-0.09,-0.2,-0.93,-0.08,-0.13,-0.95,-0.48,-1.0,-1.2,-11.51,38.01793161170496
4138,曜亞,生技醫療業,2,-8.96,9.06,-1.27,-1.27,54.3,-11.0,0.0,,,,0.0,19.91,96.72,56.9,0.72,-2.13,-1.27,1.5,55.4,1.29,55.0,54.3,54.02,75.93,-3.0,,,,,,,,,,,,,,0.0,0.0,0.0,0.0,0.0,,,,,0.0,0.0,0.0,0.0,0.0,0.0,0.0,-0.03,0.03,-0.06,-0.03,-0.02,0.06,-0.88,-0.41,0.34,2.2,47.99710097358435
4139,馬光-KY,生技醫療業,3,-11.53,20.0,2.32,-0.36,41.95,0.0,5.0,,,,0.36,37.07,191.74,45.1,0.12,0.24,-0.36,3.1000000000000014,42.0,-1.91,41.0,41.8,63.01,65.02,-8.0,,,,,,,,,,,,,,0.0,0.0,0.0,0.0,0.0,,,,,0.01,0.0,0.0,0.0,0.0,0.0,0.0,0.0,-0.01,-0.05,0.01,0.01,0.02,0.26,0.42,0.56,3.93,63.606586584550676
4142,國光生,生技醫療業,3,-7.08,7.62,-1.09,0.55,18.1,578.0,-34.0,,,,-0.82,554.79,1460.88,18.35,0.28,1.12,0.55,0.0,18.35,0.27,18.3,18.25,1093.94,1460.88,907.0,-82.0,3.0,1.0,1.0,3.0,1.0,1.0,5.0,3.0,2.0,2.0,-1.0,24.0,0.0,0.0,0.0,-82.0,-0.02,5.65,-0.0,-0.0,1.2,-0.01,0.0,0.0,0.0,0.0,0.0,0.0,0.36,0.6,0.64,0.24,0.33,0.24,0.06,0.25,0.42,0.66,65.46025348811183
4147,中裕,生技醫療業,2,-11.58,8.67,-2.67,0.95,62.0,63.0,-368.0,,,,-2.67,1040.86,1788.33,66.5,-4.31,1.45,0.95,2.6000000000000014,63.9,0.0,63.7,63.7,578.55,581.06,245.0,,,,,,,,,,,,,,0.0,0.0,0.0,-507.0,-0.19,,,,,-0.13,0.0,0.0,0.0,0.0,0.0,0.0,0.01,0.51,0.42,-0.17,0.1,-0.1,-1.14,-1.12,-0.66,-0.31,43.9564274581089
4148,全宇生技-KY,生技醫療業,2,-13.57,3.56,-0.62,0.16,31.8,0.0,-2.0,,,,-0.62,25.75,363.32,35.75,0.0,-1.39,0.16,3.75,32.0,0.0,32.0,32.0,58.42,12.15,1.0,-4.0,0.0,0.0,0.0,0.0,0.0,0.0,0.0,0.0,,5.0,1.0,1.0,0.0,0.0,0.0,-4.0,-0.01,74.88,0.0,0.0,0.08,-0.0,0.0,0.0,0.0,0.0,0.0,0.0,-0.01,-0.03,0.08,-0.0,-0.01,0.05,-0.31,-0.61,-0.54,0.2,39.02839653468488
4153,鈺緯,生技醫療業,1,-5.32,1.28,-0.95,0.8,31.25,0.0,0.0,,,,-0.64,12.62,19.84,32.9,-1.56,-0.32,0.8,1.3499999999999979,31.55,0.32,31.55,31.45,4.54,8.04,0.0,,,,,,,,,,,,,,0.0,0.0,0.0,1.0,0.0,,,,,0.0,0.0,0.0,0.0,0.0,0.0,0.0,0.0,0.0,0.0,0.0,0.0,0.0,-0.33,-0.56,-0.7,-0.84,28.35880210699061
4154,樂威科-KY,生技醫療業,3,-15.0,13.12,0.0,0.0,12.5,0.0,0.0,,,,0.0,11.06,58.26,13.0,0.0,8.86,0.0,0.5,12.5,0.0,12.5,12.5,52.6,18.27,0.0,,,,,,,,,,,,,,0.0,0.0,0.0,,,,,,,0.0,0.0,0.0,0.0,0.0,0.0,0.0,0.0,0.0,0.0,0.0,0.0,0.0,0.18,0.57,0.54,0.53,60.9428582194787
4155,訊映,生技醫療業,2,-9.09,6.07,0.68,0.34,14.85,-19.0,8.0,,,,1.37,274.35,1104.47,15.4,1.02,-1.68,0.34,0.5500000000000007,14.85,0.68,14.75,14.65,150.83,165.51,-11.0,28.0,0.0,0.0,0.0,0.0,-2.0,0.0,-2.0,0.0,,2.0,7.0,11.0,0.0,0.0,0.0,22.0,0.02,1.98,6.0,0.0,0.48,0.01,0.0,0.0,0.0,0.0,0.0,0.0,0.09,0.17,-0.07,-0.01,0.06,-0.06,0.12,0.03,0.19,-0.04,54.97597692412688
4157,太景*-KY,生技醫療業,2,-7.0,2.78,-1.58,2.18,8.73,166.0,-181.0,,,,-1.8,486.07,1924.85,9.28,-0.23,-1.92,2.18,0.41000000000000014,8.87,-0.22,8.87,8.89,764.73,672.03,401.0,,,,,,,,,,,,,,0.0,0.0,0.0,-133.0,-0.02,,,,,-0.03,0.0,0.0,0.0,0.0,0.0,0.0,0.06,0.12,0.21,-0.05,-0.04,-0.14,-0.07,-0.17,-0.14,-0.04,41.164793042774896
4160,創源,生技醫療業,1,-4.83,1.82,-0.51,-0.13,38.9,-6.0,-1.0,,,,-0.51,14.06,109.38,40.35,-0.75,-1.01,-0.13,1.25,39.1,0.0,39.1,39.1,6.23,50.56,14.0,,,,,,,,,,,,,,0.0,0.0,0.0,-4.0,-0.02,,,,,-0.0,0.0,0.0,0.0,0.0,0.0,0.0,0.1,0.1,0.07,-0.0,0.02,-0.08,-0.35,-0.32,-0.43,-0.88,37.16808780974333
4161,聿新科,生技醫療業,1,-5.65,0.46,0.23,-0.68,21.75,-1.0,0.0,,,,0.0,34.6,46.93,23.0,0.23,-0.9,-0.68,1.1999999999999993,21.8,-0.23,21.7,21.75,40.74,46.93,0.0,,,,,,,,,,,,,,0.0,0.0,0.0,3.0,0.01,,,,,0.0,0.0,0.0,0.0,0.0,0.0,0.0,0.01,0.01,0.01,0.0,0.0,0.0,-0.25,-0.36,-0.57,-0.86,15.05984820962648
4162,智擎,生技醫療業,1,-7.86,3.34,-0.36,0.36,55.3,5.0,-20.0,,,,-0.54,196.34,517.54,58.5,-1.25,-0.18,0.36,2.799999999999997,55.7,-0.18,55.5,55.6,114.43,176.85,56.0,,,,,,,,,,,,,,0.0,0.0,0.18,-55.0,-0.04,,,,,-0.01,0.0,0.0,0.0,0.0,0.0,0.0,-0.01,0.1,0.14,-0.03,-0.02,-0.37,-0.3,-0.31,-0.52,-5.21,39.78787377606824
4163,鐿鈦,生技醫療業,2,-9.68,8.73,-0.36,0.74,136.5,1.0,0.0,,,,0.37,10.18,267.32,139.5,0.75,0.75,0.74,2.5,137.0,0.74,137.0,136.0,23.16,22.21,4.0,,,,,,,,,,,,,,0.0,0.0,0.0,-4.0,-0.01,,,,,0.0,0.0,0.0,0.0,0.0,0.0,0.0,0.01,0.03,0.13,0.0,0.0,-0.09,1.6,2.6,3.05,3.37,71.39529296471918
4164,承業醫,生技醫療業,2,-8.56,9.36,-0.91,1.48,27.1,48.0,-16.0,,,,-0.91,355.14,627.43,27.45,-2.76,1.89,1.48,0.0,27.45,0.0,27.35,27.35,541.1,266.15,41.0,-110.0,0.0,0.0,0.0,0.0,-20.0,0.0,0.0,0.0,,0.0,-23.0,-1.0,0.0,0.0,0.0,-90.0,-0.06,23.28,-20.0,-0.01,0.0,-0.01,0.0,0.0,0.0,0.0,0.0,0.0,-0.01,0.11,-0.17,0.09,0.21,-0.02,0.12,0.61,0.99,0.54,63.62199437412801
4167,松瑞藥,生技醫療業,2,-6.27,6.68,-1.01,1.02,19.6,194.0,-72.0,,,,-1.26,478.09,1160.19,19.95,-1.52,0.77,1.02,0.0,19.95,-0.25,19.8,19.85,543.07,859.17,321.0,,,,,,,,,,,,,,0.0,0.0,0.0,-67.0,-0.02,,,,,-0.02,0.0,0.0,0.0,0.0,0.0,0.0,0.26,0.57,0.2,0.04,0.17,-0.15,-0.02,0.03,0.3,0.07,53.61650977477346
4168,醣聯,生技醫療業,1,-7.06,7.6,-2.21,3.0,22.15,65.0,-6.0,,,,-0.89,83.38,191.54,22.65,2.33,-1.14,3.0,0.0,22.65,1.34,22.65,22.35,36.01,191.54,12.0,,,,,,,,,,,,,,0.0,0.0,0.0,-17.0,-0.02,,,,,-0.01,0.0,0.0,0.0,0.0,0.0,0.0,-0.02,0.03,-0.05,0.04,-0.03,-0.12,0.23,0.32,0.28,-0.57,57.38109788413874
4171,瑞基,農業科技,1,-5.87,2.49,-0.61,-1.2,16.35,-1.0,0.0,,,,-0.61,28.21,153.37,17.05,-0.61,1.54,-1.2,0.6000000000000014,16.45,0.0,16.45,16.45,31.02,58.09,3.0,,,,,,,,,,,,,,0.0,0.0,0.0,-1.0,-0.0,,,,,0.0,0.0,0.0,0.0,0.0,0.0,0.0,-0.01,-0.04,-0.05,0.0,0.0,-0.1,-0.03,-0.05,-0.13,-0.78,42.80218043691994
4173,久裕,生技醫療業,1,-3.43,2.66,0.0,1.17,17.25,0.0,-2.0,,,,-0.29,53.36,82.26,17.5,-0.58,0.0,1.17,0.14999999999999858,17.35,-0.29,17.25,17.3,53.28,41.96,-4.0,,,,,,,,,,,,,,0.0,0.0,0.0,-2.0,-0.0,,,,,-0.0,0.0,0.0,0.0,0.0,0.0,0.0,-0.03,0.02,0.03,-0.01,-0.03,-0.09,0.06,0.04,0.07,-0.26,52.82356060188399
4174,浩鼎,生技醫療業,3,-43.62,77.37,0.0,0.51,43.1,429.0,303.0,,,,9.95,1181.48,3480.11,43.1,-0.46,9.86,0.51,0.0,43.1,9.95,43.1,39.2,1519.95,1204.34,254.0,,,,,,,,,,,,,,0.0,0.0,0.0,-7.0,-0.0,,,,,0.13,0.0,0.0,0.0,0.0,0.0,0.0,0.08,-0.02,0.1,0.56,0.73,0.79,6.5,10.69,14.16,15.49,94.52890455154363
4175,杏一,生技醫療業,1,-2.88,1.8,-0.2,0.79,50.7,0.0,0.0,,,,-0.59,10.68,22.26,52.0,-0.97,-0.98,0.79,1.0,51.0,-0.39,50.8,51.0,13.68,12.66,5.0,,,,,,,,,,,,,,0.0,0.0,0.0,1.0,0.0,,,,,0.0,0.0,0.0,0.0,0.0,0.0,0.0,0.0,0.0,0.02,0.0,0.0,0.0,-0.24,-0.43,-0.52,-0.08,41.87775872362068
4183,福永生技,生技醫療業,3,-10.03,11.15,3.21,-2.52,14.45,0.0,0.0,,,,6.64,7.04,61.4,14.45,-6.67,4.89,-2.52,0.0,14.45,3.32,14.0,13.55,7.02,3.01,0.0,,,,,,,,,,,,,,0.0,0.0,0.0,,,,,,,0.0,0.0,0.0,0.0,0.0,0.0,0.0,0.0,0.0,0.0,0.0,0.02,0.02,0.55,0.78,0.78,0.36,59.66516152976453
4188,安克,生技醫療業,2,-19.5,56.22,-0.69,2.52,14.3,-1.0,-22.0,,,,0.35,250.74,780.35,15.9,-4.38,-2.11,2.52,0.45000000000000107,15.45,1.05,14.4,14.25,123.89,137.22,14.0,,,,,,,,,,,,,,0.0,0.0,0.0,-15.0,-0.03,,,,,-0.04,0.0,0.0,0.0,0.0,0.0,0.0,0.22,0.2,0.18,-0.13,-0.27,-0.46,0.0,0.23,0.14,2.34,53.557708379889135
4190,佐登-KY,生技醫療業,1,-7.37,2.88,1.01,-0.8,25.0,0.0,0.0,,,,0.2,10.27,34.84,26.45,0.2,0.0,-0.8,1.4499999999999993,25.0,-0.8,24.75,24.95,6.23,11.8,1.0,-1.0,0.0,0.0,0.0,0.0,0.0,0.0,0.0,0.0,,0.0,0.0,0.0,0.0,0.0,0.0,-1.0,-0.0,59.06,0.0,0.0,0.2,0.0,0.0,0.0,0.0,0.0,0.0,0.0,0.01,0.06,0.06,0.0,0.0,0.0,-0.01,-0.21,-0.54,-0.58,30.006794308750486
4192,杏國,生技醫療業,3,-9.25,,,1.08,,0.0,0.0,,,,,0.12,48.19,19.45,,,1.08,,,,,18.65,5.12,5.03,0.0,,,,,,,,,,,,,,0.0,0.0,0.0,,,,,,,0.0,0.0,0.0,0.0,0.0,0.0,0.0,0.0,0.0,0.0,0.0,0.0,0.0,,,,,
4198,欣大健康,生技醫療業,3,-19.05,24.21,0.0,0.0,49.25,0.0,0.0,,,,-0.51,1.08,45.32,52.5,0.81,0.2,0.0,3.25,49.25,-0.51,49.25,49.5,22.42,2.79,0.0,,,,,,,,,,,,,,0.0,0.0,0.0,,,,,,,0.0,0.0,0.0,0.0,0.0,0.0,0.0,0.0,0.0,0.01,0.02,0.03,0.08,-0.32,-0.25,0.33,4.96,54.237672753561135
4205,中華食,食品工業,1,-2.43,0.88,0.0,0.0,68.8,-1.0,-1.0,,,,0.44,4.7,58.21,69.9,-0.58,0.0,0.0,1.1000000000000085,68.8,0.44,68.8,68.5,12.84,26.95,10.0,,,,,,,,,,,,,,0.0,0.0,0.0,0.0,0.0,,,,,-0.0,0.0,0.0,0.0,0.0,0.0,0.0,0.01,0.01,0.01,-0.01,-0.02,-0.04,0.16,0.02,-0.25,-1.15,48.14803121989545
4207,環泰,食品工業,1,-7.73,1.83,0.26,-0.26,19.4,0.0,0.0,,,,0.26,100.99,229.72,20.7,-0.76,-0.51,-0.26,1.25,19.45,0.0,19.35,19.35,171.51,36.06,-2.0,,,,,,,,,,,,,,0.0,0.0,0.0,-8.0,-0.0,,,,,0.0,0.0,0.0,0.0,0.0,0.0,0.0,-0.03,-0.06,-0.08,0.0,0.0,-0.03,-0.09,-0.05,-0.29,-0.63,39.1320988775331
4303,信立,塑膠工業,1,-13.82,3.18,-0.6,-0.3,33.35,-63.0,-91.0,,,,-0.3,865.82,1845.77,38.35,-1.73,-1.91,-0.3,4.25,34.1,0.3,33.55,33.45,826.65,690.63,64.0,,,,,,,,,,,,,,0.0,0.0,0.0,2.0,0.0,,,,,-0.13,0.0,0.0,0.0,0.0,0.0,0.0,0.43,0.54,-0.85,-0.25,-0.41,-1.67,-0.43,-1.06,-1.75,-8.34,22.704611713923157
4304,勝昱,塑膠工業,1,-35.89,25.7,1.76,0.0,17.3,-3.0,0.0,,,,0.0,15.07,407.7,22.15,-4.0,-1.67,0.0,4.299999999999997,17.85,-1.73,17.0,17.3,38.61,46.76,-6.0,,,,,,,,,,,,,,0.0,0.0,0.0,-4.0,-0.01,,,,,0.0,0.0,0.0,0.0,0.0,0.0,0.0,-0.04,0.23,0.18,-0.33,-0.35,-0.81,-0.51,-0.3,-0.38,-1.48,44.413978018221414
4305,世坤,塑膠工業,1,-5.35,0.12,0.0,,41.55,0.0,0.0,,,,,4.0,23.13,43.9,,-0.48,,2.299999999999997,41.6,,41.55,,3.0,0.0,0.0,,,,,,,,,,,,,,0.0,0.0,0.0,,,,,,,0.0,0.0,0.0,0.0,0.0,0.0,0.0,0.01,0.01,0.0,0.0,0.0,0.0,-0.2,-0.47,-0.83,-1.1,31.673480488754436
4306,炎洲,塑膠工業,1,-6.51,2.44,-1.03,0.68,14.45,-17.0,-309.0,,,,-1.7,1003.5,1718.05,15.35,-0.68,1.03,0.68,0.6500000000000004,14.7,-0.68,14.6,14.7,863.07,707.95,78.0,-400.0,0.0,0.0,0.0,-1.0,0.0,0.0,-1.0,0.0,-inf,1.0,-3.0,-87.0,0.0,0.0,0.0,-408.0,-0.06,7.44,8.0,0.0,0.07,-0.05,0.0,0.0,0.0,0.0,0.0,0.0,-0.12,-0.15,-0.25,-0.08,-0.12,-0.3,-0.13,-0.15,-0.32,-0.36,36.592925697826836
4401,東隆興,紡織纖維,1,-5.57,3.32,-0.71,-0.71,13.9,0.0,0.0,,,,0.0,22.14,134.03,14.35,-1.44,1.47,-0.71,0.34999999999999964,14.0,0.72,14.0,13.9,22.45,26.04,-2.0,,,,,,,,,,,,,,0.0,0.0,0.0,0.0,0.0,,,,,0.0,0.0,0.0,0.0,0.0,0.0,0.0,0.02,0.01,0.02,-0.01,-0.01,-0.01,0.07,0.02,-0.01,-0.28,51.51244693417396
4402,福大,紡織纖維,1,-12.42,5.6,0.0,-2.47,14.15,0.0,0.0,,,,2.54,1.01,61.01,15.3,1.44,0.35,-2.47,1.1500000000000004,14.15,2.54,14.15,13.8,12.01,26.08,3.0,,,,,,,,,,,,,,0.0,0.0,0.0,,,,,,,0.0,0.0,0.0,0.0,0.0,0.0,0.0,0.0,0.0,0.01,0.0,0.0,-0.01,0.13,0.09,-0.11,-1.16,50.266392067122
4406,新昕纖,紡織纖維,2,-7.08,3.55,2.0,1.98,10.2,0.0,0.0,,,,-0.97,11.0,153.0,10.6,0.49,0.0,1.98,0.40000000000000036,10.2,-2.91,10.0,10.3,36.0,18.0,-1.0,,,,,,,,,,,,,,0.0,0.0,0.0,1.0,0.0,,,,,0.0,0.0,0.0,0.0,0.0,0.0,0.0,-0.02,0.0,-0.02,0.0,0.0,0.0,-0.04,-0.02,0.09,0.17,51.80322177595206
4413,飛寶企業,紡織纖維,3,-13.08,9.41,1.75,-5.14,20.35,0.0,0.0,,,,0.25,6.11,159.51,21.4,1.68,-3.07,-5.14,1.0499999999999972,20.35,-1.48,20.0,20.3,65.05,91.6,-1.0,,,,,,,,,,,,,,0.0,0.0,0.0,,,,,,,0.0,0.0,0.0,0.0,0.0,0.0,0.0,0.07,0.09,0.02,0.07,0.09,0.09,-0.27,0.32,0.56,2.88,57.24030858608242
4414,如興,紡織纖維,1,-5.29,1.37,-0.37,-0.37,8.11,,,,,,-0.37,146.07,363.22,8.5,-1.56,-1.22,-0.37,0.33999999999999986,8.16,0.0,8.14,8.14,139.37,272.7,59.0,16.0,0.0,0.0,0.0,0.0,0.0,0.0,0.0,0.0,,3.0,5.0,-13.0,0.0,0.0,0.0,16.0,0.0,8.55,0.0,0.0,0.18,,0.0,0.0,0.0,0.0,0.0,0.0,0.01,0.01,0.01,,,,-0.07,-0.12,-0.09,-0.28,37.00570595043858
4416,三圓,建材營造,2,-29.31,31.71,-2.24,-3.61,13.1,-175.0,-33.0,,,,-1.87,872.71,5225.63,14.5,-2.84,0.36,-3.61,1.0,13.5,0.37,13.4,13.35,945.94,901.92,37.0,,,,,,,,,,,,,,0.0,0.0,0.0,150.0,0.24,,,,,-0.05,0.0,0.0,0.0,0.0,0.0,0.0,0.45,2.3,2.01,-0.21,-1.02,-3.18,-0.5,0.17,0.7,1.38,53.51008000340859
4417,金洲,紡織纖維,3,-7.43,6.42,0.1,-0.8,49.6,0.0,-1.0,,,,0.1,34.35,801.34,50.5,0.5,-0.3,-0.8,0.7999999999999972,49.7,0.0,49.55,49.55,43.15,51.83,-2.0,,,,,,,,,,,,,,0.0,0.0,0.0,1.0,0.0,,,,,-0.0,0.0,0.0,0.0,0.0,0.0,0.0,0.02,0.11,0.43,-0.0,0.05,0.38,-0.03,-0.17,0.73,3.11,59.104878421083534
4419,元勝,紡織纖維,3,-10.96,,,2.45,,,,,,,,0.0,479.15,50.2,0.64,4.26,2.45,,,,,50.2,78.32,479.15,-3.0,,,,,,,,,,,,,,0.0,0.0,0.0,,,,,,,,0.0,0.0,0.0,0.0,0.0,0.0,-0.0,-0.0,-0.0,,,,,,,,
4420,光明,紡織纖維,1,-12.38,2.14,-0.42,0.84,35.65,0.0,0.0,,,,-1.11,20.48,191.44,40.0,0.28,0.0,0.84,4.200000000000003,35.8,-0.69,35.8,36.05,10.05,36.54,10.0,,,,,,,,,,,,,,0.0,0.0,0.32,0.0,0.0,,,,,0.0,-0.01,0.04,0.04,1.0,6.0,12.0,0.01,0.04,0.0,0.0,-0.28,-0.37,-0.15,-0.51,-1.89,-0.82,30.31624364993391
4426,利勤,紡織纖維,1,-7.45,3.76,0.66,-0.13,7.66,0.0,2.0,,,,0.66,70.0,235.43,8.05,-0.26,-1.93,-0.13,0.3200000000000003,7.73,0.0,7.61,7.61,81.28,45.13,19.0,7.0,0.0,0.0,0.0,0.0,0.0,0.0,0.0,0.0,,2.0,-8.0,-7.0,0.0,0.0,0.0,7.0,0.0,2.17,0.0,0.0,0.05,0.0,0.0,0.0,0.0,0.0,0.0,0.0,0.01,0.02,0.05,-0.01,-0.01,-0.04,-0.02,0.01,0.05,-0.22,51.259186657625854
4430,耀億,其他,2,-5.56,5.0,-0.28,-0.84,17.8,0.0,0.0,,,,0.28,29.11,57.97,18.0,0.58,2.89,-0.84,0.14999999999999858,17.85,0.56,17.85,17.75,32.4,30.34,-1.0,,,,,,,,,,,,,,0.0,0.0,0.0,-7.0,-0.01,,,,,0.0,0.0,0.0,0.0,0.0,0.0,0.0,-0.02,-0.03,-0.03,0.0,0.0,0.0,0.23,0.36,0.34,0.34,66.43600063259333
4432,銘旺實,紡織纖維,1,-4.09,1.31,-0.65,0.65,15.35,0.0,0.0,,,,-0.32,5.0,54.08,15.9,-0.32,-0.65,0.65,0.45000000000000107,15.45,0.32,15.45,15.4,31.2,30.38,-1.0,,,,,,,,,,,,,,0.0,0.0,0.0,-2.0,-0.0,,,,,0.0,0.0,0.0,0.0,0.0,0.0,0.0,-0.01,-0.02,-0.05,0.0,0.0,0.0,-0.09,-0.16,-0.23,-0.51,30.89193426547598
4433,興采,紡織纖維,1,-7.09,1.98,0.0,-0.82,18.05,-34.0,-5.0,,,,0.0,45.93,227.63,19.05,0.0,-1.37,-0.82,1.0,18.05,0.0,18.05,18.05,20.72,169.99,-8.0,,,,,,,,,,,,,,0.0,0.0,0.0,-1.0,-0.0,,,,,-0.01,0.0,0.0,0.0,0.0,0.0,0.0,-0.02,-0.06,-0.06,-0.08,-0.26,-0.43,-0.1,-0.11,-0.37,-1.16,35.30710070033565
4438,廣越,紡織纖維,1,-6.26,4.15,-0.69,0.88,57.2,0.0,0.0,,,,0.35,26.29,224.01,59.1,0.88,-0.53,0.88,1.3999999999999986,57.7,1.05,57.6,57.0,16.88,34.2,7.0,2.0,0.0,0.0,0.0,0.0,0.0,0.0,0.0,0.0,,1.0,0.0,-3.0,0.0,0.0,0.0,2.0,0.0,2.02,0.0,0.0,0.24,0.0,0.0,0.0,0.0,0.0,0.0,0.0,0.01,-0.06,-0.24,0.0,-0.09,-0.14,0.32,0.63,0.06,-2.37,54.17439659949086
4439,冠星-KY,紡織纖維,1,-5.86,5.69,-0.81,1.03,97.7,0.0,0.0,,,,-0.71,6.02,37.23,99.0,-2.13,0.1,1.03,0.5,98.5,0.1,98.5,98.4,14.11,37.23,-1.0,0.0,0.0,0.0,0.0,0.0,0.0,0.0,0.0,0.0,,0.0,-1.0,-1.0,0.0,0.0,0.0,-1.0,-0.0,60.94,1.0,0.0,0.02,0.0,0.0,0.0,0.0,0.0,0.0,0.0,0.01,0.0,-0.04,0.0,0.01,0.01,0.2,1.37,1.88,-1.42,58.29785952180272
4440,宜新實業,紡織纖維,2,-2.8,1.15,0.57,0.57,17.55,0.0,0.0,,,,0.0,30.0,153.06,17.85,-0.29,0.0,0.57,0.3000000000000007,17.55,-0.57,17.45,17.55,27.02,30.0,-7.0,-3.0,0.0,0.0,0.0,0.0,0.0,0.0,0.0,0.0,,0.0,0.0,0.0,0.0,0.0,0.0,-2.0,-0.0,2.07,-1.0,-0.0,0.0,0.0,0.0,0.0,0.0,0.0,0.0,0.0,-0.02,0.05,0.14,0.0,0.0,0.02,0.05,0.0,-0.03,-0.01,50.29760700335384
4442,竣邦-KY,紡織纖維,1,-15.82,9.35,-0.18,0.56,54.0,0.0,0.0,,,,-0.18,19.72,814.23,59.4,-0.18,-1.48,0.56,5.0,54.4,0.0,54.1,54.1,14.1,26.33,-1.0,,,,,,,,,,,,,,0.0,0.0,0.0,-2.0,-0.01,,,,,0.0,0.0,0.0,0.0,0.0,0.0,0.0,-0.01,-0.13,-0.71,0.0,-0.04,-0.07,0.12,-0.26,0.39,0.46,50.96159334869638
4502,健信,電機機械,2,-7.21,2.6,0.64,0.95,15.8,0.0,0.0,,,,-0.63,11.04,101.03,16.65,0.0,0.0,0.95,0.8499999999999979,15.8,-1.26,15.7,15.9,5.19,47.49,1.0,,,,,,,,,,,,,,0.0,0.0,0.0,3.0,0.01,,,,,0.0,0.0,0.0,0.0,0.0,0.0,0.0,0.01,0.01,0.02,0.0,0.0,0.0,0.04,0.06,0.08,0.09,57.78640315827921
4503,金雨,電機機械,1,-10.69,9.71,0.0,-0.41,24.15,-3.0,1.0,,,,0.0,81.89,331.17,24.8,0.21,-0.41,-0.41,0.5,24.3,0.0,24.15,24.15,116.04,176.62,51.0,,,,,,,,,,,,,,0.0,0.0,0.0,-8.0,-0.01,,,,,0.0,0.0,0.0,0.0,0.0,0.0,0.0,0.27,0.51,0.56,0.05,0.1,-0.38,0.06,0.57,0.75,-4.74,63.370538714590985
4506,崇友,電機機械,1,-4.47,0.43,0.0,0.0,118.0,-1.0,-5.0,,,,0.0,30.54,111.18,123.0,0.42,-0.42,0.0,5.0,118.0,0.0,118.0,118.0,43.69,25.88,-12.0,,,,,,,,,,,,,,0.0,0.0,0.0,-10.0,-0.01,,,,,-0.0,0.0,0.0,0.0,0.0,0.0,0.0,-0.03,-0.03,-0.04,-0.01,-0.04,-0.06,-0.1,-0.55,-1.78,-3.41,29.781174121137795
4510,高鋒,電機機械,3,-14.76,7.63,-1.7,0.92,43.45,126.0,-65.0,,,,-1.25,412.17,9556.55,48.45,-0.92,-0.12,0.92,4.0,44.45,0.45,44.2,44.0,296.16,575.43,211.0,,,,,,,,,,,,,,0.0,0.0,0.0,51.0,0.05,,,,,-0.06,0.0,0.0,0.0,0.0,0.0,0.0,0.41,0.82,0.15,0.05,0.58,-0.35,0.03,-0.2,-0.61,1.19,46.97588889120215
4513,福裕,電機機械,1,-11.18,8.61,1.23,-0.92,16.4,-2.0,-12.0,,,,1.23,204.33,456.71,17.0,0.0,-0.91,-0.92,0.6000000000000014,16.4,0.0,16.2,16.2,185.75,137.68,29.0,,,,,,,,,,,,,,0.0,0.0,0.0,56.0,0.05,,,,,-0.01,0.0,0.0,0.0,0.0,0.0,0.0,0.17,0.35,0.3,-0.03,0.08,-0.02,0.04,0.14,0.44,-0.96,58.851651849841666
4523,永彰,電機機械,1,-6.6,3.21,0.42,0.21,24.0,5.0,0.0,,,,0.42,40.31,127.29,25.0,-0.42,1.06,0.21,0.8999999999999986,24.1,0.0,23.9,23.9,32.39,46.54,9.0,,,,,,,,,,,,,,0.0,0.0,0.0,4.0,0.01,,,,,0.0,0.0,0.0,0.0,0.0,0.0,0.0,0.03,0.15,0.17,0.01,-0.03,-0.06,0.19,0.09,0.15,-0.43,53.41399757465228
4526,東台,電機機械,2,-19.51,27.46,-1.43,4.45,34.4,929.0,-1150.0,,,,1.03,8738.5,11493.01,36.9,1.76,1.26,4.45,0.0,36.9,2.5,34.9,34.05,1230.36,6948.78,753.0,-1419.0,3.0,20.0,0.0,4.0,23.0,20.0,28.0,20.0,-0.8,1.0,413.0,-71.0,0.0,0.0,0.0,-1479.0,-0.58,5.35,60.0,0.02,0.26,-0.45,0.0,0.0,0.0,0.0,0.0,0.0,-0.15,0.61,-2.01,-0.0,0.65,-1.59,1.69,2.29,2.71,2.95,76.55149807804274
4527,方方土霖,電機機械,3,-3.14,,,,,,,,,,,,36.95,41.4,-0.12,0.12,,,,,,,16.26,,,,,,,,,,,,,,,,0.0,0.0,0.0,,,,,,,,0.0,0.0,0.0,0.0,0.0,0.0,0.0,-0.01,0.02,,,,,,,,
4528,江興鍛,電機機械,1,-4.61,3.1,-0.34,-0.99,14.85,0.0,-1.0,,,,-0.67,25.92,104.05,15.2,-0.33,-0.67,-0.99,0.25,14.95,-0.33,14.9,14.95,16.95,6.02,-1.0,,,,,,,,,,,,,,0.0,0.0,0.0,-6.0,-0.01,,,,,-0.0,0.0,0.0,0.0,0.0,0.0,0.0,-0.01,-0.0,-0.0,-0.0,-0.04,-0.04,-0.07,-0.04,-0.06,-0.29,43.710075172244025
4529,淳紳,其他,1,-20.25,8.47,0.0,0.0,3.33,0.0,0.0,,,,0.0,3.0,66.64,4.05,0.61,0.91,0.0,0.7199999999999998,3.33,0.0,3.33,3.33,5.0,17.0,0.0,,,,,,,,,,,,,,0.0,0.0,0.0,,,,,,,0.0,0.0,0.0,0.0,0.0,0.0,0.0,0.0,0.0,0.0,0.0,0.0,0.0,0.02,-0.05,-0.2,-0.54,29.44068871884795
4530,宏易,電機機械,1,-26.05,13.41,-3.21,-0.8,24.1,0.0,0.0,,,,-2.63,3.0,128.08,29.75,-3.6,0.41,-0.8,4.800000000000001,24.95,0.61,24.9,24.75,9.83,10.2,-1.0,,,,,,,,,,,,,,0.0,0.0,0.0,-1.0,-0.0,,,,,0.0,0.0,0.0,0.0,0.0,0.0,0.0,-0.0,0.03,0.01,0.0,-0.01,-0.02,-0.33,-0.24,-1.39,-1.93,40.09871056258425
4532,瑞智,電機機械,1,-8.98,6.65,0.0,-1.0,24.8,-226.0,-42.0,,,,-0.2,530.67,3742.37,25.6,1.2,-0.6,-1.0,0.75,24.85,-0.2,24.8,24.85,535.75,731.57,-172.0,93.0,1.0,6.0,0.0,0.0,6.0,6.0,6.0,6.0,-1.0,3.0,22.0,-17.0,3.0,0.0,0.67,90.0,0.02,17.84,0.0,0.0,0.19,-0.01,-0.01,0.04,0.04,2.0,7.0,11.0,0.11,0.23,0.13,-0.02,0.14,-0.03,-0.16,-0.04,0.57,0.42,56.069777413694595
4533,協易機,電機機械,2,-10.26,7.07,-0.78,-0.58,25.55,151.0,-10.0,,,,-0.39,338.72,1097.9,26.8,0.0,1.39,-0.58,1.0500000000000007,25.75,0.39,25.75,25.65,443.39,539.39,209.0,,,,,,,,,,,,,,0.0,0.0,0.0,9.0,0.01,,,,,-0.01,0.0,0.0,0.0,0.0,0.0,0.0,0.33,0.23,-0.0,0.09,0.14,-0.21,0.15,0.36,0.33,-0.39,58.91022228325902
4534,慶騰,電機機械,1,-21.7,13.76,-0.81,-1.75,30.7,-28.0,7.0,,,,-0.81,462.91,2575.02,34.8,0.32,-0.95,-1.75,3.799999999999997,31.0,0.0,30.95,30.95,792.06,635.18,246.0,,,,,,,,,,,,,,0.0,0.0,0.0,53.0,0.06,,,,,0.01,0.0,0.0,0.0,0.0,0.0,0.0,0.33,0.4,-0.23,0.12,0.32,-0.09,-0.51,0.29,1.13,-1.59,54.2558076648969
4535,至興,電機機械,1,-6.93,3.05,1.31,1.5,27.0,0.0,0.0,,,,0.0,9.11,107.0,28.15,-1.11,0.0,1.5,1.1499999999999986,27.0,-1.3,26.65,27.0,14.55,23.05,5.0,,,,,,,,,,,,,,0.0,0.0,0.0,,,,,,,0.0,0.0,0.0,0.0,0.0,0.0,0.0,0.01,0.01,0.01,0.0,0.0,0.0,0.06,-0.01,-0.3,-0.98,40.58332364615386
4536,拓凱,其他,1,-4.19,1.25,0.93,-0.92,162.0,-55.0,-16.0,,,,0.62,132.56,254.89,167.0,-0.3,-2.12,-0.92,5.0,162.0,-0.31,160.5,161.0,167.1,248.13,14.0,37.0,0.0,0.0,0.0,0.0,0.0,0.0,0.0,0.0,,4.0,7.0,23.0,0.0,0.0,0.15,36.0,0.04,15.23,1.0,0.0,0.45,-0.02,0.0,0.0,0.0,0.0,0.0,0.0,0.27,0.58,0.58,-0.1,-0.03,-0.05,-1.0,-2.1,-1.72,-4.5,39.22846010149365
4538,大詠城,電機機械,1,-5.26,2.64,-0.29,-0.29,17.45,0.0,0.0,,,,0.58,11.01,113.4,18.05,0.0,0.29,-0.29,0.5500000000000007,17.5,0.86,17.5,17.35,10.13,10.0,-1.0,,,,,,,,,,,,,,0.0,0.0,0.0,2.0,0.0,,,,,0.0,0.0,0.0,0.0,0.0,0.0,0.0,0.01,-0.0,-0.04,0.0,0.0,0.0,-0.02,0.03,-0.04,-0.2,49.824188116296156
4540,全球傳動,電機機械,3,-12.89,14.05,-0.8,-1.43,61.8,444.0,-2.0,,,,-0.48,1519.39,6258.59,63.6,0.67,4.33,-1.43,1.1000000000000014,62.5,0.32,62.3,62.1,5084.83,4250.73,594.0,-12.0,3.0,18.0,25.0,-1.0,33.0,25.0,44.0,25.0,-1.06,3.0,-94.0,32.0,0.0,0.0,0.0,-12.0,-0.01,6.11,0.0,0.0,0.1,-0.0,0.0,0.0,0.0,0.0,0.0,0.0,2.47,1.28,0.63,1.96,0.84,0.34,0.58,1.29,2.31,4.89,63.47797527460326
4541,晟田,其他,1,-16.14,9.98,-2.59,3.7,60.1,207.0,-390.0,,,,-2.44,1338.18,2180.88,66.9,0.0,0.0,3.7,5.200000000000003,61.7,0.16,61.7,61.6,517.22,2180.88,485.0,,,,,,,,,,,,,,0.0,0.0,0.25,-379.0,-0.56,,,,,-0.58,0.0,0.0,0.0,0.0,0.0,0.0,0.37,0.74,-1.01,-0.37,0.04,-2.56,0.18,0.43,0.3,-4.62,50.12710987413014
4542,科嶠,電子零組件業,2,-30.25,42.62,-4.37,-0.29,328.0,42.0,-43.0,,,,-4.65,429.57,3090.15,357.0,-1.06,3.35,-0.29,14.0,343.0,-0.29,343.0,344.0,544.79,473.17,13.0,,,,,,,,,,,,,,0.0,0.0,0.0,6.0,0.02,,,,,-0.13,0.0,0.0,0.0,0.0,0.0,0.0,-0.57,-0.39,-1.17,-2.02,-0.54,-1.91,-6.1,16.75,35.07,31.77,62.914657425509326
4543,萬在,電機機械,1,-10.42,11.64,2.2,2.43,30.15,8.0,-11.0,,,,2.38,171.27,172.58,30.7,0.35,0.18,2.43,0.0,30.7,0.17,29.5,29.45,172.58,95.34,15.0,,,,,,,,,,,,,,0.0,0.0,0.0,32.0,0.06,,,,,-0.02,0.0,0.0,0.0,0.0,0.0,0.0,0.07,0.03,-0.22,-0.02,-0.06,-0.31,1.17,1.44,1.29,-0.73,73.98560688100565
4545,銘鈺,電子零組件業,3,-23.31,30.61,0.77,9.22,39.4,108.0,-52.0,,,,0.77,1012.71,1012.71,40.75,-0.9,7.4,9.22,0.0,40.75,0.0,39.1,39.1,326.85,931.77,35.0,20.0,2.0,9.0,3.0,0.0,12.0,9.0,12.0,9.0,-1.0,4.0,223.0,-61.0,0.0,0.0,0.0,-66.0,-0.09,29.13,86.0,0.11,0.22,-0.07,0.0,0.0,0.0,0.0,0.0,0.0,0.09,0.17,0.06,0.03,0.05,0.0,3.29,4.66,5.97,6.05,87.91519762081597
4549,桓達,電機機械,2,-11.0,4.19,0.0,1.36,96.9,0.0,1.0,,,,-0.21,53.83,102.02,104.5,0.1,-0.93,1.36,7.599999999999994,96.9,-0.21,96.9,97.1,30.74,68.92,28.0,,,,,,,,,,,,,,0.0,0.0,0.82,24.0,0.04,,,,,0.0,0.0,0.0,0.0,0.0,0.0,0.0,0.09,0.09,0.01,0.0,0.0,-0.03,0.04,0.29,-0.75,0.0,48.60588645904446
4550,長佳,電機機械,2,-5.68,5.16,0.82,-0.61,24.45,7.0,0.0,,,,0.0,4.0,66.15,24.65,-0.62,0.62,-0.61,0.1999999999999993,24.45,-0.82,24.25,24.45,5.25,50.07,-2.0,,,,,,,,,,,,,,0.0,0.0,0.0,,,,,,,0.0,0.0,0.0,0.0,0.0,0.0,0.0,-0.01,-0.02,-0.1,0.02,0.02,0.03,0.21,0.29,0.38,0.0,62.99616395169135
4551,智伸科,汽車工業,1,-19.15,17.45,-1.43,-4.9,172.5,-874.0,-173.0,,,,-1.15,1565.01,5389.85,188.0,0.0,9.79,-4.9,13.0,175.0,0.29,175.0,174.5,2692.59,5389.85,-1276.0,-337.0,3.0,-2.0,24.0,1.0,22.0,24.0,24.0,24.0,-1.5,5.0,413.0,239.0,0.0,0.0,2.13,-336.0,-0.29,53.17,-1.0,-0.0,0.24,-0.15,0.11,0.19,-0.16,1.0,2.0,2.0,-1.16,-1.14,-2.53,-0.13,-0.09,-1.34,1.8,8.35,9.3,-0.43,62.572597868583955
4552,力達-KY,電機機械,1,-11.24,5.0,-0.63,2.93,15.65,16.0,-1.0,,,,-0.95,66.64,405.96,16.9,-1.58,-1.6,2.93,1.1499999999999986,15.75,-0.32,15.75,15.8,126.86,189.45,25.0,-34.0,1.0,0.0,1.0,0.0,1.0,1.0,1.0,1.0,,0.0,-14.0,-4.0,0.0,0.0,0.0,-34.0,-0.03,42.85,0.0,0.0,0.07,-0.0,0.0,0.0,0.0,0.0,0.0,0.0,-0.06,-0.01,0.05,-0.0,-0.01,-0.26,0.0,-0.11,-0.29,-1.76,43.32026171046967
4554,橙的,其他電子業,1,-7.14,2.35,-0.53,-0.18,28.15,7.0,0.0,,,,-0.35,19.79,50.53,30.1,0.53,-0.71,-0.18,1.75,28.35,0.18,28.3,28.25,27.53,50.53,6.0,,,,,,,,,,,,,,0.0,0.0,0.0,5.0,0.02,,,,,0.0,0.0,0.0,0.0,0.0,0.0,0.0,0.05,0.04,-0.02,0.02,0.02,-0.0,-0.01,-0.11,-0.44,-1.98,39.32488932615944
4555,氣立,電機機械,1,-12.1,3.78,0.24,0.36,42.3,-5.0,-16.0,,,,0.36,75.08,354.73,46.7,-0.48,-0.12,0.36,4.100000000000001,42.6,0.12,42.2,42.15,69.19,76.99,-4.0,-13.0,0.0,0.0,0.0,0.0,-1.0,0.0,0.0,0.0,,0.0,-9.0,0.0,0.0,0.0,0.0,-13.0,-0.02,3.54,0.0,0.0,0.05,-0.02,0.0,0.0,0.0,0.0,0.0,0.0,-0.04,-0.01,-0.43,-0.08,-0.13,-0.44,0.39,0.03,-0.68,-2.94,45.53114709775477
4556,旭然,其他,2,-40.81,68.94,3.24,8.32,111.5,315.0,374.0,,,,9.85,3003.74,3015.13,111.5,-1.6,0.33,8.32,0.0,111.5,6.4,108.0,101.5,572.81,1059.25,63.0,,,,,,,,,,,,,,0.0,0.0,0.0,426.0,1.02,,,,,0.89,0.0,0.0,0.0,0.0,0.0,0.0,1.2,0.95,0.86,2.32,1.75,3.02,13.28,20.41,26.38,20.86,83.24928341899049
4557,永新-KY,汽車工業,2,-3.92,3.18,0.0,-0.79,50.3,0.0,0.0,,,,0.0,35.34,93.06,51.0,0.1,0.6,-0.79,0.7000000000000028,50.3,0.0,50.3,50.3,34.83,56.85,0.0,1.0,0.0,0.0,0.0,0.0,0.0,0.0,0.0,0.0,,1.0,0.0,-1.0,0.0,0.0,0.0,1.0,0.0,35.03,0.0,0.0,0.06,0.0,0.0,0.0,0.0,0.0,0.0,0.0,0.07,0.04,0.09,0.0,-0.01,-0.01,0.25,0.41,0.32,-0.17,59.869772674273904
4558,寶緯,電機機械,2,-7.89,3.67,0.0,-0.29,16.85,0.0,0.0,,,,-0.59,56.0,56.0,17.75,0.0,-1.17,-0.29,0.8000000000000007,16.95,-0.59,16.85,16.95,28.0,25.0,-1.0,,,,,,,,,,,,,,0.0,0.0,0.0,7.0,0.01,,,,,0.0,0.0,0.0,0.0,0.0,0.0,0.0,0.01,0.02,0.01,0.0,0.0,0.0,-0.13,-0.37,-0.41,-0.45,33.66326599593032
4560,強信-KY,電機機械,1,-4.52,4.55,-1.51,1.53,29.4,0.0,-1.0,,,,-1.67,229.0,560.01,29.9,2.07,-0.68,1.53,0.04999999999999716,29.85,-0.17,29.85,29.9,139.1,367.0,-18.0,-64.0,0.0,0.0,0.0,0.0,-1.0,0.0,-1.0,0.0,,2.0,-2.0,3.0,0.0,0.0,0.0,-69.0,-0.1,83.24,5.0,0.01,0.12,-0.0,0.0,0.0,0.0,0.0,0.0,0.0,-0.06,-0.17,-0.48,0.01,0.0,-0.04,-0.03,0.17,0.19,-1.81,50.37916466506614
4561,健椿,電機機械,2,-12.56,10.0,-0.93,2.49,42.5,22.0,0.0,,,,-1.62,70.91,268.8,44.6,0.71,-0.95,2.49,1.7000000000000028,42.9,-0.69,42.9,43.2,68.19,268.8,65.0,,,,,,,,,,,,,,0.0,0.0,0.0,-6.0,-0.01,,,,,0.0,0.0,0.0,0.0,0.0,0.0,0.0,0.13,0.36,0.7,0.07,0.12,0.03,0.12,0.89,0.93,1.41,58.0872159192226
4562,穎漢,電機機械,2,-10.19,9.6,0.16,2.82,30.95,23.0,12.0,,,,0.0,114.4,209.54,31.9,-1.48,0.0,2.82,0.5,31.4,-0.16,30.9,30.95,103.88,153.57,82.0,45.0,1.0,2.0,0.0,0.0,0.0,2.0,0.0,2.0,-1.0,2.0,-6.0,7.0,0.0,0.0,0.0,45.0,0.05,2.2,0.0,0.0,0.8,0.01,0.0,0.0,0.0,0.0,0.0,0.0,0.22,0.46,0.66,0.05,0.13,0.1,0.48,0.61,0.81,-0.3,61.808855094916055
4563,百德,電機機械,3,-20.5,39.49,3.48,0.39,53.5,41.0,110.0,,,,3.48,519.73,979.79,54.4,4.28,0.39,0.39,0.0,54.4,0.0,51.7,51.7,237.16,347.12,13.0,,,,,,,,,,,,,,0.0,0.0,0.0,109.0,0.2,,,,,0.2,0.0,0.0,0.0,0.0,0.0,0.0,0.31,0.71,0.38,0.44,1.07,0.79,2.12,4.23,6.65,11.12,87.37581625985595
4564,元翎,電機機械,1,-7.21,6.8,-1.21,0.31,16.3,125.0,-59.0,,,,-0.61,332.04,1214.55,16.65,0.31,0.93,0.31,0.14999999999999858,16.5,0.61,16.5,16.4,447.95,570.79,274.0,34.0,0.0,-1.0,0.0,0.0,-1.0,0.0,-1.0,0.0,-1.0,0.0,-26.0,-77.0,0.0,0.0,0.0,34.0,0.02,2.39,0.0,0.0,0.96,-0.03,0.0,0.0,0.0,0.0,0.0,0.0,0.36,0.61,0.36,0.1,0.12,-0.5,0.11,0.26,0.32,-0.81,62.51039908281882
4566,時碩工業,電機機械,3,-18.91,23.32,1.21,-0.54,75.2,102.0,654.0,,,,1.48,3816.53,7828.46,77.2,9.91,-1.48,-0.54,0.0,77.2,0.27,74.3,74.1,6270.64,3316.71,188.0,763.0,4.0,12.0,-36.0,17.0,51.0,67.0,68.0,67.0,0.42,1.0,-145.0,-87.0,0.0,0.0,0.0,762.0,0.84,7.34,1.0,0.0,1.54,0.72,0.0,0.0,0.0,0.0,0.0,0.0,4.96,5.37,3.93,3.7,3.98,2.8,2.32,6.34,8.9,7.44,80.36149878273409
4568,科際精密,電機機械,1,-4.82,1.43,0.77,1.02,39.05,0.0,0.0,,,,-1.01,14.1,17.2,40.45,-2.61,-0.38,1.02,1.4000000000000057,39.05,-1.77,38.75,39.45,4.0,17.2,1.0,,,,,,,,,,,,,,0.0,0.0,0.0,3.0,0.01,,,,,0.0,0.0,0.0,0.0,0.0,0.0,0.0,0.01,-0.0,-0.01,0.0,0.0,0.0,-0.35,-0.55,-0.37,-0.67,42.31252636987437
4569,六方科-KY,汽車工業,1,-17.17,2.96,-0.96,0.0,155.0,0.0,0.0,,,,-1.59,19.36,336.38,183.5,0.65,-0.65,0.0,27.0,156.5,-0.63,156.5,157.5,35.12,28.29,-1.0,-2.0,,,,,,,,,,,,,0.0,0.0,0.0,-3.0,-0.01,66.14,1.0,0.0,0.35,0.0,0.0,0.0,0.0,0.0,0.0,0.0,-0.01,0.15,-0.08,0.0,-0.03,-0.02,-0.1,-0.15,-5.6,-6.83,44.11088737098876
4571,鈞興-KY,電機機械,2,-10.4,5.12,0.98,0.66,154.0,9.0,2.0,,,,0.33,56.72,278.73,163.5,-0.33,0.0,0.66,9.5,154.0,-0.65,152.5,153.5,46.75,97.63,11.0,1.0,0.0,0.0,0.0,0.0,0.0,0.0,0.0,0.0,,1.0,-1.0,2.0,0.0,0.0,0.03,1.0,0.0,63.04,0.0,0.0,0.3,0.0,0.0,0.0,0.0,0.0,0.0,0.0,0.04,0.07,-0.34,0.05,0.03,-0.29,0.9,2.3,1.35,-3.28,59.64168875348671
4572,駐龍,電機機械,1,-5.15,1.81,0.0,-1.07,138.5,0.0,0.0,,,,0.0,11.52,34.64,145.5,-0.36,-0.36,-1.07,5.0,140.5,0.0,138.5,138.5,15.87,14.72,4.0,0.0,0.0,0.0,0.0,0.0,0.0,0.0,0.0,0.0,,1.0,1.0,-4.0,0.0,0.0,0.0,0.0,0.0,1.77,0.0,0.0,0.05,0.0,0.0,0.0,0.0,0.0,0.0,0.0,0.03,0.01,-0.03,0.0,-0.01,-0.01,-0.6,-1.35,-2.3,-3.77,31.9337449755359
4576,大銀微系統,電機機械,3,-15.12,25.2,0.21,-2.48,237.5,-336.0,-9.0,,,,0.64,1065.16,9012.78,258.0,0.67,7.11,-2.48,19.5,238.5,0.42,237.0,236.0,2503.52,2005.72,-426.0,-12.0,2.0,8.0,12.0,0.0,0.0,12.0,1.0,12.0,-1.0,2.0,69.0,-16.0,0.0,0.0,0.54,-28.0,-0.02,7.43,16.0,0.01,0.75,-0.01,0.0,0.0,0.14,0.0,0.0,2.0,0.35,-0.14,0.17,-0.07,-0.48,-0.24,4.9,4.2,2.05,21.26,55.89529659124746
4577,達航科技,其他電子業,3,-16.04,33.62,-3.83,8.32,90.4,465.0,-199.0,,,,-2.16,1188.11,2143.74,97.9,-0.95,0.24,8.32,3.3000000000000114,94.6,1.73,94.0,92.4,169.71,1095.24,262.0,,,,,,,,,,,,,,0.0,0.0,0.0,-157.0,-0.32,,,,,-0.4,0.0,0.0,0.0,0.0,0.0,0.0,0.17,0.28,-0.26,0.57,0.61,0.08,3.36,4.25,3.67,10.42,64.66336013933383
4580,捷流閥業,電機機械,2,-7.93,5.11,0.74,-0.49,82.2,-16.0,-2.0,,,,0.49,160.24,873.22,87.0,-0.74,0.25,-0.49,4.700000000000003,82.3,-0.24,81.6,81.8,32.35,95.12,-7.0,,,,,,,,,,,,,,0.0,0.0,0.0,20.0,0.05,,,,,-0.0,0.0,0.0,0.0,0.0,0.0,0.0,0.06,0.01,-0.05,-0.04,-0.05,-0.6,0.76,0.87,0.62,1.41,65.55761191142913
4581,光隆精密-KY,汽車工業,1,-2.89,1.59,0.21,1.05,47.85,0.0,0.0,,,,-0.73,3.04,13.0,48.5,-1.44,-0.1,1.05,0.6499999999999986,47.85,-0.93,47.75,48.2,1.0,12.0,0.0,1.0,0.0,0.0,0.0,0.0,0.0,0.0,0.0,0.0,,0.0,0.0,0.0,0.0,0.0,0.0,1.0,0.0,24.02,0.0,0.0,0.05,0.0,0.0,0.0,0.0,0.0,0.0,0.0,0.0,-0.02,-0.0,0.0,0.0,0.0,-0.14,-0.27,-0.02,-1.37,46.26343130803579
4583,台灣精銳,電機機械,1,-16.04,3.14,-1.53,-0.58,419.5,-4.0,-17.0,,,,-1.64,79.95,107.31,492.5,-0.35,0.0,-0.58,66.0,426.5,-0.12,426.0,426.5,38.56,85.49,-15.0,-31.0,0.0,0.0,0.0,0.0,0.0,0.0,0.0,0.0,,2.0,-11.0,-3.0,0.0,0.0,0.0,-31.0,-0.04,2.3,0.0,0.0,0.39,-0.02,0.0,0.0,-0.05,0.0,0.0,0.0,-0.06,-0.03,-0.11,-0.02,-0.05,-0.15,-7.4,-7.6,-20.0,-74.78,27.533478672420458
4584,君帆,電機機械,1,-8.78,8.94,-5.3,0.0,37.5,0.0,0.0,,,,1.35,6.0,11.3,39.85,,,0.0,0.25,39.6,7.03,39.6,37.0,0.03,11.3,0.0,,,,,,,,,,,,,,0.0,0.0,0.0,-1.0,-0.0,,,,,0.0,0.0,0.0,0.0,0.0,0.0,0.0,-0.0,-0.0,-0.0,0.0,0.0,0.0,0.33,0.33,-0.27,-1.46,46.24422444469983
4588,玖鼎電力,其他電子業,2,-13.37,11.82,0.72,1.27,55.8,3.0,3.0,,,,-0.36,22.39,287.79,57.6,0.0,0.91,1.27,1.8000000000000043,55.8,-1.07,55.4,56.0,40.0,34.49,-10.0,1.0,,,,,,,,,,,,,0.0,0.0,0.0,1.0,0.0,2.89,0.0,0.0,0.04,0.01,0.0,0.0,0.0,0.0,0.0,0.0,-0.04,0.07,0.1,0.03,0.14,0.17,0.46,0.38,2.02,2.88,62.604354813998654
4609,唐鋒,電器電纜,2,-9.8,10.86,8.19,-2.35,4.49,0.0,0.0,,,,8.19,2.0,45.41,4.49,,,-2.35,0.0,4.49,0.0,4.15,4.15,0.0,6.0,0.0,,,,,,,,,,,,,,0.0,0.0,0.0,,,,,,,0.0,0.0,0.0,0.0,0.0,0.0,0.0,0.0,0.0,0.0,0.0,0.0,0.0,0.19,0.26,0.26,-0.16,64.85158971559719
4702,中美實,化學工業,1,-6.63,3.28,-1.8,-1.27,9.28,-2.0,-1.0,,,,-0.32,70.98,227.39,9.8,0.11,-0.21,-1.27,0.3500000000000014,9.45,1.5,9.45,9.31,14.72,64.63,2.0,,,,,,,,,,,,,,0.0,0.0,0.0,-3.0,-0.0,,,,,-0.0,0.0,0.0,0.0,0.0,0.0,0.0,-0.03,-0.05,-0.11,-0.0,-0.01,-0.06,-0.04,-0.05,-0.08,-0.25,34.72909357015314
4706,大恭,化學工業,1,-24.65,9.31,1.02,0.0,34.65,0.0,1.0,,,,2.36,21.02,312.53,43.0,1.19,-0.44,0.0,8.350000000000001,34.65,1.33,34.3,33.85,1.03,2.05,1.0,,,,,,,,,,,,,,0.0,0.0,0.0,-1.0,-0.0,,,,,0.0,0.0,0.0,0.0,0.0,0.0,0.0,-0.0,0.01,0.01,0.0,0.0,-0.0,0.66,0.78,0.03,1.36,57.67805237367725
4707,磐亞,化學工業,1,-22.46,22.42,-5.44,2.02,28.7,317.0,-700.0,,,,-5.44,1899.14,5910.2,32.5,2.74,-1.17,2.02,1.6499999999999986,30.85,0.0,30.35,30.35,1446.45,1493.97,587.0,,,,,,,,,,,,,,0.0,0.0,0.0,-344.0,-0.09,,,,,-0.18,0.0,0.0,0.0,0.0,0.0,0.0,0.02,-0.3,-0.44,-0.12,-0.31,-1.25,-0.88,-0.12,0.24,-2.89,46.5457829584248
4711,永純,化學工業,2,-4.75,4.36,-3.29,-0.91,16.15,0.0,-23.0,,,,-1.22,116.33,116.33,16.85,0.31,-0.92,-0.91,0.10000000000000142,16.75,2.14,16.7,16.35,50.1,19.19,-9.0,,,,,,,,,,,,,,0.0,0.0,0.0,-20.0,-0.03,,,,,-0.04,0.0,0.0,0.0,0.0,0.0,0.0,-0.06,-0.06,-0.08,-0.04,-0.03,-0.02,-0.12,-0.21,-0.29,-0.33,35.375458649428424
4712,南璋,食品工業,3,,,,,,,,,,,,,,,,,,,,,,,,,,,,,,,,,,,,,,,,,,,,,,,,,,,,,,,,,,,,,,,,,
4714,永捷,化學工業,2,-18.92,17.39,-2.07,1.26,11.85,127.0,-61.0,,,,-1.66,714.13,5313.97,12.95,-1.24,-0.84,1.26,0.7999999999999989,12.15,0.41,12.1,12.05,759.02,631.09,287.0,,,,,,,,,,,,,,0.0,0.0,0.0,-225.0,-0.16,,,,,-0.04,0.0,0.0,0.0,0.0,0.0,0.0,-0.05,0.86,0.54,-0.13,0.32,0.06,-0.08,-0.09,0.39,0.8,53.09697642840718
4716,大立,化學工業,1,-7.91,7.98,1.77,-1.17,17.25,-126.0,41.0,,,,2.37,886.37,1119.36,17.7,0.89,-0.88,-1.17,0.09999999999999787,17.6,0.59,16.95,16.85,437.74,684.95,73.0,,,,,,,,,,,,,,0.0,0.0,0.0,59.0,0.07,,,,,0.05,0.0,0.0,0.0,0.0,0.0,0.0,0.26,0.65,0.01,-0.13,-0.14,0.06,0.26,0.33,0.31,-0.6,62.23027008535277
4720,德淵,化學工業,1,-11.63,10.26,-1.55,-0.26,19.05,13.0,-23.0,,,,-1.3,304.05,2461.4,20.2,-0.78,0.52,-0.26,0.8499999999999979,19.35,0.26,19.35,19.3,383.91,230.07,-3.0,26.0,0.0,0.0,0.0,0.0,-1.0,0.0,0.0,0.0,,1.0,-11.0,12.0,0.0,0.0,0.0,26.0,0.03,5.14,0.0,0.0,0.4,-0.02,0.0,0.0,0.0,0.0,0.0,0.0,0.35,-0.58,-0.76,0.15,0.01,-0.07,-0.1,0.04,0.32,-0.38,53.804177366733015
4721,美琪瑪,化學工業,2,-18.27,19.74,-2.3,4.43,80.6,121.0,-34.0,,,,-2.3,611.09,1291.95,84.3,2.79,3.1,4.43,1.7999999999999972,82.5,0.0,82.5,82.5,915.8,1291.95,179.0,,,,,,,,,,,,,,0.0,0.0,0.0,-80.0,-0.11,,,,,-0.05,0.0,0.0,0.0,0.0,0.0,0.0,0.37,0.53,0.24,0.4,0.66,0.43,1.48,4.19,6.5,6.3,71.95866351292881
4722,國精化,化學工業,2,-15.51,18.36,6.62,-1.3,209.5,-85.0,561.0,,,,9.97,2273.81,2273.81,209.5,-2.65,3.26,-1.3,0.0,209.5,3.15,196.5,190.5,633.49,647.86,-8.0,-89.0,3.0,-1.0,1.0,19.0,2.0,2.0,21.0,19.0,-20.0,2.0,-79.0,20.0,0.0,0.0,1.11,-134.0,-0.13,4.71,45.0,0.04,0.73,0.56,0.0,0.01,0.02,0.0,1.0,2.0,0.09,0.55,0.33,0.36,0.32,-0.57,16.9,19.2,17.93,1.82,75.03188042642635
4726,永昕,生技醫療業,1,-9.43,7.24,1.74,2.68,23.4,7.0,19.0,,,,1.96,171.74,244.82,24.4,0.0,1.34,2.68,0.6999999999999993,23.7,0.22,23.0,22.95,87.81,61.13,19.0,,,,,,,,,,,,,,0.0,0.0,0.0,19.0,0.01,,,,,0.01,0.0,0.0,0.0,0.0,0.0,0.0,-0.0,0.03,-0.12,-0.02,-0.07,-0.16,0.66,0.66,0.26,-0.76,64.13017390906168
4728,雙美,生技醫療業,2,-3.94,1.92,-0.75,0.0,394.5,0.0,0.0,,,,-1.13,14.01,60.21,406.0,-1.25,1.14,0.0,8.5,397.5,-0.38,397.5,399.0,5.02,1.08,-1.0,,,,,,,,,,,,,,0.0,0.0,0.0,-1.0,-0.0,,,,,0.0,0.0,0.0,0.0,0.0,0.0,0.0,-0.0,-0.06,-0.07,0.0,0.0,0.0,-3.1,-2.6,-1.84,4.66,45.70634914979523
4729,熒茂,光電業,2,-13.78,15.98,-2.86,8.12,20.4,141.0,-195.0,,,,-1.21,903.73,1070.02,21.05,0.0,0.0,8.12,0.0,21.05,1.69,21.0,20.65,71.21,1070.02,158.0,,,,,,,,,,,,,,0.0,0.0,0.0,-162.0,-0.21,,,,,-0.25,0.0,0.0,0.0,0.0,0.0,0.0,0.02,0.09,0.21,-0.08,-0.09,-0.15,0.91,1.29,1.54,1.14,80.90856071391423
4735,豪展,生技醫療業,2,-7.96,3.55,0.0,-0.28,36.05,0.0,0.0,,,,-0.14,29.2,67.56,38.3,-0.14,1.12,-0.28,1.7999999999999972,36.5,-0.14,36.05,36.1,63.94,13.43,-4.0,,,,,,,,,,,,,,0.0,0.0,0.0,-5.0,-0.01,,,,,0.0,0.0,0.0,0.0,0.0,0.0,0.0,0.03,0.08,0.03,-0.01,-0.01,-0.1,0.05,0.12,-0.21,1.47,47.958031274675406
4736,泰博,生技醫療業,1,-8.55,7.35,-1.14,0.0,130.0,9.0,1.0,,,,0.0,97.67,447.9,134.5,-1.89,-0.77,0.0,3.0,131.5,1.15,131.5,130.0,140.14,151.31,36.0,15.0,,,,,,,,,,,,,0.0,0.0,0.71,11.0,0.01,7.2,4.0,0.0,0.37,0.0,0.0,0.12,0.29,0.0,4.0,13.0,-0.02,0.14,0.29,-0.03,0.12,0.01,0.0,-1.15,1.0,-0.78,48.296790640706575
4737,華廣,生技醫療業,1,-12.5,5.45,0.18,-1.77,55.4,-2.0,-4.0,,,,0.0,38.65,346.02,60.8,-2.76,-1.24,-1.77,4.699999999999996,56.1,-0.18,55.3,55.4,21.14,46.49,-3.0,-1.0,0.0,0.0,0.0,0.0,0.0,0.0,0.0,0.0,,5.0,7.0,9.0,0.0,0.0,0.0,-1.0,-0.0,36.6,0.0,0.0,0.08,-0.01,0.0,0.0,0.0,0.0,0.0,0.0,-0.06,0.01,0.09,-0.02,0.11,0.11,-0.72,-2.7,-2.49,-1.81,31.151216747635203
4739,康普,化學工業,2,-16.8,18.32,-1.02,3.88,87.5,87.0,-397.0,,,,-1.02,1654.51,4652.98,89.9,-0.75,4.65,3.88,1.4000000000000057,88.5,0.0,88.4,88.4,1792.92,4293.11,-112.0,-559.0,3.0,19.0,1.0,0.0,19.0,19.0,20.0,19.0,-1.0,2.0,33.0,237.0,0.0,0.0,0.0,-549.0,-0.46,4.67,-10.0,-0.01,0.11,-0.33,0.0,0.0,0.0,0.0,0.0,0.0,-0.21,-0.23,-1.71,-0.04,0.09,-1.17,3.76,5.71,6.48,2.91,71.25129363989214
4741,泓瀚,化學工業,1,-14.88,12.98,-1.23,0.37,40.3,-21.0,-1.0,,,,-1.23,39.98,209.57,43.0,0.67,5.95,0.37,1.6499999999999986,41.35,0.0,40.8,40.8,185.87,173.25,-80.0,,,,,,,,,,,,,,0.0,0.0,0.0,-5.0,-0.02,,,,,-0.0,0.0,0.0,0.0,0.0,0.0,0.0,-0.19,-0.24,-0.53,0.01,0.02,-0.21,1.0,1.62,1.3,-2.58,62.157616684392636
4743,合一,生技醫療業,1,-9.47,9.88,-2.76,2.84,45.85,598.0,-340.0,,,,-2.76,1298.82,2001.34,47.5,-0.89,2.12,2.84,0.25,47.25,0.0,47.15,47.15,1053.02,2001.34,1071.0,,,,,,,,,,,,,,0.0,0.0,0.0,-455.0,-0.1,,,,,-0.07,0.0,0.0,0.0,0.0,0.0,0.0,0.3,0.28,0.01,0.16,0.17,0.0,0.13,0.8,0.78,-0.92,54.906602951133806
4744,皇將,生技醫療業,2,-15.92,13.45,-4.17,1.74,28.7,8.0,0.0,,,,-1.71,55.75,325.09,31.4,0.54,2.14,1.74,1.4499999999999993,29.95,2.57,29.95,29.2,67.11,201.78,32.0,,,,,,,,,,,,,,0.0,0.0,0.0,-22.0,-0.04,,,,,0.0,0.0,0.0,0.0,0.0,0.0,0.0,-0.0,-0.16,-0.32,-0.01,0.14,0.14,0.2,-0.28,0.66,0.02,53.70165384895031
4745,合富-KY,生技醫療業,2,-6.12,6.52,-0.82,0.83,12.15,1.0,0.0,,,,-0.41,4.11,98.56,12.25,0.42,1.26,0.83,0.0,12.25,0.41,12.25,12.2,98.56,28.18,-3.0,,,,,,,,,,,,,,0.0,0.0,0.0,0.0,0.0,,,,,0.0,0.0,0.0,0.0,0.0,0.0,0.0,0.03,0.04,0.01,0.01,0.01,0.01,0.09,0.23,0.33,-0.12,74.83321042015258
4746,台耀,生技醫療業,2,-9.27,9.56,0.0,1.98,49.0,134.0,-15.0,,,,0.1,444.42,1197.38,49.6,-1.23,-0.73,1.98,0.30000000000000426,49.3,0.1,49.0,48.95,873.37,1019.87,486.0,-25.0,1.0,0.0,0.0,1.0,0.0,0.0,1.0,1.0,inf,3.0,-17.0,15.0,0.0,0.0,1.5,-25.0,-0.02,9.53,0.0,0.0,1.17,-0.01,-0.33,-0.41,-0.41,0.0,0.0,0.0,1.12,2.23,1.45,-0.05,0.28,-1.38,0.53,1.02,2.02,-1.37,65.80857157272644
4747,強生,生技醫療業,1,-13.41,5.09,0.43,1.72,23.1,-15.0,0.0,,,,-2.12,33.33,280.77,26.1,0.0,-0.84,1.72,2.3500000000000014,23.75,-2.54,23.0,23.6,33.61,86.47,-5.0,,,,,,,,,,,,,,0.0,0.0,0.0,3.0,0.01,,,,,0.0,0.0,0.0,0.0,0.0,0.0,0.0,-0.01,-0.01,-0.08,-0.03,-0.07,-0.18,-0.48,-0.61,-1.21,-16.84,16.594552196903265
4754,國碳科,化學工業,2,-5.26,2.84,0.53,0.53,37.85,1.0,0.0,,,,-0.13,9.15,100.43,39.0,0.13,-0.26,0.53,1.0,38.0,-0.66,37.65,37.9,23.5,44.98,15.0,,,,,,,,,,,,,,0.0,0.0,0.0,-1.0,-0.0,,,,,0.0,0.0,0.0,0.0,0.0,0.0,0.0,0.05,0.07,-0.02,-0.01,-0.01,-0.06,0.05,0.22,0.0,0.35,54.973966878051385
4755,三福化,化學工業,2,-10.29,9.17,0.85,-0.84,119.0,-8.0,6.0,,,,0.85,155.05,378.99,121.5,0.43,2.16,-0.84,2.5,119.0,0.0,118.0,118.0,196.33,261.88,64.0,43.0,0.0,0.0,0.0,0.0,0.0,0.0,0.0,0.0,,3.0,4.0,-2.0,0.0,0.0,0.3,31.0,0.03,23.17,12.0,0.01,0.44,0.01,0.0,0.0,0.0,0.0,0.0,0.0,0.13,0.12,-0.15,0.04,0.03,-0.21,1.9,3.35,3.9,0.69,73.97520368846327
4760,勤凱科技,其他電子業,2,-14.56,20.21,8.05,-0.57,288.5,5.0,243.0,,,,9.9,888.05,888.05,288.5,1.32,-3.17,-0.57,0.0,288.5,1.71,267.0,262.5,239.61,124.73,16.0,,,,,,,,,,,,,,0.0,0.0,0.0,69.0,0.21,,,,,0.76,0.0,0.0,0.0,0.0,0.0,0.0,0.13,0.15,-1.22,0.55,0.46,-0.36,19.6,22.95,23.43,29.48,74.91414845837001
4763,材料-KY,化學工業,1,-16.07,10.38,-4.0,4.04,46.85,3765.0,-4909.0,,,,-4.19,11589.39,17213.15,53.5,-0.65,1.63,4.04,4.600000000000001,48.9,-0.2,48.8,48.9,4564.45,9601.2,4704.0,-5397.0,2.0,6.0,-1.0,105.0,-9.0,6.0,102.0,105.0,16.5,2.0,-392.0,-126.0,-1982.0,-2.3,56.53,-3149.0,-3.65,529.07,-266.0,-0.31,4.79,-5.69,-2.28,1.24,2.84,4.0,8.0,15.0,-7.04,-8.49,-23.34,-10.9,-11.63,-19.04,-0.17,-0.74,-1.62,-1.81,44.72049026249025
4764,雙鍵,化學工業,1,-29.15,10.29,-4.15,1.89,185.0,-233.0,-316.0,,,,-2.12,1155.26,1961.99,247.0,-3.43,0.0,1.89,54.0,193.0,2.12,193.0,189.0,1162.03,1350.45,-343.0,-269.0,4.0,2.0,0.0,4.0,-20.0,2.0,9.0,4.0,1.0,3.0,95.0,151.0,-79.0,-0.09,6.41,-190.0,-0.22,26.42,0.0,0.0,0.33,-0.37,-0.55,-0.49,-0.61,0.0,1.0,1.0,0.07,-0.18,0.16,-1.03,-1.51,-2.05,-0.9,-9.35,-22.55,-59.33,30.434462131741427
4766,南寶,化學工業,2,-5.57,5.22,0.74,-0.29,342.5,-3.0,0.0,,,,0.59,73.62,158.04,350.0,0.59,-0.73,-0.29,7.5,342.5,-0.15,340.0,340.5,75.32,84.16,-7.0,24.0,0.0,0.0,0.0,0.0,0.0,0.0,0.0,0.0,,1.0,-3.0,-10.0,0.0,0.0,3.55,23.0,0.02,15.92,1.0,0.0,0.22,0.0,0.0,-0.01,-0.02,0.0,0.0,0.0,0.07,0.22,0.19,-0.01,0.06,0.04,0.7,0.6,1.15,5.53,53.843674992685465
4767,誠泰科技,化學工業,2,-7.63,3.88,0.0,-0.53,28.1,0.0,0.0,,,,-0.35,6.46,69.01,29.5,0.0,1.8,-0.53,1.3999999999999986,28.1,-0.35,28.1,28.2,69.01,6.0,-2.0,,,,,,,,,,,,,,0.0,0.0,0.0,,,,,,,0.0,0.0,0.0,0.0,0.0,0.0,0.0,0.01,0.0,0.01,0.0,0.0,0.0,0.06,0.1,-0.27,0.48,49.387836904099196
4768,晶呈科技,化學工業,3,-28.38,39.62,-6.5,4.11,367.0,-362.0,-155.0,,,,-3.42,2094.34,2942.02,403.5,-1.22,10.0,4.11,0.0,403.5,3.29,392.5,380.0,1645.47,2942.02,-364.0,,,,,,,,,,,,,,0.0,0.0,0.0,-187.0,-0.43,,,,,-0.36,0.0,0.0,0.0,0.0,0.0,0.0,-1.66,-1.35,-2.52,-1.0,-0.77,-1.32,15.3,34.6,50.9,53.68,71.1917880908639
4770,上品,化學工業,3,-27.12,39.36,-1.26,-2.08,275.0,-224.0,31.0,,,,-2.48,871.63,4524.05,295.0,2.36,1.78,-2.08,13.5,281.5,-1.24,278.5,282.0,2148.06,1405.6,-206.0,74.0,2.0,-2.0,-1.0,-4.0,7.0,10.0,8.0,10.0,1.0,3.0,33.0,-43.0,0.0,0.0,2.87,98.0,0.12,8.06,-24.0,-0.03,0.59,0.04,0.92,0.92,0.92,1.0,1.0,1.0,0.19,1.1,1.85,0.93,1.89,2.45,-5.0,12.9,29.12,48.52,64.94720917463887
4804,大略-KY,觀光事業,3,,,,,,,,,,,,,,,,,,,,,,,,,,,,,,,,,,,,,,,0.0,0.0,0.0,,,,,,,,0.0,0.0,0.0,0.0,0.0,0.0,0.0,0.0,0.0,,,,,,,,
4806,昇華,文化創意業,3,-20.48,,,,,,,,,,,,44.11,10.4,,,,,,,,,,,,,,,,,,,,,,,,,0.0,0.0,0.0,,,,,,,,0.0,0.0,0.0,0.0,0.0,0.0,0.0,-0.0,-0.0,,,,,,,,
4807,日成-KY,貿易百貨,1,-15.24,10.99,2.23,1.21,29.8,-12.0,-4.0,,,,1.53,60.51,1135.48,32.15,-1.84,-0.51,1.21,2.349999999999998,29.8,-0.68,29.15,29.35,59.2,129.24,16.0,12.0,0.0,0.0,0.0,0.0,-1.0,0.0,0.0,0.0,,2.0,-23.0,6.0,0.0,0.0,0.0,12.0,0.03,86.11,0.0,0.0,0.01,-0.01,0.0,0.0,0.0,0.0,0.0,0.0,0.17,-0.78,-0.6,-0.05,-0.32,-0.67,0.31,-0.22,0.56,-3.14,52.46685762517857
4903,聯光通,通信網路業,3,-25.34,33.94,3.99,0.7,44.35,155.0,-420.0,,,,3.38,7006.46,18478.65,44.4,2.02,-0.47,0.7,0.0,44.4,-0.58,42.65,42.9,6330.19,3430.29,91.0,,,,,,,,,,,,,,0.0,0.0,0.0,-499.0,-0.48,,,,,-0.4,0.0,0.0,0.0,0.0,0.0,0.0,-1.33,0.54,0.22,-1.15,0.37,0.07,1.31,3.9,6.17,6.87,84.13943419117078
4904,遠傳,通信網路業,3,-6.51,5.21,1.45,-1.43,105.0,-733.0,149.0,,,,1.45,3201.8,12641.59,107.5,0.0,-0.95,-1.43,2.5,105.0,0.0,103.5,103.5,5442.74,6217.74,1054.0,985.0,0.0,-1.0,0.0,0.0,-1.0,0.0,-1.0,0.0,-1.0,3.0,172.0,-146.0,511.0,0.01,13.35,155.0,0.0,20.78,319.0,0.01,1.23,0.0,0.04,0.05,0.07,3.0,7.0,12.0,-0.01,0.02,0.36,-0.02,-0.01,0.1,0.2,-0.4,0.17,2.39,51.06097785077809
4905,台聯電,通信網路業,2,-16.65,11.24,8.94,-0.91,84.1,-1.0,-24.0,,,,9.93,217.72,217.72,90.7,-0.64,-1.16,-0.91,6.6000000000000085,84.1,0.92,77.2,76.5,11.05,37.6,-1.0,,,,,,,,,,,,,,0.0,0.0,0.0,21.0,0.07,,,,,-0.08,0.0,0.0,0.0,0.0,0.0,0.0,0.07,0.06,0.07,-0.08,-0.08,-0.12,5.5,5.74,3.25,7.13,70.38450144094122
4906,正文,通信網路業,3,-17.9,26.85,-3.23,5.09,40.5,2622.0,-1346.0,,,,-4.26,11744.26,17574.24,42.45,-1.18,6.77,5.09,0.4000000000000057,42.05,-1.06,41.85,42.3,13404.59,17574.24,1271.0,-1682.0,2.0,111.0,20.0,-23.0,74.0,111.0,66.0,111.0,-1.21,4.0,1270.0,313.0,0.0,0.0,0.0,-1374.0,-0.34,8.73,-308.0,-0.08,0.3,-0.34,0.0,0.0,0.0,0.0,0.0,0.0,0.12,1.46,0.15,0.72,1.28,0.55,0.75,2.04,3.19,4.34,63.89624741099292
4907,富宇,建材營造,2,-9.83,6.61,0.33,-0.55,45.05,-1.0,3.0,,,,0.11,17.85,196.93,47.8,1.12,0.0,-0.55,1.8499999999999943,45.95,-0.22,44.9,45.0,14.84,25.14,-8.0,,,,,,,,,,,,,,0.0,0.0,0.0,-3.0,-0.0,,,,,0.0,0.0,0.0,0.0,0.0,0.0,0.0,-0.03,-0.05,-0.08,0.0,0.01,-0.04,-0.01,0.09,0.01,0.68,49.793854717770884
4908,前鼎,通信網路業,2,-24.91,49.29,-1.68,-1.66,204.5,-143.0,-87.0,,,,-1.21,1104.0,17559.06,265.0,0.0,-2.14,-1.66,56.0,209.0,0.48,208.0,207.0,1258.36,1300.66,-172.0,,,,,,,,,,,,,,0.0,0.0,0.0,-61.0,-0.08,,,,,-0.11,0.0,0.0,0.0,0.0,0.0,0.0,0.71,-2.32,0.09,-0.67,-4.99,-3.35,-2.9,-16.85,-19.95,25.53,34.29568439762019
4909,新復興,通信網路業,1,-15.27,10.51,-1.09,-0.55,36.15,60.0,17.0,,,,-0.69,194.61,707.34,39.3,-0.58,4.22,-0.55,2.5,36.8,0.41,36.55,36.4,707.34,371.26,122.0,,,,,,,,,,,,,,0.0,0.0,0.04,33.0,0.04,,,,,0.02,0.0,0.0,0.0,0.0,0.0,0.0,0.15,0.02,-0.3,0.06,0.02,-0.47,0.7,1.11,0.84,-1.55,60.975362636759364
4911,德英,生技醫療業,1,-6.33,3.27,-0.35,0.0,28.2,-1.0,0.0,,,,0.0,12.47,31.51,30.0,-0.17,-1.39,0.0,1.6000000000000014,28.4,0.35,28.3,28.2,12.66,17.54,0.0,,,,,,,,,,,,,,0.0,0.0,0.0,1.0,0.0,,,,,0.0,0.0,0.0,0.0,0.0,0.0,0.0,0.0,0.02,0.05,0.0,0.0,0.0,-0.32,-0.51,-0.76,-1.91,31.83879426901585
4912,聯德控股-KY,電子零組件業,3,-22.73,29.41,7.0,2.99,107.0,254.0,642.0,,,,7.0,1798.91,1798.91,110.0,-1.63,0.0,2.99,0.0,110.0,0.0,100.0,100.0,336.81,999.17,474.0,312.0,1.0,0.0,0.0,2.0,0.0,0.0,2.0,2.0,inf,0.0,-80.0,-3.0,0.0,0.0,0.0,312.0,0.5,29.53,0.0,0.0,0.09,1.03,0.0,0.0,0.0,0.0,0.0,0.0,1.47,2.1,2.75,1.67,1.94,2.64,7.2,9.36,10.05,15.63,79.38072875775393
4915,致伸,電子零組件業,2,-10.38,10.54,1.88,-0.78,65.0,-189.0,58.0,,,,2.36,2662.28,13116.34,66.5,-0.47,-0.94,-0.78,1.5,65.0,0.47,63.8,63.5,1749.92,1919.02,-285.0,227.0,1.0,0.0,-1.0,-1.0,3.0,6.0,4.0,6.0,-inf,2.0,-26.0,55.0,605.0,0.13,18.44,-346.0,-0.07,25.41,-32.0,-0.01,1.09,0.01,0.24,0.4,0.63,4.0,5.0,8.0,-0.27,-0.25,-0.81,-0.1,-0.09,0.25,0.9,0.46,1.84,1.87,63.062449565568315
4916,事欣科,電腦及週邊設備業,2,-14.14,14.3,-1.9,1.46,103.0,-116.0,-176.0,,,,-0.96,1928.23,15854.72,107.5,-1.91,-0.98,1.46,2.0,105.5,0.96,105.0,104.0,962.67,2099.01,268.0,-368.0,0.0,0.0,-3.0,-4.0,-70.0,0.0,-13.0,0.0,-inf,3.0,78.0,-20.0,0.0,0.0,0.04,-352.0,-0.36,3.73,-16.0,-0.02,0.73,-0.18,0.0,0.0,0.0,0.0,0.0,0.0,0.31,1.57,0.75,-0.5,0.64,0.28,-0.1,0.36,3.78,1.21,56.94120969007057
4919,新唐,半導體業,2,-28.29,39.45,8.19,1.84,152.0,471.0,6408.0,,,,9.75,21151.51,43702.86,152.0,1.49,-0.37,1.84,0.0,152.0,1.44,140.5,138.5,9319.26,13131.38,471.0,642.0,3.0,26.0,-38.0,372.0,240.0,549.0,551.0,549.0,13.31,5.0,254.0,1333.0,0.0,0.0,0.01,373.0,0.09,1.64,269.0,0.06,1.86,1.53,0.01,-0.08,-0.06,4.0,5.0,7.0,-2.0,-3.67,-3.56,-0.07,-0.94,-1.04,12.8,20.75,27.97,23.05,87.94798577012939
4923,力士,半導體業,3,-25.96,35.16,6.19,0.0,65.2,-8.0,-207.0,,,,6.19,2823.32,3516.18,67.4,-4.05,-4.37,0.0,0.7000000000000028,66.7,0.0,61.4,61.4,958.75,668.89,39.0,,,,,,,,,,,,,,0.0,0.0,0.0,-110.0,-0.32,,,,,-0.61,0.0,0.0,0.0,0.0,0.0,0.0,-1.18,1.21,1.29,-1.44,-0.17,0.45,1.5,3.97,8.07,12.62,66.97820650215883
4924,欣厚-KY,電腦及週邊設備業,3,-47.09,79.1,-5.92,7.14,15.9,33.0,-94.0,,,,-3.64,594.43,1748.44,18.75,-4.73,-6.83,7.14,1.6999999999999993,17.05,2.42,16.9,16.5,683.86,439.38,68.0,,,,,,,,,,,,,,0.0,0.0,0.0,-31.0,-0.08,,,,,-0.25,0.0,0.0,0.0,0.0,0.0,0.0,-0.22,0.62,0.56,-1.36,-1.06,-0.71,-0.18,-0.15,1.74,4.34,55.307600341867
4927,泰鼎-KY,電子零組件業,3,-13.04,40.25,-1.57,0.79,43.8,681.0,-182.0,,,,-1.57,1834.31,7483.4,46.0,-0.11,0.11,0.79,1.3999999999999986,44.6,0.0,44.5,44.5,1936.78,3204.07,1149.0,-42.0,2.0,-11.0,10.0,7.0,-92.0,23.0,-108.0,10.0,-1.64,2.0,-69.0,-13.0,0.0,0.0,0.0,8.0,0.0,12.06,-50.0,-0.03,0.17,-0.1,0.0,0.0,0.0,0.0,0.0,0.0,0.78,1.63,1.36,0.43,0.97,0.93,-0.1,0.27,1.1,5.91,57.59219528224714
4930,燦星網,電器電纜,1,-4.27,1.91,0.31,0.32,15.95,-1.0,-2.0,,,,0.31,32.14,283.46,16.4,1.26,-1.25,0.32,0.3999999999999986,16.0,0.0,15.9,15.9,14.29,12.85,-3.0,1.0,0.0,0.0,0.0,0.0,0.0,0.0,0.0,0.0,,0.0,0.0,-15.0,0.0,0.0,0.0,1.0,0.0,2.16,0.0,0.0,0.41,-0.0,0.0,0.0,0.0,0.0,0.0,0.0,0.0,0.03,0.04,-0.0,-0.0,-0.0,0.03,-0.06,-0.08,-0.29,47.45678932782733
4931,新盛力,電腦及週邊設備業,3,-15.69,13.23,-1.19,1.41,248.5,389.0,-626.0,,,,-1.39,2893.8,8814.29,264.5,1.26,1.86,1.41,12.0,252.5,-0.2,251.5,252.0,6721.55,8814.29,377.0,,,,,,,,,,,,,,0.0,0.0,0.0,-674.0,-1.03,,,,,-0.95,0.0,0.0,0.0,0.0,0.0,0.0,-0.46,-3.81,-7.82,-0.59,-4.47,-8.22,3.2,7.2,7.03,13.12,59.072241294381236
4933,友輝,光電業,1,-7.99,8.09,0.0,1.68,54.2,8.0,1.0,,,,-0.37,51.7,190.83,55.1,0.38,0.19,1.68,0.30000000000000426,54.8,-0.37,54.2,54.4,15.4,65.19,16.0,,,,,,,,,,,,,,0.0,0.0,0.76,1.0,0.0,,,,,0.0,0.0,0.0,0.0,0.0,0.0,0.0,0.03,0.15,0.16,0.01,0.05,0.04,0.52,1.33,1.4,-1.02,73.27524455753371
4934,太極,光電業,1,-13.16,12.88,-2.68,5.28,14.5,117.0,-137.0,,,,-3.01,487.15,982.37,15.2,-2.08,0.0,5.28,0.29999999999999893,14.9,-0.33,14.9,14.95,192.77,945.25,332.0,-137.0,0.0,0.0,0.0,0.0,0.0,0.0,0.0,0.0,,0.0,0.0,0.0,0.0,0.0,0.0,-147.0,-0.07,2.96,10.0,0.0,0.23,-0.06,0.0,0.0,0.0,0.0,0.0,0.0,-0.07,-0.27,-0.55,-0.06,-0.11,-0.32,0.06,0.29,0.56,-0.09,57.95177880703133
4935,茂林-KY,光電業,2,-12.61,12.3,-0.44,2.55,34.05,30.0,1.0,,,,-0.44,131.29,409.58,34.9,-0.15,-0.91,2.55,0.6499999999999986,34.25,0.0,34.2,34.2,59.28,91.36,15.0,-14.0,0.0,0.0,0.0,0.0,0.0,0.0,0.0,0.0,,3.0,-14.0,48.0,0.0,0.0,0.0,-14.0,-0.01,26.59,0.0,0.0,0.35,0.0,0.0,0.0,0.0,0.0,0.0,0.0,-0.06,-0.14,-0.29,0.02,0.07,0.01,0.68,1.02,1.18,-0.21,62.58752634752745
4938,和碩,電腦及週邊設備業,2,-7.64,3.32,0.11,-1.97,90.2,-2897.0,-23.0,,,,0.45,6887.85,18644.25,95.6,0.0,-0.55,-1.97,5.3999999999999915,90.2,0.33,90.1,89.8,11561.26,11785.3,-4058.0,741.0,1.0,-4.0,0.0,0.0,-5.0,12.0,-6.0,12.0,-1.0,3.0,466.0,-286.0,1412.0,0.05,11.53,-879.0,-0.03,31.21,208.0,0.01,7.15,-0.0,0.04,0.04,0.43,2.0,5.0,14.0,-0.12,-0.3,-0.93,-0.08,-0.1,-0.04,-0.48,-0.19,-0.71,1.9,46.842174594850256
4939,亞電,電子零組件業,3,-24.55,39.77,-6.07,7.53,78.9,2763.0,-4816.0,,,,-4.71,15752.44,23262.25,94.5,-1.34,2.17,7.53,10.5,84.0,1.45,84.0,82.8,3017.75,10819.16,383.0,,,,,,,,,,,,,,0.0,0.0,0.0,-3253.0,-3.31,,,,,-4.9,0.0,0.0,0.0,0.0,0.0,0.0,-2.23,-3.51,-7.65,-2.21,-3.45,-7.85,1.82,1.02,-2.81,8.87,50.14494437446403
4942,嘉彰,光電業,1,-8.25,4.25,-0.31,-0.16,31.8,0.0,-9.0,,,,-0.31,89.2,234.02,33.35,0.8,0.95,-0.16,1.4500000000000028,31.9,0.0,31.9,31.9,45.0,89.06,-41.0,-57.0,0.0,0.0,0.0,0.0,0.0,0.0,0.0,0.0,,3.0,0.0,4.0,0.0,0.0,0.0,-58.0,-0.04,6.05,1.0,0.0,0.11,-0.01,0.0,0.0,0.0,0.0,0.0,0.0,-0.08,-0.1,-0.29,-0.01,-0.06,-0.15,0.06,0.27,-0.21,-2.2,49.244999647973
4943,康控-KY,電子零組件業,1,-20.85,6.13,-3.75,-1.0,6.67,0.0,-5.0,,,,-3.47,50.55,169.33,8.25,-0.14,-0.14,-1.0,1.3200000000000003,6.93,0.29,6.93,6.91,16.65,8.61,0.0,0.0,0.0,0.0,0.0,0.0,0.0,0.0,0.0,0.0,,0.0,0.0,0.0,0.0,0.0,0.0,0.0,0.0,22.77,0.0,0.0,1.61,-0.01,0.0,0.0,0.0,0.0,0.0,0.0,0.0,0.0,0.0,-0.01,-0.01,-0.02,-0.24,-0.39,-0.52,-1.42,20.155103823816404
4944,兆遠,光電業,3,,,,,,,,,,,,,,,,,,,,,,,,,,,,,,,,,,,,,,,,,,,,,,,,,,,,,,,,,,,,,,,,,
4945,陞達科技,半導體業,3,,,,,,,,,,,,,,,,,,,,,,,,,,,,,,,,,,,,,,,,,,,,,,,,,,,,,,,,,,,,,,,,,
4946,辣椒,文化創意業,3,-15.61,18.71,2.03,0.5,100.5,0.0,0.0,,,,-0.99,9.97,70.54,102.5,0.0,4.08,0.5,1.0,101.5,-2.96,98.5,101.5,34.24,18.08,-4.0,,,,,,,,,,,,,,0.0,0.0,0.0,-2.0,-0.02,,,,,0.0,0.0,0.0,0.0,0.0,0.0,0.0,0.09,0.26,0.42,0.17,0.23,0.25,0.5,4.6,6.53,11.59,72.14983274552833
4950,牧東,其他,2,-6.69,5.54,3.18,0.32,16.2,,,,,,3.51,15.05,67.48,16.45,0.0,-1.27,0.32,0.25,16.2,0.32,15.7,15.65,4.82,9.25,4.0,,,,,,,,,,,,,,0.0,0.0,0.0,2.0,0.0,,,,,,0.0,0.0,0.0,0.0,0.0,0.0,0.01,-0.0,0.0,,,,0.42,0.49,0.35,0.24,63.37206953819295
4951,精拓科,半導體業,2,-28.58,23.17,-1.42,1.33,90.3,9.0,-40.0,,,,-1.31,255.8,4192.14,109.5,-5.97,2.27,1.33,17.0,92.5,0.11,91.6,91.5,343.02,543.72,86.0,,,,,,,,,,,,,,0.0,0.0,0.0,-34.0,-0.1,,,,,-0.12,0.0,0.0,0.0,0.0,0.0,0.0,-0.92,-1.35,-2.03,-0.83,-1.28,-1.4,-0.5,0.19,5.07,8.39,55.5617429190648
4952,凌通,半導體業,2,-10.91,9.43,1.12,0.1,49.65,-1.0,1.0,,,,0.51,304.45,439.27,51.8,0.2,0.51,0.1,1.2999999999999972,50.5,-0.61,49.1,49.4,115.76,152.29,-17.0,70.0,0.0,0.0,0.0,0.0,0.0,0.0,0.0,0.0,,3.0,5.0,4.0,0.0,0.0,0.01,66.0,0.06,7.03,4.0,0.0,0.23,0.0,0.0,0.0,0.0,0.0,0.0,0.0,0.11,0.45,0.45,0.03,0.16,-0.07,0.44,1.01,0.92,-0.32,65.98268480685397
4953,緯軟,資訊服務業,1,-7.57,2.16,0.0,0.0,117.5,-12.0,-6.0,,,,0.43,102.26,713.19,125.5,0.43,-0.85,0.0,7.0,118.5,0.43,117.5,117.0,135.29,148.88,-23.0,,,,,,,,,,,,,,0.0,0.0,0.21,-43.0,-0.06,,,,,-0.01,0.0,0.0,0.06,0.0,0.0,5.0,-0.41,-0.83,-1.96,-0.27,-0.62,-1.38,0.4,-1.15,-1.6,-4.88,42.6151799352919
4956,光鋐,光電業,3,-37.15,76.2,1.61,0.54,47.25,-2712.0,1000.0,,,,1.61,21286.09,30014.62,49.8,2.18,3.37,0.54,0.19999999999999574,49.6,0.0,46.5,46.5,16057.65,30014.62,-3303.0,1212.0,4.0,68.0,53.0,40.0,-702.0,68.0,97.0,68.0,-0.41,4.0,957.0,423.0,0.0,0.0,0.0,1211.0,1.21,11.03,1.0,0.0,0.74,1.0,0.0,0.0,0.0,0.0,0.0,0.0,-1.16,0.9,1.13,-1.13,1.36,0.47,1.69,3.9,8.42,13.13,73.4146783789162
4958,臻鼎-KY,電子零組件業,2,-15.91,23.84,-0.39,-0.59,510.0,498.0,165.0,,,,0.59,31694.64,44948.01,531.0,0.53,4.84,-0.59,9.0,522.0,0.99,512.0,507.0,41991.46,30846.66,220.0,-73.0,2.0,-2.0,243.0,-22.0,260.0,243.0,155.0,243.0,10.0,4.0,511.0,457.0,-500.0,-0.05,11.31,236.0,0.02,59.85,191.0,0.02,4.39,0.02,0.06,-0.22,0.11,1.0,3.0,7.0,-0.94,-1.59,-3.74,-0.59,-1.28,-2.8,17.2,23.45,21.8,18.58,65.19603343842144
4960,誠美材,光電業,3,-21.84,26.15,-2.05,3.83,23.9,-192.0,-418.0,,,,-2.05,5391.1,19107.98,24.95,-1.32,4.45,3.83,0.34999999999999787,24.6,0.0,24.4,24.4,5046.69,9365.65,183.0,-1483.0,4.0,14.0,33.0,11.0,43.0,33.0,49.0,33.0,-0.21,4.0,299.0,318.0,0.0,0.0,0.0,-1444.0,-0.25,18.84,-39.0,-0.01,5.37,-0.07,0.0,0.0,0.0,0.0,0.0,0.0,0.04,-0.87,-0.8,-0.21,-0.78,-0.89,0.51,1.03,2.17,2.4,66.69784020578786
4961,天鈺,半導體業,3,-13.23,20.38,3.62,-1.36,186.0,-373.0,632.0,,,,2.76,2413.98,3232.32,189.0,1.12,2.22,-1.36,0.0,189.0,-0.83,179.5,181.0,1610.17,1363.49,-385.0,750.0,3.0,2.0,1.0,2.0,-2.0,2.0,0.0,2.0,0.0,2.0,4.0,-26.0,0.0,0.0,3.24,734.0,0.61,25.83,16.0,0.01,3.33,0.52,0.04,0.04,0.04,2.0,2.0,3.0,0.49,2.08,3.91,0.35,1.32,2.72,3.9,4.2,9.1,17.99,66.74719998674837
4966,譜瑞-KY,半導體業,2,-11.09,10.17,-0.17,-0.17,572.0,-10.0,-1.0,,,,0.18,230.97,1192.2,586.0,1.42,-0.52,-0.17,12.0,574.0,0.35,573.0,571.0,232.78,321.85,-34.0,,,,,,,,,,,,,,2.0,0.0,5.48,-17.0,-0.02,,,,,-0.0,0.02,0.02,-0.32,2.0,2.0,6.0,-0.44,-1.37,-1.61,-0.4,0.3,-0.57,2.4,5.8,14.05,-9.07,57.72868626904293
4967,十銓,半導體業,3,-7.48,11.49,-1.63,0.0,272.0,325.0,-451.0,,,,-1.09,1098.69,7121.21,287.5,0.18,-0.18,0.0,11.0,276.5,0.55,276.5,275.0,572.71,1312.93,451.0,-624.0,1.0,19.0,0.0,-17.0,-7.0,19.0,-10.0,19.0,-1.89,3.0,11.0,44.0,-249.0,-0.35,1.11,-357.0,-0.5,13.82,-18.0,-0.03,1.89,-0.63,-0.35,-0.35,-0.15,0.0,0.0,2.0,-0.02,1.43,2.53,-0.24,1.03,1.78,-0.7,-1.5,-2.88,14.14,45.731147156029806
4968,立積,半導體業,2,-16.14,19.24,3.48,2.99,101.0,188.0,-77.0,,,,4.55,2244.71,2244.71,103.5,0.54,0.32,2.99,0.0,103.5,1.04,97.6,96.6,264.71,669.04,244.0,18.0,3.0,-14.0,0.0,2.0,3.0,10.0,5.0,10.0,-1.14,2.0,-59.0,-3.0,0.0,0.0,0.23,-22.0,-0.02,4.85,40.0,0.04,3.57,-0.09,0.08,0.08,0.08,3.0,3.0,3.0,0.34,0.85,1.0,0.17,0.47,0.26,6.02,7.64,9.41,5.66,86.86693737321302
4971,IET-KY,半導體業,2,-28.37,9.36,-0.74,-2.53,534.0,-119.0,-25.0,,,,-0.93,712.47,8621.06,726.0,1.28,-2.17,-2.53,177.0,549.0,-0.19,538.0,539.0,606.02,907.08,-158.0,,,,,,,,,,,,,,0.0,0.0,0.0,-12.0,-0.03,,,,,-0.07,0.0,0.0,0.0,0.0,0.0,0.0,-0.66,-2.01,-3.63,-0.92,-2.82,-6.63,-8.0,-24.0,-42.15,30.7,37.87763411281418
4972,湯石照明,光電業,1,-5.28,0.93,0.31,0.31,16.3,0.0,0.0,,,,0.0,25.33,46.83,17.05,0.93,0.0,0.31,0.75,16.3,-0.31,16.25,16.3,9.59,16.52,2.0,,,,,,,,,,,,,,0.0,0.0,0.0,1.0,0.0,,,,,0.0,0.0,0.0,0.0,0.0,0.0,0.0,0.0,0.0,0.0,-0.01,-0.01,-0.01,-0.0,0.0,-0.08,-0.28,44.16510954791717
4973,廣穎電通,半導體業,2,-15.87,5.66,-2.14,1.47,137.0,-1.0,-39.0,,,,-0.72,342.25,1623.3,157.5,-0.74,0.75,1.47,17.5,140.0,1.45,140.0,138.0,304.31,396.86,20.0,,,,,,,,,,,,,,0.0,0.0,0.0,-78.0,-0.12,,,,,-0.06,0.0,0.0,0.0,0.0,0.0,0.0,0.14,-0.07,0.12,-0.32,-0.6,-1.47,1.2,-0.1,-4.0,-10.04,42.99436850242609
4974,亞泰,電子零組件業,2,-9.4,5.78,0.14,0.0,71.3,8.0,7.0,,,,0.42,51.2,669.46,75.5,-0.42,0.14,0.0,4.099999999999994,71.4,0.28,71.2,71.0,41.78,74.56,-9.0,,,,,,,,,,,,,,0.0,0.0,0.0,-6.0,-0.01,,,,,0.01,0.0,0.0,0.0,0.0,0.0,0.0,0.01,-0.03,0.46,0.03,-0.0,0.37,0.46,0.35,0.01,1.75,55.65897170410574
4976,佳凌,光電業,2,-17.74,6.95,0.14,0.28,36.05,15.0,-27.0,,,,0.7,847.07,12907.1,42.0,-0.14,0.85,0.28,5.049999999999997,36.95,0.56,36.0,35.8,455.83,552.11,187.0,-27.0,2.0,1.0,-1.0,6.0,-10.0,1.0,-3.0,6.0,5.0,3.0,16.0,41.0,0.0,0.0,0.0,-26.0,-0.02,2.98,-1.0,-0.0,0.18,-0.02,0.0,0.0,0.0,0.0,0.0,0.0,0.08,0.21,0.42,-0.15,-0.2,-0.49,0.49,0.12,-0.52,-0.4,49.73257235885023
4977,眾達-KY,通信網路業,3,-15.3,20.42,1.49,-0.59,170.5,65.0,246.0,,,,0.89,1199.08,6148.31,189.5,1.2,0.0,-0.59,18.5,171.0,-0.59,168.0,169.0,1245.91,2213.72,204.0,176.0,2.0,-65.0,39.0,-6.0,-46.0,39.0,-37.0,39.0,-0.91,3.0,90.0,134.0,0.0,0.0,0.0,200.0,0.25,17.43,-24.0,-0.03,0.92,0.31,0.0,0.0,0.0,0.0,0.0,0.0,0.41,-0.03,-1.92,0.22,-0.59,-2.12,1.9,-0.7,-1.72,16.68,51.192699597358356
4979,華星光,通信網路業,3,-23.86,15.56,-2.28,-1.22,557.0,104.0,-431.0,,,,-2.11,1104.25,19025.77,658.0,-4.58,0.71,-1.22,86.0,572.0,0.18,570.0,569.0,955.51,649.33,-9.0,,,,,,,,,,,,,,-379.0,-0.27,14.96,-161.0,-0.11,,,,,-0.31,-2.73,-2.44,-3.66,0.0,2.0,5.0,-0.12,0.22,-0.23,-2.25,-0.16,-1.63,-12.2,-21.3,-21.55,45.2,42.1655732698872
4987,科誠,電腦及週邊設備業,3,,,,,,,,,,,,,,,,,,,,,,,,,,,,,,,,,,,,,,,,,,,,,,,,,,,,,,,,,,,,,,,,,
4989,榮科,電子零組件業,1,-11.13,5.49,0.16,0.99,61.1,453.0,-41.0,,,,0.16,1665.54,4872.26,65.6,-0.83,0.17,0.99,4.099999999999994,61.5,0.0,61.0,61.0,1431.03,2282.7,779.0,-97.0,2.0,0.0,-9.0,18.0,-97.0,1.0,7.0,18.0,inf,1.0,-32.0,40.0,0.0,0.0,0.12,-77.0,-0.06,3.01,-20.0,-0.01,2.97,-0.03,0.0,0.0,0.0,0.0,0.0,0.0,0.49,1.48,0.04,-0.19,0.52,-1.76,0.92,0.63,0.39,-5.04,54.34115190220769
4991,環宇-KY,半導體業,2,-25.54,17.87,0.1,0.62,485.5,34.0,8.0,,,,-0.51,2149.16,13450.09,560.0,3.58,2.37,0.62,68.5,491.5,-0.61,485.0,488.0,4283.69,5131.75,166.0,,,,,,,,,,,,,,439.0,0.39,4.08,-360.0,-0.32,,,,,0.01,-0.29,-0.26,-0.18,4.0,6.0,8.0,0.52,-1.7,-3.53,-0.3,-1.75,-3.59,13.7,19.2,12.5,28.53,56.81366118407347
4994,傳奇,資訊服務業,1,-8.87,4.3,-0.24,-0.24,81.6,0.0,0.0,,,,-0.24,10.24,54.16,86.8,0.0,-0.24,-0.24,4.299999999999997,82.5,0.0,81.8,81.8,8.69,12.9,-1.0,-1.0,0.0,0.0,0.0,0.0,0.0,0.0,0.0,0.0,,5.0,5.0,8.0,0.0,0.0,0.0,-1.0,-0.0,2.65,0.0,0.0,0.35,0.0,0.0,0.0,0.0,0.0,0.0,0.0,-0.0,-0.01,-0.01,0.0,0.0,0.0,-0.54,-0.59,-0.56,-4.73,42.01367956113482
4995,晶達,光電業,3,-8.75,7.64,-1.38,-2.51,50.0,0.0,0.0,,,,-0.99,7.08,77.93,52.6,0.3,0.6,-2.51,1.8999999999999986,50.7,0.4,50.7,50.5,50.78,58.52,-14.0,,,,,,,,,,,,,,0.0,0.0,0.0,-3.0,-0.01,,,,,0.0,0.0,0.0,0.0,0.0,0.0,0.0,-0.05,-0.04,-0.05,0.0,0.0,0.05,-0.01,-0.42,-0.4,1.12,44.46477639449494
4999,鑫禾,電子零組件業,1,-4.86,1.99,-1.67,0.85,17.65,-1.0,-17.0,,,,-1.12,68.13,90.26,18.5,0.28,-1.39,0.85,0.5500000000000007,17.95,0.56,17.95,17.85,37.86,36.32,3.0,-1.0,0.0,0.0,0.0,0.0,0.0,0.0,0.0,0.0,,2.0,-3.0,2.0,0.0,0.0,0.0,-1.0,-0.0,1.6,0.0,0.0,0.16,-0.02,0.0,0.0,0.0,0.0,0.0,0.0,0.0,0.01,0.11,-0.03,-0.05,-0.09,-0.16,-0.2,-0.36,-1.09,29.022579092737118
5007,三星,鋼鐵工業,3,-2.47,2.17,0.0,0.71,56.4,0.0,0.0,,,,0.0,8.79,178.02,56.6,-0.71,-0.36,0.71,0.20000000000000284,56.4,0.0,56.4,56.4,42.3,86.56,20.0,5.0,0.0,0.0,0.0,0.0,0.0,0.0,0.0,0.0,,1.0,-1.0,0.0,0.0,0.0,0.0,4.0,0.0,3.52,1.0,0.0,0.06,0.0,0.0,0.0,0.0,0.0,0.0,0.0,0.0,0.01,0.01,0.0,0.0,0.0,0.44,0.66,0.47,0.27,64.01322660779849
5009,榮剛,鋼鐵工業,2,-7.02,4.56,-1.35,1.07,32.8,-1046.0,-31.0,,,,-0.91,1863.97,6167.48,34.2,-0.31,1.88,1.07,0.9500000000000028,33.25,0.45,33.25,33.1,1502.49,6167.48,-1006.0,,,,,,,,,,,,,,0.0,0.0,0.0,-70.0,-0.01,,,,,-0.01,0.0,0.0,0.0,0.0,0.0,0.0,-0.09,-0.2,-0.91,-0.15,-0.27,-0.76,0.28,0.44,0.27,-0.33,58.15489886288025
5011,久陽,鋼鐵工業,1,-7.27,9.57,-1.59,-0.53,18.6,-8.0,-20.0,,,,-1.06,115.56,389.65,19.25,0.55,2.46,-0.53,0.3500000000000014,18.9,0.53,18.9,18.8,183.23,282.93,3.0,,,,,,,,,,,,,,0.0,0.0,0.0,-31.0,-0.03,,,,,-0.02,0.0,0.0,0.0,0.0,0.0,0.0,0.14,0.17,0.0,-0.05,-0.13,-0.16,0.07,0.32,0.32,-0.24,61.034888611582765
5013,強新,鋼鐵工業,3,-37.68,67.06,0.0,0.65,42.6,-455.0,75.0,,,,9.94,446.88,1247.57,42.6,-1.38,9.98,0.65,0.0,42.6,9.94,42.6,38.75,1133.39,1247.57,16.0,,,,,,,,,,,,,,0.0,0.0,0.0,,,,,,,0.06,0.0,0.0,0.0,0.0,0.0,0.0,0.07,0.07,0.04,-0.26,-0.28,-0.28,6.37,9.17,11.41,14.47,92.13742395211685
5014,建錩,鋼鐵工業,2,-7.4,6.96,0.49,0.49,10.3,-1.0,-8.0,,,,0.49,168.84,542.13,10.4,-0.7,2.93,0.49,0.09999999999999964,10.3,0.0,10.25,10.25,542.13,374.38,17.0,,,,,,,,,,,,,,0.0,0.0,0.0,2.0,0.0,,,,,-0.0,0.0,0.0,0.0,0.0,0.0,0.0,0.01,-0.01,-0.15,0.03,0.01,-0.1,0.17,0.31,0.32,-0.13,78.25106889265565
5015,華祺,鋼鐵工業,2,-6.03,4.52,-0.68,0.69,21.8,0.0,0.0,,,,-0.46,31.35,43.53,22.4,0.23,-0.7,0.69,0.4499999999999993,21.95,0.23,21.95,21.9,16.33,36.04,12.0,,,,,,,,,,,,,,0.0,0.0,0.0,0.0,0.0,,,,,0.0,0.0,0.0,0.0,0.0,0.0,0.0,0.03,0.03,0.02,0.0,0.0,0.0,0.2,0.16,0.0,0.11,54.04354798692066
5016,松和,鋼鐵工業,3,-14.06,16.36,8.29,2.4,28.1,0.0,-46.0,,,,9.98,385.9,385.9,28.1,-0.4,0.61,2.4,0.0,28.1,1.57,25.95,25.55,5.01,137.25,-13.0,,,,,,,,,,,,,,0.0,0.0,0.0,-5.0,-0.01,,,,,-0.09,0.0,0.0,0.0,0.0,0.0,0.0,-0.04,-0.04,-0.04,-0.09,-0.09,-0.09,2.53,3.02,3.27,3.64,94.25239343726564
5201,凱衛,資訊服務業,3,-17.79,20.68,-3.79,0.67,29.2,4.0,-1.0,,,,-2.5,39.98,435.81,31.2,0.34,0.85,0.67,0.8499999999999979,30.35,1.34,30.35,29.95,31.33,119.12,-3.0,,,,,,,,,,,,,,0.0,0.0,0.0,-10.0,-0.03,,,,,-0.0,0.0,0.0,0.0,0.0,0.0,0.0,-0.08,-0.05,0.09,0.01,-0.05,0.08,-0.24,-0.01,0.43,1.88,51.57954390400974
5202,力新,資訊服務業,2,-27.04,24.14,-1.74,-2.75,14.15,-9.0,-3.0,,,,0.0,270.93,4925.04,15.9,3.18,-2.4,-2.75,1.5,14.4,1.77,14.4,14.15,461.62,624.14,26.0,,,,,,,,,,,,,,0.0,0.0,0.0,-22.0,-0.02,,,,,-0.0,0.0,0.0,0.0,0.0,0.0,0.0,-0.09,-0.14,-0.1,-0.15,-0.98,-0.61,-0.11,-0.28,0.87,1.36,55.51239254159164
5203,訊連,資訊服務業,1,-8.32,6.35,-0.51,-0.68,58.2,-13.0,-15.0,,,,-0.34,69.27,239.91,60.1,0.34,0.51,-0.68,1.5,58.6,0.17,58.5,58.4,147.9,82.17,-26.0,-16.0,0.0,0.0,0.0,0.0,0.0,0.0,0.0,0.0,,1.0,-13.0,6.0,0.0,0.0,0.0,-16.0,-0.02,9.95,0.0,0.0,0.28,-0.02,0.0,0.0,0.0,0.0,0.0,0.0,0.03,0.11,0.11,-0.02,-0.0,-0.2,-0.12,-0.02,0.41,-3.58,51.12526128934727
5205,中茂,其他電子業,2,-20.48,25.76,0.0,9.25,20.75,0.0,0.0,,,,9.79,8.24,16.32,20.75,,,9.25,0.0,20.75,9.79,20.75,18.9,0.0,16.32,0.0,,,,,,,,,,,,,,0.0,0.0,0.0,,,,,,,0.0,0.0,0.0,0.0,0.0,0.0,0.0,0.0,0.0,0.0,0.0,0.0,0.0,1.77,2.39,1.61,-0.27,68.96855733961978
5206,坤悅,建材營造,3,-11.76,8.81,0.44,-0.22,22.8,-9.0,19.0,,,,0.44,83.7,1211.17,23.8,-0.44,-0.44,-0.22,0.9499999999999993,22.85,0.0,22.7,22.7,97.86,129.78,-4.0,,,,,,,,,,,,,,0.0,0.0,0.0,11.0,0.01,,,,,0.01,0.0,0.0,0.0,0.0,0.0,0.0,-0.02,0.11,0.24,0.03,0.23,0.46,-0.01,0.29,0.13,0.66,56.12324702800711
5209,新鼎,其他,2,-16.48,14.47,0.59,0.6,171.5,-1.0,5.0,,,,2.39,106.91,578.17,182.0,-0.6,0.0,0.6,8.0,174.0,1.79,170.5,167.5,54.36,38.6,-11.0,,,,,,,,,,,,,,0.0,0.0,0.27,-24.0,-0.08,,,,,0.02,-0.01,0.03,0.03,0.0,5.0,8.0,-0.17,0.55,1.04,-0.11,-0.19,-0.06,3.6,1.2,5.2,11.18,63.388236410935626
5210,寶碩,資訊服務業,2,-9.55,9.48,-0.66,0.82,30.15,11.0,-7.0,,,,-1.47,148.22,635.4,30.9,0.5,1.0,0.82,0.29999999999999716,30.6,-0.82,30.35,30.6,341.66,242.07,-11.0,,,,,,,,,,,,,,0.0,0.0,0.0,-27.0,-0.04,,,,,-0.01,0.0,0.0,0.0,0.0,0.0,0.0,0.21,0.78,0.93,0.1,0.41,0.57,0.0,0.44,0.97,1.0,61.940455648347225
5211,蒙恬,資訊服務業,2,-15.71,18.95,1.69,1.23,21.1,0.0,8.0,,,,2.18,138.67,528.11,22.6,-0.99,0.5,1.23,0.0,22.6,0.48,20.75,20.65,3.42,20.39,0.0,,,,,,,,,,,,,,0.0,0.0,0.0,0.0,0.0,,,,,0.02,0.0,0.0,0.0,0.0,0.0,0.0,-0.02,0.06,0.04,0.02,0.02,0.11,0.63,0.63,0.93,1.2,71.54729100634262
5212,凌網,資訊服務業,3,-6.21,6.4,-0.41,-0.51,48.85,0.0,0.0,,,,-0.1,21.04,36.97,49.15,0.21,1.88,-0.51,0.10000000000000142,49.05,0.31,49.05,48.9,21.36,20.2,1.0,,,,,,,,,,,,,,0.0,0.0,0.0,-2.0,-0.01,,,,,0.0,0.0,0.0,0.0,0.0,0.0,0.0,-0.02,-0.01,0.0,0.0,0.0,0.0,0.34,0.78,1.55,1.72,71.60938761353518
5213,亞昕,建材營造,1,-5.83,3.47,-1.2,-0.24,20.65,-4.0,-10.0,,,,-1.2,156.93,600.99,21.45,-0.24,0.0,-0.24,0.5500000000000007,20.9,0.0,20.9,20.9,114.93,61.99,-3.0,,,,,,,,,,,,,,0.0,0.0,0.0,-11.0,-0.0,,,,,-0.0,0.0,0.0,0.0,0.0,0.0,0.0,0.02,0.01,0.09,-0.0,-0.01,-0.03,-0.15,-0.02,-0.1,-0.64,44.18047775432512
5215,科嘉-KY,電腦及週邊設備業,1,-6.9,7.41,-5.27,0.26,37.75,0.0,-2.0,,,,-0.4,31.62,49.72,39.85,0.0,-1.71,0.26,0.0,39.85,5.15,39.85,37.9,30.16,14.7,-1.0,-11.0,0.0,0.0,0.0,0.0,0.0,0.0,0.0,0.0,,2.0,0.0,3.0,0.0,0.0,0.0,-11.0,-0.02,25.82,0.0,0.0,0.12,-0.0,0.0,0.0,0.0,0.0,0.0,0.0,-0.04,-0.02,-0.01,-0.0,-0.0,-0.01,-0.02,-0.02,-0.41,-1.4,45.28627787911703
5220,萬達光電,光電業,3,-21.19,26.89,-4.33,6.14,23.2,-132.0,-135.0,,,,-4.13,835.49,1478.7,24.3,1.01,10.0,6.14,0.0,24.3,0.21,24.25,24.2,455.9,1478.7,16.0,,,,,,,,,,,,,,0.0,0.0,0.0,-5.0,-0.01,,,,,-0.34,0.0,0.0,0.0,0.0,0.0,0.0,0.12,0.13,0.04,-0.41,-0.41,-0.41,1.36,2.38,2.96,2.86,76.28330721206086
5222,全訊,半導體業,1,-6.91,6.44,-0.93,0.0,106.5,30.0,1.0,,,,0.0,118.04,281.65,108.5,-0.94,-0.48,0.0,1.0,107.5,0.94,107.5,106.5,159.42,134.6,69.0,41.0,0.0,-1.0,0.0,0.0,-6.0,0.0,-3.0,0.0,-1.0,3.0,18.0,-20.0,-1.0,-0.0,0.07,42.0,0.06,4.32,0.0,0.0,0.11,0.0,-0.0,-0.0,-0.0,0.0,0.0,1.0,0.11,0.33,0.06,0.05,0.17,-0.07,0.8,1.25,1.97,-4.76,58.96923606540834
5223,安力-KY,電腦及週邊設備業,2,-11.79,4.23,0.86,0.0,23.4,0.0,0.0,,,,1.3,8.29,143.11,25.45,-0.66,1.55,0.0,2.0500000000000007,23.4,0.43,23.2,23.1,3.0,1.0,0.0,,,,,,,,,,,,,,0.0,0.0,0.0,-2.0,-0.0,,,,,0.0,0.0,0.0,0.0,0.0,0.0,0.0,-0.0,-0.0,0.01,0.0,0.0,-0.01,0.41,0.46,0.25,0.0,63.0394587052146
5225,東科-KY,其他電子業,1,-14.75,5.7,0.73,0.18,55.5,5.0,8.0,,,,0.18,64.3,1162.65,61.7,0.0,-1.6,0.18,6.100000000000001,55.6,-0.54,55.1,55.4,116.34,94.52,37.0,12.0,3.0,3.0,3.0,2.0,4.0,3.0,6.0,3.0,-0.33,0.0,-5.0,0.0,0.0,0.0,0.0,12.0,0.02,44.13,0.0,0.0,0.09,0.01,0.0,0.0,0.0,0.0,0.0,0.0,0.16,0.36,0.88,0.02,0.08,-1.18,-0.22,0.07,-0.09,-8.25,46.68424887599612
5227,立凱-KY,電子零組件業,1,-11.59,9.14,-1.75,2.77,30.95,30.0,-15.0,,,,-1.75,252.91,799.37,32.8,-0.5,1.83,2.77,1.1499999999999986,31.65,0.0,31.5,31.5,250.04,450.43,219.0,,,,,,,,,,,,,,0.0,0.0,0.0,-19.0,-0.02,,,,,-0.02,0.0,0.0,0.0,0.0,0.0,0.0,0.24,0.14,-0.21,-0.01,-0.03,-0.25,0.26,-0.14,0.4,-1.87,51.64272784802399
5228,鈺鎧,電子零組件業,1,-15.0,14.25,9.52,0.76,43.7,12.0,209.0,,,,9.94,635.92,785.44,45.0,0.25,-1.01,0.76,1.2999999999999972,43.7,0.38,39.9,39.75,63.95,90.4,14.0,,,,,,,,,,,,,,0.0,0.0,0.0,108.0,0.28,,,,,0.55,0.0,0.0,0.0,0.0,0.0,0.0,0.36,0.72,0.68,0.53,0.52,0.08,3.26,3.59,3.32,1.41,75.43268810067204
5230,雷笛克光學,光電業,3,-28.22,36.15,-1.52,4.01,22.65,246.0,-40.0,,,,-3.0,796.41,3028.58,24.1,6.39,-4.94,4.01,0.75,23.35,-1.5,23.0,23.35,1565.17,1614.6,296.0,,,,,,,,,,,,,,0.0,0.0,0.0,-21.0,-0.04,,,,,-0.08,0.0,0.0,0.0,0.0,0.0,0.0,0.74,0.98,0.44,1.33,1.94,1.31,-0.02,1.23,2.79,3.88,66.30477326318069
5234,達興材料,光電業,1,-15.5,12.05,-2.73,-6.23,302.5,-434.0,-141.0,,,,-1.94,458.16,1311.28,329.0,-0.85,9.9,-6.23,17.5,311.5,0.81,311.0,308.5,635.17,1311.28,-516.0,-229.0,2.0,-3.0,71.0,-1.0,93.0,71.0,82.0,71.0,-0.67,3.0,46.0,62.0,0.0,0.0,0.03,-230.0,-0.22,7.68,1.0,0.0,0.99,-0.14,-0.05,-0.04,-0.05,0.0,1.0,7.0,-0.54,-0.56,-1.01,-0.54,-0.61,-0.99,-1.8,4.2,7.55,-14.83,53.22469826283265
5236,凌陽創新,半導體業,1,-6.5,6.56,0.0,0.73,137.0,2.0,-3.0,,,,-0.36,65.71,192.97,138.5,-0.73,0.0,0.73,0.5,138.0,-0.36,137.0,137.5,48.51,106.89,51.0,-17.0,,,,,,,,,,,,,0.0,0.0,0.21,-24.0,-0.04,6.18,7.0,0.01,0.08,-0.01,0.1,0.1,0.1,3.0,3.0,3.0,-0.06,0.0,-0.02,0.02,-0.01,-0.26,0.6,2.05,2.32,-4.28,63.17001802599321
5243,乙盛-KY,光電業,2,-13.6,9.75,1.3,1.78,93.2,210.0,49.0,,,,1.86,1158.25,2774.7,98.5,1.83,-0.45,1.78,5.099999999999994,93.4,0.55,92.0,91.5,593.02,1599.8,110.0,63.0,2.0,0.0,0.0,2.0,-12.0,1.0,-9.0,2.0,inf,2.0,2.0,-89.0,0.0,0.0,0.0,1.0,0.0,52.1,62.0,0.04,0.48,0.03,0.0,0.0,0.0,0.0,0.0,0.0,-0.01,0.07,-0.66,0.1,0.06,-0.5,3.2,3.62,3.38,3.93,67.21016920748636
5244,弘凱,光電業,3,-12.63,10.31,0.99,0.28,35.75,-2.0,-6.0,,,,0.42,48.3,477.05,37.2,0.56,-0.7,0.28,1.3500000000000014,35.85,-0.56,35.4,35.6,81.0,63.01,21.0,4.0,0.0,0.0,0.0,0.0,0.0,0.0,0.0,0.0,,2.0,-8.0,2.0,0.0,0.0,0.01,4.0,0.01,3.21,0.0,0.0,0.67,-0.01,0.0,0.0,0.0,0.0,0.0,0.0,0.02,0.6,1.14,-0.0,0.16,0.2,0.12,-0.01,0.69,2.11,57.4814254483244
5245,智晶,光電業,1,-14.35,5.17,-0.72,0.0,20.8,-34.0,-39.0,,,,-0.24,140.97,248.89,23.7,2.44,-1.9,0.0,2.349999999999998,21.35,0.48,20.95,20.85,56.82,248.89,-30.0,,,,,,,,,,,,,,0.0,0.0,0.18,17.0,0.04,,,,,-0.09,0.0,0.0,0.0,0.0,0.0,0.0,0.26,0.35,0.54,-0.26,-0.48,-0.56,0.05,0.08,-0.77,-2.19,39.32136642949268
5251,天鉞電,光電業,2,-23.52,24.44,-2.62,-0.66,29.7,-3.0,4.0,,,,-1.0,83.28,2203.69,32.95,-0.33,-1.8,-0.66,2.400000000000002,30.55,1.67,30.5,30.0,112.19,71.11,10.0,,,,,,,,,,,,,,0.0,0.0,0.0,4.0,0.01,,,,,0.01,0.0,0.0,0.0,0.0,0.0,0.0,0.05,-0.16,0.02,0.13,-0.18,0.19,-0.48,-0.75,1.34,2.58,53.815295521361875
5258,虹堡,電腦及週邊設備業,1,-13.92,4.29,-0.71,2.66,42.25,18.0,-10.0,,,,-0.35,236.39,768.56,47.4,0.85,-0.48,2.66,4.850000000000001,42.55,0.35,42.55,42.4,113.46,211.97,36.0,-4.0,0.0,0.0,0.0,0.0,0.0,0.0,0.0,0.0,,4.0,5.0,61.0,0.0,0.0,0.0,-5.0,-0.0,4.29,1.0,0.0,0.03,-0.01,0.0,0.0,0.0,0.0,0.0,0.0,-0.21,-0.3,-1.22,-0.17,-0.29,-0.97,0.59,0.16,-0.96,-5.95,45.72873203925709
5263,智崴,文化創意業,1,-16.98,5.18,1.68,-0.56,90.7,-47.0,17.0,,,,1.8,129.66,923.6,106.0,-0.77,-0.55,-0.56,14.700000000000003,91.3,0.11,89.2,89.1,234.83,200.18,69.0,,,,,,,,,,,,,,0.0,0.0,0.0,31.0,0.05,,,,,0.03,0.0,0.0,0.0,0.0,0.0,0.0,0.04,-0.04,-0.6,-0.11,-0.34,-0.93,0.64,0.81,-3.39,-3.55,46.47828787871756
5269,祥碩,半導體業,3,-13.62,13.85,0.68,-1.35,1475.0,-66.0,24.0,,,,1.03,208.16,1571.25,1505.0,0.0,-0.34,-1.35,25.0,1480.0,0.34,1465.0,1460.0,255.26,321.24,-100.0,43.0,0.0,0.0,0.0,0.0,-3.0,0.0,-2.0,0.0,,2.0,43.0,-19.0,0.0,0.0,6.58,25.0,0.04,11.09,18.0,0.03,1.43,0.03,0.01,0.01,0.27,1.0,2.0,10.0,-0.0,1.66,1.03,-0.02,1.37,0.93,1.0,-2.0,37.75,43.33,58.911235950936636
5272,笙科,半導體業,1,-12.37,11.66,-0.83,4.65,18.0,17.0,-16.0,,,,0.0,135.98,550.24,18.6,-0.29,-0.29,4.65,0.40000000000000213,18.2,0.83,18.15,18.0,49.34,550.24,41.0,,,,,,,,,,,,,,0.0,0.0,0.0,-4.0,-0.01,,,,,-0.03,0.0,0.0,0.0,0.0,0.0,0.0,0.07,0.12,0.11,0.02,0.0,-0.08,0.48,0.8,0.97,0.22,82.29468357017473
5274,信驊,半導體業,3,-21.47,32.4,1.52,-3.97,19040.0,-35.0,-4.0,,,,1.55,125.91,797.02,21800.0,-2.19,-2.22,-3.97,2470.0,19330.0,0.03,18755.0,18750.0,259.0,237.75,-41.0,,,,,,,,,,,,,,1.0,0.0,10.16,-15.0,-0.04,,,,,-0.01,-0.34,0.05,1.03,2.0,7.0,12.0,0.12,0.1,-0.01,-0.17,0.14,0.8,-420.0,-344.0,239.5,2606.83,49.94555132014127
5276,達輝-KY,其他,1,-8.75,2.33,-1.7,-4.61,17.3,0.0,0.0,,,,-1.7,7.0,10.0,18.85,,,-4.61,1.25,17.6,0.0,17.6,17.6,0.0,10.0,0.0,,,,,,,,,,,,,,0.0,0.0,0.0,,,,,,,0.0,0.0,0.0,0.0,0.0,0.0,0.0,0.0,0.0,0.0,0.0,0.0,0.02,-0.48,-0.74,-0.61,-1.45,31.74617412467407
5278,尚凡,電子商務,1,-6.3,4.34,-2.08,0.21,23.5,4.0,-14.0,,,,-1.88,102.58,196.2,24.6,-2.08,1.7,0.21,0.5500000000000007,24.05,0.21,24.0,23.95,47.63,93.19,23.0,,,,,,,,,,,,,,0.0,0.0,0.0,13.0,0.06,,,,,-0.06,0.0,0.0,0.0,0.0,0.0,0.0,0.23,0.76,0.95,-0.08,0.03,-0.13,-0.27,-0.29,-0.38,-0.69,39.587182470222736
5281,大峽谷-KY,光電業,3,,,,,,,,,,,,,,,,,,,,,,,,,,,,,,,,,,,,,,,,,,,,,,,,,,,,,,,,,,,,,,,,,
5283,禾聯碩,電器電纜,1,-7.46,3.31,0.19,0.38,53.0,-1.0,0.0,,,,0.38,18.32,117.04,56.3,-0.93,-0.75,0.38,3.299999999999997,53.0,0.19,52.9,52.8,36.23,59.87,6.0,-6.0,0.0,0.0,0.0,0.0,0.0,0.0,0.0,0.0,,1.0,1.0,0.0,0.0,0.0,0.0,-7.0,-0.01,1.95,1.0,0.0,0.06,0.0,0.0,0.0,0.0,0.0,0.0,0.0,-0.08,-0.05,0.05,-0.02,-0.02,-0.03,0.02,-0.62,-0.65,-1.38,43.04479713778464
5284,jpp-KY,其他,2,-20.55,5.21,-1.65,-0.83,298.0,-52.0,-23.0,,,,-0.5,160.1,1032.3,362.5,-1.83,1.52,-0.83,59.5,303.0,1.17,303.0,299.5,260.95,233.71,-49.0,-8.0,1.0,-1.0,1.0,0.0,-22.0,1.0,-6.0,1.0,-1.0,2.0,-8.0,-8.0,0.0,0.0,0.09,-6.0,-0.01,57.64,-2.0,-0.0,0.07,-0.05,0.0,0.0,0.0,0.0,0.0,0.0,-0.16,0.05,-0.78,-0.16,-0.2,-0.57,-0.8,0.15,-8.05,-6.48,43.47176819583855
5285,界霖,半導體業,3,-17.27,26.61,3.52,-1.85,94.2,-144.0,183.0,,,,4.55,1550.67,4511.95,96.1,-2.49,0.67,-1.85,1.8999999999999915,94.2,1.0,91.0,90.1,781.13,789.94,-203.0,237.0,1.0,-10.0,-9.0,7.0,-24.0,0.0,-16.0,7.0,-1.7,2.0,-29.0,161.0,0.0,0.0,0.0,235.0,0.23,8.27,2.0,0.0,0.99,0.18,0.0,0.0,0.0,0.0,0.0,0.0,0.09,0.39,0.54,-0.05,0.24,0.27,2.82,3.39,5.9,10.74,66.81930880891844
5287,數字,電子商務,1,-3.6,2.99,0.0,0.36,137.5,0.0,-7.0,,,,0.0,122.01,188.44,139.0,0.0,0.36,0.36,1.0,138.0,0.0,137.5,137.5,68.44,25.91,-4.0,,,,,,,,,,,,,,0.0,0.0,0.33,-28.0,-0.05,,,,,-0.01,-0.01,0.05,0.06,1.0,6.0,12.0,-0.14,-0.26,-0.72,-0.03,-0.08,-0.36,0.2,0.4,1.3,-6.72,53.231808598385186
5288,豐祥-KY,電機機械,2,-8.25,8.15,2.98,-4.18,190.0,-63.0,78.0,,,,3.54,344.43,377.48,194.0,-0.79,-0.53,-4.18,1.5,192.5,0.54,184.5,183.5,103.08,377.48,-9.0,180.0,0.0,0.0,0.0,0.0,0.0,0.0,0.0,0.0,,2.0,-4.0,-14.0,-10.0,-0.02,0.3,198.0,0.3,63.49,-8.0,-0.01,0.26,0.12,-0.07,-0.07,-0.15,0.0,0.0,1.0,0.48,0.66,0.66,0.01,0.09,0.03,2.7,2.15,3.3,1.32,59.94920953411369
5289,宜鼎,電腦及週邊設備業,1,-14.78,4.44,-0.39,-0.77,1290.0,-45.0,-43.0,,,,0.0,487.69,2064.46,1455.0,0.0,-1.92,-0.77,160.0,1295.0,0.39,1295.0,1290.0,892.22,883.56,-32.0,,,,,,,,,,,,,,-1.0,-0.0,1.77,-82.0,-0.09,,,,,-0.05,-0.06,-0.09,-0.19,2.0,4.0,5.0,-0.66,-0.47,-2.12,-0.71,-1.12,-3.15,-4.0,-3.0,-26.75,-105.67,41.51914139192998
5291,邑昇,電子零組件業,2,-22.81,15.74,-2.24,2.84,61.1,62.0,-17.0,,,,-0.81,325.12,1725.33,73.2,-0.35,2.62,2.84,10.700000000000003,62.5,1.46,62.5,61.6,213.02,671.63,76.0,,,,,,,,,,,,,,0.0,0.0,0.0,-35.0,-0.09,,,,,-0.04,0.0,0.0,0.0,0.0,0.0,0.0,0.74,0.42,-0.4,-0.01,-0.07,-1.37,1.84,2.34,-0.1,3.94,60.25603176819368
5292,華懋,綠能環保,3,-13.33,26.32,3.72,6.24,237.0,93.0,139.0,,,,3.04,489.5,489.5,240.0,-0.46,0.46,6.24,0.0,240.0,-0.65,228.5,230.0,36.86,335.63,53.0,-41.0,,,,,,,,,,,,,0.0,0.0,0.0,-50.0,-0.14,4.74,9.0,0.03,0.3,0.4,0.0,0.0,0.0,0.0,0.0,0.0,-0.01,0.16,-1.04,0.69,0.84,0.83,12.7,16.7,17.03,39.21,80.20938460281819
5299,杰力,半導體業,1,-12.4,14.16,0.98,0.49,103.5,68.0,31.0,,,,0.98,252.32,601.5,104.0,1.0,-1.48,0.49,0.0,104.0,0.0,102.5,102.5,153.21,439.91,50.0,,,,,,,,,,,,,,0.0,0.0,0.0,54.0,0.11,,,,,0.06,0.0,0.0,0.0,0.0,0.0,0.0,0.67,1.36,1.3,0.73,0.92,0.83,1.9,4.87,7.11,3.58,75.13951378993974
5301,寶得利,觀光事業,3,-22.06,,,,,,,,,,,,88.69,6.03,2.06,0.6,,,,,,,26.16,,,,,,,,,,,,,,,,0.0,0.0,0.0,,,,,,,,0.0,0.0,0.0,0.0,0.0,0.0,0.0,0.0,0.0,,,,,,,,
5302,太欣,半導體業,1,-9.24,3.57,0.61,0.62,9.86,-1.0,-4.0,,,,0.51,88.84,802.62,10.5,0.31,-0.82,0.62,0.6300000000000008,9.87,-0.1,9.8,9.81,143.78,162.4,25.0,,,,,,,,,,,,,,0.0,0.0,0.0,28.0,0.02,,,,,-0.0,0.0,0.0,0.0,0.0,0.0,0.0,0.03,0.06,-0.27,-0.03,-0.09,-0.49,0.07,0.09,-0.02,-0.75,52.97491800000481
5306,桂盟,其他,1,-8.04,1.84,-0.11,0.68,88.4,-2.0,-32.0,,,,-0.45,186.62,408.86,94.5,-0.11,-0.11,0.68,6.0,88.5,-0.34,88.5,88.8,49.25,49.64,-10.0,-37.0,0.0,0.0,0.0,0.0,0.0,0.0,0.0,0.0,,2.0,2.0,-2.0,-57.0,-0.05,0.07,19.0,0.02,12.99,1.0,0.0,0.15,-0.03,-0.05,-0.05,0.0,0.0,0.0,2.0,0.0,-0.05,-0.26,-0.03,-0.03,-0.17,-0.26,-0.52,-2.05,-3.6,33.52521777588025
5309,系統電,電子零組件業,3,-27.74,38.4,-0.32,3.64,62.8,-477.0,1022.0,,,,0.16,16427.73,21770.52,66.5,4.47,9.85,3.64,0.0,66.5,0.48,63.0,62.7,12907.89,21770.52,-659.0,,,,,,,,,,,,,,0.0,0.0,0.49,1462.0,0.77,,,,,0.54,0.0,-0.01,0.09,0.0,1.0,10.0,1.91,2.3,1.53,2.01,2.25,1.4,4.82,8.16,10.15,9.01,90.77809874022468
5310,天剛,資訊服務業,2,-21.08,17.74,-1.27,-5.8,27.2,-6.0,0.0,,,,-1.45,8.06,299.3,29.65,9.82,3.76,-5.8,2.099999999999998,27.55,-0.18,27.55,27.6,290.58,41.89,2.0,,,,,,,,,,,,,,0.0,0.0,0.0,0.0,0.0,,,,,0.0,0.0,0.0,0.0,0.0,0.0,0.0,0.09,0.07,0.07,-0.11,-0.11,-0.11,-0.24,0.93,1.73,2.16,60.58790910889877
5312,寶島科,生技醫療業,1,-2.72,0.56,-0.56,0.0,89.5,0.0,0.0,,,,-0.44,18.77,27.24,92.0,0.44,-0.66,0.0,2.0,90.0,0.11,90.0,89.9,7.84,27.24,-4.0,,,,,,,,,,,,,,0.0,0.0,0.0,0.0,0.0,,,,,0.0,0.0,0.0,0.0,0.0,0.0,0.0,-0.01,-0.01,0.02,0.0,0.0,0.0,-0.48,-0.84,-1.15,-1.06,30.76101388436217
5314,世紀,半導體業,1,-46.58,47.21,4.44,2.85,30.6,951.0,-4367.0,,,,6.07,81514.55,137060.79,46.8,1.54,3.98,2.85,15.149999999999999,31.65,1.56,29.3,28.85,9339.5,10207.45,299.0,,,,,,,,,,,,,,0.0,0.0,3.14,-641.0,-4.36,,,,,-29.71,0.0,-0.1,-0.41,0.0,0.0,0.0,-18.26,-157.39,-18.99,-39.22,-236.22,-230.02,2.74,2.25,-2.31,-13.22,51.152947539768704
5315,光聯,光電業,1,-7.93,5.0,0.8,0.0,18.9,-5.0,3.0,,,,0.8,93.21,818.14,19.55,-0.53,-0.8,0.0,0.6500000000000021,18.9,0.0,18.75,18.75,129.84,85.98,-16.0,,,,,,,,,,,,,,0.0,0.0,0.0,4.0,0.0,,,,,0.0,0.0,0.0,0.0,0.0,0.0,0.0,-0.11,-0.37,-0.54,-0.05,0.18,-0.4,0.07,0.02,0.25,-0.21,54.86591590845636
5321,美而快,電子商務,2,-26.41,11.13,5.4,1.65,70.3,-22.0,-15.0,,,,3.84,505.95,1591.53,86.7,-1.13,-3.16,1.65,15.799999999999997,70.9,-1.48,66.7,67.7,213.74,203.77,13.0,,,,,,,,,,,,,,0.0,0.0,0.0,189.0,0.38,,,,,-0.03,0.0,0.0,0.0,0.0,0.0,0.0,0.39,0.32,-0.8,-0.12,-0.39,-1.28,1.16,0.82,-2.61,4.19,48.65855773092349
5324,士開,建材營造,2,-8.37,3.73,0.4,0.4,12.45,10.0,6.0,,,,0.0,43.97,357.37,13.15,-0.4,-0.4,0.4,0.6500000000000004,12.5,-0.4,12.4,12.45,25.3,175.19,-3.0,,,,,,,,,,,,,,0.0,0.0,0.0,-4.0,-0.0,,,,,0.0,0.0,0.0,0.0,0.0,0.0,0.0,-0.0,-0.01,-0.1,0.0,0.01,0.06,0.0,0.01,0.09,0.23,54.27981504205748
5328,華容,電子零組件業,1,-18.83,13.84,8.96,-0.38,58.4,308.0,2297.0,,,,9.98,13682.9,13682.9,63.2,0.57,-0.38,-0.38,4.800000000000004,58.4,0.94,53.6,53.1,1730.24,1715.79,487.0,,,,,,,,,,,,,,0.0,0.0,0.0,-817.0,-0.47,,,,,1.33,0.0,0.0,0.0,0.0,0.0,0.0,0.08,0.56,0.84,1.65,1.85,1.44,4.7,5.31,2.85,-3.06,72.87856061637554
5340,建榮,電子零組件業,3,-13.51,9.4,-1.35,0.0,80.4,-15.0,-44.0,,,,-0.74,785.89,9172.44,88.8,-0.85,-0.98,0.0,7.299999999999997,81.5,0.62,81.5,81.0,718.37,960.13,15.0,,,,,,,,,,,,,,0.0,0.0,0.0,-41.0,-0.02,,,,,-0.02,0.0,0.0,0.0,0.0,0.0,0.0,-0.06,-0.33,-1.51,-0.17,-0.66,-1.75,-0.64,-1.5,-1.88,3.04,40.41873881118332
5344,立衛,半導體業,1,-10.49,11.72,-5.94,3.75,13.45,7.0,-5.0,,,,-2.89,94.02,210.46,14.3,-2.51,-1.84,3.75,0.0,14.3,3.25,14.3,13.85,48.36,210.46,28.0,,,,,,,,,,,,,,0.0,0.0,0.0,-2.0,-0.0,,,,,-0.01,0.0,0.0,0.0,0.0,0.0,0.0,-0.03,-0.05,-0.05,-0.07,-0.1,-0.1,-0.19,0.07,0.04,-0.64,50.04306295113168
5345,天揚,其他,1,-12.45,6.73,-0.47,-2.27,21.3,0.0,0.0,,,,-0.93,10.12,35.27,22.9,,,-2.27,1.5,21.4,-0.47,21.4,21.5,9.47,11.11,1.0,,,,,,,,,,,,,,0.0,0.0,0.0,1.0,0.01,,,,,0.0,0.0,0.0,0.0,0.0,0.0,0.0,0.0,-0.01,0.05,0.0,0.0,0.04,-0.31,-0.44,-0.37,-0.94,43.82713737222539
5347,世界,半導體業,3,-22.02,28.67,2.22,-1.9,184.5,-1282.0,3318.0,,,,1.93,23616.37,34270.64,188.5,-1.45,4.69,-1.9,0.0,188.5,-0.28,180.5,181.0,34270.64,23813.6,-1632.0,,,,,,,,,,,,,,1047.0,0.06,13.03,1763.0,0.11,,,,,0.2,0.16,0.12,0.37,4.0,6.0,13.0,0.2,1.58,2.1,0.35,1.39,1.96,7.0,11.7,20.95,24.09,81.11082900320963
5348,系通,通信網路業,2,-9.17,7.21,0.0,0.31,16.35,0.0,0.0,,,,0.0,2.1,11.61,16.9,0.93,0.62,0.31,0.5499999999999972,16.35,0.0,16.35,16.35,3.45,2.28,0.0,,,,,,,,,,,,,,0.0,0.0,0.0,,,,,,,0.0,0.0,0.0,0.0,0.0,0.0,0.0,0.0,0.0,0.0,0.0,0.0,0.0,0.07,0.08,-0.01,-0.19,51.557237809624006
5351,鈺創,半導體業,2,-19.29,6.83,0.0,-0.9,109.5,-246.0,-649.0,,,,-0.9,5488.61,30211.04,127.0,-1.37,1.39,-0.9,17.5,109.5,-0.9,109.5,110.5,3423.83,7552.4,652.0,,,,,,,,,,,,,,0.0,0.0,0.39,-933.0,-0.32,,,,,-0.22,0.0,0.01,-0.04,1.0,2.0,2.0,-0.78,-2.08,-6.76,-0.58,-2.1,-6.5,0.1,0.75,-1.15,4.29,49.16724973262644
5353,台林,通信網路業,2,-5.71,5.32,-0.18,-0.52,28.5,0.0,0.0,,,,0.18,35.1,148.4,28.9,0.18,1.07,-0.52,0.1999999999999993,28.7,0.35,28.55,28.45,15.5,39.74,-2.0,,,,,,,,,,,,,,0.0,0.0,0.0,8.0,0.01,,,,,0.0,0.0,0.0,0.0,0.0,0.0,0.0,0.01,0.07,0.05,0.0,0.01,0.01,0.17,0.46,0.57,0.36,82.18901602964945
5355,佳總,電子零組件業,3,-20.28,32.71,1.72,0.71,7.1,10.0,4.0,,,,0.71,76.2,502.06,7.1,0.0,2.94,0.71,0.0,7.1,-0.99,6.98,7.05,175.53,103.23,-1.0,,,,,,,,,,,,,,0.0,0.0,0.0,-10.0,-0.01,,,,,0.0,0.0,0.0,0.0,0.0,0.0,0.0,0.01,-0.03,0.0,0.02,0.06,0.09,0.15,0.15,0.64,1.04,78.05231829710688
5356,協益,電腦及週邊設備業,2,-3.42,1.77,0.0,0.59,25.9,0.0,-3.0,,,,0.78,34.4,142.3,26.35,0.0,-1.35,0.59,0.45000000000000284,25.9,0.78,25.9,25.7,142.3,30.6,3.0,,,,,,,,,,,,,,0.0,0.0,0.0,5.0,0.0,,,,,-0.0,0.0,0.0,0.0,0.0,0.0,0.0,-0.01,-0.02,-0.03,-0.04,-0.04,-0.03,0.14,0.06,-0.02,0.36,52.949163440154095
5364,力麗店,觀光事業,1,-4.09,2.32,-0.12,-0.12,8.38,0.0,0.0,,,,-0.12,13.65,260.12,8.55,0.12,0.24,-0.12,0.16000000000000014,8.39,0.0,8.39,8.39,21.0,11.19,0.0,,,,,,,,,,,,,,0.0,0.0,0.0,-3.0,-0.01,,,,,0.0,0.0,0.0,0.0,0.0,0.0,0.0,-0.03,-0.04,-0.48,0.0,0.0,-0.02,0.03,0.02,0.01,-0.18,52.50289529957579
5371,中光電,光電業,3,,,,,,,,,,,,,,,,,,,,,,,,,,,,,,,,,,,,,,,0.0,0.0,0.0,,,,,,,,0.0,0.0,0.0,0.0,0.0,0.0,0.0,0.0,0.0,,,,,,,,
5381,合正,電子零組件業,1,-14.91,5.32,-1.48,1.28,23.25,9.0,-46.0,,,,-1.69,421.18,648.15,26.5,-1.27,-0.22,1.28,2.75,23.75,-0.21,23.6,23.65,196.26,323.42,129.0,,,,,,,,,,,,,,0.0,0.0,0.0,-54.0,-0.03,,,,,-0.02,0.0,0.0,0.0,0.0,0.0,0.0,0.11,0.09,-0.09,-0.02,-0.06,-0.33,-0.13,-0.13,-0.43,-1.06,43.05664289702488
5383,金利,其他電子業,3,,,,,,,,,,,,,,,,,,,,,,,,,,,,,,,,,,,,,,,,,,,,,,,,,,,,,,,,,,,,,,,,,
5386,青雲,電腦及週邊設備業,1,-25.66,30.04,-0.52,-0.17,288.5,48.0,1.0,,,,-0.52,329.44,9197.32,339.0,1.06,0.0,-0.17,49.0,290.0,0.0,290.0,290.0,357.52,746.86,21.0,,,,,,,,,,,,,,0.0,0.0,0.01,-9.0,-0.03,,,,,0.0,0.0,0.0,0.0,0.0,0.0,0.0,-0.04,-1.26,-1.02,-0.02,-1.21,-1.73,2.4,1.7,4.75,9.74,54.533239196140926
5388,中磊,通信網路業,1,-9.91,2.43,-0.42,-1.11,71.3,-585.0,-830.0,,,,-0.28,2516.49,5028.06,77.7,1.1,-2.32,-1.11,6.0,71.7,0.14,71.6,71.5,2347.62,1747.04,-865.0,-892.0,3.0,-2.0,13.0,1.0,12.0,13.0,12.0,13.0,-1.5,3.0,50.0,46.0,0.0,0.0,0.13,-889.0,-0.33,11.67,-3.0,-0.0,0.44,-0.31,0.0,0.0,0.0,0.0,0.0,0.0,-1.37,-1.75,-4.5,-1.04,-1.43,-4.21,-0.8,-1.21,-1.71,-8.78,33.8647908678133
5392,能率,光電業,2,-14.61,3.45,-1.48,1.78,39.9,-45.0,-95.0,,,,-0.5,710.41,2234.49,45.85,-0.38,0.13,1.78,5.350000000000001,40.5,1.0,40.5,40.1,385.94,647.65,-39.0,,,,,,,,,,,,,,0.0,0.0,0.0,-264.0,-0.16,,,,,-0.06,0.0,0.0,0.0,0.0,0.0,0.0,-0.32,-0.66,-1.8,-0.21,-0.5,-1.45,0.25,0.09,-0.79,-3.11,42.27303632135222
5398,慕康生醫,其他,1,-7.14,1.47,-0.36,-1.42,13.8,0.0,0.0,,,,-0.36,33.01,258.04,14.7,-0.36,0.0,-1.42,0.8499999999999996,13.85,0.0,13.85,13.85,38.49,26.37,-4.0,,,,,,,,,,,,,,0.0,0.0,0.0,-9.0,-0.02,,,,,0.0,0.0,0.0,0.0,0.0,0.0,0.0,-0.05,-0.08,-0.23,0.0,0.0,0.0,-0.08,-0.16,-0.31,-0.61,23.16081306413301
5403,中菲,資訊服務業,2,-3.87,2.42,0.0,-0.11,93.0,0.0,-1.0,,,,0.22,22.3,54.85,95.7,0.0,-0.11,-0.11,2.700000000000003,93.0,0.22,93.0,92.8,28.37,34.21,6.0,,,,,,,,,,,,,,0.0,0.0,0.0,1.0,0.0,,,,,-0.0,0.0,0.0,0.0,0.0,0.0,0.0,-0.0,-0.02,0.16,-0.0,-0.01,-0.01,0.06,-0.06,-0.09,-0.25,49.35084737035213
5410,國眾,資訊服務業,1,-11.93,3.12,-0.45,-1.35,32.9,-88.0,-26.0,,,,-0.15,111.24,1495.77,36.45,0.3,0.61,-1.35,3.3500000000000014,33.1,0.3,33.05,32.95,113.73,243.28,-17.0,,,,,,,,,,,,,,0.0,0.0,0.0,-1.0,-0.0,,,,,-0.03,0.0,0.0,0.0,0.0,0.0,0.0,-0.02,-0.16,-0.72,-0.18,-0.35,-1.13,-0.09,-0.17,-1.05,-2.98,33.68442607397188
5425,台半,半導體業,2,-14.31,17.54,1.56,-0.41,97.5,272.0,736.0,,,,1.56,12143.88,25347.94,98.5,-1.25,1.38,-0.41,0.0,98.5,0.0,96.0,96.0,6605.29,7115.96,507.0,,,,,,,,,,,,,,0.0,0.0,3.51,1023.0,0.39,,,,,0.28,-0.01,-0.01,-0.03,0.0,0.0,0.0,0.33,1.88,1.72,0.36,1.53,1.01,1.6,2.87,5.01,5.08,69.96834397425776
5426,振發,電腦及週邊設備業,2,-12.42,9.02,0.0,1.61,28.6,55.0,9.0,,,,0.53,413.91,1332.82,31.0,-0.71,-0.36,1.61,2.0,29.0,0.53,28.6,28.45,254.2,303.0,145.0,,,,,,,,,,,,,,0.0,0.0,0.0,18.0,0.01,,,,,0.01,0.0,0.0,0.0,0.0,0.0,0.0,0.21,0.66,0.6,-0.0,0.24,-0.05,0.43,0.01,0.24,0.87,54.354674895408714
5432,新門,光電業,3,-16.62,20.36,-1.25,-1.23,158.5,-8.0,-33.0,,,,-0.94,262.15,536.12,171.5,2.45,-4.18,-1.23,6.0,165.5,0.31,160.5,160.0,78.51,70.64,-6.0,,,,,,,,,,,,,,0.0,0.0,0.0,19.0,0.09,,,,,-0.16,0.0,0.0,0.0,0.0,0.0,0.0,-0.05,-0.02,-0.14,-0.04,0.25,0.84,-3.5,1.0,3.12,20.31,52.47285074342422
5434,崇越,電子通路業,3,-8.64,12.06,1.98,0.91,567.0,21.0,94.0,,,,2.16,750.83,1043.2,567.0,0.0,-0.37,0.91,0.0,567.0,0.18,556.0,555.0,390.23,1043.2,-225.0,180.0,1.0,1.0,0.0,0.0,1.0,1.0,1.0,1.0,-1.0,3.0,88.0,-19.0,43.0,0.02,7.33,125.0,0.07,30.77,12.0,0.01,0.01,0.05,0.02,-0.17,-0.05,1.0,1.0,7.0,-0.09,-0.1,-0.48,0.1,0.12,0.18,17.8,24.6,28.9,35.28,78.04486519436844
5438,東友,電腦及週邊設備業,2,-8.99,8.33,-0.58,-0.57,17.25,12.0,-1.0,,,,-0.58,47.71,189.94,17.8,2.09,-0.58,-0.57,0.25,17.55,0.0,17.35,17.35,54.73,189.94,-40.0,,,,,,,,,,,,,,0.0,0.0,0.0,1.0,0.0,,,,,-0.0,0.0,0.0,0.0,0.0,0.0,0.0,-0.04,-0.02,0.01,0.0,0.0,-0.0,0.16,0.49,0.55,0.06,69.89193698910627
5439,高技,電子零組件業,2,-13.03,9.87,-1.57,-1.93,251.0,-631.0,-245.0,,,,-1.18,1581.05,2609.03,272.5,0.0,0.0,-1.93,16.5,256.0,0.39,255.0,254.0,503.24,2609.03,-497.0,,,,,,,,,,,,,,0.0,0.0,0.22,287.0,0.31,,,,,-0.26,0.09,0.22,0.22,1.0,2.0,2.0,-0.57,-0.3,-0.51,-1.21,-0.87,-2.19,-1.8,1.85,-1.97,-1.64,49.39129147214107
5443,均豪,光電業,3,-16.73,17.68,0.0,-4.64,112.0,-1333.0,-173.0,,,,-0.88,2974.29,7447.7,122.5,0.94,2.34,-4.64,6.0,116.5,-0.88,112.0,113.0,2066.54,5774.21,-1817.0,,,,,,,,,,,,,,0.0,0.0,0.0,-435.0,-0.26,,,,,-0.1,0.0,0.0,0.0,0.0,0.0,0.0,-1.21,-1.41,-1.17,-0.9,-0.74,-0.76,2.5,3.5,2.83,7.84,62.728317198212075
5450,南良,其他,1,-6.58,4.93,-1.02,1.02,14.6,8.0,-1.0,,,,-1.35,153.18,242.16,15.2,1.37,-0.67,1.02,0.29999999999999893,14.9,-0.34,14.75,14.8,79.04,108.04,6.0,,,,,,,,,,,,,,0.0,0.0,0.0,-9.0,-0.01,,,,,-0.0,0.0,0.0,0.0,0.0,0.0,0.0,0.05,0.06,0.04,0.02,0.02,0.01,-0.13,-0.09,-0.04,-0.38,44.58549664360578
5452,佶優,其他電子業,2,-9.75,8.45,0.18,0.37,27.45,29.0,18.0,,,,0.18,216.41,710.12,28.2,-1.43,-1.27,0.37,0.5999999999999979,27.6,0.0,27.4,27.4,180.33,229.34,109.0,,,,,,,,,,,,,,0.0,0.0,0.0,-22.0,-0.01,,,,,0.01,0.0,0.0,0.0,0.0,0.0,0.0,0.2,0.47,1.0,0.12,0.22,0.1,-0.03,0.11,0.51,0.26,55.95153523949205
5455,昇益,建材營造,3,-6.45,,,,,0.0,0.0,,,,,0.19,16.06,31.0,0.49,0.49,,,,,,,2.0,0.25,0.0,,,,,,,,,,,,,,0.0,0.0,0.0,,,,,,,0.0,0.0,0.0,0.0,0.0,0.0,0.0,0.0,0.0,0.0,0.0,0.0,0.0,,,,,
5457,宣德,電子零組件業,1,-17.52,5.79,-2.45,2.96,23.9,69.0,-144.0,,,,-1.85,404.95,4512.08,28.25,-2.25,-1.47,2.96,3.6000000000000014,24.65,0.62,24.5,24.35,526.85,547.67,79.0,,,,,,,,,,,,,,0.0,0.0,0.0,-224.0,-0.13,,,,,-0.08,0.0,0.0,0.0,0.0,0.0,0.0,-0.37,-1.17,-1.35,-0.22,-0.95,-1.4,-0.1,-0.13,-1.38,-3.82,40.44749113892526
5460,同協,電子零組件業,2,-11.17,9.87,0.0,1.78,17.25,5.0,1.0,,,,0.58,30.99,986.72,17.9,-0.59,0.3,1.78,0.6499999999999986,17.25,0.58,17.25,17.15,10.04,61.5,2.0,,,,,,,,,,,,,,0.0,0.0,0.0,-2.0,-0.0,,,,,0.0,0.0,0.0,0.0,0.0,0.0,0.0,-0.03,0.04,-0.15,0.01,0.1,-0.03,0.23,0.14,0.39,0.78,61.72104037361652
5464,霖宏,電子零組件業,3,-31.86,41.33,2.32,-3.71,92.5,-115.0,64.0,,,,4.88,575.17,4408.84,99.8,-2.74,1.24,-3.71,6.099999999999994,93.7,2.49,90.4,88.2,1021.64,476.06,-224.0,,,,,,,,,,,,,,0.0,0.0,0.0,50.0,0.07,,,,,0.09,0.0,0.0,0.0,0.0,0.0,0.0,-0.07,0.11,-1.51,-0.14,0.03,-0.08,2.3,1.56,7.26,14.5,63.544805685412136
5465,富驊,電腦及週邊設備業,3,-36.27,48.62,2.89,0.76,33.85,-39.0,-76.0,,,,2.42,1245.0,6510.88,36.95,6.71,1.46,0.76,1.9500000000000028,35.0,-0.45,32.9,33.05,3235.85,1753.74,28.0,,,,,,,,,,,,,,0.0,0.0,0.0,-32.0,-0.02,,,,,-0.05,0.0,0.0,0.0,0.0,0.0,0.0,-0.11,-0.0,0.03,-0.13,0.05,0.07,0.28,3.43,6.48,9.32,79.0859477092198
5468,凱鈺,半導體業,1,-15.61,6.87,-0.2,0.98,25.45,0.0,11.0,,,,-1.55,141.34,1107.23,28.5,-0.2,4.07,0.98,2.8500000000000014,25.65,-1.35,25.5,25.85,193.52,215.79,-11.0,,,,,,,,,,,,,,0.0,0.0,0.0,35.0,0.1,,,,,0.03,0.0,0.0,0.0,0.0,0.0,0.0,0.26,0.24,-0.38,0.02,-0.12,-0.51,0.25,0.5,0.34,-0.6,54.30945715295579
5469,瀚宇博,電子零組件業,2,-6.59,7.16,0.67,-0.13,74.6,-119.0,283.0,,,,0.81,1285.55,2251.69,75.9,0.55,0.82,-0.13,1.1000000000000085,74.8,0.14,74.1,74.0,584.37,1291.75,-237.0,66.0,1.0,-8.0,-3.0,0.0,-14.0,1.0,-10.0,1.0,-1.0,2.0,61.0,-19.0,0.0,0.0,4.41,59.0,0.01,7.17,7.0,0.0,0.29,0.05,-0.01,0.15,0.14,0.0,1.0,3.0,0.01,-0.31,-0.42,0.06,0.07,0.11,1.04,1.15,1.87,1.79,65.90188189207873
5471,松翰,半導體業,1,-19.65,7.01,-0.76,-1.32,52.4,-64.0,8.0,,,,0.19,784.56,4871.99,62.1,0.19,1.93,-1.32,8.700000000000003,53.4,0.96,52.8,52.3,521.66,728.37,-90.0,3.0,1.0,1.0,0.0,0.0,2.0,1.0,1.0,1.0,-1.0,3.0,7.0,21.0,0.0,0.0,0.0,0.0,0.0,10.55,3.0,0.0,0.25,0.0,0.0,0.0,0.0,0.0,0.0,0.0,0.22,0.19,-1.01,0.11,0.2,-1.45,0.26,0.49,-1.44,-3.78,45.53193308322483
5474,聰泰,電腦及週邊設備業,3,-14.62,13.36,0.3,2.5,165.0,52.0,0.0,,,,0.61,165.56,598.28,171.0,-1.53,-1.86,2.5,5.5,165.5,0.3,164.5,164.0,111.02,214.04,22.0,,,,,,,,,,,,,,0.0,0.0,0.0,8.0,0.02,,,,,0.0,0.0,0.0,0.0,0.0,0.0,0.0,0.07,0.35,0.03,0.16,0.46,0.15,2.7,3.5,9.03,12.15,63.566469297740156
5475,德宏,電子零組件業,2,-19.42,16.03,-0.56,-1.91,178.0,-557.0,9.0,,,,-0.84,2279.8,8854.54,208.5,2.26,-0.28,-1.91,27.5,181.0,-0.28,179.0,179.5,2533.26,3961.99,51.0,,,,,,,,,,,,,,0.0,0.0,0.0,179.0,0.14,,,,,0.01,0.0,0.0,0.0,0.0,0.0,0.0,0.08,-1.29,-2.22,-0.67,-2.41,-4.35,-1.2,-0.85,-3.68,11.19,46.379643490121076
5478,智冠,文化創意業,1,-2.23,1.14,0.0,0.0,97.5,-5.0,0.0,,,,0.41,23.38,105.26,98.7,0.0,0.0,0.0,1.1000000000000085,97.6,0.41,97.5,97.1,28.54,28.52,-7.0,,,,,,,,,,,,,,0.0,0.0,0.0,-0.0,-0.0,,,,,0.0,0.0,0.0,0.0,0.0,0.0,0.0,-0.02,-0.04,-0.2,0.0,-0.02,-0.1,0.38,0.31,0.19,-1.2,60.52032493007293
5481,新華,其他,3,-10.99,19.73,1.38,-1.36,22.1,,,,,,1.38,54.24,608.35,22.3,-0.9,0.46,-1.36,0.15000000000000213,22.15,0.0,21.8,21.8,67.25,419.58,2.0,,,,,,,,,,,,,,0.0,0.0,0.0,2.0,0.0,,,,,,0.0,0.0,0.0,0.0,0.0,0.0,0.06,0.44,0.61,,,,0.12,0.14,0.8,1.37,65.86258807629292
5483,中美晶,半導體業,2,-23.25,30.29,1.2,7.51,211.5,11975.0,-5340.0,,,,1.93,57451.9,57451.9,221.5,2.17,0.27,7.51,0.0,221.5,0.72,209.0,207.5,13232.94,37434.84,11617.0,,,,,,,,,,,,,,3.0,0.0,12.79,-3995.0,-0.68,,,,,-0.91,0.0,0.0,0.02,1.0,2.0,4.0,-1.23,2.63,3.51,-1.11,2.03,2.65,15.3,19.95,26.2,19.63,78.3395815371519
5484,慧友,光電業,1,-12.18,4.45,-1.26,-0.75,39.2,-29.0,-34.0,,,,-1.01,122.33,1066.79,43.5,-0.13,-0.51,-0.75,3.6000000000000014,39.9,0.25,39.7,39.6,74.49,176.59,34.0,-34.0,0.0,0.0,0.0,0.0,0.0,0.0,0.0,0.0,,0.0,0.0,0.0,0.0,0.0,0.0,-34.0,-0.05,0.87,0.0,0.0,0.02,-0.05,0.0,0.0,0.0,0.0,0.0,0.0,0.01,0.01,-0.33,-0.13,-0.21,-0.36,-0.2,-0.3,-0.62,-1.96,42.71133849602977
5487,通泰,半導體業,2,-7.89,2.68,0.35,-1.04,28.7,0.0,0.0,,,,0.35,17.04,171.51,30.4,-0.17,-1.21,-1.04,1.6499999999999986,28.75,0.0,28.6,28.6,9.31,113.91,3.0,,,,,,,,,,,,,,0.0,0.0,0.0,-4.0,-0.02,,,,,0.0,0.0,0.0,0.0,0.0,0.0,0.0,-0.02,-0.03,0.16,0.0,0.0,-0.0,-0.01,-0.48,-0.48,-0.24,39.573444075661094
5488,松普,電子零組件業,1,-6.91,6.99,1.25,2.54,12.15,23.0,31.0,,,,0.41,156.75,586.46,12.3,-1.25,-0.84,2.54,0.05000000000000071,12.25,-0.83,12.0,12.1,104.35,160.97,23.0,,,,,,,,,,,,,,0.0,0.0,0.0,-3.0,-0.0,,,,,0.03,0.0,0.0,0.0,0.0,0.0,0.0,0.0,-0.11,-0.48,0.07,0.08,0.01,0.18,0.26,0.29,-0.9,62.96147551620092
5489,彩富,其他電子業,1,-16.2,12.55,-0.47,0.24,42.35,0.0,0.0,,,,-0.47,36.29,273.39,46.6,2.92,-4.09,0.24,2.6499999999999986,43.95,0.0,42.55,42.55,69.7,34.26,-11.0,,,,,,,,,,,,,,0.0,0.0,0.0,6.0,0.01,,,,,0.0,0.0,0.0,0.0,0.0,0.0,0.0,-0.01,-0.07,-0.08,-0.0,-0.01,-0.02,-0.42,-0.14,0.68,-1.59,50.816681533370584
5490,同亨,電腦及週邊設備業,1,-11.03,3.0,-0.19,0.59,25.6,-12.0,-22.0,,,,-0.19,267.75,1556.98,28.1,-0.2,0.0,0.59,2.3500000000000014,25.75,0.0,25.65,25.65,214.24,122.12,-15.0,,,,,,,,,,,,,,0.0,0.0,0.0,-83.0,-0.09,,,,,-0.02,0.0,0.0,0.0,0.0,0.0,0.0,-0.17,-0.7,-2.19,-0.08,-0.31,-1.59,0.07,0.11,-0.14,-3.48,43.86274591121521
5493,三聯,其他電子業,3,-12.11,18.44,-0.22,-0.44,90.7,-2.0,-18.0,,,,0.11,102.85,401.42,94.1,0.22,-2.37,-0.44,2.8999999999999915,91.2,0.33,90.9,90.6,204.46,110.14,16.0,,,,,,,,,,,,,,0.0,0.0,0.0,23.0,0.06,,,,,-0.04,0.0,0.0,0.0,0.0,0.0,0.0,0.13,0.78,0.97,-0.11,0.4,0.45,-0.76,0.96,3.77,7.9,64.15916280495095
5498,凱崴,電子零組件業,2,-13.8,7.47,-2.32,1.19,50.6,194.0,-154.0,,,,-1.17,886.04,3101.87,56.9,-0.2,-0.5,1.19,5.100000000000001,51.8,1.17,51.8,51.2,815.37,1056.76,479.0,,,,,,,,,,,,,,0.0,0.0,0.0,-101.0,-0.05,,,,,-0.08,0.0,0.0,0.0,0.0,0.0,0.0,0.13,0.46,0.41,-0.1,-0.03,-0.43,0.21,-0.26,-1.14,-0.6,45.639327815342966
5508,永信建,建材營造,2,-13.83,4.06,1.14,0.19,53.4,-8.0,21.0,,,,0.56,135.77,2608.46,60.0,-0.37,-0.38,0.19,6.200000000000003,53.8,-0.56,52.8,53.1,210.38,227.29,-3.0,,,,,,,,,,,,,,0.0,0.0,0.0,36.0,0.02,,,,,0.01,0.0,0.0,0.0,0.0,0.0,0.0,-0.0,0.05,0.13,-0.04,-0.04,-0.0,0.18,-0.29,-0.16,0.04,49.40145913368545
5511,德昌,建材營造,2,-3.93,1.46,-0.29,-0.71,69.3,-28.0,-46.0,,,,-0.43,220.38,282.47,71.3,0.29,-0.57,-0.71,1.7999999999999972,69.5,-0.14,69.5,69.6,88.7,121.48,41.0,,,,,,,,,,,,,,0.0,0.0,0.0,-98.0,-0.09,,,,,-0.04,0.0,0.0,0.0,0.0,0.0,0.0,-0.0,0.03,-0.25,-0.05,-0.05,-0.16,-0.42,-0.36,-0.41,-1.44,40.62261146531718
5512,力麒,建材營造,1,-4.46,3.2,-0.39,-0.9,7.7,-55.0,1.0,,,,-0.13,253.14,1562.6,7.84,0.26,-0.13,-0.9,0.10999999999999943,7.73,0.26,7.73,7.71,486.61,523.79,-103.0,,,,,,,,,,,,,,0.0,0.0,0.0,-1.0,-0.0,,,,,0.0,0.0,0.0,0.0,0.0,0.0,0.0,-0.02,-0.08,-0.08,-0.01,-0.04,-0.01,-0.0,0.02,-0.01,-0.08,50.2632108128291
5514,三豐,建材營造,3,-5.84,7.47,1.68,0.0,15.1,0.0,0.0,,,,0.33,13.54,312.51,15.4,1.36,1.34,0.0,0.3000000000000007,15.1,-1.33,14.85,15.05,1.2,9.0,-1.0,,,,,,,,,,,,,,0.0,0.0,0.0,1.0,0.0,,,,,0.0,0.0,0.0,0.0,0.0,0.0,0.0,0.0,0.0,0.0,0.0,0.0,0.0,0.13,0.13,0.08,0.77,59.491994609134565
5515,建國,建材營造,3,-9.12,7.76,-1.15,-2.08,51.5,-82.0,-13.0,,,,-0.77,293.06,994.83,53.2,2.93,0.0,-2.08,1.1000000000000014,52.1,0.39,52.1,51.9,253.87,329.04,-61.0,1.0,0.0,0.0,0.0,0.0,-1.0,0.0,0.0,0.0,,3.0,-15.0,-18.0,0.0,0.0,0.08,-2.0,-0.0,10.38,3.0,0.0,0.14,-0.01,0.0,0.0,0.0,0.0,0.0,0.0,0.03,0.03,-0.37,0.03,0.02,-0.17,-0.5,0.67,0.48,3.71,54.20443385618829
5516,雙喜,建材營造,2,-6.88,5.26,0.84,0.0,12.0,0.0,0.0,,,,0.0,4.31,42.53,12.35,3.35,-2.83,0.0,0.34999999999999964,12.0,-0.83,11.9,12.0,3.02,4.02,0.0,,,,,,,,,,,,,,0.0,0.0,0.0,0.0,0.0,,,,,0.0,0.0,0.0,0.0,0.0,0.0,0.0,0.0,-0.01,-0.03,0.0,0.0,0.0,-0.06,0.04,0.05,0.42,51.19426865988415
5519,隆大,建材營造,1,-10.31,2.02,-0.59,1.0,25.15,-8.0,-17.0,,,,-0.59,77.81,806.63,27.65,-1.76,-0.2,1.0,2.349999999999998,25.3,0.0,25.3,25.3,147.35,178.64,65.0,-6.0,0.0,0.0,0.0,0.0,0.0,0.0,0.0,0.0,,3.0,0.0,2.0,0.0,0.0,0.0,-6.0,-0.0,3.79,0.0,0.0,0.1,-0.01,0.0,0.0,0.0,0.0,0.0,0.0,-0.14,-0.12,-0.41,-0.13,-0.2,-0.7,-0.05,-0.3,-0.82,-2.47,35.70864987145589
5520,力泰,建材營造,2,-2.98,2.45,0.0,,83.5,0.0,0.0,,,,,1.0,19.03,84.0,0.24,0.0,,0.5,83.5,,83.5,,2.04,0.35,0.0,,,,,,,,,,,,,,0.0,0.0,0.0,,,,,,,0.0,0.0,0.0,0.0,0.0,0.0,0.0,0.0,0.0,0.0,0.0,0.0,0.0,0.28,0.79,1.02,0.88,76.36334379383786
5521,工信,建材營造,2,-4.21,3.9,0.47,0.0,10.65,143.0,137.0,,,,0.47,942.14,2036.92,10.7,-0.94,0.0,0.0,0.049999999999998934,10.65,0.0,10.6,10.6,601.36,799.8,317.0,-122.0,1.0,0.0,0.0,0.0,0.0,1.0,0.0,1.0,,1.0,-45.0,-93.0,0.0,0.0,0.0,-106.0,-0.02,7.5,-16.0,-0.0,0.34,0.03,0.0,0.0,0.0,0.0,0.0,0.0,-0.01,0.13,-0.0,0.09,0.21,0.24,0.08,0.06,0.09,0.2,59.01996783034653
5522,遠雄,建材營造,1,-7.12,2.17,-0.33,0.33,60.8,-15.0,-36.0,,,,-0.33,467.21,1272.77,64.6,-0.33,0.0,0.33,3.299999999999997,61.3,0.0,61.0,61.0,371.9,666.36,20.0,-107.0,0.0,-2.0,-1.0,0.0,-3.0,0.0,-3.0,0.0,-1.0,2.0,-5.0,-1.0,2.0,0.0,9.3,-109.0,-0.01,4.14,0.0,0.0,7.08,-0.0,0.0,-0.04,-0.06,2.0,4.0,10.0,-0.11,-0.26,-0.42,-0.05,-0.14,-0.24,-0.02,-0.24,-1.14,-3.05,40.53430181540633
5523,豐謙,建材營造,3,-0.66,0.66,0.33,0.5,30.35,0.0,0.0,,,,0.0,67.1,67.1,30.35,0.0,0.0,0.5,0.0,30.35,-0.33,30.25,30.35,19.0,25.22,0.0,,,,,,,,,,,,,,0.0,0.0,0.0,-8.0,-0.01,,,,,0.0,0.0,0.0,0.0,0.0,0.0,0.0,-0.01,-0.01,-0.01,0.0,0.0,0.0,0.0,0.0,0.0,-0.01,48.384886326651156
5525,順天,建材營造,1,-5.03,1.38,-0.45,0.23,21.9,-9.0,0.0,,,,-0.45,57.06,230.3,22.85,-0.9,-0.23,0.23,0.8500000000000014,22.0,0.0,22.0,22.0,53.7,66.28,13.0,-6.0,0.0,0.0,0.0,0.0,0.0,0.0,0.0,0.0,,3.0,1.0,-8.0,0.0,0.0,0.0,-6.0,-0.0,2.05,0.0,0.0,0.07,0.0,0.0,0.0,0.0,0.0,0.0,0.0,-0.02,-0.01,-0.0,0.0,0.0,0.0,-0.11,-0.2,-0.17,-0.34,40.07587621993538
5529,鉅陞,建材營造,3,-16.54,26.56,-1.51,0.95,26.05,-1.0,1.0,,,,-1.51,84.62,778.65,26.6,0.96,0.95,0.95,0.15000000000000213,26.45,0.0,26.45,26.45,159.2,153.22,28.0,,,,,,,,,,,,,,0.0,0.0,0.0,-21.0,-0.02,,,,,0.0,0.0,0.0,0.0,0.0,0.0,0.0,0.04,0.01,-0.01,0.02,0.01,0.06,-0.2,0.15,0.99,3.4,62.93996130560863
5530,龍巖,其他,2,-5.54,2.83,-0.1,0.1,48.75,-47.0,8.0,,,,-0.2,65.0,353.42,50.5,-0.31,-0.2,0.1,1.4500000000000028,49.05,-0.1,48.8,48.85,158.92,193.16,-27.0,,,,,,,,,,,,,,0.0,0.0,0.0,19.0,0.0,,,,,0.0,0.0,0.0,0.0,0.0,0.0,0.0,0.01,0.0,0.06,-0.01,-0.03,-0.04,-0.09,-0.33,-0.59,-0.35,33.540157178796306
5531,鄉林,建材營造,1,-8.42,1.17,-0.29,0.29,6.91,5.0,-47.0,,,,-0.14,423.06,9974.84,7.48,-0.71,-1.86,0.29,0.5500000000000007,6.93,0.14,6.93,6.92,677.56,533.59,-138.0,-98.0,0.0,0.0,0.0,0.0,0.0,0.0,0.0,0.0,,2.0,-103.0,7.0,0.0,0.0,0.0,-98.0,-0.01,1.98,0.0,0.0,0.18,-0.0,0.0,0.0,0.0,0.0,0.0,0.0,-0.09,-0.33,-0.45,-0.04,-0.22,-0.28,-0.03,-0.09,-0.2,-0.56,38.39543071057042
5533,皇鼎,建材營造,2,-4.21,2.2,0.36,0.72,13.9,0.0,0.0,,,,-0.36,100.1,330.11,14.25,-1.07,-0.36,0.72,0.3000000000000007,13.95,-0.72,13.85,13.95,22.28,48.0,16.0,-30.0,0.0,0.0,0.0,0.0,0.0,0.0,0.0,0.0,,2.0,-5.0,0.0,0.0,0.0,0.0,-30.0,-0.01,2.34,0.0,0.0,0.07,0.0,0.0,0.0,0.0,0.0,0.0,0.0,0.0,-0.05,-0.15,0.0,0.01,0.01,-0.03,-0.09,-0.04,-0.08,43.91589315205969
5534,長虹,建材營造,1,-7.27,1.1,0.14,-0.27,73.3,-161.0,-187.0,,,,0.27,505.89,1632.66,78.4,-0.54,-0.81,-0.27,4.900000000000006,73.5,0.14,73.2,73.1,500.3,710.62,-302.0,-319.0,0.0,0.0,0.0,0.0,0.0,0.0,0.0,0.0,,3.0,7.0,15.0,-253.0,-0.09,0.77,-82.0,-0.03,9.96,16.0,0.01,0.64,-0.06,-0.19,-0.23,-0.29,0.0,0.0,1.0,-0.16,-0.08,-0.51,-0.2,-0.26,-0.63,-0.28,-0.79,-1.34,-4.04,37.419389568546826
5536,聖暉,其他電子業,1,-15.88,20.8,3.23,1.21,959.0,125.0,170.0,,,,4.35,2144.35,2293.79,970.0,1.01,0.0,1.21,0.0,970.0,1.09,929.0,919.0,707.14,1538.55,137.0,,,,,,,,,,,,,,455.0,0.37,6.5,-415.0,-0.33,,,,,0.14,0.68,0.88,0.99,3.0,4.0,12.0,-1.07,-1.9,-2.57,-0.26,-0.78,-1.33,44.0,71.0,91.7,-12.12,78.81891745849944
5538,東明-KY,鋼鐵工業,2,-8.55,4.89,-1.24,1.26,35.95,0.0,-2.0,,,,-0.83,45.84,120.05,38.0,-0.28,0.28,1.26,1.5499999999999972,36.45,0.41,36.4,36.25,26.71,120.05,57.0,-10.0,0.0,0.0,0.0,0.0,0.0,0.0,0.0,0.0,,2.0,10.0,0.0,0.0,0.0,0.0,-10.0,-0.0,64.03,0.0,0.0,0.06,-0.0,0.0,0.0,0.0,0.0,0.0,0.0,0.01,-0.02,-0.03,-0.0,-0.0,-0.0,0.29,0.48,0.02,0.68,56.86684457970872
5543,桓鼎-KY,建材營造,2,-12.16,13.75,3.85,-0.93,27.0,0.0,0.0,,,,1.12,8.0,26.01,29.6,-3.23,-0.19,-0.93,2.3000000000000007,27.3,-2.62,26.0,26.7,15.96,9.0,1.0,,,,,,,,,,,,,,0.0,0.0,0.0,-0.0,-0.0,,,,,0.0,0.0,0.0,0.0,0.0,0.0,0.0,0.01,0.01,0.0,0.0,0.0,0.01,-0.11,-0.07,-0.52,-0.24,46.728379676253276
5546,永固-KY,建材營造,1,-12.82,5.97,-2.46,1.77,13.85,0.0,-1.0,,,,-3.48,64.48,89.06,15.6,0.7,-2.08,1.77,1.4000000000000004,14.2,-1.05,14.2,14.35,32.0,10.7,2.0,-4.0,0.0,0.0,0.0,0.0,0.0,0.0,0.0,0.0,,1.0,0.0,0.0,0.0,0.0,0.0,-4.0,-0.0,53.91,0.0,0.0,0.26,-0.0,0.0,0.0,0.0,0.0,0.0,0.0,-0.02,-0.02,0.01,-0.0,-0.0,-0.0,-0.35,-0.55,-0.69,-0.89,31.517065624448307
5601,台聯櫃,航運業,1,-7.07,0.0,0.0,,28.9,0.0,0.0,,,,,5.0,26.0,31.1,,-0.34,,2.200000000000003,28.9,,28.9,,5.0,0.21,0.0,,,,,,,,,,,,,,0.0,0.0,0.0,,,,,,,0.0,0.0,0.0,0.0,0.0,0.0,0.0,0.0,0.0,-0.01,0.0,0.0,0.0,-0.03,-0.77,-1.23,-1.34,24.547132805998586
5603,陸海,航運業,1,-7.99,1.89,0.75,-0.37,13.5,-26.0,-43.0,,,,1.12,194.58,471.25,14.4,0.37,-1.11,-0.37,0.9000000000000004,13.5,0.37,13.4,13.35,45.44,92.22,-4.0,,,,,,,,,,,,,,0.0,0.0,0.0,-2.0,-0.0,,,,,-0.04,0.0,0.0,0.0,0.0,0.0,0.0,-0.0,-0.31,-0.44,-0.06,-0.1,-0.33,0.04,0.02,-0.15,-0.64,44.071526868901685
5604,中連,其他,3,-3.45,3.11,-0.32,-0.16,31.4,0.0,0.0,,,,0.64,2.55,60.32,31.9,0.65,-0.8,-0.16,0.3999999999999986,31.5,0.96,31.5,31.2,13.27,10.48,-1.0,,,,,,,,,,,,,,0.0,0.0,0.0,,,,,,,0.0,0.0,0.0,0.0,0.0,0.0,0.0,-0.0,-0.0,-0.02,0.0,0.0,0.0,0.25,0.31,0.25,0.65,63.99413805744411
5607,遠雄港,航運業,2,-11.64,2.34,-0.95,0.38,51.9,-8.0,-114.0,,,,-0.95,442.37,2804.4,58.4,0.0,-0.57,0.38,6.0,52.4,0.0,52.4,52.4,545.75,269.63,26.0,-172.0,1.0,-1.0,1.0,0.0,0.0,1.0,0.0,1.0,-1.0,2.0,1.0,-1.0,0.0,0.0,0.0,-178.0,-0.05,5.87,6.0,0.0,0.75,-0.03,0.0,0.0,-0.01,0.0,0.0,0.0,-0.03,0.04,0.6,-0.06,-0.06,0.19,-0.22,-0.51,-1.58,0.13,38.379963002486534
5608,四維航,航運業,2,-9.75,9.62,0.0,0.59,17.0,317.0,297.0,,,,0.29,1736.3,13237.46,17.95,-1.16,-1.76,0.59,0.8499999999999979,17.1,0.29,17.0,16.95,2452.2,1479.94,589.0,188.0,0.0,-11.0,-17.0,-1.0,-41.0,1.0,-43.0,-1.0,-0.91,3.0,-59.0,139.0,0.0,0.0,0.0,100.0,0.03,7.12,88.0,0.02,2.4,0.08,0.0,0.0,0.0,0.0,0.0,0.0,0.43,1.32,2.24,0.11,0.83,0.9,0.03,0.04,0.04,1.5,53.1353577015304
5609,中菲行,航運業,1,-2.02,1.82,-0.26,-0.13,77.9,-6.0,-15.0,,,,-0.26,65.05,202.65,79.4,-0.13,-0.51,-0.13,1.2000000000000028,78.2,0.0,78.1,78.1,109.52,125.28,-40.0,,,,,,,,,,,,,,0.0,0.0,0.0,-38.0,-0.03,,,,,-0.01,0.0,0.0,0.0,0.0,0.0,0.0,-0.1,-0.1,-0.12,-0.03,0.0,0.05,-0.4,-0.6,-0.56,-0.6,30.947772821535764
5701,劍湖山,觀光事業,1,-9.11,5.7,-0.25,1.0,4.07,-8.0,3.0,,,,0.25,40.79,218.35,4.39,1.72,-1.93,1.0,0.3099999999999996,4.08,0.49,4.08,4.06,124.58,78.83,-2.0,,,,,,,,,,,,,,0.0,0.0,0.0,-7.0,-0.0,,,,,0.0,0.0,0.0,0.0,0.0,0.0,0.0,-0.04,-0.01,-0.02,-0.04,-0.06,-0.05,-0.02,-0.1,-0.12,-0.27,37.75653668541982
5703,亞都麗緻,觀光事業,3,-5.34,,,-1.11,,0.0,0.0,,,,,0.22,52.0,14.05,,,-1.11,,,,,13.35,0.0,3.18,0.0,,,,,,,,,,,,,,0.0,0.0,0.0,,,,,,,0.0,0.0,0.0,0.0,0.0,0.0,0.0,0.0,0.01,0.01,0.0,0.0,0.0,,,,,
5704,老爺知,觀光事業,2,-6.33,3.42,0.0,0.67,22.6,0.0,0.0,,,,-0.22,9.26,85.53,23.7,-0.44,-0.44,0.67,1.0500000000000007,22.65,-0.22,22.6,22.65,6.5,85.53,-1.0,,,,,,,,,,,,,,0.0,0.0,0.0,-1.0,-0.0,,,,,0.0,0.0,0.0,0.0,0.0,0.0,0.0,-0.0,-0.04,-0.05,0.0,-0.02,-0.03,-0.01,-0.05,-0.25,0.27,42.96949605633255
5706,鳳凰,觀光事業,1,-3.96,1.61,-0.23,0.57,44.2,2.0,1.0,,,,0.11,34.46,126.4,45.4,-0.57,0.0,0.57,1.1000000000000014,44.3,0.34,44.3,44.15,67.56,52.93,10.0,10.0,0.0,0.0,0.0,0.0,0.0,0.0,0.0,0.0,,2.0,0.0,0.0,0.0,0.0,0.0,10.0,0.01,2.26,0.0,0.0,1.05,0.0,0.0,0.0,0.0,0.0,0.0,0.0,0.01,0.11,0.13,-0.02,-0.03,-0.18,0.14,0.11,-0.08,-0.92,50.56240261203455
5820,日盛金,金融業,3,,,,,,,,,,,,,,,,,,,,,,,,,,,,,,,,,,,,,,,,,,,,,,,,,,,,,,,,,,,,,,,,,
5864,致和證,金融業,2,-13.47,21.17,-2.42,4.67,38.25,1840.0,-1249.0,,,,-2.42,3355.99,5997.59,39.35,-0.81,0.27,4.67,0.14999999999999858,39.2,0.0,39.2,39.2,1775.0,5235.16,2067.0,,,,,,,,,,,,,,0.0,0.0,0.0,-1843.0,-0.6,,,,,-0.4,0.0,0.0,0.0,0.0,0.0,0.0,-0.34,0.19,-0.03,0.13,0.06,-0.62,0.6,1.65,1.94,3.76,65.86531151661372
5871,中租-KY,其他,1,-7.83,1.42,0.47,-0.47,107.5,-1864.0,-1359.0,,,,0.47,7876.46,14871.32,115.0,-0.93,0.0,-0.47,7.5,107.5,0.0,107.0,107.0,5001.74,7836.88,-2845.0,-1860.0,1.0,0.0,0.0,0.0,-2.0,1.0,0.0,1.0,,5.0,33.0,38.0,256.0,0.02,12.18,-2151.0,-0.13,47.16,35.0,0.0,1.78,-0.08,0.13,0.2,0.27,3.0,5.0,14.0,-0.9,-1.92,-2.18,-0.56,-1.27,-1.51,0.2,-1.65,-3.3,-6.12,32.01975874790389
5876,上海商銀,金融保險業,3,-12.1,15.94,-1.12,-0.3,48.4,676.0,-432.0,,,,-1.53,10364.45,19081.29,50.0,-0.61,-0.2,-0.3,0.8999999999999986,49.1,-0.41,48.95,49.15,6497.42,6919.06,1334.0,1106.0,1.0,0.0,0.0,1.0,0.0,0.0,1.0,1.0,inf,1.0,-15.0,40.0,-3898.0,-0.08,11.64,4589.0,0.09,56.32,415.0,0.01,2.18,-0.01,-0.03,0.02,0.13,4.0,9.0,17.0,0.07,0.14,0.95,0.01,0.05,0.51,-0.52,-0.87,-0.09,2.94,44.20507027031726
5878,台名,金融業,1,-2.2,0.13,-0.13,-0.39,37.85,0.0,0.0,,,,0.0,3.32,10.04,38.7,0.0,-0.52,-0.39,0.8000000000000043,37.9,0.13,37.9,37.85,9.04,5.82,0.0,,,,,,,,,,,,,,0.0,0.0,0.0,,,,,,,0.0,0.0,0.0,0.0,0.0,0.0,0.0,0.0,0.0,0.0,0.0,0.0,0.0,-0.11,-0.15,-0.29,-0.59,20.09119714170552
5880,合庫金,金融保險業,2,-7.61,6.1,-0.38,-1.14,26.0,-564.0,-2687.0,,,,-0.38,17025.43,36416.96,27.6,-1.12,-1.51,-1.14,1.5,26.1,0.0,26.1,26.1,17358.16,17943.41,-619.0,-2579.0,0.0,-2.0,-3.0,-14.0,-25.0,2.0,-41.0,-1.0,6.0,2.0,-51.0,-1390.0,200.0,0.0,2.63,-2868.0,-0.02,18.91,89.0,0.0,0.72,-0.02,0.0,0.01,-0.01,3.0,7.0,8.0,-0.08,0.0,0.59,-0.07,0.01,0.44,-0.27,-0.78,-0.81,0.09,28.43068041322205
5902,德記,貿易百貨,2,-4.56,2.54,0.59,0.15,34.3,0.0,0.0,,,,-0.58,10.45,377.53,35.1,0.29,-0.15,0.15,0.75,34.35,-1.16,34.1,34.5,5.1,75.42,-2.0,,,,,,,,,,,,,,0.0,0.0,0.0,,,,,,,0.0,0.0,0.0,0.0,0.0,0.0,0.0,-0.0,0.01,0.02,0.0,0.0,0.0,0.02,-0.02,-0.03,-0.04,47.84292755027535
5903,全家,貿易百貨,2,-1.87,1.36,0.0,-0.27,186.0,1.0,0.0,,,,0.0,16.67,45.04,187.0,0.54,-0.27,-0.27,1.0,186.0,0.0,186.0,186.0,20.75,19.12,2.0,,,,,,,,,,,,,,0.0,0.0,0.0,2.0,0.0,,,,,0.0,0.0,0.0,-0.01,0.0,0.0,0.0,0.0,0.0,0.0,0.01,0.01,0.01,-0.3,0.65,0.95,-0.28,57.65353783067089
5904,寶雅,貿易百貨,1,-7.17,1.6,-0.86,1.16,69.1,284.0,-882.0,,,,-0.86,3338.38,13032.87,73.9,-2.12,-0.72,1.16,4.200000000000003,69.7,0.0,69.7,69.7,4545.49,4944.37,432.0,,,,,,,,,,,,,,347.0,0.34,2.1,-1194.0,-1.15,,,,,-0.85,-0.15,2.06,1.49,4.0,9.0,11.0,-5.26,-11.87,-11.28,-5.02,-10.26,-11.76,-0.44,-1.7,-2.41,-183.5,23.66290348969281
5905,南仁湖,貿易百貨,1,-7.43,2.77,0.54,-1.08,7.4,-154.0,-7.0,,,,1.09,226.79,759.1,7.81,0.0,1.93,-1.08,0.3799999999999999,7.43,0.55,7.36,7.32,445.18,367.21,-43.0,,,,,,,,,,,,,,0.0,0.0,0.0,-29.0,-0.01,,,,,-0.0,0.0,0.0,0.0,0.0,0.0,0.0,-0.06,-0.2,-0.47,-0.09,-0.26,-1.02,0.07,0.06,-0.04,-0.58,51.79423583138595
5906,台南-KY,貿易百貨,3,-21.03,22.19,0.0,0.37,41.3,0.0,0.0,,,,0.73,1.0,9.0,42.8,,,0.37,1.5,41.3,0.73,41.3,41.0,0.0,3.0,2.0,0.0,0.0,0.0,0.0,0.0,0.0,0.0,0.0,0.0,,0.0,-1.0,0.0,0.0,0.0,0.0,0.0,0.0,21.96,0.0,0.0,0.02,0.0,0.0,0.0,0.0,0.0,0.0,0.0,0.01,0.0,0.0,0.0,0.0,0.0,0.23,0.59,1.68,2.16,60.14271829441928
5907,大洋-KY,貿易百貨,1,-7.66,3.19,-0.21,0.21,4.8,-6.0,-7.0,,,,-0.21,233.38,858.24,5.09,0.0,-0.83,0.21,0.2400000000000002,4.85,0.0,4.81,4.81,96.14,116.5,16.0,6.0,1.0,0.0,0.0,0.0,4.0,4.0,4.0,4.0,,4.0,5.0,0.0,0.0,0.0,0.0,6.0,0.0,51.92,0.0,0.0,0.09,-0.0,0.0,0.0,0.0,0.0,0.0,0.0,-0.01,0.03,0.04,-0.02,-0.01,-0.04,-0.01,-0.04,-0.05,-0.1,39.993932945961696
6005,群益證,金融保險業,1,-7.08,7.35,-0.78,0.31,31.9,271.0,-2764.0,,,,-0.47,8047.8,10839.67,33.2,-1.69,-1.09,0.31,1.0500000000000043,32.15,0.31,32.15,32.05,4412.92,5523.12,1452.0,-5302.0,0.0,0.0,0.0,0.0,-1.0,0.0,-1.0,0.0,,3.0,94.0,132.0,0.0,0.0,0.11,-5302.0,-0.24,18.81,0.0,0.0,0.0,-0.13,0.0,-0.24,-0.34,2.0,3.0,5.0,-0.41,-0.35,-0.82,-0.28,-0.26,-0.54,-0.13,0.05,-0.07,-0.74,50.06408472337561
6015,宏遠證,金融業,3,-11.23,17.32,-1.95,1.99,17.6,477.0,-1286.0,,,,-1.95,2998.54,5992.62,18.25,-1.4,-1.14,1.99,0.3000000000000007,17.95,0.0,17.95,17.95,1205.61,2636.02,749.0,,,,,,,,,,,,,,0.0,0.0,0.0,-2097.0,-0.6,,,,,-0.37,0.0,0.0,0.0,0.0,0.0,0.0,-0.49,0.2,0.1,-0.46,-0.12,-0.52,-0.08,0.0,0.3,1.09,53.55733535525369
6016,康和證,金融業,2,-15.37,27.63,-2.27,2.32,23.7,1821.0,-2714.0,,,,-2.47,6141.9,11763.68,24.4,-0.84,-0.42,2.32,0.14999999999999858,24.25,-0.21,24.25,24.3,2354.45,5330.4,2590.0,,,,,,,,,,,,,,0.0,0.0,0.0,-2577.0,-0.43,,,,,-0.46,0.0,0.0,0.0,0.0,0.0,0.0,0.08,0.83,0.54,-0.26,0.08,-0.31,-0.08,0.28,0.88,1.57,59.507723527288256
6020,大展證,金融業,1,-4.02,1.97,-0.72,0.24,20.55,0.0,0.0,,,,-0.96,6.0,91.16,21.15,-0.97,0.0,0.24,0.4499999999999993,20.7,-0.24,20.7,20.75,3.0,12.05,-3.0,,,,,,,,,,,,,,0.0,0.0,0.0,-1.0,-0.0,,,,,0.0,0.0,0.0,0.0,0.0,0.0,0.0,-0.0,-0.0,0.01,0.0,0.0,0.0,-0.05,-0.06,-0.09,-0.45,45.65937384339416
6021,美好證,金融業,3,-15.7,17.74,-0.71,0.24,41.7,4.0,4.0,,,,-0.24,93.64,744.24,45.85,-1.07,-1.67,0.24,3.700000000000003,42.15,0.48,42.0,41.8,191.12,117.7,-8.0,,,,,,,,,,,,,,0.0,0.0,0.0,-26.0,-0.01,,,,,0.0,0.0,0.0,0.0,0.0,0.0,0.0,-0.13,-0.17,-0.14,-0.06,-0.03,0.19,-0.03,-1.76,-1.0,3.04,38.72615902506727
6023,元大期貨,金融業,1,-6.88,5.3,-0.82,-1.96,84.8,-211.0,-177.0,,,,-0.24,1014.76,4231.91,88.7,-1.37,-0.46,-1.96,3.200000000000003,85.5,0.59,85.5,85.0,445.26,754.38,8.0,,,,,,,,,,,,,,0.0,0.0,0.05,-239.0,-0.08,,,,,-0.06,-0.02,-0.02,-0.02,0.0,0.0,0.0,0.16,0.68,1.17,-0.2,0.06,0.76,-1.16,-1.81,-0.96,-3.05,37.25054919687397
6024,群益期,金融保險業,2,-6.13,1.17,-0.83,-0.17,59.9,-29.0,-70.0,,,,-0.83,271.84,1181.5,63.6,-0.16,-0.99,-0.17,3.200000000000003,60.4,0.0,60.4,60.4,304.6,139.67,-21.0,-133.0,0.0,0.0,0.0,0.0,0.0,0.0,0.0,0.0,,4.0,1.0,4.0,0.0,0.0,0.1,-133.0,-0.06,6.34,0.0,0.0,0.01,-0.03,0.0,0.0,0.0,0.0,0.0,0.0,-0.12,-0.01,-0.3,-0.11,-0.09,-0.35,-0.54,-0.93,-1.39,-2.13,30.00336528107229
6026,福邦證,金融業,3,-7.41,11.81,-1.55,0.63,15.85,314.0,-312.0,,,,-1.55,980.38,2386.6,16.2,-0.63,0.32,0.63,0.09999999999999787,16.1,0.0,16.1,16.1,617.51,1099.89,399.0,,,,,,,,,,,,,,5.0,0.0,0.9,-618.0,-0.16,,,,,-0.08,-0.02,0.08,0.11,2.0,7.0,14.0,0.1,0.89,1.43,0.07,0.57,0.7,-0.08,0.08,0.39,1.01,59.558450304844214
6101,寬魚國際,文化創意業,2,-8.86,6.11,-1.18,-1.19,37.75,-3.0,3.0,,,,0.94,197.39,368.33,39.5,-1.17,-1.84,-1.19,1.2999999999999972,38.2,2.14,38.2,37.4,72.08,226.86,50.0,,,,,,,,,,,,,,0.0,0.0,0.0,6.0,0.01,,,,,0.0,0.0,0.0,0.0,0.0,0.0,0.0,0.01,0.06,-0.06,0.0,0.04,0.09,0.0,-0.3,-0.1,0.11,47.24196210925517
6103,合邦,半導體業,2,-34.78,52.05,-3.66,-0.78,36.9,-30.0,0.0,,,,-3.66,14.26,148.72,45.0,9.95,2.2,-0.78,6.0,39.0,0.0,38.3,38.3,125.53,133.29,8.0,,,,,,,,,,,,,,0.0,0.0,0.0,-2.0,-0.01,,,,,0.0,0.0,0.0,0.0,0.0,0.0,0.0,0.11,0.09,0.13,-0.26,-0.26,-0.26,-2.12,-0.42,0.82,3.24,49.40152598034882
6104,創惟,半導體業,1,-9.99,3.81,-0.22,0.66,91.7,39.0,13.0,,,,0.22,430.76,734.89,99.1,-0.33,1.11,0.66,6.5,92.6,0.44,91.9,91.5,272.73,420.86,89.0,,,,,,,,,,,,,,0.0,0.0,0.23,23.0,0.03,,,,,0.01,0.06,0.06,0.06,3.0,3.0,3.0,0.05,-0.23,-0.76,-0.03,-0.23,-0.96,0.8,0.86,-0.44,-2.32,53.03431947074306
6108,競國,電子零組件業,3,-18.79,23.13,-0.99,2.24,25.0,-45.0,-102.0,,,,-0.2,2564.25,3588.25,26.35,1.67,0.0,2.24,0.0,26.35,0.8,25.25,25.05,1269.83,1909.27,374.0,78.0,0.0,0.0,-1.0,-10.0,-4.0,0.0,-14.0,0.0,-inf,3.0,180.0,112.0,0.0,0.0,0.0,76.0,0.05,10.41,2.0,0.0,0.2,-0.06,0.0,0.0,0.0,0.0,0.0,0.0,0.65,0.91,1.67,0.0,-0.11,-0.81,0.43,0.84,1.5,4.02,70.8320134817625
6109,亞元,通信網路業,1,-10.53,3.92,-0.95,0.48,10.45,7.0,-6.0,,,,-0.95,59.49,178.53,11.4,-0.48,-0.96,0.48,0.8000000000000007,10.6,0.0,10.55,10.55,128.36,132.18,13.0,,,,,,,,,,,,,,0.0,0.0,0.0,-4.0,-0.01,,,,,-0.01,0.0,0.0,0.0,0.0,0.0,0.0,-0.01,-0.06,-0.52,-0.03,-0.09,-0.16,-0.01,0.0,-0.15,-0.77,43.51542447554958
6111,大宇資,文化創意業,2,-14.47,16.92,-1.55,2.25,38.1,79.0,15.0,,,,-1.42,112.05,381.82,38.7,2.07,2.02,2.25,0.0,38.7,0.13,38.7,38.65,204.7,234.3,6.0,,,,,,,,,,,,,,0.0,0.0,0.0,-31.0,-0.03,,,,,0.01,0.0,0.0,0.0,0.0,0.0,0.0,-0.06,-0.14,-0.16,0.2,0.29,0.12,0.52,1.56,1.86,0.36,67.52451126301796
6112,聚碩,資訊服務業,2,-16.95,11.21,-0.83,1.26,47.7,44.0,41.0,,,,-0.73,513.04,21595.48,53.1,-1.04,-0.73,1.26,5.0,48.1,0.1,48.1,48.05,861.75,1097.28,197.0,124.0,2.0,1.0,-1.0,-2.0,3.0,6.0,0.0,6.0,-3.0,1.0,-23.0,-76.0,0.0,0.0,0.0,121.0,0.1,3.56,3.0,0.0,0.46,0.03,0.0,0.0,0.0,0.0,0.0,0.0,0.12,0.72,0.17,-0.09,0.15,-0.05,-0.1,-1.03,0.31,2.96,48.34383936437402
6113,亞矽,電子通路業,2,-13.65,15.81,9.69,1.57,24.9,9.0,101.0,,,,9.93,631.95,631.95,24.9,-0.45,-0.23,1.57,0.0,24.9,0.22,22.7,22.65,26.27,73.77,18.0,,,,,,,,,,,,,,0.0,0.0,0.0,109.0,0.22,,,,,0.2,0.0,0.0,0.0,0.0,0.0,0.0,0.24,0.29,0.17,0.22,0.23,0.11,2.06,2.29,2.3,1.73,84.27906549301386
6114,久威,電子零組件業,3,-11.84,,,-2.7,,0.0,0.0,,,,,0.06,99.54,25.75,0.0,-0.21,-2.7,,,,,23.45,16.0,99.54,-6.0,,,,,,,,,,,,,,0.0,0.0,0.0,,,,,,,0.0,0.0,0.0,0.0,0.0,0.0,0.0,-0.02,-0.04,-0.09,0.0,-0.02,-0.02,,,,,
6115,鎰勝,電子零組件業,1,-3.85,1.38,0.23,0.0,44.05,-25.0,-6.0,,,,0.11,73.92,242.5,45.4,-0.23,-0.11,0.0,1.2999999999999972,44.1,-0.11,43.95,44.0,113.33,109.41,21.0,13.0,0.0,0.0,0.0,0.0,0.0,0.0,0.0,0.0,,1.0,0.0,1.0,0.0,0.0,0.0,8.0,0.0,5.21,5.0,0.0,0.17,-0.0,0.0,0.0,0.0,0.0,0.0,0.0,-0.01,-0.02,0.03,-0.01,-0.04,-0.09,0.0,-0.18,-0.07,-0.85,46.1749452021188
6116,彩晶,光電業,2,-17.33,23.22,-4.57,8.28,15.65,45661.0,-35777.0,,,,-4.28,122735.73,234981.58,16.45,-0.67,0.0,8.28,0.0,16.45,0.31,16.4,16.35,32973.45,154482.31,14983.0,-3509.0,3.0,378.0,-345.0,-887.0,1615.0,873.0,227.0,873.0,-3.35,3.0,-1832.0,2950.0,0.0,0.0,0.0,-2737.0,-0.09,4.68,-772.0,-0.03,2.91,-1.22,0.0,0.0,0.0,0.0,0.0,0.0,-0.47,0.39,-0.24,-0.52,0.54,0.3,0.29,0.73,1.11,1.21,61.82486347186324
6117,迎廣,電腦及週邊設備業,1,-9.13,4.68,-0.48,-0.64,62.3,0.0,-23.0,,,,0.16,158.24,339.98,66.8,-0.16,0.0,-0.64,4.199999999999996,62.6,0.64,62.6,62.2,154.23,171.11,-1.0,-28.0,1.0,0.0,-1.0,0.0,-1.0,1.0,0.0,1.0,,2.0,4.0,17.0,0.0,0.0,0.0,24.0,0.03,1.38,-52.0,-0.06,0.51,-0.03,0.0,0.0,0.0,0.0,0.0,0.0,0.11,0.26,0.17,-0.05,-0.09,-0.14,0.36,0.72,0.18,-2.11,60.110085046884464
6118,建達,電子通路業,2,-14.74,17.29,0.62,-2.13,16.3,-78.0,-16.0,,,,1.56,858.15,1254.16,17.3,-4.76,-0.31,-2.13,0.0,17.3,0.93,16.2,16.05,939.12,703.27,42.0,,,,,,,,,,,,,,0.0,0.0,0.0,-38.0,-0.04,,,,,-0.02,0.0,0.0,0.0,0.0,0.0,0.0,-0.03,0.01,-0.01,-0.1,-0.06,-0.1,0.08,0.57,0.87,0.59,65.75553777869652
6120,達運,光電業,3,-23.7,31.06,-3.59,4.36,14.75,4665.0,-4364.0,,,,2.79,32148.41,32148.41,15.4,-0.39,2.35,4.36,0.0,15.4,6.62,15.3,14.35,2603.54,13054.1,2014.0,-3281.0,2.0,50.0,23.0,-1.0,76.0,50.0,64.0,50.0,-1.02,4.0,769.0,829.0,0.0,0.0,0.53,-3239.0,-0.49,7.1,-42.0,-0.01,0.41,-0.66,0.0,0.0,0.0,0.0,0.0,0.0,-0.17,-0.31,-0.53,0.09,-0.07,-0.57,1.21,1.73,2.14,1.84,85.90014615981404
6121,新普,電腦及週邊設備業,1,-9.2,2.97,0.66,-1.05,379.5,-73.0,3.0,,,,0.66,298.57,1776.34,407.5,-0.13,0.93,-1.05,26.5,381.0,0.0,377.0,377.0,317.0,405.64,-91.0,,,,,,,,,,,,,,3.0,0.0,10.06,-31.0,-0.02,,,,,0.0,0.06,0.14,0.42,5.0,9.0,19.0,-0.12,-0.32,-0.93,-0.03,-0.3,-0.78,1.8,3.4,-1.27,-8.85,51.86537240338991
6122,擎邦,電機機械,3,-23.76,34.41,2.81,0.33,62.3,608.0,611.0,,,,2.98,2134.93,2734.46,62.5,5.43,2.58,0.33,0.0,62.5,0.17,60.6,60.5,2344.53,2318.79,820.0,,,,,,,,,,,,,,1.0,0.0,0.61,329.0,0.44,,,,,0.82,-0.02,0.07,0.09,2.0,7.0,13.0,2.83,3.38,4.18,3.55,3.95,4.91,3.12,6.89,9.22,11.95,96.03483979324095
6123,上奇,電腦及週邊設備業,2,-4.11,2.86,-0.58,-0.12,42.95,-14.0,-1.0,,,,-0.23,22.7,87.33,43.8,-0.35,0.82,-0.12,0.5999999999999943,43.2,0.35,43.2,43.05,38.33,87.33,0.0,,,,,,,,,,,,,,0.0,0.0,0.0,6.0,0.01,,,,,-0.0,0.0,0.0,0.0,0.0,0.0,0.0,0.02,0.05,0.13,-0.03,-0.03,-0.05,-0.06,-0.12,-0.17,0.12,44.43699016352864
6124,業強,電子零組件業,2,-7.9,7.21,-1.09,-2.33,27.2,0.0,0.0,,,,0.0,5.55,35.92,27.85,2.04,0.0,-2.33,0.3500000000000014,27.5,1.1,27.5,27.2,1.55,13.92,0.0,,,,,,,,,,,,,,0.0,0.0,0.0,1.0,0.0,,,,,0.0,0.0,0.0,0.0,0.0,0.0,0.0,0.0,0.0,0.01,0.0,0.0,0.0,-0.04,0.12,0.22,0.25,55.1892809484778
6125,廣運,光電業,2,-13.95,6.11,-0.7,0.2,49.85,62.0,21.0,,,,-0.1,351.28,3322.03,55.2,0.0,1.34,0.2,4.800000000000004,50.4,0.6,50.2,49.9,335.45,484.93,95.0,,,,,,,,,,,,,,0.0,0.0,0.0,0.0,0.0,,,,,0.01,0.0,0.0,0.0,0.0,0.0,0.0,0.11,0.27,-0.29,0.04,0.09,-0.39,0.61,0.71,0.27,-0.8,57.394936201985985
6126,信音,電子零組件業,1,-11.37,8.96,-0.65,0.32,30.8,-40.0,19.0,,,,-0.32,189.53,2225.43,32.1,0.0,0.33,0.32,1.1000000000000014,31.0,0.32,31.0,30.9,194.99,291.11,14.0,,,,,,,,,,,,,,0.0,0.0,0.0,22.0,0.02,,,,,0.02,0.0,0.0,0.0,0.0,0.0,0.0,0.04,0.18,-0.28,0.02,0.3,0.12,0.02,0.01,0.88,0.2,61.68007379493281
6127,九豪,電子零組件業,1,-20.07,25.11,8.6,-0.58,56.8,-240.0,3130.0,,,,9.86,16537.16,16537.16,56.8,-0.31,6.69,-0.58,0.0,56.8,1.16,52.3,51.7,6460.94,4105.46,-143.0,,,,,,,,,,,,,,0.0,0.0,0.0,10.0,0.01,,,,,2.9,0.0,0.0,0.0,0.0,0.0,0.0,1.24,2.29,-0.79,3.97,4.5,1.97,5.75,6.99,7.66,4.15,83.14384871929971
6128,上福,電腦及週邊設備業,1,-5.78,2.67,0.0,0.0,19.25,-1.0,0.0,,,,0.26,16.17,299.23,19.9,0.79,-0.78,0.0,0.6499999999999986,19.25,0.26,19.25,19.2,35.31,47.11,5.0,-3.0,0.0,0.0,0.0,0.0,0.0,0.0,0.0,0.0,,2.0,5.0,0.0,0.0,0.0,0.0,-4.0,-0.0,4.5,1.0,0.0,0.14,0.0,0.0,0.0,0.0,0.0,0.0,0.0,0.0,0.02,0.14,0.0,0.0,-0.16,0.07,0.04,-0.03,-0.69,49.98037139954347
6129,普誠,半導體業,1,-16.4,15.0,-0.34,1.71,14.7,65.0,-23.0,,,,-1.34,257.8,1001.64,15.55,-0.34,-0.68,1.71,0.6000000000000014,14.95,-1.01,14.75,14.9,135.99,410.8,116.0,,,,,,,,,,,,,,0.0,0.0,0.0,47.0,0.03,,,,,-0.01,0.0,0.0,0.0,0.0,0.0,0.0,-0.01,-0.28,-0.44,-0.01,-0.04,-0.31,-0.06,-0.15,0.17,-0.11,54.34545313466653
6130,星寶國際,生技醫療業,1,-15.64,2.37,-0.42,-0.21,23.55,-3.0,0.0,,,,-0.84,15.1,503.53,27.5,-1.27,1.71,-0.21,3.75,23.75,-0.42,23.65,23.75,79.02,155.11,5.0,,,,,,,,,,,,,,0.0,0.0,0.0,-4.0,-0.01,,,,,0.0,0.0,0.0,0.0,0.0,0.0,0.0,0.02,-0.05,0.05,-0.02,-0.11,-0.45,-0.09,-0.23,-0.93,-2.01,30.7141174355082
6133,金橋,電子零組件業,3,-29.68,42.2,-0.85,0.68,29.3,-1508.0,-168.0,,,,-1.01,10855.09,20089.11,31.0,-0.38,9.83,0.68,0.0,31.0,-0.17,29.55,29.6,9954.16,20089.11,-1304.0,-284.0,2.0,4.0,51.0,-9.0,22.0,51.0,36.0,51.0,-3.25,4.0,351.0,-137.0,0.0,0.0,0.0,-284.0,-0.24,6.37,0.0,0.0,0.4,-0.14,0.0,0.0,0.0,0.0,0.0,0.0,0.43,5.44,4.27,-0.05,2.73,1.99,1.42,2.12,3.96,6.14,72.50414022834576
6134,萬旭,電子零組件業,2,-8.24,5.98,-0.86,-0.34,28.95,-16.0,-5.0,,,,-0.86,166.6,287.08,30.35,1.21,0.17,-0.34,1.1000000000000014,29.25,0.0,29.2,29.2,53.37,170.17,22.0,,,,,,,,,,,,,,0.0,0.0,0.0,-5.0,-0.01,,,,,-0.01,0.0,0.0,0.0,0.0,0.0,0.0,0.11,0.28,0.28,-0.02,0.04,0.08,-0.14,-0.09,0.13,0.87,50.297779190383146
6136,富爾特,通信網路業,3,-4.94,5.2,0.0,0.4,25.25,33.0,29.0,,,,0.8,390.72,694.52,25.3,0.2,0.2,0.4,0.0,25.3,0.8,25.25,25.05,130.62,153.56,74.0,41.0,0.0,0.0,0.0,0.0,0.0,0.0,0.0,0.0,,1.0,-26.0,-10.0,0.0,0.0,0.0,41.0,0.04,3.95,0.0,0.0,0.15,0.03,0.0,0.0,0.0,0.0,0.0,0.0,0.16,0.28,0.4,0.08,0.1,0.11,0.25,0.35,0.5,0.57,74.39554784193317
6138,茂達,半導體業,1,-12.42,8.81,2.35,-1.43,283.5,-55.0,126.0,,,,2.72,686.0,986.42,298.0,1.64,-0.18,-1.43,14.0,284.0,0.36,277.0,276.0,400.39,336.25,-75.0,,,,,,,,,,,,,,0.0,0.0,1.1,165.0,0.22,,,,,0.17,0.07,0.05,0.04,3.0,4.0,4.0,0.32,0.53,-0.45,0.13,0.25,-0.68,5.2,7.85,7.62,-11.86,63.4658458751399
6139,亞翔,其他電子業,2,-9.51,10.5,-0.26,2.02,759.0,716.0,-737.0,,,,0.4,3014.46,4516.3,768.0,2.31,-2.79,2.02,0.0,768.0,0.66,761.0,756.0,3500.38,3371.1,814.0,-1024.0,3.0,11.0,-8.0,-1.0,17.0,11.0,16.0,11.0,-1.09,4.0,-22.0,141.0,-287.0,-0.12,5.87,-745.0,-0.32,22.02,8.0,0.0,0.78,-0.32,-0.37,-0.6,-0.9,0.0,1.0,1.0,-0.59,-0.85,-1.26,-0.6,-1.08,-2.5,11.8,28.5,29.85,-15.5,61.61037249264092
6140,訊達電腦,資訊服務業,2,-32.99,28.12,-0.5,-2.65,20.05,-74.0,-62.0,,,,-0.74,216.48,2657.8,23.95,-0.24,-2.12,-2.65,3.4499999999999993,20.5,-0.25,20.15,20.2,382.14,323.06,-34.0,,,,,,,,,,,,,,0.0,0.0,0.0,6.0,0.01,,,,,-0.13,0.0,0.0,0.0,0.0,0.0,0.0,-0.25,-0.17,-0.34,-0.89,-1.04,-0.64,-0.64,-1.19,0.94,2.11,48.179320239055045
6141,柏承,電子零組件業,3,-18.57,36.92,0.77,-3.54,52.2,-279.0,221.0,,,,0.77,1323.63,5149.16,58.7,0.0,2.12,-3.54,5.300000000000004,53.4,0.0,51.8,51.8,1437.52,1723.52,-102.0,316.0,0.0,0.0,0.0,0.0,0.0,0.0,0.0,0.0,,0.0,-1.0,0.0,0.0,0.0,0.0,316.0,0.28,4.76,0.0,0.0,0.62,0.19,0.0,0.0,0.0,0.0,0.0,0.0,-0.61,-0.68,-3.07,-0.64,-1.28,-4.7,0.1,1.25,1.01,8.48,57.276818612166515
6142,友勁,通信網路業,1,-13.37,10.72,-2.45,3.28,9.17,16.0,-169.0,,,,-2.86,734.39,1277.53,9.8,-0.33,0.0,3.28,0.40000000000000036,9.4,-0.42,9.4,9.44,262.97,1277.53,213.0,58.0,0.0,0.0,0.0,0.0,0.0,0.0,0.0,0.0,,0.0,0.0,0.0,0.0,0.0,0.0,54.0,0.02,3.45,4.0,0.0,0.93,-0.07,0.0,0.0,0.0,0.0,0.0,0.0,0.12,0.36,0.16,-0.05,0.04,0.0,0.01,0.12,0.31,-0.13,58.492226051389224
6143,振曜,通信網路業,1,-11.4,2.77,-0.86,0.12,80.6,17.0,-26.0,,,,-0.49,244.08,566.87,89.5,0.37,-0.61,0.12,8.0,81.5,0.37,81.3,81.0,173.45,183.74,19.0,,,,,,,,,,,,,,0.0,0.0,0.94,-44.0,-0.05,,,,,-0.03,0.0,0.0,0.0,0.0,0.0,0.0,0.05,-0.1,-0.96,-0.04,-0.14,-0.79,-0.46,-1.16,-2.45,-9.15,28.45628597033395
6144,得利影,文化創意業,1,-9.63,5.33,1.99,0.8,12.8,0.0,0.0,,,,1.99,12.33,29.3,13.5,-0.4,0.0,0.8,0.6500000000000004,12.85,0.0,12.55,12.55,8.01,6.21,0.0,,,,,,,,,,,,,,0.0,0.0,0.0,,,,,,,0.0,0.0,0.0,0.0,0.0,0.0,0.0,0.0,-0.01,-0.01,0.0,0.0,0.0,0.19,0.1,-0.16,-0.6,51.09730684941638
6146,耕興,其他電子業,1,-10.05,4.58,0.0,0.83,181.5,7.0,-7.0,,,,0.0,216.54,718.69,194.0,0.0,-0.55,0.83,11.5,182.5,0.0,181.5,181.5,154.37,205.82,57.0,,,,,,,,,,,,,,0.0,0.0,0.32,23.0,0.02,,,,,-0.01,0.0,0.0,0.0,0.0,0.0,0.0,0.18,0.3,-0.82,0.01,-0.32,-1.0,0.5,2.05,0.82,-7.21,55.31086749986344
6147,頎邦,半導體業,3,-26.61,49.34,6.37,-0.95,225.5,-2263.0,6589.0,,,,7.64,49562.84,73839.32,233.0,-0.47,-2.34,-0.95,6.0,227.0,1.19,212.0,209.5,20455.95,21118.6,-1227.0,,,,,,,,,,,,,,1224.0,0.16,4.88,1882.0,0.25,,,,,0.88,0.07,1.27,2.19,1.0,6.0,12.0,-0.03,-3.0,-1.99,0.15,-0.73,0.89,11.2,9.45,22.97,46.12,68.69720057680354
6148,驊宏資,資訊服務業,3,-34.56,43.68,-0.26,0.4,38.05,-99.0,-45.0,,,,-0.13,1091.38,21439.18,42.1,4.95,-1.79,0.4,3.450000000000003,38.65,0.13,38.15,38.1,1920.82,1367.6,-59.0,,,,,,,,,,,,,,0.0,0.0,0.0,16.0,0.03,,,,,-0.1,0.0,0.0,0.0,0.0,0.0,0.0,-0.28,-0.62,-0.29,-0.75,-2.72,0.15,-0.19,-0.22,3.9,7.54,61.62688383152257
6150,撼訊,電腦及週邊設備業,3,-15.88,20.52,8.37,2.25,69.9,92.0,393.0,,,,9.91,3244.28,3244.28,69.9,0.16,1.97,2.25,0.0,69.9,1.42,64.5,63.6,117.6,345.54,137.0,,,,,,,,,,,,,,0.0,0.0,0.0,-9.0,-0.02,,,,,0.81,0.0,0.0,0.0,0.0,0.0,0.0,0.28,0.42,0.31,1.02,1.18,1.41,6.44,7.49,8.38,10.09,87.1909094108985
6151,晉倫,其他電子業,1,-5.46,3.7,-1.0,0.0,34.65,-17.0,-11.0,,,,-0.29,94.34,172.97,35.7,0.0,-0.71,0.0,0.7000000000000028,35.0,0.72,35.0,34.75,103.27,118.04,17.0,,,,,,,,,,,,,,0.0,0.0,0.0,-38.0,-0.07,,,,,-0.02,0.0,0.0,0.0,0.0,0.0,0.0,-0.1,-0.27,-0.59,-0.08,-0.14,-0.35,-0.18,-0.21,-0.17,-1.05,40.18930118642996
6152,百一,通信網路業,3,-16.09,16.17,0.65,0.0,15.45,94.0,39.0,,,,0.98,1040.62,4618.37,15.85,-0.33,0.67,0.0,0.40000000000000036,15.45,0.33,15.35,15.3,588.88,947.65,497.0,207.0,0.0,0.0,0.0,0.0,0.0,0.0,0.0,0.0,,0.0,0.0,0.0,0.0,0.0,0.0,205.0,0.12,3.71,2.0,0.0,0.27,0.02,0.0,0.0,0.0,0.0,0.0,0.0,0.64,1.64,1.49,0.01,0.21,0.3,0.27,0.25,0.68,1.77,62.43439742711241
6153,嘉聯益,電子零組件業,2,-9.16,15.22,-2.2,2.25,17.8,560.0,-465.0,,,,-2.2,3966.84,3966.84,18.55,0.88,2.62,2.25,0.0,18.55,0.0,18.2,18.2,3119.14,3919.78,650.0,-746.0,1.0,6.0,-9.0,-12.0,-9.0,6.0,-20.0,6.0,-3.0,2.0,-16.0,166.0,0.0,0.0,0.0,-687.0,-0.12,9.68,-59.0,-0.01,0.42,-0.08,0.0,0.0,0.0,0.0,0.0,0.0,0.43,0.59,0.68,0.1,0.05,0.04,0.22,0.41,0.4,0.73,59.0363293641058
6154,順發,電子通路業,3,-3.5,4.38,-0.7,0.35,14.2,0.0,0.0,,,,0.0,42.59,54.8,14.3,0.0,-0.35,0.35,0.0,14.3,0.7,14.3,14.2,27.42,34.97,1.0,,,,,,,,,,,,,,0.0,0.0,0.0,-3.0,-0.0,,,,,0.0,0.0,0.0,0.0,0.0,0.0,0.0,0.01,0.01,0.01,0.0,0.0,0.0,0.01,0.06,0.14,0.34,63.61937194253397
6155,鈞寶,電子零組件業,2,-22.7,29.61,8.41,-2.62,69.6,-322.0,1787.0,,,,9.95,10413.04,10413.04,69.6,7.12,6.31,-2.62,0.0,69.6,1.42,64.2,63.3,7364.79,3733.21,-217.0,692.0,5.0,26.0,28.0,82.0,75.0,28.0,164.0,82.0,2.15,3.0,-187.0,640.0,0.0,0.0,0.21,696.0,0.79,8.4,-4.0,-0.0,0.27,2.04,0.0,0.0,0.0,0.0,0.0,0.0,0.08,0.76,1.04,1.47,1.83,2.05,6.94,10.1,11.75,10.92,85.05671889663651
6156,松上,電子零組件業,1,-11.63,13.16,-0.23,0.23,21.75,-21.0,-61.0,,,,-0.46,770.74,1456.68,22.35,0.96,3.1,0.23,0.0,22.35,-0.23,21.8,21.85,911.67,747.56,-8.0,,,,,,,,,,,,,,0.0,0.0,0.0,4.0,0.0,,,,,-0.06,0.0,0.0,0.0,0.0,0.0,0.0,0.15,0.59,0.38,0.04,0.05,-0.19,0.34,0.7,0.98,-0.33,72.7827605840675
6158,禾昌,電子零組件業,1,-9.54,6.81,0.29,-0.86,17.25,-1.0,1.0,,,,0.29,36.01,219.85,18.35,0.58,-0.58,-0.86,1.1000000000000014,17.25,0.0,17.2,17.2,14.92,89.33,13.0,,,,,,,,,,,,,,0.0,0.0,0.0,2.0,0.0,,,,,0.0,0.0,0.0,0.0,0.0,0.0,0.0,0.05,0.1,0.07,0.0,0.0,-0.0,-0.01,0.04,0.08,-0.06,57.126186588088295
6160,欣技,電腦及週邊設備業,1,-8.0,4.44,-1.42,-0.36,13.9,-8.0,0.0,,,,0.0,44.47,129.15,15.0,-1.42,0.0,-0.36,0.9000000000000004,14.1,1.44,14.1,13.9,39.27,60.85,-14.0,,,,,,,,,,,,,,0.0,0.0,0.0,-13.0,-0.02,,,,,0.0,0.0,0.0,0.0,0.0,0.0,0.0,-0.08,-0.08,-0.03,-0.05,-0.1,-0.14,-0.04,-0.24,-0.45,-0.82,23.517983792292497
6161,捷波,電腦及週邊設備業,2,-10.47,8.54,-2.14,2.79,50.3,59.0,-6.0,,,,-2.33,39.79,484.1,53.0,-1.5,-0.31,2.79,1.5,51.5,-0.19,51.4,51.5,59.66,208.1,4.0,,,,,,,,,,,,,,0.0,0.0,0.0,-12.0,-0.02,,,,,-0.01,0.0,0.0,0.0,0.0,0.0,0.0,0.02,0.14,-0.1,0.1,0.09,0.07,0.33,0.94,0.72,-0.4,55.99188502923444
6163,華電網,通信網路業,2,-12.87,12.93,-1.43,-0.71,41.4,-62.0,2.0,,,,-0.72,683.9,1561.18,43.5,0.73,0.24,-0.71,0.7000000000000028,42.8,0.72,42.0,41.7,484.16,1256.37,417.0,,,,,,,,,,,,,,0.0,0.0,0.0,-219.0,-0.16,,,,,0.0,0.0,0.0,0.0,0.0,0.0,0.0,0.37,0.95,1.06,-0.07,0.28,-0.32,-0.02,-0.07,0.48,-0.43,51.88273151779442
6164,華興,光電業,1,-14.67,14.93,-0.79,0.8,12.55,53.0,18.0,,,,-0.4,192.93,1339.43,12.95,0.82,1.22,0.8,0.25,12.7,0.4,12.65,12.6,254.36,534.84,209.0,21.0,0.0,0.0,0.0,0.0,0.0,0.0,0.0,0.0,,3.0,-14.0,5.0,0.0,0.0,0.01,21.0,0.02,5.17,0.0,0.0,0.21,0.02,0.0,0.0,0.0,0.0,0.0,0.0,0.33,0.66,0.12,0.08,0.01,-0.24,0.16,0.35,0.67,0.31,69.89059059092179
6165,浪凡,其他,2,-8.74,9.11,-1.78,1.01,49.6,157.0,23.0,,,,-0.8,284.32,3627.66,51.5,0.93,-0.2,1.01,0.6000000000000014,50.9,1.0,50.5,50.0,113.25,3627.66,216.0,0.0,2.0,1.0,0.0,-1.0,3.0,2.0,2.0,2.0,-2.0,1.0,-1999.0,-21.0,0.0,0.0,0.0,-3.0,-0.0,14.1,3.0,0.0,1.94,0.04,0.0,0.0,0.0,0.0,0.0,0.0,0.4,1.46,1.0,0.12,1.05,0.78,0.42,0.37,0.9,0.54,57.559516934569814
6166,凌華,電腦及週邊設備業,2,-25.09,24.19,-1.89,-4.32,130.0,-354.0,-157.0,,,,-2.26,1276.25,7119.23,143.5,4.35,2.27,-4.32,10.0,133.5,-0.38,132.5,133.0,5049.55,2569.35,-444.0,1.0,2.0,0.0,2.0,-3.0,11.0,11.0,-3.0,3.0,-inf,1.0,115.0,-9.0,0.0,0.0,0.0,2.0,0.0,19.51,-1.0,-0.0,0.3,-0.07,0.0,0.0,0.0,0.0,0.0,0.0,0.16,0.51,-0.72,0.12,0.82,-0.52,-1.3,5.5,10.6,3.12,64.38986098390437
6167,久正,光電業,1,-5.43,4.73,-0.97,0.49,10.25,9.0,16.0,,,,-0.49,194.47,348.27,10.5,0.0,-1.45,0.49,0.09999999999999964,10.4,0.49,10.35,10.3,178.93,201.29,33.0,,,,,,,,,,,,,,0.0,0.0,0.0,-14.0,-0.01,,,,,0.01,0.0,0.0,0.0,0.0,0.0,0.0,0.13,0.26,0.08,0.05,0.12,0.1,-0.04,-0.02,0.02,-0.34,47.64354378942991
6168,宏齊,光電業,3,-41.49,100.0,2.84,-2.79,47.0,-164.0,1222.0,,,,3.87,5130.48,68487.03,47.0,6.8,2.73,-2.79,0.0,47.0,0.99,45.7,45.25,5660.69,6398.42,426.0,1519.0,3.0,366.0,-73.0,46.0,-147.0,366.0,158.0,366.0,-0.87,4.0,-34.0,106.0,0.0,0.0,0.0,1515.0,0.74,14.57,4.0,0.0,1.06,0.59,0.0,0.0,0.0,0.0,0.0,0.0,0.4,11.33,11.48,0.27,9.92,9.97,2.47,5.43,11.7,18.25,83.87491085232395
6169,昱泉,文化創意業,1,-6.35,1.69,0.0,0.0,11.85,0.0,0.0,,,,-1.25,8.14,21.23,12.6,0.41,-0.83,0.0,0.5999999999999996,12.0,-1.25,11.85,12.0,10.36,2.02,0.0,,,,,,,,,,,,,,0.0,0.0,0.0,0.0,0.0,,,,,0.0,0.0,0.0,0.0,0.0,0.0,0.0,0.0,0.0,0.0,0.0,0.0,0.0,-0.15,-0.17,-0.26,-1.12,35.256300044734175
6170,統振,通信網路業,2,-3.15,3.69,0.82,-0.31,49.15,7.0,48.0,,,,1.03,166.65,468.48,49.2,1.15,0.83,-0.31,0.0,49.2,0.21,48.75,48.65,196.87,125.52,-55.0,,,,,,,,,,,,,,0.0,0.0,0.0,51.0,0.05,,,,,0.05,0.0,0.0,0.0,0.0,0.0,0.0,0.02,0.06,0.38,0.13,0.14,0.18,0.58,0.82,0.91,1.52,71.05266704028182
6171,大城地產,建材營造,3,-7.86,18.14,0.92,0.19,27.35,-30.0,-101.0,,,,2.24,455.01,455.01,27.35,-0.19,0.76,0.19,0.0,27.35,1.31,27.1,26.75,93.5,150.67,-11.0,,,,,,,,,,,,,,0.0,0.0,0.0,3.0,0.0,,,,,-0.1,0.0,0.0,0.0,0.0,0.0,0.0,-0.03,-0.02,-0.02,-0.15,-0.17,-0.18,0.64,1.08,1.2,2.69,80.5699717636364
6173,信昌電,電子零組件業,3,-28.25,66.75,5.4,-4.15,302.5,-1510.0,-1071.0,,,,4.85,31484.48,59856.6,331.0,1.32,-2.94,-4.15,15.0,316.0,-0.52,287.0,288.5,7033.17,11071.89,-623.0,,,,,,,,,,,,,,-359.0,-0.21,1.39,854.0,0.5,,,,,-0.62,-0.21,-0.16,0.08,0.0,2.0,6.0,-0.02,1.34,0.31,-1.73,-0.6,-0.84,3.0,-1.6,12.27,71.33,56.98119289607276
6174,安��,電子零組件業,2,-19.5,24.22,9.17,0.33,50.0,22.0,711.0,,,,9.89,1621.45,1621.45,50.0,0.9,0.22,0.33,0.0,50.0,0.66,45.8,45.5,1100.56,504.09,37.0,,,,,,,,,,,,,,0.0,0.0,0.0,312.0,0.62,,,,,1.42,0.0,0.0,0.0,0.0,0.0,0.0,1.11,2.23,2.02,1.27,2.17,2.05,3.99,4.8,6.0,4.24,81.43164313585443
6175,立敦,電子零組件業,1,-12.58,14.39,7.62,0.57,76.3,162.0,-776.0,,,,8.38,5535.78,5535.78,77.1,0.29,-0.72,0.57,0.0,77.1,0.71,70.9,70.4,257.53,513.31,259.0,,,,,,,,,,,,,,0.0,0.0,0.0,-1366.0,-0.95,,,,,-0.54,0.0,0.0,0.0,0.0,0.0,0.0,-0.84,-0.5,-0.34,-0.48,-0.39,-0.39,5.28,5.84,5.83,-2.19,78.03493218710057
6176,瑞儀,光電業,2,-8.63,4.66,-0.22,1.0,91.4,94.0,-167.0,,,,0.22,1062.27,5803.86,96.2,-1.08,-1.74,1.0,4.200000000000003,92.0,0.44,91.6,91.2,1403.22,1303.91,311.0,-98.0,0.0,0.0,0.0,0.0,-2.0,0.0,-2.0,0.0,,3.0,-18.0,20.0,0.0,0.0,2.26,-103.0,-0.02,24.47,5.0,0.0,12.94,-0.04,-0.01,-0.02,-0.02,0.0,0.0,1.0,-0.22,-0.41,-1.02,-0.22,-0.42,-0.92,-0.08,-1.11,-0.39,1.88,46.92293775258831
6177,達麗,建材營造,1,-8.73,2.61,-0.43,-0.96,46.65,-36.0,-120.0,,,,0.43,1612.61,3337.2,50.4,-0.65,0.11,-0.96,3.1999999999999957,47.2,0.86,46.85,46.45,620.88,654.6,-54.0,-455.0,0.0,0.0,0.0,0.0,0.0,0.0,0.0,0.0,,2.0,5.0,-5.0,-744.0,-0.18,0.69,284.0,0.07,8.1,5.0,0.0,1.46,-0.03,-0.19,-0.1,-0.14,1.0,6.0,12.0,-0.22,-0.27,-0.21,-0.2,-0.28,-0.33,0.24,-0.3,-0.7,-0.83,43.94745275224295
6179,亞通,其他,3,-31.5,40.15,-1.24,-3.97,35.95,-1551.0,-39.0,,,,-0.96,3451.49,42862.62,41.9,4.27,2.32,-3.97,4.899999999999999,37.0,0.28,36.4,36.3,7248.88,7550.98,-2254.0,,,,,,,,,,,,,,0.0,0.0,0.0,-3.0,-0.0,,,,,-0.04,0.0,0.0,0.0,0.0,0.0,0.0,-2.84,-8.33,-1.74,-2.21,-8.73,-2.16,-0.33,-1.21,0.8,6.45,50.05722097259517
6180,橘子,文化創意業,1,-5.72,4.08,0.97,0.73,41.65,41.0,87.0,,,,0.6,354.93,568.84,42.85,-0.12,1.23,0.73,0.8000000000000043,42.05,-0.36,41.25,41.4,235.46,235.02,47.0,,,,,,,,,,,,,,0.0,0.0,0.0,124.0,0.07,,,,,0.05,0.0,0.0,0.0,0.0,0.0,0.0,0.13,0.15,0.07,0.08,0.06,0.2,0.57,0.75,0.52,-0.53,67.04712747782689
6182,合晶,半導體業,2,-28.32,39.5,-4.41,8.13,130.0,17956.0,-33122.0,,,,-2.26,181249.65,181249.65,139.5,4.33,0.41,8.13,0.0,139.5,2.26,136.0,133.0,66757.69,157376.27,1671.0,,,,,,,,,,,,,,-1.0,-0.0,0.9,-16712.0,-3.08,,,,,-6.1,-0.0,-0.05,-0.03,0.0,0.0,1.0,-6.42,-0.12,-2.24,-4.89,1.09,-4.06,6.0,10.75,16.42,11.67,71.8476101041699
6183,關貿,資訊服務業,2,-3.85,2.56,1.43,0.33,92.3,0.0,0.0,,,,0.54,11.9,78.0,93.6,0.11,-0.88,0.33,1.2999999999999972,92.3,-0.87,91.0,91.8,78.0,33.48,7.0,2.0,0.0,0.0,0.0,0.0,0.0,0.0,0.0,0.0,,0.0,0.0,0.0,0.0,0.0,0.03,0.0,0.0,1.13,2.0,0.0,0.21,0.0,0.0,0.0,0.0,0.0,0.0,0.0,0.01,0.01,0.01,0.0,0.0,0.0,0.88,0.99,0.77,0.41,61.94029928301597
6184,大豐電,其他,1,-6.31,2.67,0.25,0.88,40.4,0.0,1.0,,,,0.25,32.76,791.99,42.0,-0.25,-0.5,0.88,1.6000000000000014,40.4,0.0,40.3,40.3,94.43,31.19,7.0,-4.0,0.0,-11.0,0.0,-19.0,-11.0,0.0,-30.0,0.0,0.73,2.0,-1.0,0.0,0.0,0.0,0.0,-4.0,-0.0,2.94,0.0,0.0,0.01,0.0,0.0,0.0,0.0,0.0,0.0,0.0,-0.02,0.04,0.08,-0.02,-0.13,-0.43,0.1,0.18,0.27,-1.15,54.59030321703977
6185,幃翔,電子零組件業,1,-6.56,4.96,0.4,0.4,12.6,-13.0,-10.0,,,,0.8,161.43,491.6,12.95,-1.19,-0.8,0.4,0.25,12.7,0.4,12.55,12.5,114.05,104.26,27.0,,,,,,,,,,,,,,0.0,0.0,0.0,20.0,0.01,,,,,-0.01,0.0,0.0,0.0,0.0,0.0,0.0,0.02,-0.01,-0.27,-0.08,-0.17,-0.43,0.1,0.1,0.01,-0.7,53.5743625101071
6186,新潤,建材營造,1,-12.84,1.21,-0.34,1.04,29.1,53.0,-20.0,,,,-0.17,177.46,3231.68,33.1,-0.68,0.0,1.04,3.900000000000002,29.2,0.17,29.2,29.15,356.2,294.35,128.0,,,,,,,,,,,,,,0.0,0.0,0.03,-66.0,-0.04,,,,,-0.01,0.0,0.0,0.0,0.0,0.0,0.0,-0.07,0.61,0.34,-0.29,-0.27,-0.68,0.01,-0.4,-0.97,-6.43,24.50197055864956
6187,萬潤,其他電子業,3,-17.77,15.22,-1.92,-4.73,1275.0,-638.0,-331.0,,,,-2.67,1700.27,5059.07,1435.0,-0.83,9.62,-4.73,110.0,1325.0,-0.76,1300.0,1310.0,3498.26,5059.07,-786.0,,,,,,,,,,,,,,-49.0,-0.06,12.78,-441.0,-0.52,,,,,-0.39,-0.41,-0.88,-0.77,1.0,3.0,9.0,-0.75,-1.34,-1.61,-0.48,-1.09,-1.88,16.0,32.5,3.75,104.32,53.97336586121032
6188,廣明,電腦及週邊設備業,1,-11.67,1.96,-0.32,0.49,62.1,68.0,-10.0,,,,0.0,336.56,1748.36,69.4,0.49,-0.65,0.49,6.900000000000006,62.5,0.32,62.3,62.1,480.73,664.21,304.0,,,,,,,,,,,,,,0.0,0.0,0.0,-18.0,-0.01,,,,,-0.0,0.0,0.0,0.0,0.0,0.0,0.0,0.01,-0.11,-0.52,-0.03,-0.13,-0.52,0.2,0.06,-1.18,-6.13,40.044773553015276
6189,豐藝,電子通路業,2,-9.09,10.0,-0.4,0.6,50.2,103.0,42.0,,,,-0.4,243.44,997.1,50.6,0.2,2.03,0.6,0.0,50.6,0.0,50.4,50.4,997.1,409.29,177.0,59.0,3.0,0.0,1.0,3.0,8.0,6.0,10.0,6.0,inf,0.0,-6.0,-3.0,0.0,0.0,0.55,55.0,0.03,11.11,4.0,0.0,0.17,0.02,0.0,0.0,0.0,1.0,1.0,1.0,0.67,0.98,1.01,0.5,0.64,0.48,0.38,1.44,2.21,1.85,76.87994360070736
6190,萬泰科,通信網路業,2,-9.52,11.87,0.0,0.43,71.2,681.0,279.0,,,,1.14,1571.1,4833.15,72.5,0.73,1.02,0.43,0.9000000000000057,71.6,1.14,71.2,70.4,1040.94,1974.58,823.0,,,,,,,,,,,,,,0.0,0.0,0.0,140.0,0.09,,,,,0.17,0.0,0.0,0.0,0.0,0.0,0.0,1.02,0.93,-0.35,0.78,0.27,-1.24,1.68,1.86,2.86,2.04,68.07788363529068
6191,精成科,電子零組件業,1,-4.96,6.57,0.0,0.84,84.3,205.0,250.0,,,,0.36,1084.59,1764.1,84.7,-0.6,0.97,0.84,0.29999999999999716,84.4,0.36,84.3,84.0,1039.1,1190.16,338.0,392.0,2.0,6.0,1.0,-48.0,9.0,7.0,-46.0,6.0,-9.0,1.0,-21.0,-78.0,-5.0,-0.0,5.99,399.0,0.08,4.9,-2.0,-0.0,0.13,0.05,-0.02,-0.01,0.0,0.0,2.0,11.0,0.17,0.29,0.39,0.07,0.19,0.19,1.0,1.09,1.58,-1.63,61.824378590355956
6192,巨路,其他電子業,1,-7.66,1.38,0.92,0.0,110.0,-16.0,-36.0,,,,0.46,130.79,298.02,117.5,-0.45,-0.9,0.0,7.5,110.0,-0.46,109.0,109.5,78.52,85.42,-26.0,-87.0,0.0,0.0,0.0,0.0,0.0,0.0,0.0,0.0,,3.0,3.0,2.0,0.0,0.0,0.03,-90.0,-0.09,23.34,3.0,0.0,1.76,-0.04,0.0,0.0,0.0,0.0,0.0,0.0,-0.19,-0.21,-0.62,-0.08,-0.15,-0.47,-0.1,-0.3,-1.95,-4.76,38.17440208460546
6194,育富,電子零組件業,1,-3.11,3.06,-0.66,-2.13,30.1,0.0,0.0,,,,0.84,28.03,159.29,30.55,0.0,-3.11,-2.13,0.25,30.3,1.51,30.3,29.85,159.29,42.01,6.0,,,,,,,,,,,,,,0.0,0.0,0.13,6.0,0.01,,,,,0.0,0.0,0.0,0.0,0.0,0.0,0.0,0.07,0.1,0.09,0.0,0.0,0.0,-0.03,-0.13,0.05,0.05,49.550405450023526
6195,詩肯,貿易百貨,3,-4.41,4.24,-0.18,-0.35,28.2,0.0,0.0,,,,-0.18,10.06,93.34,28.35,0.36,0.71,-0.35,0.10000000000000142,28.25,0.0,28.25,28.25,21.75,10.98,-1.0,,,,,,,,,,,,,,0.0,0.0,0.0,0.0,0.0,,,,,0.0,0.0,0.0,0.0,0.0,0.0,0.0,0.0,0.0,0.0,0.0,0.0,0.0,0.03,0.23,0.32,0.72,65.49680048767695
6196,帆宣,其他電子業,3,-18.27,30.16,2.38,5.98,602.0,1005.0,456.0,,,,2.91,1948.83,3685.32,602.0,2.91,-3.72,5.98,0.0,602.0,0.51,588.0,585.0,1880.52,2989.32,1128.0,531.0,2.0,5.0,-1.0,5.0,-10.0,5.0,-2.0,5.0,0.0,3.0,-10.0,71.0,0.0,0.0,0.56,530.0,0.26,22.49,1.0,0.0,0.08,0.23,0.0,-0.03,-0.11,0.0,2.0,9.0,0.87,0.97,2.12,0.69,0.76,0.87,33.0,52.8,70.25,83.61,76.77057164158906
6197,佳必琪,電子零組件業,2,-12.44,16.73,0.92,0.93,330.0,197.0,94.0,,,,1.23,1809.54,6629.88,333.5,1.11,-0.31,0.93,2.0,331.5,0.31,327.0,326.0,683.76,1635.77,215.0,187.0,3.0,34.0,1.0,7.0,14.0,34.0,33.0,34.0,-0.79,2.0,-19.0,-75.0,151.0,0.12,0.13,43.0,0.04,5.11,-7.0,-0.01,0.51,0.08,0.12,0.11,0.02,1.0,1.0,1.0,0.37,0.87,-1.67,0.37,0.66,-1.96,7.7,12.9,20.02,20.23,74.19287209084561
6198,凌泰,半導體業,3,-3.72,,,0.0,,,,,,,,0.0,46.0,20.15,0.0,,0.0,,,,,20.05,0.0,1.0,0.0,,,,,,,,,,,,,,0.0,0.0,0.0,,,,,,,,0.0,0.0,0.0,0.0,0.0,0.0,0.0,0.0,0.01,,,,,,,,
6199,天品,其他,3,-30.12,43.1,0.39,1.19,128.0,-19.0,110.0,,,,0.39,6611.39,8110.68,128.5,1.64,1.61,1.19,0.0,128.5,0.0,127.5,127.5,7899.78,6641.21,-23.0,,,,,,,,,,,,,,0.0,0.0,0.0,22.0,0.04,,,,,0.18,0.0,0.0,0.0,0.0,0.0,0.0,0.52,0.5,-0.06,0.31,1.23,1.68,2.5,10.1,20.3,26.55,98.59577011511817
6201,亞弘電,其他電子業,1,-9.91,1.25,0.11,-0.45,44.55,0.0,0.0,,,,-0.11,22.38,80.8,48.95,0.56,-1.12,-0.45,4.400000000000006,44.55,-0.22,44.5,44.6,47.98,12.42,6.0,-11.0,0.0,0.0,0.0,0.0,0.0,0.0,0.0,0.0,,1.0,0.0,-1.0,0.0,0.0,0.0,-12.0,-0.01,1.14,1.0,0.0,0.06,0.0,0.0,0.0,0.0,0.0,0.0,0.0,0.0,-0.02,-0.04,-0.01,-0.02,-0.02,0.05,-0.25,-0.2,-1.68,46.54402517316812
6202,盛群,半導體業,2,-11.86,13.46,2.56,-0.51,60.1,-116.0,-125.0,,,,2.56,3638.96,3638.96,60.7,-1.36,0.34,-0.51,0.0,60.7,0.0,58.6,58.6,694.31,1071.21,-268.0,-311.0,2.0,0.0,-3.0,2.0,2.0,3.0,1.0,2.0,inf,3.0,166.0,213.0,0.0,0.0,0.57,-331.0,-0.15,16.71,20.0,0.01,0.36,-0.06,0.02,0.02,-0.08,3.0,3.0,3.0,-0.06,0.28,0.06,0.01,0.13,-0.15,1.24,2.68,3.01,1.44,72.41814541377458
6203,海韻電,電子零組件業,1,-2.95,1.86,0.5,0.67,60.3,5.0,4.0,,,,0.5,57.69,117.13,61.0,-0.5,0.5,0.67,0.7000000000000028,60.3,0.0,60.0,60.0,59.57,88.82,43.0,,,,,,,,,,,,,,0.0,0.0,0.86,11.0,0.01,,,,,0.0,0.0,0.0,0.0,0.0,0.0,0.0,0.12,0.13,0.25,0.01,-0.01,-0.02,0.36,0.51,0.33,-1.61,61.78623645074303
6204,艾華,電子零組件業,3,-29.75,43.23,-0.48,-1.9,104.5,-60.0,7.0,,,,1.46,525.83,1725.03,120.0,9.69,-4.19,-1.9,10.0,110.0,1.94,105.0,103.0,634.48,349.83,-56.0,,,,,,,,,,,,,,0.0,0.0,0.0,-12.0,-0.05,,,,,0.03,0.0,0.0,0.0,0.0,0.0,0.0,-0.36,0.38,-0.3,-0.25,-0.29,-0.68,1.3,1.68,8.41,18.35,59.81171909561453
6205,詮欣,電子零組件業,3,-23.57,25.59,1.41,-0.28,71.8,-144.0,177.0,,,,0.7,1310.19,11480.66,78.5,2.22,-3.4,-0.28,4.400000000000006,74.1,-0.7,70.8,71.3,2134.38,1504.8,-17.0,212.0,2.0,4.0,-6.0,-2.0,35.0,39.0,30.0,39.0,-1.5,2.0,-75.0,-38.0,0.0,0.0,0.0,211.0,0.26,2.11,1.0,0.0,0.12,0.22,0.0,0.0,0.0,0.0,0.0,0.0,-1.56,-1.77,-1.73,-1.5,-1.67,-1.9,-0.16,3.41,5.65,8.01,63.92088182335517
6206,飛捷,電腦及週邊設備業,2,-8.62,5.66,-0.36,-2.45,139.0,-319.0,-55.0,,,,-0.36,281.46,1817.2,145.0,0.0,2.88,-2.45,5.0,140.0,0.0,139.5,139.5,1288.18,858.98,-411.0,-104.0,1.0,-6.0,3.0,-3.0,-7.0,3.0,-8.0,3.0,-0.5,1.0,29.0,-6.0,0.0,0.0,1.06,-100.0,-0.07,19.89,-4.0,-0.0,0.48,-0.04,0.0,0.0,0.4,0.0,0.0,4.0,0.01,0.24,0.34,-0.1,0.01,0.25,-0.9,-1.0,0.78,2.68,48.33378883871568
6207,雷科,電子零組件業,3,-34.81,64.24,-5.23,7.09,145.0,2011.0,-3681.0,,,,-3.97,38259.59,38259.59,158.0,9.65,10.0,7.09,0.0,158.0,1.32,153.0,151.0,23196.28,20816.51,-1668.0,,,,,,,,,,,,,,0.0,0.0,0.0,1978.0,2.48,,,,,-4.62,0.0,0.0,0.0,0.0,0.0,0.0,2.87,2.81,-2.7,4.74,5.03,0.78,10.5,20.65,27.58,30.65,75.91009881867684
6208,日揚,電子零組件業,1,-12.32,11.96,3.25,0.8,79.5,10.0,53.0,,,,4.61,471.85,776.23,82.0,-0.93,0.4,0.8,1.5,80.5,1.32,77.0,76.0,100.87,112.51,34.0,,,,,,,,,,,,,,0.0,0.0,0.0,31.0,0.03,,,,,0.04,0.0,0.0,0.0,0.0,0.0,0.0,0.15,0.27,-0.05,0.07,0.11,-0.05,3.62,4.33,4.03,-1.15,71.75377046075741
6209,今國光,光電業,3,-14.92,27.74,0.85,-0.12,82.7,-654.0,929.0,,,,1.22,9114.04,33317.7,88.5,2.44,2.0,-0.12,4.700000000000003,83.8,0.37,82.0,81.7,10707.26,7141.01,-1150.0,1102.0,4.0,76.0,5.0,20.0,217.0,167.0,264.0,167.0,-0.74,4.0,221.0,256.0,0.0,0.0,0.0,1111.0,0.64,2.64,-9.0,-0.01,0.32,0.53,0.0,0.0,0.0,0.0,0.0,0.0,1.26,0.98,-0.8,1.31,1.16,-0.51,1.94,2.86,3.0,8.09,65.59123492659987
6210,慶生,電子零組件業,2,-11.08,12.46,0.0,1.99,17.9,4.0,0.0,,,,0.0,12.22,37.6,18.5,2.3,-0.28,1.99,0.0,18.5,0.0,17.9,17.9,9.12,21.16,0.0,,,,,,,,,,,,,,0.0,0.0,0.0,4.0,0.01,,,,,0.0,0.0,0.0,0.0,0.0,0.0,0.0,-0.01,-0.01,0.04,0.01,0.01,-0.01,0.15,0.36,0.33,-0.15,61.74637203763723
6212,理銘,建材營造,2,-12.59,7.32,0.0,,32.25,0.0,0.0,,,,,1.0,9.03,34.95,-1.23,4.83,,2.700000000000003,32.25,,32.25,,4.1,0.02,0.0,,,,,,,,,,,,,,0.0,0.0,0.0,,,,,,,0.0,0.0,0.0,0.0,0.0,0.0,0.0,0.0,0.0,0.0,0.0,0.0,0.0,-0.38,-0.24,0.02,1.84,50.68247574018981
6213,聯茂,電子零組件業,3,-25.73,37.83,3.05,-0.16,642.0,-1127.0,1430.0,,,,3.05,14504.83,37381.13,649.0,9.98,4.2,-0.16,6.0,643.0,0.0,623.0,623.0,27479.01,23589.42,-589.0,1535.0,2.0,-30.0,-9.0,59.0,27.0,105.0,100.0,105.0,-2.97,2.0,-292.0,-246.0,373.0,0.1,2.91,1126.0,0.31,21.32,36.0,0.01,1.46,0.39,0.45,0.91,0.96,5.0,9.0,18.0,0.49,0.01,-0.33,0.66,0.1,-0.6,37.8,76.4,100.55,191.44,81.4129223146394
6214,精誠,資訊服務業,3,-6.92,8.6,0.53,0.0,189.0,194.0,170.0,,,,0.53,732.13,3389.45,195.0,0.26,-0.79,0.0,5.5,189.5,0.0,188.0,188.0,879.1,1783.74,-35.0,322.0,0.0,-1.0,-6.0,0.0,-8.0,0.0,-8.0,0.0,-1.0,2.0,40.0,-64.0,0.0,0.0,1.73,322.0,0.12,17.86,0.0,0.0,0.37,0.06,-0.01,-0.01,0.01,2.0,3.0,7.0,0.33,0.68,1.22,0.44,0.66,1.5,-0.3,-1.7,0.53,22.7,50.422883159297676
6215,和椿,其他電子業,2,-9.95,4.81,-0.92,-0.91,97.1,-5.0,-61.0,,,,-0.61,269.46,2082.84,105.5,-0.51,0.41,-0.91,7.5,98.0,0.31,98.0,97.7,178.68,254.51,83.0,-70.0,0.0,0.0,-3.0,-4.0,-14.0,2.0,-20.0,0.0,-inf,1.0,-28.0,-18.0,0.0,0.0,0.0,-70.0,-0.08,7.14,-0.0,-0.0,1.05,-0.07,0.0,0.0,0.0,0.0,0.0,0.0,0.01,0.19,-0.03,-0.18,-0.01,-0.34,-0.12,-0.48,-0.6,-1.72,45.56682481898974
6216,居易,通信網路業,1,-6.78,3.12,-0.5,1.79,19.75,-2.0,-11.0,,,,-1.0,60.63,536.09,20.65,0.0,-0.26,1.79,0.7999999999999972,19.85,-0.5,19.85,19.95,49.83,94.74,6.0,-20.0,0.0,-15.0,0.0,0.0,-15.0,0.0,-15.0,0.0,-1.0,1.0,-6.0,2.0,0.0,0.0,0.0,-20.0,-0.02,2.72,0.0,0.0,0.16,-0.01,0.0,0.0,0.0,0.0,0.0,0.0,-0.03,0.08,-0.01,-0.01,-0.07,-0.45,0.09,0.18,-0.07,-1.54,49.6967556470324
6217,中探針,電子零組件業,2,-25.89,28.37,-1.41,2.02,174.5,426.0,-37.0,,,,-1.13,2672.98,16892.69,210.5,1.49,1.76,2.02,29.5,181.0,0.28,177.0,176.5,1754.83,3169.32,631.0,,,,,,,,,,,,,,0.0,0.0,0.0,-55.0,-0.06,,,,,-0.04,0.0,0.0,0.0,0.0,0.0,0.0,0.78,-0.44,-2.43,0.43,-0.59,-5.56,2.2,3.15,0.15,2.95,54.80432732419264
6218,豪勉,通信網路業,3,-39.86,70.35,1.29,-2.21,62.8,-183.0,-10.0,,,,1.45,1155.72,24670.04,69.0,3.75,-0.63,-2.21,5.799999999999997,63.2,0.16,62.0,61.9,1449.27,1279.33,-341.0,,,,,,,,,,,,,,0.0,0.0,0.0,56.0,0.09,,,,,-0.02,0.0,0.0,0.0,0.0,0.0,0.0,-1.0,-0.25,3.71,-0.36,-1.82,3.22,0.24,1.48,9.56,21.12,67.42486965913079
6219,富旺,建材營造,1,-8.85,4.22,1.65,0.83,12.35,5.0,7.0,,,,1.23,123.05,269.55,13.0,0.0,0.83,0.83,0.6500000000000004,12.35,-0.41,12.15,12.2,82.06,84.29,0.0,,,,,,,,,,,,,,0.0,0.0,0.0,3.0,0.0,,,,,0.01,0.0,0.0,0.0,0.0,0.0,0.0,-0.04,-0.08,-0.19,0.01,0.01,0.02,0.19,0.2,0.18,-0.08,66.03136637801754
6220,岳豐科技,電子零組件業,1,-4.8,2.42,0.4,0.0,25.3,-8.0,-4.0,,,,0.4,93.5,240.3,26.05,0.6,0.0,0.0,0.6500000000000021,25.4,0.0,25.2,25.2,122.16,71.68,9.0,,,,,,,,,,,,,,0.0,0.0,0.0,35.0,0.02,,,,,-0.0,0.0,0.0,0.0,0.0,0.0,0.0,0.03,0.04,-0.11,-0.02,-0.06,-0.06,0.08,0.1,-0.12,-1.73,49.281703968137506
6221,晉泰,資訊服務業,3,-38.05,55.95,-0.32,-2.36,30.95,-157.0,-43.0,,,,-0.16,1572.15,7539.45,33.9,1.9,2.02,-2.36,1.1499999999999986,32.75,0.16,31.05,31.0,1156.98,2259.92,188.0,,,,,,,,,,,,,,0.0,0.0,0.0,-58.0,-0.06,,,,,-0.04,0.0,0.0,0.0,0.0,0.0,0.0,0.18,0.61,0.55,-0.09,-0.56,0.15,-0.77,0.01,4.16,7.53,63.61167815655764
6222,上揚,光電業,3,-12.71,,,-0.52,,,,,,,,0.0,55.0,20.85,0.27,2.17,-0.52,,,,,19.3,1.0,6.02,0.0,,,,,,,,,,,,,,0.0,0.0,0.0,,,,,,,,0.0,0.0,0.0,0.0,0.0,0.0,0.0,0.01,0.01,,,,,,,,
6223,旺矽,半導體業,1,-17.57,9.62,-1.95,-2.84,5030.0,-158.0,-272.0,,,,-1.85,1122.18,2298.3,6060.0,-3.65,-4.25,-2.84,875.0,5185.0,0.1,5130.0,5125.0,1127.01,1044.73,-201.0,,,,,,,,,,,,,,-558.0,-0.59,21.58,278.0,0.3,,,,,-0.29,-1.67,-2.81,-2.49,0.0,2.0,8.0,1.03,1.59,1.76,-0.6,-1.08,-0.84,-245.0,-381.5,-409.0,-671.25,33.38886780620622
6224,聚鼎,電子零組件業,3,-19.72,32.43,2.64,-4.14,81.7,-277.0,134.0,,,,3.68,1382.13,7047.77,92.8,0.0,-1.22,-4.14,9.899999999999991,82.9,1.02,79.6,78.8,704.38,897.15,-176.0,395.0,5.0,32.0,4.0,38.0,21.0,32.0,85.0,38.0,0.19,0.0,-51.0,-67.0,0.0,0.0,0.0,394.0,0.46,11.12,1.0,0.0,0.33,0.16,0.0,0.0,0.0,0.0,0.0,0.0,0.76,1.6,3.01,-0.05,-0.02,1.72,0.48,-2.41,-3.09,10.76,45.43607293215118
6225,天瀚,光電業,3,-48.0,60.82,0.0,1.33,66.9,71.0,49.0,,,,9.85,168.04,2846.6,80.0,9.09,9.92,1.33,13.099999999999994,66.9,9.85,66.9,60.9,800.32,195.8,36.0,79.0,0.0,0.0,0.0,0.0,0.0,0.0,0.0,0.0,,0.0,0.0,0.0,0.0,0.0,0.0,20.0,0.1,4.2,59.0,0.29,0.29,0.24,0.0,0.0,0.0,0.0,0.0,0.0,1.34,1.35,1.47,6.01,5.08,4.86,10.94,10.04,6.04,22.44,65.72922198956695
6226,光鼎,光電業,3,-38.75,128.57,7.74,-0.99,48.0,-211.0,367.0,,,,6.43,4543.12,127853.9,48.0,3.04,3.52,-0.99,0.0,48.0,-1.22,44.55,45.1,2182.11,2207.4,-640.0,-494.0,0.0,-80.0,-136.0,-6.0,-909.0,-80.0,-714.0,-6.0,-0.92,2.0,173.0,149.0,0.0,0.0,0.24,-492.0,-0.42,12.34,-2.0,-0.0,1.1,0.31,0.0,0.0,0.0,0.0,0.0,0.0,-1.37,3.66,2.48,0.51,1.41,3.86,2.93,3.65,9.66,19.88,77.41571992681631
6227,茂綸,電子通路業,3,-23.71,27.78,2.62,-2.94,137.0,-199.0,122.0,,,,3.79,1126.72,4911.47,145.5,0.74,0.37,-2.94,7.5,138.0,1.14,133.5,132.0,740.85,936.86,-280.0,,,,,,,,,,,,,,0.0,0.0,0.0,148.0,0.19,,,,,0.16,0.0,0.0,0.0,0.0,0.0,0.0,0.15,0.86,3.18,-0.01,-0.1,1.94,2.0,2.55,10.47,16.55,65.70998985240864
6228,全譜,電腦及週邊設備業,2,-20.87,12.27,-0.55,-8.74,18.15,0.0,0.0,,,,-3.46,9.2,58.38,20.6,10.0,5.88,-8.74,2.3000000000000007,18.3,-2.93,18.25,18.8,58.38,28.33,-5.0,,,,,,,,,,,,,,0.0,0.0,0.0,-1.0,-0.0,,,,,0.0,0.0,0.0,0.0,0.0,0.0,0.0,-0.03,-0.03,-0.03,-0.05,-0.05,-0.05,-0.34,0.15,0.15,0.02,51.49509296598506
6229,研通,半導體業,2,-7.94,7.52,-0.21,1.04,24.15,0.0,3.0,,,,-0.21,77.2,192.42,24.55,0.0,1.27,1.04,0.25,24.3,0.0,24.2,24.2,192.42,128.28,-10.0,,,,,,,,,,,,,,0.0,0.0,0.0,13.0,0.04,,,,,0.01,0.0,0.0,0.0,0.0,0.0,0.0,0.09,0.08,0.13,0.02,0.03,0.03,0.2,0.43,0.5,0.28,72.73228572238155
6230,尼得科超眾,電腦及週邊設備業,2,-11.34,6.22,0.0,-0.44,111.0,0.0,-9.0,,,,-1.77,37.94,396.68,119.0,1.35,-1.33,-0.44,8.0,111.0,-1.77,111.0,113.0,39.4,32.2,2.0,7.0,0.0,0.0,0.0,0.0,0.0,0.0,0.0,0.0,,1.0,-3.0,-1.0,0.0,0.0,0.0,7.0,0.01,87.13,0.0,0.0,1.7,-0.01,0.0,0.0,0.0,0.0,0.0,0.0,0.0,0.01,0.02,-0.01,-0.0,-0.05,-1.0,-0.65,0.42,-0.59,48.671286043762485
6231,系微,資訊服務業,2,-16.56,17.65,0.85,-2.29,237.0,-55.0,-4.0,,,,0.85,189.19,1080.04,244.5,4.44,2.55,-2.29,4.5,240.0,0.0,235.0,235.0,621.79,424.04,-45.0,,,,,,,,,,,,,,0.0,0.0,0.79,14.0,0.04,,,,,-0.01,0.0,0.0,0.0,0.0,0.0,0.0,0.05,0.7,-1.23,0.24,0.74,-0.88,2.4,10.3,16.07,12.06,67.5155612910255
6233,旺玖,半導體業,2,-18.37,22.5,-1.05,4.59,23.55,123.0,31.0,,,,3.29,515.05,515.05,24.5,-0.23,2.11,4.59,0.0,24.5,4.39,23.8,22.8,114.08,314.98,97.0,,,,,,,,,,,,,,0.0,0.0,0.0,-75.0,-0.09,,,,,0.04,0.0,0.0,0.0,0.0,0.0,0.0,0.06,0.08,-0.09,0.25,0.27,0.1,1.37,2.07,2.56,1.98,88.46898375508442
6234,高僑,光電業,2,-22.9,24.81,-0.88,1.92,39.55,-33.0,-197.0,,,,-0.5,1206.44,3355.07,42.35,-0.92,2.77,1.92,1.6000000000000014,40.75,0.38,39.9,39.75,1021.65,1424.99,373.0,,,,,,,,,,,,,,0.0,0.0,0.0,-225.0,-0.22,,,,,-0.2,0.0,0.0,0.0,0.0,0.0,0.0,0.13,-0.41,-0.47,-0.43,-0.26,-0.39,0.7,1.19,3.12,2.9,62.001910822282156
6235,華孚,電腦及週邊設備業,2,-7.85,5.38,0.64,0.9,39.15,45.0,0.0,,,,0.13,205.16,823.55,40.75,-3.01,0.39,0.9,1.5499999999999972,39.2,-0.51,38.9,39.1,229.68,231.48,136.0,98.0,0.0,0.0,-1.0,0.0,-4.0,0.0,-4.0,0.0,,2.0,-12.0,-27.0,0.0,0.0,0.0,99.0,0.05,3.54,-1.0,-0.0,0.44,0.0,0.0,0.0,0.0,0.0,0.0,0.0,0.18,0.36,0.54,0.01,0.05,0.14,0.01,0.5,0.5,0.04,58.11542967311557
6236,康呈,其他,3,-24.61,32.64,-2.09,-2.89,18.7,,,,,,1.08,2.0,11.41,19.1,3.18,3.36,-2.89,0.0,19.1,3.24,19.1,18.5,1.0,2.04,0.0,,,,,,,,,,,,,,0.0,0.0,0.0,,,,,,,,0.0,0.0,0.0,0.0,0.0,0.0,0.0,0.0,0.0,,,,0.54,1.07,1.07,1.76,58.09844838392131
6237,驊訊,半導體業,2,-15.15,17.89,0.68,0.69,36.75,-20.0,-119.0,,,,0.68,767.91,2457.99,38.95,-1.07,-2.16,0.69,0.4000000000000057,38.55,0.0,36.5,36.5,418.12,248.13,21.0,,,,,,,,,,,,,,0.0,0.0,0.0,-169.0,-0.21,,,,,-0.15,0.0,0.0,0.0,0.0,0.0,0.0,-0.83,-0.64,-0.76,-0.62,-0.63,-0.85,-0.02,1.38,1.91,1.61,66.16577907367048
6239,力成,半導體業,2,-13.25,14.9,0.86,1.58,292.5,2237.0,-301.0,,,,1.04,7278.59,27709.33,302.0,0.17,-2.09,1.58,9.0,293.0,0.17,290.0,289.5,6785.49,14456.58,2231.0,-108.0,1.0,15.0,-18.0,-2.0,-34.0,15.0,-37.0,15.0,-1.13,2.0,-230.0,557.0,72.0,0.01,7.02,-439.0,-0.06,32.16,259.0,0.03,3.07,-0.04,0.01,-0.88,-1.06,3.0,3.0,3.0,-0.51,0.95,0.32,-0.42,0.91,0.13,5.2,7.1,11.7,13.4,63.79933841066039
6240,松崗,其他,3,-24.6,29.68,-0.39,0.2,25.3,0.0,0.0,,,,-0.98,23.15,536.84,28.25,6.72,-2.67,0.2,2.25,26.0,-0.59,25.4,25.55,26.41,33.2,4.0,,,,,,,,,,,,,,0.0,0.0,0.0,0.0,0.0,,,,,0.0,0.0,0.0,0.0,0.0,0.0,0.0,-0.03,-0.03,0.04,0.01,0.08,-0.02,-0.12,0.29,0.73,3.88,57.58154034648692
6241,易通展,通信網路業,2,-14.29,9.67,0.94,4.82,16.15,0.0,0.0,,,,-0.92,38.06,238.88,17.5,0.0,0.65,4.82,1.0500000000000007,16.45,-1.84,16.0,16.3,58.1,124.85,24.0,,,,,,,,,,,,,,0.0,0.0,0.0,-16.0,-0.03,,,,,0.0,0.0,0.0,0.0,0.0,0.0,0.0,0.37,0.5,0.26,-0.03,-0.12,-0.24,0.37,0.41,0.32,0.08,59.748436042793685
6242,立康,生技醫療業,3,-2.32,,,-1.3,,0.0,0.0,,,,,0.3,12.36,34.5,0.44,0.0,-1.3,,,,,34.05,1.22,6.42,0.0,,,,,,,,,,,,,,0.0,0.0,0.0,,,,,,,0.0,0.0,0.0,0.0,0.0,0.0,0.0,0.0,0.0,0.0,0.0,0.0,0.0,,,,,
6243,迅杰,半導體業,1,-12.64,14.46,2.66,0.77,40.55,32.0,63.0,,,,2.66,943.42,1765.18,41.55,-4.24,-1.27,0.77,0.0,41.55,0.0,39.5,39.5,362.42,400.56,54.0,56.0,2.0,-3.0,-2.0,3.0,6.0,28.0,8.0,28.0,-2.0,3.0,27.0,36.0,0.0,0.0,0.01,57.0,0.15,2.19,-1.0,-0.0,0.74,0.17,0.0,0.0,0.0,0.0,0.0,0.0,-0.23,0.17,0.7,-0.4,-0.21,-0.53,0.59,1.75,2.12,-2.37,62.17713380937088
6244,茂迪,光電業,2,-13.55,13.13,-2.85,6.14,23.85,915.0,-1859.0,,,,-4.79,4450.27,10936.45,25.1,-0.21,-0.21,6.14,0.5500000000000007,24.55,-2.0,24.55,25.05,1830.22,10341.68,1102.0,,,,,,,,,,,,,,0.0,0.0,0.0,-1970.0,-0.51,,,,,-0.48,0.0,0.0,0.0,0.0,0.0,0.0,-0.2,-1.08,-1.43,-0.27,-0.92,-1.26,-0.06,0.38,0.72,-0.34,54.25466647636123
6245,立端,通信網路業,3,-16.0,16.03,0.0,-1.24,88.3,-86.0,13.0,,,,0.57,447.12,3293.17,90.6,1.3,3.5,-1.24,2.299999999999997,88.3,0.57,88.3,87.8,1247.21,999.9,-207.0,,,,,,,,,,,,,,0.0,0.0,0.14,-42.0,-0.03,,,,,0.01,0.0,0.0,0.0,0.0,0.0,0.0,0.34,1.09,2.01,0.17,0.71,1.29,1.28,2.04,4.85,6.05,63.89070196114891
6246,臺龍,光電業,1,-10.07,7.5,-1.55,-2.65,12.7,0.0,0.0,,,,-1.17,13.04,308.98,13.9,-1.54,0.78,-2.65,1.0,12.9,0.39,12.9,12.85,12.17,26.03,-3.0,,,,,,,,,,,,,,0.0,0.0,0.0,-4.0,-0.01,,,,,0.0,0.0,0.0,0.0,0.0,0.0,0.0,-0.03,-0.03,-0.09,0.0,0.0,0.07,-0.15,-0.1,-0.16,-0.29,44.10490615642951
6247,淇譽電,其他電子業,3,,,,,,,,,,,,,,,,,,,,,,,,,,,,,,,,,,,,,,,,,,,,,,,,,,,,,,,,,,,,,,,,,
6248,沛波,鋼鐵工業,2,-4.61,4.83,-0.58,0.88,17.25,4.0,3.0,,,,0.58,75.1,212.76,17.35,0.3,0.3,0.88,0.0,17.35,1.17,17.35,17.15,47.96,86.84,25.0,,,,,,,,,,,,,,0.0,0.0,0.0,-5.0,-0.01,,,,,0.0,0.0,0.0,0.0,0.0,0.0,0.0,0.06,0.11,0.16,-0.0,-0.07,-0.22,0.29,0.36,0.36,-0.2,77.46431792893203
6251,定穎,電子零組件業,3,,,,,,,,,,,,,,,,,,,,,,,,,,,,,,,,,,,,,,,,,,,,,,,,,,,,,,,,,,,,,,,,,
6257,矽格,半導體業,3,-22.43,36.32,2.19,6.28,256.5,4833.0,-186.0,,,,0.98,10058.6,36538.86,263.0,-1.62,-2.67,6.28,4.0,259.0,-1.18,251.0,254.0,6304.39,21848.8,3382.0,-292.0,2.0,33.0,-24.0,-5.0,-27.0,33.0,-36.0,33.0,-1.15,3.0,1335.0,-195.0,682.0,0.15,3.54,-1239.0,-0.27,33.74,265.0,0.06,0.74,-0.04,0.17,0.02,0.02,3.0,5.0,9.0,-0.71,6.16,4.32,0.09,6.41,4.71,9.1,15.15,29.93,39.93,73.24484918851462
6259,百徽,電子零組件業,1,-14.88,17.48,4.26,2.2,31.8,50.0,106.0,,,,5.12,821.8,821.8,32.6,0.34,0.51,2.2,0.0,32.6,0.83,30.5,30.25,74.83,185.19,-13.0,,,,,,,,,,,,,,0.0,0.0,0.0,78.0,0.36,,,,,0.49,0.0,0.0,0.0,0.0,0.0,0.0,0.66,1.46,0.92,0.73,1.11,0.81,1.89,2.41,2.6,0.65,80.38961699403191
6261,久元,半導體業,1,-11.85,9.47,-0.88,0.64,79.1,-17.0,-45.0,,,,0.0,357.69,761.66,82.7,-0.25,0.13,0.64,2.9000000000000057,79.8,0.88,79.8,79.1,241.49,362.19,35.0,,,,,,,,,,,,,,0.0,0.0,0.0,-70.0,-0.05,,,,,-0.04,0.0,0.0,0.0,0.0,0.0,0.0,-0.04,0.18,0.53,-0.16,-0.05,-0.29,0.42,0.75,1.22,-1.01,57.8309046999117
6263,普萊德,通信網路業,3,-12.89,7.89,3.8,0.63,164.0,6.0,33.0,,,,3.47,164.24,509.77,174.5,0.0,-0.96,0.63,10.5,164.0,-0.32,158.0,158.5,60.72,88.48,37.0,,,,,,,,,,,,,,0.0,0.0,0.0,7.0,0.01,,,,,0.05,0.0,0.0,0.0,0.0,0.0,0.0,0.17,0.26,0.37,0.05,0.06,0.25,5.6,6.25,4.12,5.31,70.03884461424101
6264,富裔,建材營造,2,-2.8,2.71,-0.5,0.33,6.03,0.0,0.0,,,,0.0,12.09,104.3,6.07,0.0,0.0,0.33,0.010000000000000675,6.06,0.5,6.06,6.03,82.59,35.1,0.0,,,,,,,,,,,,,,0.0,0.0,0.0,,,,,,,0.0,0.0,0.0,0.0,0.0,0.0,0.0,0.0,0.0,0.0,0.0,0.0,0.01,0.01,0.01,0.01,-0.01,63.25169496527325
6265,方土昶,電子通路業,2,-18.75,8.76,1.13,0.62,49.25,-23.0,-750.0,,,,1.23,3073.68,6765.0,57.6,2.65,-1.34,0.62,6.700000000000003,50.9,0.1,48.7,48.65,838.84,908.16,-57.0,,,,,,,,,,,,,,0.0,0.0,0.0,-981.0,-0.83,,,,,-0.63,0.0,0.0,0.0,0.0,0.0,0.0,-1.03,-1.31,-5.88,-0.83,-1.36,-5.88,0.98,0.88,-1.18,-2.82,49.41619796141421
6266,泰詠,電子零組件業,2,-3.17,2.46,0.2,0.0,24.95,8.0,-3.0,,,,-0.2,73.59,278.03,25.2,0.0,-0.2,0.0,0.1999999999999993,25.0,-0.4,24.9,25.0,63.43,154.44,36.0,,,,,,,,,,,,,,0.0,0.0,0.0,6.0,0.0,,,,,-0.0,0.0,0.0,0.0,0.0,0.0,0.0,0.07,0.13,0.11,-0.01,-0.01,-0.06,0.03,0.02,0.08,0.02,53.598887878913864
6269,台郡,電子零組件業,2,-15.44,12.71,-2.26,0.92,65.0,1060.0,-815.0,,,,-1.52,2357.71,12283.03,74.5,1.25,0.15,0.92,8.0,66.5,0.76,66.5,66.0,1825.26,4586.76,1009.0,-701.0,2.0,5.0,2.0,-8.0,-4.0,5.0,-12.0,5.0,-2.6,2.0,-235.0,-53.0,0.0,0.0,0.0,-680.0,-0.21,14.04,-21.0,-0.01,0.7,-0.25,0.0,-0.01,-0.03,0.0,0.0,1.0,0.43,-0.56,-2.32,0.18,-0.78,-3.01,0.06,0.26,-0.77,2.03,47.98747269440723
6270,倍微,電子通路業,2,-11.24,12.66,1.5,-0.66,30.55,-29.0,9.0,,,,1.83,339.97,425.21,31.15,1.71,1.85,-0.66,0.0,31.15,0.33,30.1,30.0,425.21,165.69,3.0,,,,,,,,,,,,,,0.0,0.0,0.0,18.0,0.02,,,,,0.01,0.0,0.0,0.0,0.0,0.0,0.0,0.3,0.39,0.5,0.11,0.14,0.03,0.61,1.06,1.57,0.39,71.06763951402306
6271,同欣電,半導體業,2,-13.01,22.43,1.99,-0.66,230.5,-372.0,291.0,,,,1.77,2948.14,15374.52,246.0,0.22,-0.87,-0.66,14.0,232.0,-0.22,226.0,226.5,1230.88,2695.75,-37.0,672.0,2.0,-3.0,0.0,2.0,-5.0,3.0,-2.0,3.0,-1.67,5.0,27.0,105.0,0.0,0.0,1.34,583.0,0.28,31.89,89.0,0.04,1.29,0.14,-0.02,0.08,0.72,0.0,1.0,4.0,0.29,1.05,1.39,-0.08,0.61,0.87,2.2,2.3,4.12,21.14,61.94893431621613
6274,台燿,電子零組件業,3,-17.74,20.78,0.33,1.33,1535.0,555.0,-113.0,,,,0.99,4682.65,22637.14,1550.0,2.4,-0.67,1.33,10.0,1540.0,0.66,1530.0,1520.0,5928.28,6268.2,631.0,,,,,,,,,,,,,,-29.0,-0.01,11.69,-9.0,-0.0,,,,,-0.04,-0.1,-3.58,-6.62,1.0,2.0,4.0,0.1,1.63,3.29,0.06,-1.0,-2.35,36.0,87.5,125.25,124.08,70.57673240424594
6275,元山,電子零組件業,2,-8.9,9.62,0.11,-0.42,47.45,46.0,44.0,,,,0.64,230.4,1525.2,48.9,0.44,1.42,-0.42,1.0499999999999972,47.85,0.53,47.4,47.15,253.27,220.14,88.0,,,,,,,,,,,,,,0.0,0.0,0.0,90.0,0.12,,,,,0.06,0.0,0.0,0.0,0.0,0.0,0.0,0.42,0.76,0.76,0.18,0.23,0.16,0.9,1.52,1.63,2.4,74.25159267324027
6276,安鈦克,電腦及週邊設備業,1,-10.48,4.52,0.26,1.58,19.65,0.0,0.0,,,,1.81,10.1,79.54,21.0,-1.01,-1.02,1.58,1.3500000000000014,19.65,1.55,19.6,19.3,49.17,11.14,-2.0,,,,,,,,,,,,,,0.0,0.0,0.0,-2.0,-0.01,,,,,0.0,0.0,0.0,0.0,0.0,0.0,0.0,0.02,-0.02,-0.03,0.0,0.0,-0.04,0.07,-0.01,-0.22,-0.52,49.48811597195534
6277,宏正,電腦及週邊設備業,2,-7.57,2.91,1.7,0.92,77.7,-6.0,7.0,,,,0.91,157.78,383.81,81.9,0.13,-1.41,0.92,4.0,77.9,-0.78,76.4,77.0,132.82,109.76,-18.0,43.0,0.0,0.0,0.0,0.0,0.0,0.0,0.0,0.0,,2.0,-3.0,2.0,0.0,0.0,0.03,43.0,0.04,12.43,0.0,0.0,0.21,0.01,0.0,0.0,0.0,0.0,0.0,0.0,0.01,0.08,0.11,-0.02,0.03,-0.08,0.32,-0.05,-0.27,-0.56,49.248004837598344
6278,台表科,光電業,3,-19.51,30.65,-0.69,-0.91,216.5,1230.0,-241.0,,,,-0.69,4156.84,19014.34,223.0,1.44,1.89,-0.91,3.5,219.5,0.0,218.0,218.0,11298.02,8876.93,1257.0,540.0,3.0,17.0,27.0,-8.0,98.0,55.0,35.0,27.0,-1.47,3.0,82.0,-462.0,-18.0,-0.01,11.33,559.0,0.19,18.13,-1.0,-0.0,1.05,-0.08,-0.09,-0.08,0.97,1.0,5.0,14.0,0.14,0.8,0.7,-0.36,1.43,1.57,2.2,12.25,18.78,35.76,71.66741179191746
6279,胡連,電子零組件業,1,-14.06,2.73,0.44,-0.44,113.0,-14.0,35.0,,,,0.44,210.81,1310.34,128.0,1.35,-0.89,-0.44,15.0,113.0,0.0,112.5,112.5,219.87,335.44,118.0,,,,,,,,,,,,,,0.0,0.0,0.48,26.0,0.03,,,,,0.04,0.0,0.0,0.0,0.0,0.0,0.0,0.15,0.17,-1.38,-0.05,-0.24,-1.75,0.9,0.95,-0.38,-6.28,50.072193161846464
6281,全國電,電子通路業,1,-2.13,0.99,0.2,0.2,51.1,-7.0,-5.0,,,,0.2,41.84,53.59,51.7,0.2,0.39,0.2,0.6000000000000014,51.1,0.0,51.0,51.0,48.63,39.68,-1.0,-16.0,0.0,0.0,0.0,0.0,0.0,0.0,0.0,0.0,,0.0,0.0,0.0,0.0,0.0,0.0,-16.0,-0.02,2.6,0.0,0.0,0.16,-0.01,0.0,0.0,0.0,0.0,0.0,0.0,-0.03,-0.04,-0.01,-0.02,-0.05,-0.06,0.06,0.08,-0.1,-0.35,49.35510237026979
6282,康舒,電子零組件業,1,-7.77,5.17,-0.46,-0.46,43.3,-1154.0,-402.0,,,,-0.92,3597.56,7065.34,45.05,-0.35,-0.12,-0.46,1.3499999999999943,43.7,-0.46,43.5,43.7,2561.78,7065.34,-1115.0,-277.0,1.0,6.0,0.0,-11.0,-9.0,6.0,-17.0,6.0,-2.83,3.0,422.0,81.0,0.0,0.0,0.62,-350.0,-0.04,11.51,73.0,0.01,0.48,-0.05,0.0,-0.01,0.01,0.0,1.0,9.0,-0.41,-0.42,-0.92,-0.42,-0.43,-0.99,0.17,0.27,0.14,-3.08,52.17420269684266
6283,淳安,其他電子業,1,-12.53,9.83,-1.03,2.63,19.3,17.0,-4.0,,,,-1.03,45.31,341.4,20.35,-0.53,-0.27,2.63,0.8000000000000007,19.55,0.0,19.5,19.5,60.12,121.5,48.0,-21.0,0.0,0.0,0.0,0.0,0.0,0.0,0.0,0.0,,2.0,2.0,4.0,0.0,0.0,0.0,-22.0,-0.02,20.81,1.0,0.0,0.33,-0.0,0.0,0.0,0.0,0.0,0.0,0.0,0.03,0.09,-0.03,0.01,0.01,-0.07,0.22,0.57,0.18,-0.86,59.21529926644674
6284,佳邦,電子零組件業,2,-10.85,12.18,5.66,-3.32,80.3,-606.0,541.0,,,,6.22,3208.47,3208.47,82.0,-0.27,3.63,-3.32,0.0,82.0,0.53,76.0,75.6,743.29,1469.83,-665.0,,,,,,,,,,,,,,0.0,0.0,0.07,701.0,0.47,,,,,0.36,0.0,0.0,0.04,0.0,0.0,5.0,0.15,0.3,-0.39,0.03,0.05,-0.23,3.96,4.3,3.67,1.08,68.39869161537771
6285,啟��,通信網路業,2,-14.29,9.49,0.21,0.21,235.5,361.0,-91.0,,,,-0.21,1866.93,5064.34,252.0,3.48,-2.31,0.21,15.5,236.5,-0.42,235.0,236.0,2760.61,2198.97,479.0,-602.0,3.0,4.0,-7.0,3.0,-3.0,6.0,-2.0,6.0,-0.25,3.0,-28.0,24.0,2.0,0.0,5.41,-609.0,-0.13,23.52,5.0,0.0,0.93,-0.02,0.0,-0.15,-0.35,4.0,7.0,8.0,-0.07,-0.11,-0.32,0.16,0.03,-0.37,1.1,4.25,3.62,-4.47,56.11925483933377
6287,元隆,半導體業,3,,,,,,,,,,,,,,,,,,,,,,,,,,,,,,,,,,,,,,,,,,,,,,,,,,,,,,,,,,,,,,,,,
6288,聯嘉,汽車工業,3,,,,,,,,,,,,,,,,,,,,,,,,,,,,,,,,,,,,,,,,,,,,,,,,,,,,,,,,,,,,,,,,,
6289,華上,光電業,3,,,,,,,,,,,,,,,,,,,,,,,,,,,,,,,,,,,,,,,,,,,,,,,,,,,,,,,,,,,,,,,,,
6290,良維,電子零組件業,2,-15.95,37.99,-0.89,2.94,277.5,-75.0,-446.0,,,,-0.89,1818.44,9242.42,291.5,0.0,-1.64,2.94,10.0,281.5,0.0,280.0,280.0,1659.16,3400.36,-33.0,,,,,,,,,,,,,,2.0,0.0,0.02,-533.0,-0.34,,,,,-0.29,0.0,0.0,0.0,1.0,1.0,1.0,-0.81,0.68,-0.33,-0.74,1.32,2.03,2.5,3.05,8.9,30.65,59.19661242423987
6291,沛亨,半導體業,3,-21.43,44.03,-2.4,-0.79,489.0,-45.0,-49.0,,,,-2.2,588.22,4957.08,539.0,-1.83,3.1,-0.79,32.0,507.0,0.2,501.0,500.0,744.98,933.33,-8.0,,,,,,,,,,,,,,0.0,0.0,2.47,-40.0,-0.1,,,,,-0.12,0.14,0.08,-1.26,4.0,4.0,4.0,-0.34,0.3,-1.54,-0.43,-0.07,-1.89,-4.0,-11.55,7.43,70.52,50.89202344390269
6292,迅德,電子零組件業,3,-13.37,14.43,0.75,-0.6,67.2,-15.0,94.0,,,,0.9,350.39,777.86,68.8,1.98,-0.3,-0.6,0.5999999999999943,68.2,0.15,66.7,66.6,176.39,172.98,18.0,,,,,,,,,,,,,,0.0,0.0,0.0,123.0,0.26,,,,,0.2,0.0,0.0,0.0,0.0,0.0,0.0,0.71,1.41,1.8,0.4,0.79,1.08,0.54,0.66,1.79,6.95,60.99161655200081
6294,智基,文化創意業,2,-6.04,0.89,-0.35,-2.59,28.15,0.0,0.0,,,,-0.35,5.61,27.89,29.8,0.0,-0.88,-2.59,1.5500000000000007,28.25,0.0,28.25,28.25,10.04,27.89,0.0,,,,,,,,,,,,,,0.0,0.0,0.0,2.0,0.01,,,,,0.0,0.0,0.0,0.0,0.0,0.0,0.0,0.01,0.01,0.1,0.0,0.0,0.0,-0.18,-0.31,-0.41,0.11,26.536699026582667
6404,通訊-KY,資訊服務業,3,,,,,,,,,,,,,,,,,,,,,,,,,,,,,,,,,,,,,,,,,,,,,,,,,,,,,,,,,,,,,,,,,
6405,悅城,光電業,2,-25.95,21.89,0.0,0.0,45.1,157.0,-666.0,,,,-9.98,1637.25,1978.72,50.1,-0.24,9.89,0.0,5.0,45.1,-9.98,45.1,50.1,1486.3,470.29,-90.0,25.0,3.0,7.0,7.0,347.0,8.0,8.0,347.0,347.0,48.57,3.0,28.0,-107.0,0.0,0.0,0.0,26.0,0.04,5.46,-1.0,-0.0,0.17,-1.01,0.0,0.0,0.0,0.0,0.0,0.0,-0.08,-0.16,-1.25,-0.31,-0.23,-0.83,0.35,2.41,4.23,3.73,58.79912919657431
6409,旭隼,其他電子業,1,-18.26,7.21,-1.76,2.14,891.0,61.0,-57.0,,,,-1.76,175.12,682.31,1035.0,-0.45,-0.23,2.14,128.0,907.0,0.0,907.0,907.0,225.34,261.92,82.0,-104.0,0.0,0.0,0.0,0.0,0.0,0.0,0.0,0.0,,3.0,-17.0,1.0,0.0,0.0,6.79,-92.0,-0.1,52.23,-12.0,-0.01,0.37,-0.06,0.0,-0.11,0.04,0.0,0.0,7.0,-0.05,0.06,-0.52,-0.05,-0.03,-0.67,3.6,2.6,-17.4,-89.02,45.573267265263596
6411,晶焱,半導體業,1,-8.23,3.83,0.64,-0.77,78.4,-43.0,18.0,,,,1.03,155.12,440.13,82.6,-0.38,-0.77,-0.77,3.8999999999999915,78.7,0.39,77.9,77.6,175.74,197.65,-3.0,,,,,,,,,,,,,,0.0,0.0,0.0,37.0,0.04,,,,,0.02,0.0,0.0,0.0,0.0,0.0,0.0,0.1,0.19,0.07,-0.07,-0.03,-0.24,0.4,0.23,-0.02,-1.66,52.933961627836794
6412,群電,電子零組件業,1,-9.25,4.13,-0.13,0.13,74.6,25.0,-51.0,,,,-0.27,551.44,1487.99,80.0,0.4,-0.67,0.13,4.400000000000006,75.6,-0.13,74.7,74.8,437.67,298.73,31.0,-152.0,0.0,0.0,0.0,0.0,0.0,0.0,0.0,0.0,,2.0,-3.0,29.0,0.0,0.0,0.24,-134.0,-0.03,5.12,-18.0,-0.0,0.24,-0.01,0.0,0.0,0.03,1.0,1.0,6.0,-0.05,0.02,-0.38,-0.03,-0.11,-0.52,0.12,0.34,-0.3,-4.0,48.981504202568175
6414,樺漢,電腦及週邊設備業,1,-11.34,11.42,2.55,-2.0,402.5,-531.0,420.0,,,,2.68,1615.32,3643.74,410.0,0.67,6.42,-2.0,5.0,405.0,0.13,392.5,392.0,3643.74,2337.61,-566.0,586.0,4.0,4.0,3.0,2.0,8.0,4.0,10.0,4.0,-0.5,3.0,-61.0,-63.0,58.0,0.05,3.1,494.0,0.39,50.77,34.0,0.03,0.09,0.33,0.05,0.03,0.09,3.0,4.0,9.0,0.17,-0.18,-1.12,0.23,-0.03,-0.77,14.9,22.45,22.73,-6.24,71.88928767469713
6415,矽力*-KY,半導體業,1,-14.06,7.4,0.61,-1.21,413.0,-357.0,-2.0,,,,0.98,1082.9,5955.56,448.0,-0.12,-3.88,-1.21,34.5,413.5,0.37,410.5,409.0,3215.72,1826.39,-321.0,0.0,1.0,0.0,2.0,0.0,-1.0,2.0,0.0,2.0,,3.0,112.0,-5.0,-28.0,-0.01,0.29,17.0,0.0,82.11,11.0,0.0,0.37,-0.0,-0.06,-0.06,-0.08,2.0,3.0,5.0,-0.1,0.13,-0.43,-0.27,-0.02,-0.02,-3.5,-7.7,-4.18,-31.45,43.871059375825915
6416,瑞祺電通,通信網路業,3,-22.98,32.68,3.88,-2.14,120.5,-64.0,-132.0,,,,5.24,1336.89,2854.53,124.0,0.43,-0.43,-2.14,3.0,121.0,1.31,116.0,114.5,276.36,596.1,1.0,-226.0,3.0,-4.0,-1.0,2.0,-6.0,3.0,1.0,3.0,-1.5,5.0,19.0,328.0,0.0,0.0,0.0,-228.0,-0.31,9.26,2.0,0.0,0.36,-0.18,0.0,0.0,0.0,0.0,0.0,0.0,-0.15,1.13,1.53,-0.22,0.21,0.72,3.8,2.8,8.13,17.9,68.42382221216879
6417,韋僑,通信網路業,1,-7.41,2.5,0.0,-0.49,102.0,2.0,0.0,,,,0.0,73.06,845.18,108.0,0.0,0.0,-0.49,5.5,102.5,0.0,102.0,102.0,25.0,68.27,6.0,,,,,,,,,,,,,,0.0,0.0,0.0,8.0,0.02,,,,,0.0,0.0,0.0,0.0,0.0,0.0,0.0,0.04,0.13,-0.2,-0.03,-0.15,-0.21,0.0,-0.35,-1.6,-9.22,40.069620723888626
6418,詠昇,電子零組件業,2,-11.2,8.13,1.62,0.43,34.55,0.0,2.0,,,,-0.29,112.86,225.22,36.6,-0.86,0.14,0.43,2.0,34.6,-1.88,34.0,34.65,23.33,81.83,8.0,,,,,,,,,,,,,,0.0,0.0,0.0,-3.0,-0.01,,,,,0.01,0.0,0.0,0.0,0.0,0.0,0.0,-0.01,0.0,0.08,0.02,0.05,0.18,-0.09,-0.19,-0.11,1.58,46.391411483740086
6419,京晨科,光電業,2,-11.46,9.09,-0.64,0.65,155.0,38.0,-13.0,,,,-0.64,68.84,397.18,161.5,-1.32,2.01,0.65,5.5,156.0,0.0,156.0,156.0,123.28,273.55,75.0,,,,,,,,,,,,,,0.0,0.0,0.0,-20.0,-0.15,,,,,-0.1,0.0,0.0,0.0,0.0,0.0,0.0,0.65,1.13,-0.44,0.15,0.4,-1.3,2.4,2.9,3.3,7.26,58.26253349616299
6425,易發,電機機械,3,-29.3,50.0,1.62,6.47,81.3,25.0,-365.0,,,,2.91,5313.91,5313.91,84.3,-2.34,4.08,6.47,0.0,84.3,1.27,80.0,79.0,1070.65,4399.65,129.0,,,,,,,,,,,,,,0.0,0.0,0.0,-311.0,-0.71,,,,,-0.84,0.0,0.0,0.0,0.0,0.0,0.0,-0.38,-0.47,-1.03,-0.77,-1.28,-1.65,5.66,9.43,14.03,18.94,80.41919106721805
6426,統新,通信網路業,3,-39.56,57.05,-1.02,-1.85,339.5,-198.0,-372.0,,,,-1.59,2159.77,8927.92,412.0,-0.64,-9.0,-1.85,66.5,345.5,-0.58,343.0,345.0,3408.03,2470.1,-115.0,-477.0,1.0,-16.0,-67.0,-18.0,-30.0,117.0,-18.0,117.0,0.12,2.0,-75.0,18.0,-118.0,-0.31,0.0,-302.0,-0.78,14.1,-57.0,-0.15,0.89,-0.97,-0.31,-0.31,-0.17,0.0,0.0,1.0,-2.02,0.39,4.26,-3.2,-1.45,2.5,-24.3,-22.05,11.12,96.52,47.03964663972436
6431,光麗-KY,生技醫療業,2,-17.44,5.06,0.57,0.28,17.6,0.0,-4.0,,,,0.0,91.81,206.0,20.35,-1.72,2.33,0.28,2.700000000000003,17.65,-0.57,17.5,17.6,40.0,49.38,-2.0,-3.0,0.0,0.0,0.0,0.0,0.0,0.0,0.0,0.0,,0.0,0.0,0.0,0.0,0.0,0.0,-3.0,-0.01,108.86,0.0,0.0,0.1,-0.01,0.0,0.0,0.0,0.0,0.0,0.0,-0.01,-0.01,-0.02,-0.02,-0.1,-0.12,0.13,0.2,-0.53,-0.82,45.27177122799612
6432,今展科,電子零組件業,2,-25.5,34.23,11.15,5.31,69.8,232.0,920.0,,,,9.92,3165.22,3165.22,69.8,-0.33,-1.49,5.31,0.0,69.8,-1.1,62.8,63.5,190.73,1297.18,250.0,,,,,,,,,,,,,,0.0,0.0,0.0,-187.0,-0.61,,,,,3.01,0.0,0.0,0.0,0.0,0.0,0.0,-0.36,-1.12,-0.2,2.84,2.61,1.99,7.04,9.59,11.14,3.22,80.39494913550146
6435,大中,半導體業,1,-13.74,15.93,3.56,-1.37,262.0,-3.0,120.0,,,,3.97,701.14,701.14,262.0,1.81,-0.39,-1.37,0.0,262.0,0.4,253.0,252.0,312.85,297.85,-19.0,,,,,,,,,,,,,,0.0,0.0,0.0,144.0,0.39,,,,,0.32,0.0,0.0,0.0,0.0,0.0,0.0,0.35,1.08,1.11,0.29,0.61,0.4,8.2,13.05,16.47,-3.18,73.99143087881002
6438,迅得,其他電子業,3,-16.18,19.29,-0.3,1.23,164.5,331.0,85.0,,,,0.3,714.36,2240.76,170.0,2.94,2.86,1.23,3.0,167.0,0.61,165.0,164.0,1008.69,1457.86,467.0,144.0,3.0,2.0,1.0,-6.0,5.0,4.0,-1.0,4.0,-4.0,5.0,98.0,63.0,0.0,0.0,0.0,169.0,0.22,9.26,-25.0,-0.03,0.3,0.11,0.0,0.0,0.0,0.0,0.0,0.0,1.61,1.86,2.24,1.36,1.67,1.92,4.3,10.3,11.62,16.25,83.10625421564527
6441,廣錠,電腦及週邊設備業,3,-22.49,21.71,0.2,-0.4,24.9,-13.0,2.0,,,,0.81,75.73,1967.43,26.9,1.63,-0.6,-0.4,1.9499999999999993,24.95,0.61,24.85,24.7,199.25,120.44,-16.0,,,,,,,,,,,,,,0.0,0.0,0.0,-13.0,-0.02,,,,,0.0,0.0,0.0,0.0,0.0,0.0,0.0,-0.1,0.2,0.41,-0.01,-0.19,-0.23,0.15,0.63,1.0,2.67,59.320331592665575
6442,光聖,通信網路業,2,-23.7,5.94,-1.33,-2.3,1480.0,-370.0,-134.0,,,,-0.67,1019.94,7869.89,1920.0,0.99,-1.96,-2.3,405.0,1515.0,0.67,1500.0,1490.0,850.89,1329.82,-355.0,-197.0,3.0,1.0,-7.0,0.0,-5.0,4.0,-1.0,4.0,-1.0,3.0,60.0,53.0,0.0,0.0,3.18,-175.0,-0.23,34.27,-22.0,-0.03,0.41,-0.18,-1.01,-2.4,-1.65,0.0,0.0,6.0,-0.1,-0.44,-0.38,-1.02,-2.83,-2.12,-23.0,-41.0,-129.75,-8.25,34.93802295382922
6443,元晶,光電業,2,-24.83,26.65,-2.79,3.98,27.9,-559.0,-531.0,,,,-2.96,4764.65,43017.4,30.2,1.99,-2.65,3.98,1.4499999999999993,28.75,-0.17,28.7,28.75,3356.31,13159.96,-904.0,-340.0,0.0,0.0,0.0,0.0,-65.0,0.0,0.0,0.0,,0.0,-25.0,-27.0,0.0,0.0,0.0,-341.0,-0.07,11.48,1.0,0.0,1.79,-0.1,0.0,0.0,0.0,0.0,0.0,0.0,-0.69,-2.15,-2.49,-0.66,-1.99,-2.39,-0.12,0.94,2.42,1.13,60.88588069825219
6446,藥華藥,生技醫療業,1,-22.41,10.22,-5.26,0.41,1170.0,-69.0,-700.0,,,,-3.7,2506.98,12720.97,1450.0,-1.7,3.46,0.41,210.0,1240.0,1.65,1235.0,1215.0,2229.77,1685.36,3.0,-732.0,,,,,,,,,,,,,-53.0,-0.02,3.8,-692.0,-0.23,31.02,13.0,0.0,0.33,-0.24,-0.02,2.81,2.86,1.0,4.0,10.0,-0.53,-4.13,-4.5,-0.45,-1.19,-2.08,-12.0,-10.0,-71.75,-119.58,39.001805526992726
6449,鈺邦,電子零組件業,1,-15.64,13.86,8.75,0.48,230.0,24.0,637.0,,,,9.79,2592.34,2592.34,243.0,-0.48,-1.91,0.48,13.0,230.0,0.95,211.5,209.5,510.33,802.85,-29.0,153.0,1.0,0.0,-1.0,12.0,-1.0,0.0,11.0,12.0,inf,4.0,60.0,106.0,0.0,0.0,0.0,97.0,0.11,5.45,56.0,0.06,0.75,0.72,0.0,0.0,-4.17,0.0,0.0,0.0,-0.35,-0.64,1.23,0.47,0.1,-1.78,17.0,16.3,11.72,-6.12,68.01212247987884
6451,訊芯-KY,半導體業,2,-22.08,9.88,-2.13,-1.64,413.0,-18.0,-154.0,,,,-1.78,858.99,13899.71,505.0,-0.96,1.09,-1.64,82.5,422.5,0.36,422.0,420.5,822.43,1219.24,69.0,-165.0,1.0,-25.0,6.0,0.0,-54.0,6.0,-53.0,6.0,-1.0,4.0,-72.0,7.0,0.0,0.0,0.02,-163.0,-0.15,65.8,-2.0,-0.0,1.18,-0.14,0.0,0.0,0.02,0.0,1.0,2.0,-0.5,0.22,-3.97,-0.52,0.07,-3.66,-2.6,-9.05,-15.8,-19.54,42.38662558813479
6456,GIS-KY,光電業,3,-35.84,49.84,-4.35,0.55,87.9,148.0,-359.0,,,,-4.46,20200.52,63213.41,95.7,3.44,9.96,0.55,3.700000000000003,92.0,-0.11,91.9,92.0,18926.8,63213.41,5474.0,-389.0,,,,,,,,,,,,,0.0,0.0,0.0,81.0,0.02,48.72,-470.0,-0.14,0.9,-0.11,0.0,0.0,0.0,0.0,0.0,0.0,2.5,4.45,3.23,3.81,6.16,5.06,2.06,10.9,16.31,20.25,75.26094055505196
6457,紘康,半導體業,3,,,,,,,,,,,,,,,,,,,,,,,,,,,,,,,,,,,,,,,,,,,,,,,,,,,,,,,,,,,,,,,,,
6461,益得,生技醫療業,2,-20.75,56.41,-0.62,1.87,24.05,6.0,-5.0,,,,-1.64,79.23,288.34,29.4,-0.83,2.1,1.87,5.0,24.4,-1.02,24.2,24.45,44.99,64.09,12.0,,,,,,,,,,,,,,0.0,0.0,0.0,14.0,0.01,,,,,-0.0,0.0,0.0,0.0,0.0,0.0,0.0,0.02,-0.01,-0.07,-0.0,-0.0,0.07,-0.07,-0.4,-0.63,5.77,57.29650606085192
6462,神盾,半導體業,2,-13.94,16.19,0.94,0.47,107.0,234.0,-110.0,,,,0.94,1738.33,1738.33,110.5,0.5,3.31,0.47,0.0,110.5,0.0,106.0,106.0,1131.74,1054.05,193.0,,,,,,,,,,,,,,0.0,0.0,0.32,-340.0,-0.46,,,,,-0.15,0.12,0.12,0.12,3.0,3.0,3.0,0.33,0.49,0.61,0.43,0.37,0.38,4.02,6.55,7.25,6.91,80.68189876336777
6464,台數科,其他,2,-4.06,1.85,0.26,0.66,77.0,0.0,0.0,,,,0.26,10.97,37.19,78.8,0.0,-1.56,0.66,1.7999999999999972,77.0,0.0,76.8,76.8,19.4,17.92,7.0,2.0,,,,,,,,,,,,,0.0,0.0,0.0,2.0,0.0,0.95,0.0,0.0,0.06,0.0,0.0,0.0,0.0,0.0,0.0,0.0,0.01,0.0,0.01,0.0,0.0,0.0,0.28,-0.22,-0.26,-0.98,48.176996224015475
6465,威潤,通信網路業,1,-16.04,4.96,-1.65,1.46,41.6,-3.0,-5.0,,,,-0.36,49.27,246.98,48.0,-0.12,-0.48,1.46,5.700000000000003,42.3,1.32,42.3,41.75,61.17,60.13,23.0,,,,,,,,,,,,,,0.0,0.0,0.0,2.0,0.01,,,,,-0.02,0.0,0.0,0.0,0.0,0.0,0.0,0.2,0.16,-0.21,-0.12,-0.31,-1.09,-0.03,-0.28,-1.4,-6.01,36.87155385273553
6469,大樹,生技醫療業,1,-6.32,1.41,-0.16,-0.16,64.4,-16.0,-11.0,,,,0.0,148.41,591.72,68.0,-0.77,0.47,-0.16,3.4000000000000057,64.6,0.16,64.5,64.4,260.19,236.6,-15.0,,,,,,,,,,,,,,0.0,0.0,0.0,-21.0,-0.02,,,,,-0.01,0.0,0.0,-0.15,0.0,0.0,0.0,0.07,0.17,-0.17,-0.07,-0.37,-0.98,-0.04,-0.01,-1.2,-6.51,38.80850461243707
6470,宇智,通信網路業,1,-6.15,4.15,0.12,0.83,42.7,-7.0,0.0,,,,0.0,13.9,105.78,43.9,0.0,-0.7,0.83,1.1999999999999957,42.7,-0.12,42.65,42.7,11.22,32.9,5.0,,,,,,,,,,,,,,0.0,0.0,0.0,2.0,0.01,,,,,0.0,0.0,0.0,0.0,0.0,0.0,0.0,0.03,0.13,0.46,-0.02,-0.01,0.06,-0.12,-0.26,-0.01,-1.05,44.071958460715145
6472,保瑞,生技醫療業,2,-12.28,13.36,-1.49,-0.24,429.5,29.0,-26.0,,,,1.3,737.62,1689.75,448.0,-3.33,0.24,-0.24,2.5,445.5,2.83,436.0,424.0,277.94,280.64,98.0,-52.0,,,,,,,,,,,,,0.0,0.0,2.13,-38.0,-0.04,16.39,-14.0,-0.01,0.32,-0.03,-0.04,0.27,0.29,0.0,1.0,2.0,0.42,0.95,0.46,0.19,0.79,0.38,2.8,3.95,11.48,12.25,56.57576830274387
6477,安集,光電業,1,-10.9,6.42,-2.38,3.19,34.8,-24.0,-126.0,,,,-2.25,643.32,6170.29,37.6,-0.58,0.29,3.19,1.9500000000000028,35.65,0.14,35.65,35.6,230.7,2304.66,6.0,-125.0,,,,,,,,,,,,,0.0,0.0,0.0,-124.0,-0.1,1.86,-1.0,-0.0,0.97,-0.1,0.0,0.0,0.0,0.0,0.0,0.0,-0.36,-0.74,-1.33,-0.36,-0.67,-1.21,0.26,0.13,0.29,-1.6,50.872700693430986
6482,弘煜科,文化創意業,1,-9.84,3.28,1.94,0.43,23.65,0.0,0.0,,,,0.64,8.85,51.91,25.4,-1.48,0.0,0.43,1.75,23.65,-1.28,23.2,23.5,3.05,4.12,0.0,,,,,,,,,,,,,,0.0,0.0,0.0,1.0,0.0,,,,,0.0,0.0,0.0,0.0,0.0,0.0,0.0,0.02,0.02,0.03,-0.08,-0.08,-0.08,0.14,-0.27,-0.64,-2.79,35.02352010646179
6485,點序,半導體業,3,-30.93,47.3,4.96,9.07,84.7,579.0,408.0,,,,10.0,3565.66,3565.66,84.7,3.39,-0.14,9.07,0.0,84.7,4.81,80.7,77.0,269.81,2164.99,-137.0,,,,,,,,,,,,,,0.0,0.0,0.0,58.0,0.13,,,,,0.9,0.0,0.0,0.0,0.0,0.0,0.0,-0.74,-1.95,-2.01,2.15,1.97,1.81,10.78,15.21,19.77,20.29,86.92418962143127
6486,互動,通信網路業,2,-14.04,12.01,0.74,-0.25,81.3,1.0,5.0,,,,0.87,56.62,2369.55,92.6,-0.49,0.0,-0.25,10.5,82.1,0.12,80.7,80.6,42.73,43.83,0.0,,,,,,,,,,,,,,0.0,0.0,0.0,16.0,0.03,,,,,0.01,0.0,0.0,0.0,0.0,0.0,0.0,0.1,0.28,0.34,0.01,0.08,-0.32,0.48,0.28,-0.02,3.14,59.38672093765381
6488,環球晶,半導體業,2,-23.17,30.16,2.84,7.14,1085.0,4770.0,-1034.0,,,,4.83,24330.44,28714.84,1135.0,-0.21,-0.32,7.14,0.0,1135.0,1.93,1055.0,1035.0,9157.41,18765.8,3754.0,,,,,,,,,,,,,,983.0,0.23,7.97,-2244.0,-0.51,,,,,-0.24,0.27,0.24,-0.29,2.0,3.0,5.0,-1.74,-2.03,-3.2,-0.71,-0.38,-1.51,92.4,119.2,132.65,63.17,78.70355442070161
6491,晶碩,生技醫療業,3,-14.83,17.41,2.06,0.24,421.5,132.0,109.0,,,,2.06,654.21,690.49,421.5,-1.35,1.0,0.24,0.0,421.5,0.0,413.0,413.0,213.67,445.52,228.0,124.0,,,,,,,,,,,,,0.0,0.0,0.14,122.0,0.16,24.8,2.0,0.0,0.23,0.14,0.0,0.0,-0.11,0.0,0.0,0.0,0.77,1.65,1.74,0.44,1.19,1.27,11.5,16.4,29.27,49.93,76.57414176773482
6492,生華科,生技醫療業,1,-5.15,5.43,1.02,0.0,34.6,21.0,50.0,,,,0.73,145.36,423.26,34.95,-0.58,-0.15,0.0,0.0,34.95,-0.29,34.25,34.35,70.1,194.5,135.0,,,,,,,,,,,,,,0.0,0.0,0.0,36.0,0.04,,,,,0.06,0.0,0.0,0.0,0.0,0.0,0.0,0.22,0.28,0.51,0.04,0.01,-0.37,0.26,0.41,0.58,-3.02,60.64825709524238
6494,九齊,半導體業,2,-13.93,9.02,0.0,1.57,52.4,5.0,7.0,,,,1.16,106.84,228.37,56.7,-0.19,-0.97,1.57,3.5,53.2,1.16,52.4,51.8,94.21,68.43,30.0,,,,,,,,,,,,,,0.0,0.0,0.0,20.0,0.06,,,,,0.02,0.0,0.0,0.0,0.0,0.0,0.0,0.16,0.6,0.58,-0.0,0.07,-0.16,0.86,1.27,0.54,-0.87,60.650097885383595
6496,科懋,生技醫療業,1,-6.68,3.9,2.15,1.07,23.8,0.0,0.0,,,,0.63,12.46,159.91,24.7,-1.47,,1.07,0.75,23.95,-1.48,23.3,23.65,0.51,159.91,10.0,,,,,,,,,,,,,,0.0,0.0,0.0,1.0,0.0,,,,,0.0,0.0,0.0,0.0,0.0,0.0,0.0,0.02,0.04,0.04,0.0,0.0,0.0,0.1,-0.27,-0.44,-0.68,40.065102180119034
6499,益安,生技醫療業,3,-16.46,35.31,2.46,5.14,79.1,115.0,106.0,,,,1.8,723.07,723.07,82.0,-0.27,1.92,5.14,0.0,82.0,-0.64,77.2,77.7,143.32,492.78,182.0,,,,,,,,,,,,,,0.0,0.0,0.68,136.0,0.15,,,,,0.11,0.0,0.0,0.0,0.0,0.0,0.0,0.44,0.2,0.18,0.22,0.21,-0.02,3.56,4.32,5.78,11.64,79.17658091554998
6504,南六,其他,1,-9.3,4.19,-0.27,0.27,37.2,0.0,0.0,,,,0.68,16.16,97.18,39.8,0.82,0.4,0.27,2.5,37.3,0.95,37.3,36.95,3.09,31.05,3.0,0.0,,,,,,,,,,,,,0.0,0.0,0.0,0.0,0.0,0.92,0.0,0.0,0.51,0.0,0.0,0.0,0.0,0.0,0.0,0.0,-0.02,-0.02,-0.04,0.0,0.0,0.0,0.17,0.18,0.06,-0.45,52.439970874983125
6505,台塑化,油電燃氣業,3,-23.61,43.88,-3.38,3.51,94.2,7498.0,-4742.0,,,,-3.19,27316.95,54971.56,98.7,-0.11,8.14,3.51,0.0,98.7,0.21,97.5,97.3,40587.92,37924.44,9525.0,-6543.0,,,,,,,,,,,,,6959.0,0.07,0.84,-13022.0,-0.14,6.77,-480.0,-0.01,0.3,-0.05,0.21,0.32,0.45,5.0,9.0,17.0,0.01,0.0,-0.34,0.19,0.33,0.46,2.14,5.28,8.96,17.48,68.93501104627792
6506,雙邦,紡織纖維,3,-5.56,8.75,-0.27,1.09,18.55,0.0,0.0,,,,-0.27,32.77,184.88,18.9,2.48,-0.54,1.09,0.25,18.65,0.0,18.6,18.6,34.24,52.19,13.0,,,,,,,,,,,,,,0.0,0.0,0.0,6.0,0.01,,,,,0.0,0.0,0.0,0.0,0.0,0.0,0.0,0.03,0.03,0.1,0.02,0.02,0.1,0.07,0.29,0.34,0.81,71.27007573199126
6508,惠光,農業科技,2,-15.61,9.76,1.12,-0.55,27.0,-4.0,0.0,,,,0.19,20.12,1225.33,29.15,-0.36,-1.28,-0.55,2.1499999999999986,27.0,-0.93,26.7,26.95,25.56,30.96,-3.0,,,,,,,,,,,,,,0.0,0.0,0.0,-5.0,-0.01,,,,,0.0,0.0,0.0,0.0,0.0,0.0,0.0,0.01,0.12,0.13,-0.02,0.48,0.48,-0.15,-0.09,0.71,0.92,53.187562137995215
6509,聚和,化學工業,2,-11.48,11.41,-1.01,1.24,48.8,180.0,-86.0,,,,-0.61,657.26,1818.15,50.1,0.53,1.26,1.24,0.8000000000000043,49.3,0.41,49.3,49.1,837.0,1818.15,386.0,,,,,,,,,,,,,,0.0,0.0,0.81,-193.0,-0.11,,,,,-0.05,0.0,-0.02,0.15,0.0,1.0,10.0,0.35,0.66,0.41,0.18,0.38,0.37,0.62,1.47,2.12,1.73,75.98251941944065
6510,精測,半導體業,2,-24.78,22.76,-2.12,-3.31,3000.0,-183.0,-207.0,,,,-2.12,1063.1,1938.68,3935.0,-4.75,-5.14,-3.31,780.0,3155.0,0.0,3065.0,3065.0,768.56,1036.48,-104.0,,,,,,,,,,,,,,-138.0,-0.42,11.63,-39.0,-0.12,,,,,-0.63,-2.25,-2.21,2.6,0.0,2.0,9.0,0.3,-1.87,-5.88,-3.2,-3.34,-3.08,-198.0,-312.5,-387.0,55.58,32.291406964026876
6512,啟發電,其他電子業,2,-5.23,1.75,-0.25,0.75,20.25,0.0,0.0,,,,0.0,6.56,18.24,21.05,0.5,0.0,0.75,0.75,20.3,0.25,20.3,20.25,1.71,4.7,0.0,,,,,,,,,,,,,,0.0,0.0,0.0,,,,,,,0.0,0.0,0.0,0.0,0.0,0.0,0.0,0.0,0.0,0.0,0.0,0.0,0.0,0.02,-0.05,-0.07,0.02,46.34483693564861
6514,芮特-KY,通信網路業,3,,,,,,,,,,,,,,,,,,,,,,,,,,,,,,,,,,,,,,,,,,,,,,,,,,,,,,,,,,,,,,,,,
6515,穎崴,半導體業,1,-33.05,9.58,-4.23,4.22,5770.0,16.0,-102.0,,,,-2.7,436.84,1512.28,8260.0,-2.42,-2.99,4.22,2200.0,6060.0,1.6,6025.0,5930.0,384.51,478.5,-13.0,-142.0,,,,,,,,,,,,,-22.0,-0.06,13.03,-114.0,-0.33,20.88,-6.0,-0.02,0.16,-0.29,-0.46,-2.95,-0.65,0.0,0.0,8.0,-0.99,-2.08,-5.07,-0.72,-3.79,-4.51,-74.0,-184.5,-712.25,-782.67,37.81287181761793
6516,勤崴國際,資訊服務業,1,-7.89,2.91,0.0,-1.74,56.5,0.0,0.0,,,,0.0,26.4,153.9,59.6,-0.87,-1.4,-1.74,3.1000000000000014,56.5,0.0,56.5,56.5,41.43,31.12,-4.0,,,,,,,,,,,,,,0.0,0.0,0.0,-2.0,-0.0,,,,,0.0,0.0,0.0,0.0,0.0,0.0,0.0,-0.01,0.02,0.01,0.0,0.02,-0.0,-0.24,-0.74,-0.74,-1.45,38.21960125090837
6517,保勝光學,光電業,1,-16.89,5.08,-0.94,0.63,63.5,-11.0,-1.0,,,,-0.16,89.96,1103.03,73.4,-0.63,-0.48,0.63,9.300000000000011,64.1,0.79,64.1,63.6,131.71,90.82,-1.0,,,,,,,,,,,,,,0.0,0.0,0.0,5.0,0.02,,,,,-0.0,0.0,0.0,0.0,0.0,0.0,0.0,-0.09,0.47,-0.89,-0.2,-0.2,-2.58,0.2,-0.32,-1.28,-2.64,45.346855651980654
6523,達爾膚,生技醫療業,1,-4.3,0.67,0.56,0.0,89.5,1.0,-2.0,,,,-1.65,24.42,112.97,93.0,0.0,0.89,0.0,3.4000000000000057,89.6,-2.2,89.0,91.0,37.46,112.97,20.0,,,,,,,,,,,,,,0.0,0.0,0.0,-7.0,-0.02,,,,,-0.0,0.0,0.0,0.0,0.0,0.0,0.0,0.04,0.05,0.1,-0.02,-0.02,-0.03,-0.52,-0.35,-0.27,-0.56,43.45180623324037
6525,捷敏-KY,半導體業,1,-16.78,16.39,0.74,0.0,136.5,71.0,0.0,,,,0.74,738.98,1269.53,143.0,0.38,0.0,0.0,4.5,138.5,0.0,135.5,135.5,552.65,477.36,100.0,6.0,,,,,,,,,,,,,0.0,0.0,0.47,5.0,0.0,15.47,1.0,0.0,0.18,0.0,0.0,0.0,-0.16,0.0,0.0,0.0,0.11,0.38,0.2,-0.03,0.12,-0.3,2.1,3.45,4.35,-7.52,64.73651956263129
6526,達發,半導體業,3,-29.58,50.27,-0.6,1.2,829.0,16.0,-46.0,,,,-1.31,621.0,4916.61,862.0,0.0,-3.1,1.2,19.0,843.0,-0.71,834.0,840.0,1776.12,987.85,22.0,55.0,,,,,,,,,,,,,19.0,0.01,1.33,66.0,0.04,11.06,-30.0,-0.02,0.51,-0.03,0.06,-0.1,-0.1,2.0,2.0,4.0,1.3,3.27,3.2,0.67,2.2,1.9,-3.6,69.0,131.0,196.83,76.51300339177448
6527,明達醫,生技醫療業,3,-6.76,2.6,0.0,2.6,75.0,0.0,0.0,,,,0.0,28.01,119.42,78.4,1.21,0.0,2.6,3.4000000000000057,75.0,0.0,75.0,75.0,10.21,37.02,-1.0,,,,,,,,,,,,,,0.0,0.0,0.0,-1.0,-0.0,,,,,0.0,0.0,0.0,0.0,0.0,0.0,0.0,0.02,0.01,-0.1,0.0,0.0,0.04,0.18,0.12,-0.0,1.61,51.15050411514131
6530,創威,通信網路業,3,-14.86,33.8,-2.39,4.5,102.0,-99.0,-201.0,,,,-2.39,1721.65,8685.96,105.0,1.32,-0.5,4.5,0.5,104.5,0.0,104.5,104.5,1020.78,3590.72,17.0,,,,,,,,,,,,,,0.0,0.0,0.0,-269.0,-0.8,,,,,-0.6,0.0,0.0,0.0,0.0,0.0,0.0,-1.08,-0.17,-2.7,-2.52,-1.96,-3.91,1.06,1.8,4.3,17.02,60.75351442180705
6531,愛普*,半導體業,3,-16.71,15.25,0.21,-1.7,933.0,-248.0,-245.0,,,,0.65,1859.45,8083.03,1065.0,0.61,-6.45,-1.7,128.0,937.0,0.43,931.0,927.0,4705.82,2120.33,-236.0,-188.0,,,,,,,,,,,,,-7.0,-0.0,4.85,-180.0,-0.11,33.46,-1.0,-0.0,1.13,-0.15,0.05,-0.0,1.23,2.0,5.0,12.0,-0.54,-0.3,-0.73,-0.65,-0.58,-0.18,-20.8,-15.8,-18.4,45.07,46.17458418177527
6532,瑞耘,半導體業,3,-28.58,54.31,1.24,3.95,122.5,466.0,98.0,,,,3.38,5888.12,5888.12,127.0,0.61,9.64,3.95,0.0,127.0,2.11,121.0,118.5,2259.49,1529.14,299.0,,,,,,,,,,,,,,0.0,0.0,0.0,651.0,1.74,,,,,0.26,0.0,0.0,0.0,0.0,0.0,0.0,4.47,6.08,7.94,3.24,3.68,4.95,13.42,19.59,22.78,36.58,89.82842047024299
6533,晶心科,半導體業,3,-38.88,63.62,5.92,5.54,366.5,1042.0,948.0,,,,9.9,16660.56,16660.56,366.5,9.96,9.96,5.54,0.0,366.5,3.75,346.0,333.5,11054.3,9824.74,-669.0,2496.0,,,,,,,,,,,,,10.0,0.02,0.16,2487.0,4.91,19.28,-1.0,-0.0,3.51,1.87,0.0,0.04,-0.0,1.0,3.0,3.0,6.44,9.97,9.15,10.35,13.83,11.85,60.4,86.55,101.88,122.67,87.8464813222305
6534,正瀚-創,生技醫療業,1,-4.08,2.24,-0.66,0.78,90.8,0.0,0.0,,,,0.22,13.45,70.52,93.2,-0.44,-0.77,0.78,1.7999999999999972,91.4,0.88,91.4,90.6,13.28,23.1,5.0,0.0,,,,,,,,,,,,,0.0,0.0,0.0,0.0,0.0,40.37,-0.0,-0.0,0.04,0.0,0.0,0.0,0.0,0.0,0.0,0.0,0.0,-0.02,0.02,0.0,0.0,0.0,0.28,0.57,0.02,-1.42,53.98996276634574
6535,順藥,生技醫療業,1,-14.19,13.43,-3.23,1.86,80.9,22.0,-74.0,,,,-1.58,203.36,917.94,86.0,-2.19,0.25,1.86,2.4000000000000057,83.6,1.7,83.6,82.2,199.9,247.47,45.0,,,,,,,,,,,,,,-66.0,-0.04,0.0,-67.0,-0.04,,,,,-0.04,-0.12,-0.23,-0.37,0.0,0.0,0.0,0.06,0.12,-0.18,-0.04,-0.08,-0.37,-0.42,1.65,2.29,-4.04,56.45503178006451
6538,倉和,電子零組件業,3,-46.9,111.43,3.79,-1.25,369.5,32.0,85.0,,,,3.79,1611.81,9563.34,468.0,-3.05,-9.92,-1.25,98.0,370.0,0.0,356.0,356.0,3618.32,2131.17,-154.0,,,,,,,,,,,,,,0.0,0.0,0.01,-197.0,-0.52,,,,,0.22,0.0,0.0,0.0,0.0,0.0,0.0,-0.17,0.8,4.13,-1.09,-0.87,5.55,-9.0,-19.1,13.18,143.41,50.43297108753288
6541,泰福-KY,生技醫療業,1,-10.6,5.18,-3.97,2.47,30.25,45.0,-130.0,,,,-2.73,385.26,966.22,33.5,-3.66,-1.16,2.47,2.0,31.5,1.29,31.5,31.1,711.42,434.51,245.0,-193.0,,,,,,,,,,,,,0.0,0.0,0.0,-193.0,-0.12,22.19,0.0,0.0,0.02,-0.08,0.0,0.0,0.0,0.0,0.0,0.0,-0.07,-0.1,-0.04,-0.25,-0.38,-0.54,-0.36,-0.69,-0.91,-5.51,40.089138200695984
6542,隆中,文化創意業,1,-11.33,0.88,-0.87,0.62,39.9,0.0,0.0,,,,-1.48,4.22,24.06,45.0,0.0,,0.62,4.75,40.25,-0.62,40.25,40.5,0.0,8.06,0.0,,,,,,,,,,,,,,0.0,0.0,0.0,-1.0,-0.0,,,,,0.0,0.0,0.0,0.0,0.0,0.0,0.0,-0.0,-0.0,-0.01,0.0,0.0,0.0,-0.7,-1.41,-2.58,-4.91,18.886639949457106
6546,正基,通信網路業,2,-11.63,5.96,-0.5,-0.17,59.7,6.0,-6.0,,,,0.51,162.51,1432.98,64.5,2.26,-0.34,-0.17,4.100000000000001,60.4,1.01,60.0,59.4,378.21,220.39,44.0,,,,,,,,,,,,,,0.0,0.0,0.0,-33.0,-0.05,,,,,-0.01,0.0,0.0,0.0,0.0,0.0,0.0,0.9,0.99,0.88,-0.5,-0.57,-0.7,0.9,0.18,-0.49,-1.62,50.346572634271595
6547,高端疫苗,生技醫療業,2,-21.75,21.98,0.32,2.3,62.6,989.0,-288.0,,,,0.32,3079.58,19429.73,72.2,-1.64,1.84,2.3,9.5,62.7,0.0,62.4,62.4,2855.2,3731.2,1610.0,,,,,,,,,,,,,,0.0,0.0,0.0,-583.0,-0.18,,,,,-0.09,0.0,0.0,0.0,0.0,0.0,0.0,0.75,0.43,0.04,0.46,0.19,-0.92,1.3,2.05,1.41,8.26,62.67016267489254
6548,長科*,半導體業,2,-12.18,9.79,-1.65,0.0,71.5,46.0,-881.0,,,,-0.97,3840.02,5486.91,78.0,-0.97,0.7,0.0,4.0,74.0,0.69,72.7,72.2,871.99,1011.76,81.0,,,,,,,,,,,,,,-1855.0,-0.2,3.98,1008.0,0.11,,,,,-0.09,-0.2,-0.2,-0.19,0.0,0.0,3.0,0.1,0.18,-0.09,-0.12,-0.07,-0.35,-0.26,-0.97,-0.79,-1.27,44.24465531273525
6550,北極星藥業-KY,生技醫療業,3,-46.16,80.16,-1.69,3.48,17.5,119.0,-12.0,,,,-1.96,512.87,2692.27,18.35,,,3.48,0.5500000000000007,17.8,-0.28,17.8,17.85,1596.1,1576.46,72.0,75.0,,,,,,,,,,,,,0.0,0.0,0.0,75.0,0.02,21.08,0.0,0.0,0.24,-0.0,0.0,0.0,0.0,0.0,0.0,0.0,-0.11,-0.1,-1.03,-0.08,-0.58,-1.15,-0.08,1.83,5.74,5.86,88.68474307987498
6552,易華電,半導體業,1,-9.09,9.35,0.0,0.2,25.1,4.0,1.0,,,,0.4,27.78,94.09,25.3,-1.0,0.61,0.2,0.15000000000000213,25.15,0.4,25.1,25.0,59.44,60.14,29.0,2.0,,,,,,,,,,,,,0.0,0.0,0.0,2.0,0.0,1.24,0.0,0.0,0.38,0.0,0.0,0.0,0.0,0.0,0.0,0.0,0.11,0.16,0.24,0.02,0.03,-0.04,0.21,0.62,0.98,0.04,71.80897291090875
6556,勝品,光電業,1,-4.34,6.52,1.48,0.16,61.6,0.0,0.0,,,,-0.81,7.07,23.1,62.2,0.16,0.49,0.16,0.10000000000000142,62.1,-2.25,60.7,62.1,5.18,4.0,0.0,,,,,,,,,,,,,,0.0,0.0,0.0,-5.0,-0.02,,,,,0.0,0.0,0.0,0.0,0.0,0.0,0.0,-0.02,-0.02,0.02,0.0,0.0,0.0,-0.14,0.05,0.29,-1.36,52.90947420305682
6558,興能高,其他電子業,1,-11.18,10.41,1.4,-1.77,25.35,-41.0,31.0,,,,1.4,139.94,761.44,25.95,-1.21,3.67,-1.77,0.5,25.45,0.0,25.0,25.0,761.44,353.87,62.0,62.0,,,,,,,,,,,,,0.0,0.0,0.0,62.0,0.07,2.08,0.0,0.0,0.33,0.04,0.0,0.0,0.0,0.0,0.0,0.0,-0.25,0.02,-0.08,0.08,0.14,0.07,0.34,0.88,1.12,-0.27,65.77268038095079
6560,欣普羅,光電業,1,-15.92,8.97,0.93,-0.77,32.6,-1.0,0.0,,,,1.24,28.9,194.62,35.8,-1.66,-0.77,-0.77,3.0,32.8,0.31,32.3,32.2,22.37,20.03,-7.0,,,,,,,,,,,,,,0.0,0.0,0.0,-6.0,-0.02,,,,,0.0,0.0,0.0,0.0,0.0,0.0,0.0,-0.07,-0.06,-0.01,0.0,0.03,0.01,-0.01,-0.79,0.45,0.02,50.14088635132932
6561,是方,通信網路業,1,-6.73,1.8,0.65,-0.65,310.5,-27.0,-6.0,,,,1.14,54.5,131.87,327.0,-0.65,0.16,-0.65,16.5,310.5,0.49,308.5,307.0,131.87,101.98,-39.0,,,,,,,,,,,,,,0.0,0.0,0.29,7.0,0.01,,,,,-0.01,-0.01,-0.01,0.01,0.0,0.0,4.0,-0.07,-0.04,-0.09,-0.12,-0.13,-0.25,1.7,-1.35,-4.57,-10.68,43.69804885580648
6568,宏觀,半導體業,2,-13.0,14.52,-1.06,-2.73,140.0,-25.0,-9.0,,,,-1.75,55.05,247.98,150.0,2.14,0.7,-2.73,8.0,142.0,-0.7,141.5,142.5,136.17,211.36,-81.0,,,,,,,,,,,,,,0.0,0.0,0.0,-13.0,-0.04,,,,,-0.03,0.0,0.0,0.0,0.0,0.0,0.0,-0.28,-0.27,-0.79,-0.09,-0.01,-0.13,-1.9,-1.25,1.93,2.07,50.3903138256533
6569,醫揚,生技醫療業,1,-4.3,2.92,0.11,0.11,91.3,0.0,0.0,,,,-0.98,9.47,86.52,93.0,0.33,-0.33,0.11,1.4000000000000057,91.6,-1.08,91.2,92.2,36.41,14.95,-1.0,,,,,,,,,,,,,,0.0,0.0,0.0,0.0,0.0,,,,,0.0,0.0,0.0,0.0,0.0,0.0,0.0,-0.02,0.02,-0.18,0.0,0.0,-0.07,-0.66,-0.29,0.13,-3.94,46.148484195513305
6570,維田,電腦及週邊設備業,1,-13.04,3.59,0.0,-0.63,47.55,-19.0,-28.0,,,,0.0,149.76,230.91,52.9,0.21,2.36,-0.63,5.25,47.65,0.0,47.55,47.55,118.72,98.22,-7.0,,,,,,,,,,,,,,0.0,0.0,0.0,14.0,0.04,,,,,-0.08,0.0,0.0,0.0,0.0,0.0,0.0,-0.13,0.03,0.0,-0.29,-0.47,-0.78,0.34,0.39,-0.56,-3.53,47.607074299968446
6573,虹揚-KY,半導體業,1,-10.63,5.47,-0.61,3.79,16.3,18.0,3.0,,,,-0.91,77.68,353.65,17.4,-1.24,0.0,3.79,1.0,16.4,-0.3,16.4,16.45,77.02,186.91,71.0,36.0,,,,,,,,,,,,,0.0,0.0,0.0,36.0,0.04,54.55,0.0,0.0,0.16,0.0,0.0,0.0,0.0,0.0,0.0,0.0,0.12,0.2,0.04,-0.0,0.16,-0.08,0.17,0.01,0.05,-1.82,50.81007824964828
6574,霈方,生技醫療業,1,-5.28,5.33,0.0,0.0,118.5,-5.0,0.0,,,,0.0,10.96,48.75,123.0,-1.25,0.84,0.0,4.5,118.5,0.0,118.5,118.5,22.49,29.15,8.0,,,,,,,,,,,,,,0.0,0.0,0.0,-1.0,-0.0,,,,,0.0,0.0,0.0,0.0,0.0,0.0,0.0,0.0,0.13,0.03,-0.02,-0.04,-0.05,-0.5,-1.25,-1.15,-5.74,38.940838293301496
6576,逸達,生技醫療業,1,-5.75,2.43,-0.25,0.0,79.1,-2.0,-2.0,,,,-0.5,101.76,392.61,83.5,-0.87,-0.62,0.0,3.5,80.0,-0.25,79.3,79.5,118.03,57.17,-6.0,,,,,,,,,,,,,,0.0,0.0,0.0,-65.0,-0.05,,,,,-0.0,0.0,0.0,0.0,0.0,0.0,0.0,-0.12,-0.18,-0.21,-0.0,0.01,0.16,-0.78,-1.7,-1.98,-1.61,30.52498778652084
6577,勁豐,電腦及週邊設備業,1,-4.2,4.39,1.0,0.76,80.5,0.0,5.0,,,,0.63,50.65,154.75,80.9,0.0,-0.5,0.76,0.0,80.9,-0.37,79.7,80.0,15.78,27.8,-2.0,,,,,,,,,,,,,,0.0,0.0,0.21,8.0,0.02,,,,,0.01,-0.01,0.03,0.04,0.0,5.0,11.0,0.02,0.12,0.12,0.02,0.01,-0.1,0.6,0.87,0.97,0.51,66.43451862481969
6578,達邦蛋白,農業科技,1,-12.16,1.85,0.0,0.3,16.5,-3.0,0.0,,,,0.3,9.1,253.48,18.5,-0.89,-0.6,0.3,1.9499999999999993,16.55,0.3,16.5,16.45,18.6,48.7,11.0,,,,,,,,,,,,,,0.0,0.0,0.0,1.0,0.0,,,,,0.0,0.0,0.0,0.0,0.0,0.0,0.0,-0.04,-0.0,0.02,-0.07,-0.08,-0.09,-0.09,-0.26,-0.74,-0.8,27.71777806095983
6579,研揚,電腦及週邊設備業,2,-11.76,13.03,0.31,0.0,160.5,22.0,18.0,,,,0.94,225.16,667.43,161.5,2.33,2.61,0.0,1.0,160.5,0.63,160.0,159.0,667.43,457.96,110.0,21.0,,,,,,,,,,,,,0.0,0.0,0.0,5.0,0.0,3.74,16.0,0.01,0.47,0.01,0.0,-0.01,-0.03,0.0,0.0,0.0,0.11,0.28,0.2,0.07,0.2,0.17,4.4,6.55,9.38,4.09,76.74348953957988
6581,鋼聯,其他,2,-3.57,1.87,0.0,0.46,108.0,0.0,0.0,,,,-0.46,14.13,39.63,112.0,-0.46,-0.46,0.46,3.0,109.0,-0.46,108.0,108.5,11.3,11.26,7.0,3.0,,,,,,,,,,,,,0.0,0.0,0.0,3.0,0.0,1.12,0.0,0.0,0.06,0.0,0.0,0.0,0.0,0.0,0.0,0.0,0.01,0.02,0.02,0.0,0.0,0.0,-0.4,-0.9,-1.47,-0.51,32.68697654940988
6582,申豐,橡膠工業,1,-4.64,1.62,0.32,0.81,31.3,0.0,0.0,,,,0.64,8.74,122.63,32.3,0.65,-0.65,0.81,0.9999999999999964,31.3,0.32,31.2,31.1,74.46,24.32,5.0,3.0,,,,,,,,,,,,,0.0,0.0,0.0,3.0,0.0,13.14,0.0,0.0,0.4,0.0,0.0,0.0,0.0,0.0,0.0,0.0,-0.05,-0.04,-0.03,-0.02,-0.04,-0.04,0.3,0.18,-0.11,-0.6,52.11586058386985
6584,南俊國際,電子零組件業,2,-22.09,2.46,-1.67,-0.92,531.0,-32.0,-122.0,,,,-1.67,287.53,1274.82,679.0,0.37,-0.18,-0.92,137.0,542.0,0.0,540.0,540.0,176.7,176.36,-27.0,,,,,,,,,,,,,,-62.0,-0.09,4.13,-70.0,-0.11,,,,,-0.19,-0.13,-0.13,-0.18,0.0,0.0,2.0,-0.28,-0.49,-0.83,-0.41,-0.59,-1.0,-9.0,-18.5,-40.25,-40.62,31.37049509732634
6585,鼎基,其他,1,-12.28,4.0,-1.44,0.0,102.5,-15.0,-44.0,,,,-1.44,134.49,405.88,114.0,-0.47,-1.9,0.0,10.0,104.0,0.0,104.0,104.0,79.88,132.61,41.0,-32.0,,,,,,,,,,,,,0.0,0.0,0.08,-31.0,-0.04,3.17,-1.0,-0.0,0.01,-0.06,0.0,0.0,0.0,0.0,0.0,0.0,0.02,0.04,-0.34,-0.08,-0.11,-0.38,-1.8,-2.1,-3.83,-12.13,29.824817700480068
6588,東典,通信網路業,3,-21.26,22.94,0.92,-1.37,110.0,-184.0,79.0,,,,1.85,1016.3,7906.87,127.0,-0.44,-4.02,-1.37,15.0,112.0,0.93,109.0,108.0,718.04,1081.66,-11.0,,,,,,,,,,,,,,0.0,0.0,0.0,22.0,0.08,,,,,0.3,0.0,0.0,0.0,0.0,0.0,0.0,-0.62,0.69,-0.23,-1.58,0.32,-0.92,0.0,-2.15,-0.7,12.73,48.744724631761635
6589,台康生技,生技醫療業,3,-16.67,18.89,-1.69,3.89,52.4,355.0,-52.0,,,,-1.87,554.11,1508.63,54.0,-4.64,0.39,3.89,0.5,53.5,-0.19,53.3,53.4,355.89,951.46,537.0,-79.0,,,,,,,,,,,,,0.0,0.0,0.0,-78.0,-0.03,5.54,-1.0,-0.0,0.1,-0.02,0.0,0.0,0.0,0.0,0.0,0.0,0.2,0.71,0.83,0.13,0.48,0.41,-0.14,0.48,2.57,3.57,57.368984512400644
6590,普鴻,資訊服務業,2,-22.13,12.5,-0.91,-0.45,65.1,1.0,0.0,,,,-1.21,16.12,223.84,75.0,-1.33,-1.05,-0.45,9.299999999999997,65.7,-0.3,65.7,65.9,13.32,25.59,-2.0,,,,,,,,,,,,,,0.0,0.0,0.0,,,,,,,0.0,0.0,0.0,0.0,0.0,0.0,0.0,-0.01,-0.02,0.08,0.01,-0.04,0.07,-1.28,-2.25,-0.13,-0.37,43.93329978097359
6591,動力-KY,電腦及週邊設備業,1,-13.96,5.57,0.47,0.0,43.1,-24.0,-4.0,,,,0.58,57.17,310.67,48.0,0.11,-2.26,0.0,4.399999999999999,43.6,0.12,42.9,42.85,64.01,109.52,-22.0,0.0,,,,,,,,,,,,,0.0,0.0,0.23,1.0,0.0,22.19,-1.0,-0.0,0.63,-0.01,0.0,0.0,0.0,0.0,0.0,0.0,-0.18,0.37,0.56,-0.18,-0.06,-0.1,-0.4,-0.57,0.17,-0.98,46.34958690272281
6592,和潤企業,其他,1,-8.56,0.88,0.18,-0.18,57.0,-205.0,-221.0,,,,0.18,704.16,931.87,61.9,-0.69,-1.22,-0.18,4.799999999999997,57.1,0.0,56.9,56.9,740.81,475.96,-240.0,-430.0,,,,,,,,,,,,,-179.0,-0.03,0.03,-257.0,-0.05,29.72,6.0,0.0,0.2,-0.04,-0.03,-0.03,-0.0,0.0,0.0,2.0,-0.23,-0.44,-0.43,-0.2,-0.41,-0.44,-0.28,-1.16,-2.27,-3.23,14.027726403088678
6593,台灣銘板,資訊服務業,1,-3.7,3.52,1.41,0.47,32.3,0.0,-1.0,,,,0.16,20.73,248.19,32.45,-0.77,0.62,0.47,0.10000000000000142,32.35,-1.24,31.85,32.25,23.08,13.94,1.0,,,,,,,,,,,,,,0.0,0.0,0.0,4.0,0.02,,,,,-0.0,0.0,0.0,0.0,0.0,0.0,0.0,0.12,0.16,0.43,-0.01,-0.02,-0.46,0.07,0.27,0.41,-0.23,60.60674472362237
6594,展匯科,半導體業,3,,,,,,,,,,,,,,,,,,,,,,,,,,,,,,,,,,,,,,,,,,,,,,,,,,,,,,,,,,,,,,,,,
6596,寬宏藝術,文化創意業,3,-5.3,4.73,-0.21,-0.51,97.2,4.0,-7.0,,,,-0.1,56.83,188.48,98.2,-0.21,0.1,-0.51,0.7999999999999972,97.4,0.1,97.4,97.3,61.64,91.4,44.0,,,,,,,,,,,,,,0.0,0.0,0.0,-9.0,-0.03,,,,,-0.02,0.0,0.0,0.0,0.0,0.0,0.0,0.2,0.6,0.98,0.01,0.29,0.22,0.16,0.53,1.52,4.57,66.34816795916907
6598,ABC-KY,生技醫療業,2,-12.21,3.62,-0.74,-2.14,26.65,-32.0,-77.0,,,,-2.74,265.2,574.65,29.9,-1.09,-0.37,-2.14,2.6999999999999993,27.2,-2.01,26.85,27.4,87.85,194.8,-67.0,-124.0,,,,,,,,,,,,,0.0,0.0,0.0,-125.0,-0.15,29.51,1.0,0.0,0.08,-0.09,0.0,0.0,0.0,0.0,0.0,0.0,-0.35,-0.45,-0.43,-0.15,-0.14,-0.06,-0.58,-0.88,-1.03,-1.15,33.75949420371346
6603,富強鑫,電機機械,3,-21.5,26.76,3.11,-4.0,29.8,-877.0,1556.0,,,,3.47,7484.11,8942.37,30.7,0.37,7.14,-4.0,0.14999999999999858,30.55,0.35,28.9,28.8,4594.9,6995.04,-201.0,,,,,,,,,,,,,,0.0,0.0,0.0,1769.0,1.13,,,,,0.99,0.0,0.0,0.0,0.0,0.0,0.0,1.11,2.61,1.37,0.36,1.44,0.36,1.33,1.71,3.23,3.57,71.1167464871906
6605,帝寶,汽車工業,3,-4.61,3.72,0.72,-1.43,139.0,-16.0,45.0,,,,1.09,276.2,1028.65,141.0,0.0,-0.36,-1.43,1.5,139.5,0.36,138.0,137.5,177.54,156.95,4.0,85.0,,,,,,,,,,,,,0.0,0.0,0.01,85.0,0.05,15.34,-0.0,-0.0,0.46,0.03,0.0,-0.01,-0.03,0.0,0.0,0.0,0.11,0.62,0.95,0.03,0.09,0.13,0.7,0.75,1.45,3.07,57.359550520084014
6606,建德工業,電機機械,1,-6.51,2.87,-0.4,-2.36,25.0,-5.0,0.0,,,,0.81,35.0,199.06,26.1,0.0,-1.39,-2.36,1.0,25.1,1.21,25.1,24.8,77.63,64.03,13.0,-25.0,,,,,,,,,,,,,0.0,0.0,0.0,-25.0,-0.02,3.72,0.0,0.0,0.06,0.0,0.0,0.0,0.0,0.0,0.0,0.0,-0.04,0.01,-0.02,-0.01,-0.02,-0.03,0.05,-0.06,-0.29,-0.76,44.2279679951053
6609,瀧澤科,電機機械,2,-7.13,5.08,-1.98,0.63,39.55,4.0,-6.0,,,,-1.0,62.09,291.5,41.35,-0.13,-0.5,0.63,1.0,40.35,1.0,40.35,39.95,61.9,76.27,3.0,,,,,,,,,,,,,,0.0,0.0,0.0,-28.0,-0.04,,,,,-0.01,0.0,0.0,0.0,0.0,0.0,0.0,-0.0,0.26,0.68,-0.0,-0.0,0.05,-0.2,0.0,0.0,0.16,48.96698040898697
6612,奈米醫材,生技醫療業,3,-10.62,16.09,7.09,0.69,77.0,5.0,35.0,,,,6.21,126.44,126.44,77.2,0.28,-0.14,0.69,0.0,77.2,-0.83,71.9,72.5,18.33,39.94,16.0,,,,,,,,,,,,,,0.0,0.0,0.0,25.0,0.06,,,,,0.09,0.0,0.0,0.0,0.0,0.0,0.0,0.12,0.09,-0.02,0.11,0.12,0.14,4.02,4.95,5.67,5.16,88.51180815929811
6613,朋億,其他電子業,1,-11.37,15.84,1.64,0.74,278.5,34.0,55.0,,,,1.64,407.8,561.98,281.5,0.56,-0.18,0.74,0.0,281.5,0.0,274.0,274.0,139.04,216.86,36.0,,,,,,,,,,,,,,0.0,0.0,0.09,103.0,0.14,,,,,0.07,0.0,0.0,0.0,0.0,0.0,0.0,0.33,0.67,0.21,0.18,0.33,0.15,6.1,9.4,13.88,-3.84,72.72549006133461
6615,慧智,生技醫療業,1,-4.58,1.5,0.3,0.3,33.5,0.0,0.0,,,,0.0,7.67,38.18,34.9,,,0.3,1.1000000000000014,33.8,-0.3,33.4,33.5,4.36,4.19,1.0,,,,,,,,,,,,,,0.0,0.0,0.0,2.0,0.01,,,,,0.0,0.0,0.0,0.0,0.0,0.0,0.0,0.02,0.02,0.01,0.0,0.0,-0.02,-0.1,-0.12,-0.28,-0.75,40.69059357892525
6616,特昇-KY,其他,1,-7.92,5.35,0.98,-0.85,8.26,0.0,0.0,,,,0.98,14.0,57.55,8.59,1.49,0.73,-0.85,0.3200000000000003,8.27,0.0,8.18,8.18,55.39,7.24,0.0,,,,,,,,,,,,,,0.0,0.0,0.0,,,,,,,0.0,0.0,0.0,0.0,0.0,0.0,0.0,0.0,0.04,0.04,0.0,0.0,0.0,0.08,0.0,-0.06,-0.35,49.114495055396176
6624,萬年清,其他,1,-11.22,3.59,-2.44,-3.04,38.0,0.0,0.0,,,,-0.65,6.06,17.21,42.35,3.02,-0.13,-3.04,3.3999999999999986,38.95,1.83,38.95,38.25,8.15,10.02,-2.0,,,,,,,,,,,,,,0.0,0.0,0.0,-2.0,-0.01,,,,,0.0,0.0,0.0,0.0,0.0,0.0,0.0,-0.03,-0.08,-0.09,0.0,0.0,0.0,-0.56,-0.44,-0.96,-2.67,39.54890237057375
6625,必應,其他,1,-4.19,1.23,0.41,0.14,74.0,-16.0,2.0,,,,0.0,57.1,185.72,76.4,0.27,-0.14,0.14,2.3000000000000114,74.1,-0.41,73.7,74.0,115.78,48.87,-14.0,-7.0,,,,,,,,,,,,,0.0,0.0,0.0,-8.0,-0.02,2.55,1.0,0.0,0.02,0.0,0.0,0.0,0.0,0.0,0.0,0.0,0.06,0.15,0.09,-0.08,-0.12,-0.44,0.06,-0.13,-0.57,-2.08,41.886690437835604
6629,泰金-KY,其他,1,-7.8,2.99,0.98,0.98,103.5,0.0,0.0,,,,0.0,4.06,157.4,109.0,-0.96,0.49,0.98,5.5,103.5,-0.97,102.5,103.5,3.62,5.0,0.0,,,,,,,,,,,,,,0.0,0.0,0.01,,,,,,,0.0,0.0,0.0,0.0,0.0,0.0,0.0,-0.01,0.05,0.14,0.01,0.01,-0.05,0.0,-0.2,-1.03,-3.14,43.07747680181027
6640,均華,半導體業,2,-24.62,22.84,3.26,-2.35,1110.0,-50.0,157.0,,,,6.73,718.77,1391.07,1320.0,-3.81,2.97,-2.35,180.0,1140.0,3.37,1075.0,1040.0,439.89,278.98,-69.0,,,,,,,,,,,,,,0.0,0.0,2.43,94.0,0.33,,,,,0.56,-0.28,-0.17,1.85,0.0,1.0,6.0,0.18,0.13,-1.18,0.06,-0.69,-0.03,60.0,29.0,-29.0,84.1,54.67358821641508
6641,基士德-KY,其他,1,-5.95,1.81,0.6,-1.73,16.9,0.0,0.0,,,,-0.59,6.0,43.32,17.65,1.19,0.0,-1.73,0.75,16.9,-1.18,16.8,17.0,1.0,12.01,2.0,0.0,,,,,,,,,,,,,0.0,0.0,0.0,-2.0,-0.01,26.38,2.0,0.01,0.05,0.0,0.0,0.0,0.0,0.0,0.0,0.0,-0.0,0.01,0.01,0.0,0.0,0.0,-0.01,-0.05,-0.1,-0.71,41.71885730767587
6642,富致,電子零組件業,3,-11.44,13.83,2.09,1.11,83.0,19.0,26.0,,,,1.59,378.61,378.61,84.8,-0.25,2.93,1.11,0.0,84.8,-0.49,81.3,81.7,318.21,164.21,20.0,,,,,,,,,,,,,,0.0,0.0,0.0,91.0,0.24,,,,,0.07,0.0,0.0,0.0,0.0,0.0,0.0,0.31,0.22,-0.04,0.18,0.23,0.15,2.52,4.0,4.34,4.33,75.39459219656342
6643,M31,半導體業,3,-28.19,40.48,-6.13,9.68,521.0,496.0,-601.0,,,,-6.13,2238.21,3185.27,557.0,8.08,-1.94,9.68,0.0,557.0,0.0,555.0,555.0,1615.01,2688.6,215.0,,,,,,,,,,,,,,0.0,0.0,0.17,-488.0,-1.4,,,,,-1.72,-0.0,0.0,0.04,1.0,1.0,2.0,-1.44,-0.59,-1.82,-0.46,0.49,-0.4,6.5,35.4,69.77,87.18,63.78420535049805
6645,金萬林-創,生技醫療業,1,-11.76,6.25,0.39,-0.77,12.75,0.0,0.0,,,,-0.78,8.94,78.55,13.6,0.0,0.0,-0.77,0.8499999999999996,12.75,-1.17,12.7,12.85,53.05,12.06,1.0,0.0,,,,,,,,,,,,,0.0,0.0,0.0,0.0,0.0,0.85,0.0,0.0,0.0,0.0,0.0,0.0,0.0,0.0,0.0,0.0,-0.05,-0.07,-0.04,0.0,0.0,0.0,0.13,0.16,0.2,-0.48,57.92052518584509
6649,台生材,生技醫療業,2,-7.79,10.67,1.92,0.0,37.2,0.0,-2.0,,,,1.92,112.06,112.06,37.85,6.63,-2.65,0.0,0.0,37.85,0.0,36.5,36.5,22.15,3.68,-1.0,,,,,,,,,,,,,,0.0,0.0,0.0,-1.0,-0.0,,,,,-0.0,0.0,0.0,0.0,0.0,0.0,0.0,0.0,0.0,0.04,-0.0,-0.0,0.01,0.45,0.98,1.26,0.82,62.74496485368334
6651,全宇昕,半導體業,2,-12.86,10.45,0.34,-3.63,147.5,-86.0,3.0,,,,1.03,79.52,485.17,155.5,-1.64,0.67,-3.63,7.5,148.0,0.68,147.0,146.0,158.05,338.52,4.0,,,,,,,,,,,,,,0.0,0.0,0.0,30.0,0.09,,,,,0.01,0.0,0.0,0.0,0.0,0.0,0.0,0.73,1.59,1.83,-0.29,0.05,-0.21,-1.6,-1.5,0.9,9.06,49.249749571665426
6654,天正國際,其他電子業,3,-15.04,35.62,-3.23,4.6,210.0,12.0,0.0,,,,-2.78,62.28,229.44,226.0,-1.29,4.17,4.6,9.0,217.0,0.46,217.0,216.0,21.35,84.73,5.0,,,,,,,,,,,,,,0.0,0.0,0.0,6.0,0.02,,,,,0.0,0.0,0.0,0.0,0.0,0.0,0.0,0.05,0.06,0.18,0.02,0.02,0.07,7.5,7.9,4.6,25.02,58.3960746192109
6655,科定,其他,3,-12.31,,,-0.4,,0.0,0.0,,,,,0.46,40.5,130.0,,,-0.4,,,,,125.0,3.01,2.4,2.0,0.0,,,,,,,,,,,,,0.0,0.0,0.0,0.0,0.0,0.67,0.0,0.0,0.06,0.0,0.0,0.0,0.0,0.0,0.0,0.0,0.0,-0.01,0.01,0.0,0.0,0.0,,,,,
6657,華安,生技醫療業,2,-23.33,13.7,-1.81,1.4,32.6,0.0,4.0,,,,-0.31,63.11,1110.83,39.0,-1.35,-1.07,1.4,5.799999999999997,33.2,1.53,33.2,32.7,76.58,97.68,34.0,-7.0,,,,,,,,,,,,,0.0,0.0,0.0,-8.0,-0.01,8.21,1.0,0.0,0.04,0.01,0.0,0.0,0.0,0.0,0.0,0.0,-0.04,0.1,-0.51,0.0,-0.1,-0.55,-0.16,-0.55,-0.56,0.17,43.34053615682025
6658,聯策,其他電子業,2,-17.51,19.61,0.0,-0.82,181.0,-24.0,19.0,,,,0.28,162.46,1347.5,197.0,0.85,1.12,-0.82,14.0,183.0,0.28,181.0,180.5,206.71,363.47,-1.0,29.0,,,,,,,,,,,,,0.0,0.0,0.0,29.0,0.09,2.84,0.0,0.0,0.12,0.06,0.0,0.0,0.0,0.0,0.0,0.0,0.4,0.61,-0.3,0.08,0.19,-0.57,1.2,5.0,6.62,14.93,68.22451784818315
6661,威健生技,生技醫療業,3,-9.2,,,,,,,,,,,0.0,19.01,17.4,,1.25,,,,,,,19.01,0.0,0.0,,,,,,,,,,,,,,0.0,0.0,0.0,,,,,,,,0.0,0.0,0.0,0.0,0.0,0.0,0.0,0.0,0.0,,,,,,,,
6662,樂斯科,生技醫療業,1,-6.78,3.64,1.79,,28.5,0.0,0.0,,,,,4.31,10.02,29.5,,,,1.0,28.5,,28.0,,0.0,0.53,0.0,,,,,,,,,,,,,,0.0,0.0,0.0,,,,,,,0.0,0.0,0.0,0.0,0.0,0.0,0.0,0.0,0.0,-0.01,0.0,0.0,0.0,0.0,0.06,-0.02,-0.77,47.26173100141988
6664,群翊,電子零組件業,3,-16.43,18.75,-2.24,0.67,371.5,115.0,-20.0,,,,-1.2,366.5,1352.24,392.5,3.61,3.21,0.67,12.5,380.0,1.06,380.0,376.0,586.25,839.06,119.0,,,,,,,,,,,,,,0.0,0.0,0.32,-5.0,-0.01,,,,,-0.03,0.0,0.0,0.08,1.0,1.0,6.0,0.75,1.01,0.94,0.5,0.44,-0.15,7.1,19.8,20.7,18.44,71.95757443130104
6666,羅麗芬-KY,生技醫療業,3,-7.51,12.35,0.0,1.0,45.95,0.0,0.0,,,,0.88,1.2,57.13,45.95,-0.66,1.78,1.0,0.0,45.95,0.88,45.95,45.55,20.18,20.51,3.0,0.0,,,,,,,,,,,,,0.0,0.0,0.0,0.0,0.0,75.27,0.0,0.0,0.06,0.0,0.0,0.0,0.0,0.0,0.0,0.0,0.01,0.01,0.04,0.0,0.0,0.0,0.52,0.84,1.17,1.75,74.40923773278301
6667,信紘科,其他電子業,3,-20.22,25.47,-1.32,0.38,261.0,-2.0,-2.0,,,,-0.38,410.74,1532.97,269.5,0.0,-0.96,0.38,1.0,268.5,0.95,264.5,262.0,258.72,253.8,6.0,,,,,,,,,,,,,,0.0,0.0,0.0,-1.0,-0.0,,,,,-0.0,0.0,0.0,0.0,0.0,0.0,0.0,0.2,2.04,1.72,0.08,1.19,1.59,0.0,4.5,12.3,22.81,65.08061544453395
6668,中揚光,光電業,3,-27.36,40.03,0.11,-1.88,47.1,-170.0,-141.0,,,,0.11,2134.34,18858.38,54.1,1.28,0.21,-1.88,5.649999999999999,48.45,0.0,47.05,47.05,1980.48,1721.35,-112.0,-21.0,,,,,,,,,,,,,0.0,0.0,0.0,-21.0,-0.03,14.09,0.0,0.0,0.92,-0.18,0.0,0.0,0.0,0.0,0.0,0.0,0.19,0.78,-0.03,-0.18,0.22,-0.52,-0.16,-0.23,2.57,7.9,57.89678777204065
6669,緯穎,電腦及週邊設備業,1,-27.83,1.93,0.72,-1.88,2110.0,-467.0,-256.0,,,,0.96,1165.17,10869.6,2875.0,0.48,-0.71,-1.88,760.0,2115.0,0.24,2095.0,2090.0,1642.77,1885.58,-622.0,-287.0,,,,,,,,,,,,,-301.0,-0.17,5.78,-7.0,-0.0,23.32,21.0,0.01,0.74,-0.15,-0.94,-2.66,-3.61,0.0,1.0,6.0,-0.23,-1.31,-6.13,-1.07,-4.06,-10.37,6.0,-12.5,-153.5,-2548.5,21.875230602618856
6670,復盛應用,其他,2,-4.62,4.4,-0.37,-0.55,271.0,-33.0,-22.0,,,,-0.37,208.36,318.19,281.5,0.0,0.0,-0.55,8.5,273.0,0.0,272.0,272.0,232.82,181.0,-64.0,-43.0,,,,,,,,,,,,,17.0,0.01,9.49,-63.0,-0.05,26.17,3.0,0.0,0.03,-0.02,0.04,0.1,0.15,3.0,7.0,10.0,0.01,-0.06,0.03,-0.03,-0.08,-0.05,-1.4,-1.45,-3.1,3.12,40.797002601802426
6671,三能-KY,其他,2,-4.04,3.6,-0.87,-2.16,22.85,0.0,0.0,,,,0.66,34.0,153.15,23.5,0.66,0.0,-2.16,0.4499999999999993,23.05,1.54,23.05,22.7,9.0,7.14,1.0,0.0,,,,,,,,,,,,,0.0,0.0,0.0,0.0,0.0,40.05,0.0,0.0,0.07,0.0,0.0,0.0,0.0,0.0,0.0,0.0,0.0,0.01,-0.01,0.0,0.0,0.0,0.06,-0.03,-0.07,-0.28,48.555713913511646
6672,騰輝電子-KY,電子零組件業,3,-35.51,59.02,7.7,9.33,405.5,1687.0,2939.0,,,,9.89,18447.53,18447.53,405.5,9.93,-0.59,9.33,0.0,405.5,2.03,376.5,369.0,8175.14,8259.56,725.0,3253.0,,,,,,,,,,,,,0.0,0.0,1.12,3269.0,4.58,31.89,-16.0,-0.02,1.47,4.11,0.0,0.01,0.13,0.0,2.0,3.0,9.25,9.95,9.78,10.48,11.18,11.68,54.6,78.9,97.52,134.24,88.8350611452132
6674,鋐寶科技,通信網路業,3,-16.49,28.32,0.0,-0.27,18.35,11.0,32.0,,,,0.55,183.36,3422.97,18.5,-0.27,-0.54,-0.27,0.14999999999999858,18.35,0.55,18.35,18.25,327.3,148.9,10.0,1.0,,,,,,,,,,,,,0.0,0.0,0.0,1.0,0.0,0.63,-0.0,-0.0,0.04,0.05,0.0,0.0,0.0,0.0,0.0,0.0,0.07,0.08,0.1,0.2,-0.58,-0.59,0.03,0.9,1.65,2.23,78.99382452179898
6679,鈺太,半導體業,1,-11.95,8.62,-0.73,-1.44,204.5,-15.0,-11.0,,,,-0.73,126.49,1084.83,217.5,0.5,1.73,-1.44,9.5,208.0,0.0,206.0,206.0,384.8,277.32,-49.0,,,,,,,,,,,,,,0.0,0.0,0.16,-20.0,-0.04,,,,,-0.02,0.15,0.15,0.15,3.0,3.0,3.0,-0.17,0.02,-1.69,0.07,0.09,-1.44,0.4,3.45,3.65,-6.57,61.699820224925816
6680,鑫創電子,電腦及週邊設備業,1,-11.58,3.2,0.98,1.76,51.5,0.0,0.0,,,,-0.77,12.24,12.24,57.0,,-2.84,1.76,5.399999999999999,51.6,-1.73,51.0,51.9,8.28,3.82,0.0,,,,,,,,,,,,,,0.0,0.0,0.0,1.0,0.0,,,,,0.0,0.0,0.0,0.0,0.0,0.0,0.0,0.0,0.0,0.0,0.0,0.0,0.0,-0.38,-1.56,-1.8,-1.75,39.56395568987564
6683,雍智科技,半導體業,3,-29.02,56.19,-1.56,6.35,1575.0,-102.0,-72.0,,,,-0.94,1039.27,2944.63,1740.0,-2.25,-2.96,6.35,100.0,1640.0,0.63,1600.0,1590.0,770.43,1228.08,-295.0,,,,,,,,,,,,,,-5.0,-0.02,0.36,-128.0,-0.47,,,,,-0.26,0.01,0.1,0.35,1.0,4.0,7.0,-0.47,-3.53,-3.04,-1.57,-3.12,-2.67,32.0,-7.0,96.25,254.57,58.20193075477612
6684,安格,半導體業,2,-16.45,17.42,-0.99,-0.99,50.1,-16.0,-1.0,,,,-0.2,114.82,315.84,52.9,-0.71,4.2,-0.99,1.0,51.9,0.8,50.6,50.2,194.28,96.85,-32.0,,,,,,,,,,,,,,0.0,0.0,0.0,6.0,0.01,,,,,-0.0,0.0,0.0,0.0,0.0,0.0,0.0,0.07,0.43,0.62,0.04,0.37,0.3,0.25,0.91,2.76,1.79,65.5440514742076
6689,伊雲谷,其他電子業,2,-19.68,8.5,-1.23,-0.31,64.2,21.0,-13.0,,,,-0.93,142.35,7763.17,74.7,-0.16,0.78,-0.31,9.600000000000009,65.1,0.31,65.0,64.8,131.76,188.5,52.0,15.0,,,,,,,,,,,,,0.0,0.0,0.0,12.0,0.02,4.35,3.0,0.0,0.09,-0.02,0.0,0.0,0.0,0.0,0.0,0.0,-0.07,-0.45,-0.45,-0.14,-0.68,-0.85,-0.06,-0.81,0.07,1.82,47.2563128033184
6690,安�硌穈T,資訊服務業,2,-20.15,10.59,0.0,-0.56,177.0,-13.0,-19.0,,,,0.0,105.31,2303.08,201.0,0.28,-0.84,-0.56,23.5,177.5,0.0,177.0,177.0,118.96,186.68,74.0,,,,,,,,,,,,,,0.0,0.0,0.14,1.0,0.0,,,,,-0.09,0.0,0.0,0.0,0.0,0.0,0.0,0.23,0.46,0.38,-0.29,-0.27,0.25,-0.8,-2.5,3.25,10.07,50.604811728298486
6691,洋基工程,其他電子業,3,-20.05,26.35,0.83,7.96,733.0,1036.0,235.0,,,,1.95,1746.88,2580.61,748.0,3.25,-1.95,7.96,0.0,748.0,1.11,727.0,719.0,923.01,2580.61,1064.0,260.0,,,,,,,,,,,,,68.0,0.08,5.97,202.0,0.23,20.07,-10.0,-0.01,0.44,0.27,0.11,-0.09,-0.09,2.0,3.0,6.0,1.42,1.76,0.86,1.56,1.85,1.37,49.2,76.6,97.85,63.62,80.5204104151835
6693,廣閎科,半導體業,2,-27.07,37.62,1.19,-4.94,212.5,-116.0,48.0,,,,0.47,1966.55,7653.48,223.5,6.35,4.06,-4.94,4.0,219.5,-0.71,210.0,211.5,3929.49,3056.91,-394.0,,,,,,,,,,,,,,0.0,0.0,0.53,98.0,0.21,,,,,0.1,0.0,0.0,0.0,0.0,0.0,0.0,-3.95,-3.22,-6.28,-2.6,-2.46,-4.33,2.8,17.1,25.45,27.79,70.63627021275305
6695,芯鼎,半導體業,2,-19.72,24.56,0.91,2.23,55.4,163.0,226.0,,,,0.73,905.56,1257.41,56.8,-0.4,8.42,2.23,0.0,56.8,-0.18,54.9,55.0,1257.41,1104.72,167.0,296.0,,,,,,,,,,,,,0.0,0.0,0.0,296.0,0.35,4.49,0.0,0.0,0.22,0.27,0.0,0.0,0.0,0.0,0.0,0.0,0.75,1.38,0.46,0.71,1.19,1.02,2.5,4.06,5.82,4.93,83.2577731771272
6697,東捷資訊,資訊服務業,2,-6.98,3.87,-0.24,-0.84,41.1,0.0,0.0,,,,-0.48,25.0,81.39,43.0,0.12,-0.24,-0.84,1.4500000000000028,41.55,-0.24,41.2,41.3,19.48,33.4,-1.0,,,,,,,,,,,,,,0.0,0.0,0.0,1.0,0.0,,,,,0.0,0.0,0.0,0.0,0.0,0.0,0.0,-0.01,0.02,-0.0,0.0,0.0,0.0,-0.07,-0.15,0.05,0.32,48.182033422136854
6698,旭暉應材,其他電子業,1,-8.85,8.29,-1.23,-1.48,32.25,-65.0,-43.0,,,,-3.15,199.96,489.19,33.9,0.32,6.94,-1.48,1.25,32.65,-1.95,32.65,33.3,241.17,489.19,-150.0,-85.0,,,,,,,,,,,,,0.0,0.0,0.0,-85.0,-0.13,1.88,0.0,0.0,0.13,-0.06,0.0,0.0,0.0,0.0,0.0,0.0,-0.2,-0.14,0.33,-0.15,-0.18,-0.33,-0.3,0.03,0.33,-1.0,50.27811028164266
6703,軒郁,生技醫療業,1,-3.86,1.01,0.5,0.5,100.5,-11.0,0.0,,,,0.0,13.08,109.47,103.5,0.5,-0.5,0.5,3.0,100.5,-0.5,100.0,100.5,28.41,48.64,-19.0,,,,,,,,,,,,,,0.0,0.0,0.53,-6.0,-0.02,,,,,0.0,-0.02,0.07,0.14,1.0,6.0,12.0,-0.1,-0.13,-0.25,-0.04,-0.08,-0.36,0.2,-0.1,-0.58,-4.19,44.74988885224863
6706,惠特,光電業,3,-28.27,44.59,1.64,-2.6,154.5,44.0,900.0,,,,3.0,7046.8,22983.08,168.0,-0.69,5.59,-2.6,7.5,160.5,1.33,152.0,150.0,4511.91,4351.94,-150.0,819.0,,,,,,,,,,,,,0.0,0.0,0.0,844.0,1.15,6.09,-25.0,-0.03,1.74,1.22,0.0,0.0,0.0,0.0,0.0,0.0,0.57,-1.21,-2.58,0.36,-1.21,-2.29,6.0,4.8,14.6,29.91,62.89565592512516
6708,天擎,半導體業,3,-35.21,55.62,0.0,0.0,56.8,-125.0,-98.0,,,,9.86,1499.46,1499.46,56.8,9.88,9.93,0.0,0.0,56.8,9.86,56.8,51.7,208.2,883.13,-92.0,,,,,,,,,,,,,,0.0,0.0,0.0,31.0,0.11,,,,,-0.34,0.0,0.0,0.0,0.0,0.0,0.0,0.18,0.17,0.16,-0.36,-0.29,-0.29,9.34,13.64,16.3,17.62,95.3567516393564
6712,長聖,生技醫療業,2,-7.34,11.34,0.0,-0.92,162.0,29.0,-2.0,,,,0.0,101.41,386.66,163.5,-1.54,1.25,-0.92,1.5,162.0,0.0,162.0,162.0,193.87,179.52,71.0,,,,,,,,,,,,,,0.0,0.0,0.0,0.0,0.0,,,,,-0.0,0.0,0.0,0.0,0.0,0.0,0.0,0.25,0.6,0.95,0.16,0.36,0.47,0.6,2.0,4.0,6.8,65.32980407869316
6715,嘉基,電子零組件業,2,-35.87,47.32,1.8,-2.21,453.0,-139.0,8.0,,,,2.49,536.51,5910.22,479.5,1.96,-3.52,-2.21,26.5,453.0,0.68,445.0,442.0,346.09,686.09,-157.0,93.0,,,,,,,,,,,,,0.0,0.0,0.0,88.0,0.13,2.53,5.0,0.01,0.2,0.01,0.0,-1.4,-1.49,0.0,1.0,1.0,-0.02,0.59,0.53,0.15,0.94,0.73,-2.0,13.2,65.65,69.73,66.56344451472359
6716,應廣,半導體業,3,-18.48,4.44,2.62,-1.72,117.5,-19.0,-65.0,,,,3.07,410.99,2356.22,138.0,-2.13,-0.43,-1.72,20.5,117.5,0.44,114.5,114.0,148.24,202.65,28.0,,,,,,,,,,,,,,0.0,0.0,0.0,51.0,0.17,,,,,-0.21,0.0,0.0,0.0,0.0,0.0,0.0,-0.09,1.37,0.68,-0.69,-0.58,-3.26,1.8,0.75,-0.8,9.87,51.54960772092872
6719,力智,半導體業,1,-9.92,7.91,0.27,0.54,188.0,-41.0,-95.0,,,,0.8,492.4,842.22,196.5,0.55,0.0,0.54,5.5,191.0,0.54,187.5,186.5,432.84,577.28,-5.0,-152.0,,,,,,,,,,,,,0.0,0.0,0.19,-152.0,-0.19,8.57,0.0,0.0,0.37,-0.12,0.07,0.06,0.05,3.0,3.0,5.0,-0.27,-0.42,0.3,-0.32,-0.32,-0.58,2.9,3.8,3.25,-18.02,60.23233913585822
6721,信實,其他,1,-4.73,1.72,0.0,-0.4,50.2,0.0,0.0,,,,0.4,1.12,89.35,51.8,-0.4,-0.2,-0.4,1.5999999999999943,50.2,0.4,50.2,50.0,4.15,9.08,0.0,,,,,,,,,,,,,,0.0,0.0,0.0,,,,,,,0.0,0.0,0.0,0.0,0.0,0.0,0.0,-0.01,-0.03,-0.02,0.0,0.0,-0.18,0.08,-0.29,-0.21,-1.6,43.41118647708977
6727,亞泰金屬,電子零組件業,2,-23.47,19.93,0.0,-0.51,488.0,-102.0,-18.0,,,,0.62,654.63,2792.88,605.0,8.6,-4.36,-0.51,108.5,496.5,0.62,488.0,485.0,1672.45,986.86,-68.0,,,,,,,,,,,,,,0.0,0.0,3.93,-42.0,-0.17,,,,,-0.07,0.0,0.0,1.15,0.0,0.0,2.0,-2.2,-4.15,-2.57,-1.74,-4.22,-5.94,2.8,6.65,-14.07,41.64,50.01609962530019
6728,上洋,貿易百貨,3,-2.75,3.32,0.0,0.46,109.0,0.0,0.0,,,,0.0,28.63,38.21,109.0,0.0,-0.46,0.46,0.0,109.0,0.0,109.0,109.0,31.05,17.18,1.0,,,,,,,,,,,,,,0.0,0.0,0.0,4.0,0.02,,,,,0.0,0.0,0.0,0.0,0.0,0.0,0.0,0.03,0.03,0.08,0.0,0.0,0.0,0.4,0.85,1.12,1.08,65.23706845784673
6732,昇佳電子,半導體業,1,-6.84,6.64,0.33,-0.33,152.0,6.0,10.0,,,,0.33,56.24,197.5,153.5,0.0,1.34,-0.33,1.0,152.5,0.0,151.5,151.5,60.93,71.81,11.0,,,,,,,,,,,,,,0.0,0.0,0.0,6.0,0.01,,,,,0.02,0.0,0.0,0.0,0.0,0.0,0.0,0.07,0.12,-0.25,0.04,0.12,-0.15,1.5,2.15,3.47,-9.48,67.89610078920683
6733,博晟生醫,生技醫療業,1,-10.29,1.21,0.0,-0.99,24.95,-34.0,0.0,,,,0.0,22.56,114.74,27.7,-1.58,0.6,-0.99,2.5500000000000007,25.15,0.0,24.95,24.95,40.16,98.72,-25.0,,,,,,,,,,,,,,0.0,0.0,0.0,-7.0,-0.01,,,,,0.0,0.0,0.0,0.0,0.0,0.0,0.0,-0.07,-0.15,-0.23,-0.05,-0.07,-0.12,-0.11,-0.27,-0.64,-0.79,36.78802008831461
6735,美達科技,其他電子業,1,-15.59,18.47,-4.43,2.75,66.8,16.0,-2.0,,,,-0.74,70.57,130.72,69.9,0.0,1.72,2.75,0.0,69.9,3.86,69.9,67.3,104.95,112.0,37.0,,,,,,,,,,,,,,0.0,0.0,0.0,-19.0,-0.05,,,,,-0.0,0.0,0.0,0.0,0.0,0.0,0.0,0.06,0.33,0.17,0.03,0.05,-0.06,1.48,2.91,3.96,1.18,73.3176758639997
6741,91APP*-KY,電子商務,1,-9.09,3.71,0.91,-2.48,55.6,-80.0,-4.0,,,,0.91,97.74,295.02,60.5,-0.9,0.36,-2.48,4.600000000000001,55.9,0.0,55.1,55.1,97.7,294.52,-217.0,,,,,,,,,,,,,,0.0,0.0,0.0,15.0,0.01,,,,,-0.0,0.0,0.0,0.0,0.0,0.0,0.0,-0.39,-0.58,-0.68,-0.19,-0.24,-0.16,0.2,-1.22,-2.53,-1.55,30.92754183099065
6742,澤米,光電業,2,-25.77,39.74,-2.28,3.68,55.6,323.0,-19.0,,,,-1.24,967.06,4060.13,58.6,-0.91,-0.91,3.68,0.3999999999999986,58.2,1.07,56.9,56.3,723.91,1743.02,444.0,-38.0,,,,,,,,,,,,,0.0,0.0,0.0,-38.0,-0.05,2.5,-0.0,-0.0,0.09,-0.03,0.0,0.0,0.0,0.0,0.0,0.0,-0.06,0.11,-0.45,-0.01,0.2,-0.29,0.4,2.08,6.38,8.64,69.84569703875397
6743,安普新,其他電子業,3,-17.31,35.63,4.69,1.76,33.5,133.0,300.0,,,,5.18,1118.71,1118.71,33.5,0.82,1.63,1.76,0.0,33.5,0.47,32.0,31.85,693.0,553.66,237.0,426.0,,,,,,,,,,,,,1.0,0.0,0.39,425.0,0.28,4.48,0.0,0.0,0.07,0.2,-0.01,0.05,0.06,2.0,7.0,13.0,0.68,0.77,0.83,0.55,0.62,1.03,2.02,3.04,3.78,4.82,95.88836888345801
6747,亨泰光,生技醫療業,3,,,,,,,,,,,,,,,,,,,,,,,,,,,,,,,,,,,,,,,,,,,,,,,,,,,,,,,,,,,,,,,,,
6751,智聯服務,資訊服務業,3,-9.61,9.55,-0.34,-1.0,44.0,0.0,0.0,,,,-1.12,4.0,29.99,45.25,,2.39,-1.0,1.1000000000000014,44.15,-0.79,44.15,44.5,29.99,6.0,-1.0,,,,,,,,,,,,,,0.0,0.0,0.0,0.0,0.0,,,,,0.0,0.0,0.0,0.0,0.0,0.0,0.0,0.0,-0.01,-0.03,0.01,0.02,0.02,-0.34,0.47,1.58,2.34,63.67430312661606
6752,叡揚,資訊服務業,1,-9.95,3.33,0.73,-1.64,96.2,0.0,0.0,,,,0.21,8.71,199.7,105.5,0.31,-0.52,-1.64,9.299999999999997,96.2,-0.52,95.5,96.0,12.86,10.28,0.0,,,,,,,,,,,,,,0.0,0.0,0.0,1.0,0.0,,,,,0.0,0.0,0.0,0.0,0.0,0.0,0.0,0.0,-0.01,-0.05,0.0,0.02,-0.01,0.08,-0.2,-0.27,-1.77,47.00489029401182
6753,龍德造船,航運業,1,-8.45,2.69,-0.37,0.38,133.0,-16.0,-51.0,,,,-0.37,251.82,1292.43,142.0,0.76,0.0,0.38,8.5,133.5,0.0,133.5,133.5,206.01,299.76,-1.0,-33.0,,,,,,,,,,,,,0.0,0.0,0.0,-33.0,-0.03,2.6,-0.0,-0.0,0.27,-0.05,0.0,0.0,0.0,0.0,0.0,0.0,0.08,0.26,-0.64,-0.27,-0.23,-1.34,0.4,0.0,-1.15,-6.41,45.48057601929965
6754,匯僑設計,其他,1,-6.36,2.84,-1.44,0.61,41.0,0.0,0.0,,,,-1.2,16.32,42.02,43.25,-1.19,-0.24,0.61,1.6000000000000014,41.65,0.24,41.6,41.5,11.3,13.2,0.0,-4.0,,,,,,,,,,,,,0.0,0.0,0.0,-4.0,-0.01,15.46,0.0,0.0,0.02,0.0,0.0,0.0,0.0,0.0,0.0,0.0,-0.01,0.0,0.02,0.0,0.0,0.0,-0.48,-0.6,-0.83,-1.04,33.95416223487416
6756,威鋒電子,半導體業,2,-11.37,8.56,-1.41,-0.5,98.0,1.0,4.0,,,,-0.71,118.52,245.23,105.5,-1.02,1.33,-0.5,4.0,101.5,0.71,99.4,98.7,79.77,76.34,22.0,-1.0,,,,,,,,,,,,,0.0,0.0,0.0,-1.0,-0.0,4.08,0.0,0.0,0.11,0.01,0.0,0.0,0.0,0.0,0.0,0.0,0.05,0.23,0.37,0.03,0.02,-0.13,-0.3,0.48,-0.02,0.38,51.28126316395673
6757,台灣虎航-創,航運業,1,-6.57,2.47,-0.93,1.12,53.4,41.0,-72.0,,,,-1.11,331.0,920.0,56.3,-1.29,0.0,1.12,2.3999999999999986,53.9,-0.19,53.9,54.0,346.43,875.36,186.0,-73.0,,,,,,,,,,,,,0.0,0.0,0.41,-67.0,-0.01,4.74,-6.0,-0.0,0.22,-0.02,0.0,0.0,0.0,0.0,0.0,0.0,0.02,-0.0,0.01,-0.03,-0.07,-0.21,-0.26,-0.32,-0.86,-2.35,39.31625922003478
6761,穩得,電子零組件業,2,-16.01,4.06,0.3,0.3,164.5,-19.0,-2.0,,,,-0.3,144.79,662.62,190.5,-1.22,0.93,0.3,24.0,166.5,-0.61,164.0,165.0,86.4,99.51,-6.0,,,,,,,,,,,,,,0.0,0.0,0.0,22.0,0.07,,,,,-0.01,0.0,0.0,0.0,0.0,0.0,0.0,0.15,0.15,0.05,-0.1,-0.24,-1.13,0.7,0.15,-4.4,-3.94,43.81198041257544
6762,達亞,生技醫療業,1,-7.14,0.0,0.0,0.0,156.0,0.0,0.0,,,,-1.27,2.86,9.37,168.0,-1.55,,0.0,12.0,156.0,-1.27,156.0,158.0,0.0,4.01,0.0,,,,,,,,,,,,,,0.0,0.0,0.0,0.0,0.0,,,,,0.0,0.0,0.0,0.0,0.0,0.0,0.0,0.0,0.0,0.0,0.0,0.0,0.0,-2.62,-3.3,-6.35,-11.64,23.71316155404864
6763,綠界科技,電子商務,1,-6.09,3.99,-0.12,0.24,41.2,1.0,-4.0,,,,-0.24,88.54,247.66,42.7,-1.08,-0.6,0.24,1.0,41.7,-0.12,41.25,41.3,60.35,118.41,49.0,,,,,,,,,,,,,,0.0,0.0,0.7,-8.0,-0.04,,,,,-0.02,0.0,0.0,0.49,0.0,0.0,5.0,0.35,2.4,2.02,-0.13,0.23,-0.75,-0.18,-0.15,0.07,-0.86,46.28845154069378
6767,台微醫,生技醫療業,2,-14.26,10.56,3.36,1.66,24.6,0.0,0.0,,,,0.41,15.0,35.0,25.95,0.41,-0.2,1.66,1.3499999999999979,24.6,-2.86,23.8,24.5,6.0,3.0,0.0,,,,,,,,,,,,,,0.0,0.0,0.0,,,,,,,0.0,0.0,0.0,0.0,0.0,0.0,0.0,0.0,0.0,-0.01,0.0,0.0,0.0,0.11,-0.02,-0.01,-0.34,49.15440159375844
6768,志強-KY,其他,1,-5.42,3.76,0.48,0.32,63.3,-10.0,18.0,,,,0.96,106.13,491.23,64.6,-0.16,-0.48,0.32,1.1999999999999957,63.4,0.48,63.0,62.7,101.16,88.7,-5.0,47.0,,,,,,,,,,,,,0.0,0.0,0.14,47.0,0.02,58.81,0.0,0.0,0.05,0.01,0.0,0.0,-0.03,1.0,1.0,1.0,0.05,0.11,0.05,-0.01,-0.02,-0.15,0.46,0.66,0.43,-2.88,59.66290052367437
6770,力積電,半導體業,3,-11.54,13.14,0.13,2.45,74.5,56393.0,-15029.0,,,,-1.06,92791.27,242829.62,75.4,-1.5,0.42,2.45,0.5,74.9,-1.2,74.4,75.3,63341.44,136960.16,61796.0,-14277.0,,,,,,,,,,,,,12.0,0.0,0.77,-13847.0,-0.34,19.9,-442.0,-0.01,0.9,-0.37,0.0,0.1,0.28,3.0,6.0,8.0,1.01,4.39,4.51,0.92,3.99,4.08,1.06,1.82,2.85,5.87,60.64832929633727
6776,展�眥篕�,電子通路業,2,-4.49,3.33,0.0,0.95,52.8,11.0,-17.0,,,,-0.19,60.43,175.77,53.5,-0.38,-0.57,0.95,0.7000000000000028,52.8,-0.19,52.8,52.9,70.44,64.25,-12.0,12.0,,,,,,,,,,,,,0.0,0.0,0.0,14.0,0.02,1.93,-2.0,-0.0,0.04,-0.02,0.0,0.0,0.0,0.0,0.0,0.0,0.09,0.2,0.29,-0.03,-0.01,-0.15,0.36,0.46,0.45,-0.62,61.11799937573977
6781,AES-KY,電子零組件業,2,-16.07,4.38,0.49,-0.49,1025.0,-7.0,-11.0,,,,0.49,173.93,665.56,1170.0,-0.99,0.5,-0.49,145.0,1025.0,0.0,1020.0,1020.0,253.54,310.06,21.0,-5.0,,,,,,,,,,,,,0.0,0.0,0.52,-13.0,-0.02,70.27,8.0,0.01,0.5,-0.01,0.0,0.0,0.03,0.0,1.0,4.0,-0.05,-0.29,-0.5,-0.06,-0.24,-0.69,10.0,13.9,-6.3,-23.37,53.14404030109015
6782,視陽,生技醫療業,3,-12.72,23.16,-1.86,2.11,237.5,49.0,-1.0,,,,-1.86,242.12,823.12,251.5,-2.71,0.43,2.11,9.5,242.0,0.0,242.0,242.0,129.91,228.95,109.0,-17.0,,,,,,,,,,,,,-20.0,-0.03,0.48,5.0,0.01,10.97,-2.0,-0.0,0.33,-0.0,-0.06,-0.06,-0.42,0.0,0.0,0.0,0.44,0.94,0.61,0.09,0.19,0.19,0.0,-1.85,2.38,22.55,50.91994977794412
6785,昱展新藥,生技醫療業,1,-16.11,5.96,0.0,-1.25,95.3,-17.0,-1.0,,,,0.21,31.9,231.24,108.0,-0.1,-2.63,-1.25,12.0,96.0,0.21,95.3,95.1,30.14,68.22,-13.0,,,,,,,,,,,,,,0.0,0.0,0.0,-4.0,-0.01,,,,,-0.0,0.0,0.0,0.0,0.0,0.0,0.0,-0.07,-0.02,0.12,-0.03,-0.09,-0.08,-1.56,-2.46,-0.19,-5.55,44.15704029225445
6788,華景電,半導體業,2,-16.09,11.01,-1.28,0.87,346.5,29.0,-20.0,,,,-0.72,162.0,798.04,379.0,0.89,1.62,0.87,26.0,353.0,0.57,351.0,349.0,198.81,171.51,61.0,,,,,,,,,,,,,,0.0,0.0,0.42,-12.0,-0.03,,,,,-0.06,0.0,0.0,-0.13,0.0,0.0,0.0,0.34,0.55,-0.51,0.11,0.05,-1.5,3.5,7.95,5.57,-5.65,59.040679803882846
6789,采鈺,半導體業,2,-17.15,25.47,-1.51,1.75,489.0,410.0,-161.0,,,,-1.01,1576.64,3873.38,513.0,-0.53,2.79,1.75,8.0,505.0,0.51,496.5,494.0,922.8,2486.08,213.0,-270.0,,,,,,,,,,,,,2.0,0.0,0.25,-222.0,-0.07,4.6,-50.0,-0.02,0.13,-0.05,0.0,-0.14,-0.17,3.0,4.0,4.0,-0.1,0.18,0.01,0.06,0.14,-0.09,10.0,24.1,26.4,29.27,69.28130048904742
6790,永豐實,造紙工業,1,-1.83,0.67,-0.4,0.27,37.65,-4.0,-26.0,,,,-0.4,128.01,223.61,38.25,-0.13,-0.27,0.27,0.45000000000000284,37.8,0.0,37.8,37.8,128.76,57.25,-9.0,-39.0,,,,,,,,,,,,,0.0,0.0,0.07,-38.0,-0.01,1.88,-1.0,-0.0,0.07,-0.01,0.0,0.0,0.0,1.0,1.0,1.0,-0.01,0.01,0.06,-0.03,-0.04,-0.08,-0.05,-0.12,-0.21,-0.68,40.70443889971206
6791,虎門科技,資訊服務業,1,-6.7,3.08,0.0,-0.4,100.5,0.0,0.0,,,,1.01,5.76,38.64,104.5,0.0,0.0,-0.4,4.0,100.5,1.01,100.5,99.5,6.12,7.46,2.0,,,,,,,,,,,,,,0.0,0.0,0.0,1.0,0.0,,,,,0.0,0.0,0.0,0.0,0.0,0.0,0.0,0.01,0.01,0.02,0.0,0.0,0.02,1.04,0.7,0.66,-1.28,58.19684086976147
6792,詠業,通信網路業,2,-9.21,4.2,0.0,-1.16,59.0,-2.0,0.0,,,,-1.01,13.04,172.94,63.0,-0.51,0.17,-1.16,3.5,59.5,-1.01,59.0,59.6,21.1,30.11,5.0,0.0,,,,,,,,,,,,,0.0,0.0,0.0,0.0,0.0,2.07,0.0,0.0,0.06,0.0,0.0,0.0,0.0,0.0,0.0,0.0,0.03,0.03,-0.01,0.0,0.01,-0.02,-0.08,-0.11,-0.17,1.24,48.334775310999625
6796,晉弘,生技醫療業,1,-19.25,9.09,-1.67,2.12,53.1,0.0,0.0,,,,0.19,18.54,224.61,61.3,0.98,0.58,2.12,7.299999999999997,54.0,1.89,54.0,53.0,26.42,26.82,8.0,-5.0,,,,,,,,,,,,,0.0,0.0,0.0,-5.0,-0.01,17.23,0.0,0.0,0.01,0.0,0.0,0.0,0.0,0.0,0.0,0.0,-0.0,-0.03,-0.04,0.0,-0.03,-0.4,1.08,1.66,-0.5,-4.18,55.07554362516193
6799,來頡,半導體業,2,-17.5,21.69,0.44,1.33,92.2,48.0,31.0,,,,0.55,324.63,744.1,93.7,-1.37,4.27,1.33,0.0,93.7,0.11,91.8,91.7,744.1,363.13,85.0,115.0,,,,,,,,,,,,,0.0,0.0,0.0,115.0,0.27,9.84,-0.0,-0.0,0.12,0.07,0.0,0.0,0.0,0.0,0.0,0.0,1.1,1.61,1.25,0.61,1.14,0.86,2.48,6.07,9.42,8.35,82.83152040164381
6803,崑鼎投控,其他,1,-2.39,1.32,-0.56,0.0,267.0,-2.0,-9.0,,,,0.0,41.64,91.64,271.5,0.0,0.19,0.0,3.0,268.5,0.56,268.5,267.0,91.64,36.82,-9.0,,,,,,,,,,,,,,0.0,0.0,0.02,-9.0,-0.01,,,,,-0.01,0.0,0.0,0.0,0.0,0.0,0.0,-0.03,-0.15,-0.07,-0.05,-0.14,-0.11,0.5,0.05,-1.43,-2.94,43.42245128826209
6804,明係,其他,2,-6.13,5.11,-0.54,1.38,18.35,1.0,0.0,,,,0.0,26.1,119.41,18.75,0.0,-0.82,1.38,0.25,18.5,0.54,18.45,18.35,48.01,53.03,30.0,,,,,,,,,,,,,,0.0,0.0,0.0,6.0,0.02,,,,,0.0,0.0,0.0,0.0,0.0,0.0,0.0,0.06,0.08,-0.03,0.0,0.04,0.07,0.09,0.07,0.13,0.31,56.13961316508332
6805,富世達,電子零組件業,3,-26.91,50.75,-3.43,-4.84,2390.0,-103.0,-263.0,,,,-2.65,2090.01,2550.86,2750.0,-2.69,-0.59,-4.84,240.0,2510.0,0.81,2475.0,2455.0,1045.62,2361.42,245.0,108.0,,,,,,,,,,,,,-471.0,-0.69,18.42,579.0,0.84,16.67,-0.0,-0.0,0.3,-0.38,-0.06,2.3,0.62,1.0,5.0,8.0,1.33,0.4,2.64,-0.17,0.8,0.3,-108.0,6.5,115.75,530.67,52.934339622645844
6806,森崴能源,其他,3,,,,,,,,,,,,,,,,,,,,,,,,,,,,,,,,,,,,,,,,,,,,,,,,,,,,,,,,,,,,,,,,,
6807,峰源-KY,其他,1,-8.77,3.69,1.25,1.25,32.3,0.0,0.0,,,,0.0,15.06,27.23,34.2,,,1.25,1.8500000000000014,32.35,-1.24,31.9,32.3,13.91,7.03,4.0,-3.0,,,,,,,,,,,,,0.0,0.0,0.0,-3.0,-0.01,43.45,0.0,0.0,0.01,0.0,0.0,0.0,0.0,0.0,0.0,0.0,-0.0,0.01,0.01,0.0,0.0,0.0,-0.04,-0.33,-0.64,-2.15,40.86830240840771
6811,宏碁資訊,資訊服務業,2,-19.63,11.67,1.25,-0.21,243.5,-52.0,18.0,,,,1.25,166.26,1347.62,272.5,-1.61,-2.04,-0.21,28.5,244.0,0.0,240.5,240.5,340.41,229.36,-109.0,,,,,,,,,,,,,,0.0,0.0,0.0,-37.0,-0.09,,,,,0.04,0.0,0.0,0.0,0.0,0.0,0.0,-0.34,0.27,0.98,-0.49,-0.59,-0.09,0.2,-5.15,5.07,11.78,50.52225260711802
6821,聯寶,電子零組件業,1,-9.2,10.13,-2.87,4.14,42.25,43.0,-5.0,,,,-1.29,74.14,186.38,43.5,0.25,0.86,4.14,0.0,43.5,1.64,43.5,42.8,41.44,153.89,83.0,,,,,,,,,,,,,,0.0,0.0,0.0,-25.0,-0.08,,,,,-0.02,0.0,0.0,0.0,0.0,0.0,0.0,0.24,0.46,0.29,0.13,0.15,0.1,0.83,1.02,1.25,-0.41,61.87386924069744
6823,濾能,半導體業,1,-14.02,13.04,-0.65,-4.1,60.7,-14.0,0.0,,,,-0.16,12.7,147.42,64.2,-0.17,4.83,-4.1,1.8000000000000043,62.4,0.49,61.1,60.8,117.19,89.7,-22.0,,,,,,,,,,,,,,0.0,0.0,0.0,-2.0,-0.01,,,,,0.0,0.0,0.0,0.0,0.0,0.0,0.0,0.36,0.36,0.31,-0.01,0.02,-0.23,-0.26,0.42,0.66,-1.86,52.033574772443544
6829,千附精密,電機機械,2,-23.58,2.72,-1.44,-0.71,205.0,-106.0,-177.0,,,,-1.68,498.55,2053.62,265.0,1.21,-0.48,-0.71,57.0,208.0,-0.24,208.0,208.5,254.44,477.36,-88.0,,,,,,,,,,,,,,0.0,0.0,0.2,-82.0,-0.14,,,,,-0.3,0.0,0.0,0.0,0.0,0.0,0.0,-0.49,-0.96,-2.73,-0.99,-1.8,-3.74,-2.7,-6.45,-18.62,-10.88,35.580795614865806
6830,汎銓,其他電子業,3,-20.59,33.66,-0.75,-2.2,531.0,-57.0,-52.0,,,,-0.38,794.02,5478.26,641.0,-0.92,-1.3,-2.2,99.0,542.0,0.38,535.0,533.0,911.86,749.41,-64.0,-15.0,,,,,,,,,,,,,0.0,0.0,3.45,-10.0,-0.02,6.85,-5.0,-0.01,0.21,-0.11,0.0,-0.01,-0.0,0.0,0.0,1.0,-0.29,-0.33,0.81,-0.53,-1.05,-1.63,-5.4,-7.6,-25.75,68.66,41.791183825260106
6834,天二科技,電子零組件業,3,-28.1,39.77,8.64,-4.39,119.5,-398.0,1607.0,,,,9.63,9597.93,15065.8,121.0,2.2,-3.02,-4.39,1.5,119.5,0.92,110.0,109.0,2757.8,2684.38,-470.0,388.0,,,,,,,,,,,,,0.0,0.0,0.18,322.0,0.36,12.18,66.0,0.07,1.68,1.82,0.0,0.0,0.0,0.0,0.0,0.0,-0.83,-0.58,1.82,1.2,2.41,4.75,5.4,8.6,15.1,19.54,68.55545808195725
6835,圓裕,電子零組件業,2,-5.83,4.68,0.0,0.0,31.15,0.0,0.0,,,,-0.16,14.18,70.54,31.75,0.32,-1.28,0.0,0.4499999999999993,31.3,-0.16,31.15,31.2,7.24,8.3,-2.0,3.0,,,,,,,,,,,,,0.0,0.0,0.0,3.0,0.0,5.76,0.0,0.0,0.03,0.0,0.0,0.0,0.0,0.0,0.0,0.0,0.0,0.11,0.2,0.0,0.01,0.01,0.0,0.05,0.19,-0.21,52.9691831097286
6840,東研信超,其他電子業,3,-22.15,27.69,1.74,-1.59,99.3,-1.0,-59.0,,,,0.4,342.6,1473.21,111.5,-1.44,-3.4,-1.59,11.900000000000006,99.6,-1.31,97.6,98.9,282.02,214.06,-38.0,,,,,,,,,,,,,,0.0,0.0,0.0,-4.0,-0.02,,,,,-0.23,0.0,0.0,0.0,0.0,0.0,0.0,-0.43,2.3,2.52,-0.11,1.34,0.93,-1.74,-2.54,2.49,19.64,50.613420231155736
6841,長佳智能,生技醫療業,2,-14.0,16.27,-3.23,1.91,57.0,142.0,-113.0,,,,-3.06,611.56,812.61,59.3,0.37,2.98,1.91,0.0,59.3,0.17,58.9,58.8,659.61,812.61,82.0,,,,,,,,,,,,,,0.0,0.0,0.0,-72.0,-0.07,,,,,-0.11,0.0,0.0,0.0,0.0,0.0,0.0,0.09,0.25,0.22,0.1,0.15,0.02,1.34,2.43,3.27,1.39,66.11861136228723
6843,進典,電機機械,1,-5.4,4.11,-2.04,-1.28,38.45,0.0,0.0,,,,-0.26,14.0,25.22,39.85,-0.26,-0.65,-1.28,0.6000000000000014,39.25,1.82,39.25,38.55,3.0,3.27,1.0,,,,,,,,,,,,,,0.0,0.0,0.0,,,,,,,0.0,0.0,0.0,0.0,0.0,0.0,0.0,0.0,-0.02,0.01,0.0,0.0,0.0,-0.08,-0.4,-0.07,-0.66,43.05779815390363
6846,綠茵,食品工業,1,-7.18,6.47,-1.35,-1.18,58.4,0.0,0.0,,,,-0.17,6.0,15.0,59.9,1.37,-1.52,-1.18,0.6999999999999957,59.2,1.2,59.2,58.5,4.27,6.12,1.0,,,,,,,,,,,,,,0.0,0.0,0.0,,,,,,,0.0,0.0,0.0,0.0,0.0,0.0,0.0,0.0,0.02,0.02,0.0,0.0,0.0,-0.1,-0.22,-0.1,-1.6,47.93265332050753
6854,錼創科技-KY創,半導體業,1,-15.34,9.63,-0.95,1.19,93.7,6.0,-2.0,,,,0.43,209.2,642.57,103.0,-1.3,-0.44,1.19,7.400000000000006,95.6,1.39,94.6,93.3,88.1,228.81,60.0,22.0,,,,,,,,,,,,,0.0,0.0,0.0,23.0,0.02,34.57,-1.0,-0.0,0.66,-0.0,0.0,0.0,0.0,0.0,0.0,0.0,-0.04,0.15,-0.38,-0.02,0.03,-0.38,1.3,1.66,1.83,-1.65,60.120804353019444
6855,數泓科,其他電子業,3,-8.3,,,4.5,,0.0,0.0,,,,,0.0,8.59,120.5,,,4.5,,,,,116.0,0.21,8.01,0.0,,,,,,,,,,,,,,0.0,0.0,0.0,,,,,,,0.0,0.0,0.0,0.0,0.0,0.0,0.0,0.0,0.0,-0.01,0.0,0.0,0.0,,,,,
6856,鑫傳,文化創意業,1,-7.85,2.59,-0.12,2.19,41.05,0.0,0.0,,,,-2.26,10.01,14.17,43.95,1.08,-1.18,2.19,2.4000000000000057,41.55,-2.14,41.1,42.0,5.01,13.0,0.0,,,,,,,,,,,,,,0.0,0.0,0.0,,,,,,,0.0,0.0,0.0,0.0,0.0,0.0,0.0,0.0,0.0,0.01,0.0,0.0,0.0,-0.75,-0.7,-0.57,-1.9,34.71578553798766
6859,伯特光,光電業,3,-15.89,15.17,0.84,0.42,120.5,0.0,0.0,,,,0.0,26.73,119.29,129.0,0.41,-0.83,0.42,7.5,121.5,-0.83,119.5,120.5,11.09,21.43,1.0,,,,,,,,,,,,,,0.0,0.0,0.15,9.0,0.02,,,,,0.0,0.0,0.0,0.0,0.0,0.0,0.0,0.13,0.05,0.15,0.06,0.02,0.05,0.0,0.1,2.8,11.02,57.80625313737409
6861,睿生光電,生技醫療業,3,-44.99,81.79,-8.03,6.63,292.0,650.0,-687.0,,,,-6.86,5529.45,5900.81,324.5,2.38,1.97,6.63,0.0,324.5,1.28,317.5,313.5,2318.34,2024.0,217.0,-127.0,,,,,,,,,,,,,20.0,0.05,0.05,-122.0,-0.3,0.81,-25.0,-0.06,0.73,-1.71,0.05,0.05,0.05,1.0,1.0,1.0,-1.38,-2.08,-5.9,-1.62,-3.67,-7.07,3.4,30.25,61.05,72.12,68.87647511093424
6863,永道-KY,通信網路業,1,-16.22,5.61,-0.21,-1.55,95.5,-15.0,-1.0,,,,0.21,53.11,332.67,108.5,-0.71,-1.13,-1.55,12.5,96.0,0.42,95.7,95.3,35.98,104.64,-3.0,4.0,,,,,,,,,,,,,0.0,0.0,0.0,4.0,0.01,69.62,0.0,0.0,0.16,-0.0,0.0,0.0,0.0,0.0,0.0,0.0,-0.05,-0.13,-0.64,-0.02,-0.0,-0.35,-0.96,-0.49,-2.3,-12.75,38.13230969606008
6865,偉康科技,資訊服務業,2,-17.26,16.46,-1.6,4.11,27.65,3.0,0.0,,,,-5.15,21.14,157.47,29.55,-0.53,-0.18,4.11,1.25,28.3,-3.6,28.1,29.15,9.03,59.53,-2.0,,,,,,,,,,,,,,0.0,0.0,0.0,,,,,,,0.0,0.0,0.0,0.0,0.0,0.0,0.0,0.01,0.01,-0.02,0.02,0.02,0.0,-0.56,0.0,0.88,1.59,52.05878353965632
6869,雲豹能源-創,其他業,2,-15.22,16.19,-4.28,-0.14,69.4,66.0,-58.0,,,,-3.48,491.63,1115.21,73.6,-2.11,2.01,-0.14,1.0999999999999943,72.5,0.83,72.5,71.9,457.99,377.19,190.0,44.0,,,,,,,,,,,,,0.0,0.0,0.0,47.0,0.04,4.17,-3.0,-0.0,0.97,-0.05,0.0,0.0,0.0,0.0,0.0,0.0,0.32,1.05,0.59,0.19,0.68,0.34,-1.14,0.16,2.61,1.97,54.559286963202815
6870,騰雲,數位雲端,3,-19.12,30.58,-2.93,-2.27,314.5,-12.0,2.0,,,,-2.78,86.96,1139.7,340.0,2.44,-1.78,-2.27,15.5,324.5,0.15,324.0,323.5,52.91,134.89,-41.0,,,,,,,,,,,,,,0.0,0.0,0.0,-6.0,-0.03,,,,,0.01,0.0,0.0,0.0,0.0,0.0,0.0,-0.12,-0.51,0.28,0.06,0.16,0.43,-12.2,-4.95,5.85,33.39,49.71285805914199
6873,泓德能源-創,其他業,1,-7.38,5.04,-0.73,0.74,67.9,1.0,15.0,,,,-0.73,192.44,419.95,71.8,-2.3,0.0,0.74,3.0,68.8,0.0,68.4,68.4,133.31,145.53,38.0,-63.0,,,,,,,,,,,,,0.0,0.0,0.01,-63.0,-0.06,9.69,0.0,0.0,0.25,0.01,0.0,0.0,0.0,0.0,0.0,0.0,-0.1,0.14,0.48,-0.07,0.02,0.05,-0.42,-0.77,-0.59,-6.77,41.406466144222755
6874,倍力,資訊服務業,1,-19.93,5.63,0.57,0.14,70.4,0.0,0.0,,,,0.86,13.33,134.3,84.3,0.72,0.43,0.14,13.0,71.3,0.29,70.0,69.8,8.21,20.33,0.0,,,,,,,,,,,,,,0.0,0.0,0.0,-2.0,-0.01,,,,,0.0,0.0,0.0,0.0,0.0,0.0,0.0,-0.01,0.02,-0.29,0.01,0.0,-0.39,0.46,0.92,0.42,-5.92,53.267919976728514
6877,鏵友益,其他電子業,3,-23.1,30.05,0.0,-2.33,138.5,-3.0,60.0,,,,9.92,164.68,189.48,138.5,-3.16,4.49,-2.33,0.0,138.5,9.92,138.5,126.0,76.94,66.3,-10.0,,,,,,,,,,,,,,0.0,0.0,0.0,2.0,0.01,,,,,0.18,0.0,0.0,0.0,0.0,0.0,0.0,0.14,0.35,0.09,0.22,0.29,0.21,10.2,15.2,19.92,17.42,77.78436950277253
6894,衛司特,綠能環保,3,-13.46,13.59,-0.41,-1.23,360.0,-6.0,-4.0,,,,-0.28,29.51,205.45,382.5,-1.48,-1.36,-1.23,19.0,363.5,0.14,361.5,361.0,22.46,44.52,4.0,,,,,,,,,,,,,,0.0,0.0,0.0,2.0,0.01,,,,,-0.02,0.0,0.0,0.0,0.0,0.0,0.0,-0.02,0.42,0.6,-0.08,0.02,-0.06,-4.5,-3.25,2.23,16.42,48.48023759127955
6895,宏碩系統,半導體業,3,-18.07,26.67,-0.33,3.06,151.0,0.0,0.0,,,,-0.33,27.58,108.43,166.0,1.4,0.0,3.06,14.0,152.0,0.0,151.5,151.5,8.65,18.48,5.0,,,,,,,,,,,,,,0.0,0.0,0.56,4.0,0.01,,,,,0.0,0.0,0.0,0.0,0.0,0.0,0.0,0.05,0.06,-0.02,-0.01,-0.06,-0.14,3.9,6.05,1.75,16.29,64.30093313967045
6901,鑽石投資,其他業,1,-16.18,19.31,-1.19,-2.32,16.65,-1241.0,-121.0,,,,-1.19,2764.82,5739.73,17.3,-0.32,9.87,-2.32,0.0,17.3,0.0,16.85,16.85,4821.11,5739.73,-772.0,-130.0,,,,,,,,,,,,,0.0,0.0,0.0,-146.0,-0.02,0.94,16.0,0.0,0.04,-0.01,0.0,0.0,0.0,0.0,0.0,0.0,0.08,0.19,0.13,0.01,0.06,-0.03,0.21,0.73,1.17,-0.06,65.55966390444154
6902,走著瞧-創,數位雲端,2,-34.15,33.2,-3.43,-2.15,155.0,-38.0,-72.0,,,,-2.52,390.75,2984.86,183.0,4.75,-7.93,-2.15,22.5,160.5,0.94,160.5,159.0,739.62,556.23,-35.0,-37.0,,,,,,,,,,,,,0.0,0.0,0.0,-38.0,-0.12,5.79,1.0,0.0,0.04,-0.23,0.0,0.0,0.0,0.0,0.0,0.0,-0.39,1.5,1.57,-0.92,-1.57,-1.62,-9.3,0.9,15.45,24.39,55.34810644227397
6904,伯鑫,其他業,3,-5.2,,,0.0,,,,,,,,0.0,6.0,125.0,,,0.0,,,,,123.0,1.0,1.2,0.0,,,,,,,,,,,,,,0.0,0.0,0.0,,,,,,,,0.0,0.0,0.0,0.0,0.0,0.0,0.0,0.0,0.01,,,,,,,,
6906,現觀科,數位雲端,3,-14.43,20.06,-0.47,-0.71,84.0,-2.0,10.0,,,,0.48,41.42,496.56,88.7,1.34,0.84,-0.71,4.299999999999997,84.4,0.96,84.4,83.6,27.33,51.1,13.0,24.0,,,,,,,,,,,,,0.0,0.0,0.0,24.0,0.07,7.09,0.0,0.0,0.03,0.03,0.0,0.0,0.0,0.0,0.0,0.0,0.17,0.14,-0.31,0.04,0.03,0.06,0.76,1.31,1.51,7.7,59.14444778099594
6916,華凌,光電業,2,-12.29,5.88,-0.27,-1.58,18.5,2.0,0.0,,,,-1.07,13.15,175.73,20.35,1.1,0.82,-1.58,1.4500000000000028,18.9,-0.8,18.55,18.7,36.72,35.0,-6.0,-2.0,,,,,,,,,,,,,0.0,0.0,0.0,-2.0,-0.0,0.57,0.0,0.0,0.07,0.0,0.0,0.0,0.0,0.0,0.0,0.0,-0.05,-0.06,-0.09,0.0,0.0,-0.01,0.09,0.2,0.07,-0.26,54.46558278765891
6922,宸曜,電腦及週邊設備業,3,-21.09,23.97,-1.78,-3.28,221.0,1.0,10.0,,,,0.0,87.27,497.61,230.0,3.67,6.13,-3.28,5.0,225.0,1.81,225.0,221.0,497.61,202.86,17.0,,,,,,,,,,,,,,0.0,0.0,0.0,-0.0,-0.0,,,,,0.04,0.0,0.0,0.0,0.0,0.0,0.0,0.85,1.64,0.63,0.66,1.21,0.78,4.3,15.55,20.4,27.83,72.77287042063999
6933,AMAX-KY,電腦及週邊設備業,3,-30.66,118.65,6.62,-2.5,394.5,-186.0,-149.0,,,,6.33,3166.45,6076.27,404.5,10.0,-1.82,-2.5,0.0,404.5,-0.27,370.0,371.0,4137.44,2429.69,-291.0,-274.0,,,,,,,,,,,,,0.0,0.0,0.0,-276.0,-0.68,32.65,2.0,0.0,0.61,-0.37,0.0,0.0,0.0,0.0,0.0,0.0,-3.29,-5.08,-3.72,-1.73,-2.74,-2.7,18.8,42.85,60.38,161.68,72.22737806164805
6937,天虹,半導體業,3,-12.04,23.52,-2.9,-1.28,301.5,14.0,-43.0,,,,-2.11,516.33,1730.54,315.5,0.17,2.5,-1.28,3.0,312.5,0.81,310.5,308.0,1184.74,748.88,141.0,-35.0,,,,,,,,,,,,,0.0,0.0,0.0,2.0,0.0,5.27,-37.0,-0.05,0.4,-0.06,0.0,0.0,0.0,0.0,0.0,0.0,0.68,1.21,1.21,0.06,0.54,0.27,-2.1,1.05,8.02,24.19,56.115971980727835
7402,邑錡,光電業,1,-10.77,3.45,-1.47,1.1,100.5,4.0,10.0,,,,-0.5,120.71,750.27,110.5,-0.2,-0.7,1.1,8.5,102.0,0.99,102.0,101.0,177.86,194.57,8.0,,,,,,,,,,,,,,0.0,0.0,0.0,-21.0,-0.06,,,,,0.03,0.0,0.0,0.0,0.0,0.0,0.0,0.17,0.17,-0.08,0.01,-0.08,-1.11,0.42,0.26,-0.82,-8.46,46.526011422287695
7556,意德士科技,半導體業,3,-13.35,13.08,-2.05,-2.76,262.5,-5.0,-3.0,,,,-0.76,28.29,100.68,273.5,0.95,1.13,-2.76,5.5,268.0,1.32,268.0,264.5,73.78,75.18,-4.0,,,,,,,,,,,,,,0.0,0.0,0.0,-7.0,-0.03,,,,,-0.01,0.0,0.0,0.0,0.0,0.0,0.0,0.18,0.39,0.43,-0.04,-0.02,-0.05,-1.7,3.3,9.57,21.5,59.97474712886299
8011,台通,通信網路業,1,-8.08,4.89,-0.31,1.26,16.05,11.0,-6.0,,,,-0.31,127.92,1419.14,16.7,0.0,-0.63,1.26,0.5999999999999979,16.1,0.0,16.1,16.1,169.65,893.67,120.0,30.0,,,,,,,,,,,,,0.0,0.0,0.0,30.0,0.02,2.82,0.0,0.0,0.05,-0.0,0.0,0.0,0.0,0.0,0.0,0.0,0.04,-0.02,0.08,-0.03,0.0,-0.07,0.1,0.1,0.27,-0.13,56.54174557663073
8016,矽創,半導體業,1,-9.65,6.26,0.52,-0.7,288.5,-53.0,129.0,,,,1.58,499.99,1445.55,300.5,0.71,0.53,-0.7,12.0,288.5,1.06,287.0,284.0,334.7,420.56,-47.0,171.0,,,,,,,,,,,,,24.0,0.02,4.06,139.0,0.12,46.8,8.0,0.01,0.84,0.11,0.05,0.01,0.04,4.0,4.0,8.0,0.08,0.39,0.24,0.12,0.21,-0.14,4.0,6.45,5.5,-4.68,66.095575487287
8021,尖點,其他電子業,3,-18.39,34.67,3.29,0.0,503.0,89.0,470.0,,,,3.5,1461.51,15127.28,503.0,0.42,0.0,0.0,0.0,503.0,0.21,487.0,486.0,755.73,855.76,159.0,513.0,,,,,,,,,,,,,0.0,0.0,5.93,539.0,0.38,18.38,-26.0,-0.02,0.66,0.33,-0.02,1.22,0.67,0.0,3.0,5.0,1.0,1.14,0.68,0.83,1.65,0.94,17.6,31.0,48.12,70.68,80.30549943796926
8024,佑華,半導體業,1,-15.94,9.91,-1.59,8.19,12.35,2.0,-1.0,,,,-1.59,52.47,84.8,13.8,0.4,-0.4,8.19,1.0500000000000007,12.75,0.0,12.55,12.55,28.62,84.8,14.0,,,,,,,,,,,,,,0.0,0.0,0.0,1.0,0.0,,,,,-0.0,0.0,0.0,0.0,0.0,0.0,0.0,0.04,0.01,-0.02,-0.0,-0.02,-0.06,-0.17,-0.33,-0.44,-1.59,23.724106838214325
8027,鈦昇,電機機械,2,-28.44,39.75,-6.89,0.0,209.5,968.0,-2085.0,,,,-5.63,9159.42,9159.42,225.0,4.25,9.78,0.0,0.0,225.0,1.35,225.0,222.0,6347.7,1860.71,-87.0,,,,,,,,,,,,,,0.0,0.0,0.0,-998.0,-1.0,,,,,-2.09,0.0,0.0,0.0,0.0,0.0,0.0,0.03,1.22,-0.68,0.77,2.26,0.1,10.7,21.35,27.8,21.82,68.38058752297069
8028,昇陽半導體,半導體業,2,-26.73,29.79,1.08,-3.25,280.0,-3246.0,-1301.0,,,,-0.88,5165.2,18892.81,295.5,4.26,7.43,-3.25,14.5,281.0,-1.95,277.0,282.5,18892.81,11750.1,-3478.0,-1163.0,,,,,,,,,,,,,0.0,0.0,9.1,-1178.0,-0.68,13.85,15.0,0.01,0.12,-0.75,2.62,2.82,3.63,2.0,3.0,8.0,-5.21,-10.75,-15.61,-1.9,-0.84,-3.7,4.3,16.65,31.03,13.84,69.14561069644634
8032,光菱,電子通路業,2,-7.21,7.04,0.28,1.12,36.2,7.0,0.0,,,,0.0,24.46,88.33,36.75,0.0,-0.56,1.12,0.25,36.5,-0.28,36.1,36.2,88.33,47.83,17.0,,,,,,,,,,,,,,0.0,0.0,0.0,0.0,0.0,,,,,0.0,0.0,0.0,0.0,0.0,0.0,0.0,0.05,0.02,0.07,-0.02,-0.02,-0.08,0.16,0.52,0.73,-0.21,64.98309078500372
8033,雷虎,其他,1,-12.2,6.34,1.45,2.65,175.5,336.0,153.0,,,,0.57,1716.08,8654.38,188.5,0.0,0.3,2.65,12.5,176.0,-0.86,173.0,174.5,1566.22,2559.78,525.0,132.0,,,,,,,,,,,,,0.0,0.0,0.28,131.0,0.09,4.99,1.0,0.0,0.46,0.11,0.0,0.0,0.0,0.0,0.0,0.0,0.16,1.03,-1.36,-0.01,-0.03,-3.17,4.3,4.9,3.18,-12.49,61.672209299888706
8034,榮群,通信網路業,2,-10.19,11.81,-1.97,-0.73,19.95,-15.0,-14.0,,,,-1.97,69.69,369.98,21.6,-0.49,0.24,-0.73,1.25,20.35,0.0,20.35,20.35,65.57,72.26,4.0,,,,,,,,,,,,,,0.0,0.0,0.0,7.0,0.01,,,,,-0.02,0.0,0.0,0.0,0.0,0.0,0.0,0.11,0.22,0.26,-0.04,0.04,0.13,-0.41,-0.34,-0.18,0.28,41.47722305998964
8038,長園科,電子零組件業,1,-16.14,19.07,-2.17,8.46,33.85,142.0,7.0,,,,-2.17,135.46,584.47,34.7,0.15,-0.46,8.46,0.05000000000000426,34.65,0.0,34.6,34.6,89.92,392.5,187.0,,,,,,,,,,,,,,0.0,0.0,0.0,-29.0,-0.05,,,,,0.01,0.0,0.0,0.0,0.0,0.0,0.0,0.29,-0.01,0.1,0.27,-0.06,0.02,0.64,1.19,2.01,0.48,65.76797088245675
8039,台虹,電子零組件業,2,-22.75,17.59,-2.86,7.51,288.5,5788.0,-4674.0,,,,-3.99,30321.74,40437.25,327.5,0.98,5.8,7.51,30.0,297.5,-1.16,297.0,300.5,14052.9,31798.68,97.0,-2336.0,,,,,,,,,,,,,-10.0,-0.0,0.62,-2105.0,-1.01,16.95,-221.0,-0.11,1.29,-2.24,0.02,0.03,-0.2,2.0,5.0,11.0,-1.69,-2.19,-9.16,0.23,-1.79,-8.28,13.1,17.85,7.88,40.46,58.01654764473198
8040,九暘,半導體業,3,-28.1,46.88,-2.65,-2.48,95.4,-320.0,-63.0,,,,-3.15,2808.75,10571.35,102.5,3.73,5.82,-2.48,3.5,99.0,-0.51,98.0,98.5,8763.12,4657.02,-241.0,,,,,,,,,,,,,,0.0,0.0,0.0,-2.0,-0.0,,,,,-0.09,0.0,0.0,0.0,0.0,0.0,0.0,-1.78,-1.48,-5.17,-1.85,-2.11,-5.57,-0.5,6.67,11.73,17.58,69.75637312206884
8042,金山電,電子零組件業,1,-19.03,30.9,5.36,-1.33,118.0,-114.0,478.0,,,,5.83,12002.18,12002.18,123.5,2.24,-2.19,-1.33,1.5,122.0,0.45,112.0,111.5,2180.64,1351.88,-46.0,,,,,,,,,,,,,,0.0,0.0,0.0,-284.0,-0.22,,,,,0.37,0.0,0.0,0.0,0.0,0.0,0.0,-0.36,-0.77,-2.2,0.18,-0.52,-1.8,4.7,5.1,5.38,1.22,64.1448669928262
8043,蜜望實,電子零組件業,1,-14.05,11.81,4.92,-1.88,138.5,-29.0,30.0,,,,6.13,6320.74,6320.74,149.5,1.14,-1.13,-1.88,7.5,142.0,1.15,132.0,130.5,619.2,792.07,18.0,,,,,,,,,,,,,,0.0,0.0,0.0,91.0,0.11,,,,,0.04,0.0,0.0,0.0,0.0,0.0,0.0,0.42,0.32,-0.46,0.16,-0.02,-0.94,5.5,6.15,3.3,-2.43,62.974632706570716
8044,網家,電子商務,1,-7.66,7.21,-0.62,0.41,24.2,30.0,-14.0,,,,-0.41,286.99,4020.86,24.8,-0.62,1.05,0.41,0.25,24.55,0.21,24.35,24.3,147.3,196.5,45.0,,,,,,,,,,,,,,0.0,0.0,0.26,-8.0,-0.01,,,,,-0.01,0.0,0.0,0.0,0.0,0.0,0.0,0.07,-0.34,-0.44,0.0,-0.22,-0.58,0.11,0.24,0.4,-1.22,55.9416349575729
8046,南電,電子零組件業,3,-30.34,43.56,2.16,4.28,1420.0,1447.0,2130.0,,,,5.97,19869.43,23330.49,1450.0,2.48,2.42,4.28,0.0,1450.0,3.73,1390.0,1340.0,9218.79,13606.18,1084.0,2800.0,,,,,,,,,,,,,1362.0,0.21,10.49,1503.0,0.23,13.25,-65.0,-0.01,2.65,0.33,0.24,0.2,-0.47,4.0,8.0,12.0,1.36,1.71,2.06,0.86,1.31,0.53,124.0,222.5,280.75,269.5,83.89486071439678
8047,星雲,其他電子業,3,-20.19,24.33,0.0,-0.78,51.0,4.0,22.0,,,,0.39,205.46,411.02,51.5,7.54,3.66,-0.78,0.3999999999999986,51.1,0.39,51.0,50.8,288.32,411.02,-47.0,,,,,,,,,,,,,,0.0,0.0,0.0,-16.0,-0.04,,,,,0.05,0.0,0.0,0.0,0.0,0.0,0.0,-0.14,-0.14,-0.12,0.14,0.14,0.22,1.45,3.02,4.71,5.82,75.77292016577428
8048,德勝,通信網路業,1,-11.96,8.28,0.0,1.3,50.8,17.0,7.0,,,,0.4,63.4,270.5,53.5,0.2,0.6,1.3,2.5,51.0,0.4,50.8,50.6,89.83,97.01,-8.0,,,,,,,,,,,,,,0.0,0.0,0.0,18.0,0.03,,,,,0.01,0.0,0.0,0.0,0.0,0.0,0.0,0.08,0.06,-0.37,0.05,0.02,-0.34,0.42,0.99,0.92,-1.7,64.58441028534429
8049,晶采,光電業,1,-2.62,2.69,0.81,0.0,24.8,-17.0,-6.0,,,,0.81,188.97,219.69,24.85,0.2,0.0,0.0,0.0,24.85,0.0,24.6,24.6,152.39,118.53,-4.0,,,,,,,,,,,,,,0.0,0.0,0.0,-42.0,-0.04,,,,,-0.01,0.0,0.0,0.0,0.0,0.0,0.0,-0.01,-0.05,-0.07,-0.01,-0.1,-0.17,0.23,0.28,0.31,-0.47,76.30562202057406
8050,廣積,電腦及週邊設備業,2,-20.29,18.63,-1.09,-5.22,63.4,-1116.0,-25.0,,,,-0.31,1895.5,6175.76,68.0,3.2,7.35,-5.22,3.700000000000003,64.3,0.79,64.1,63.6,6037.27,6175.76,-1291.0,,,,,,,,,,,,,,0.0,0.0,0.0,14.0,0.01,,,,,-0.01,0.0,0.0,0.0,0.0,0.0,0.0,1.1,1.98,2.26,0.68,1.19,1.14,0.76,2.67,5.06,4.49,69.53785454278686
8054,安國,半導體業,2,-14.05,17.98,0.9,-0.45,89.8,112.0,-140.0,,,,1.35,2193.88,4333.34,92.5,0.12,3.07,-0.45,0.0,92.5,0.45,89.0,88.6,1175.82,1060.87,120.0,,,,,,,,,,,,,,0.0,0.0,0.24,-450.0,-0.46,,,,,-0.14,0.08,0.08,0.08,3.0,3.0,3.0,-0.44,-0.27,-0.92,-0.22,-0.49,-0.82,2.86,4.24,5.98,3.98,76.60238374068564
8059,凱碩,通信網路業,2,-40.27,35.11,2.33,0.59,17.55,-12.0,9.0,,,,2.33,68.76,519.29,22.1,0.57,-2.26,0.59,4.400000000000002,17.7,0.0,17.15,17.15,120.63,155.84,-1.0,,,,,,,,,,,,,,0.0,0.0,0.0,16.0,0.01,,,,,0.0,0.0,0.0,0.0,0.0,0.0,0.0,0.05,0.02,0.05,-0.04,-0.14,-0.23,0.09,-0.39,1.7,2.39,63.458897575648685
8064,東捷,光電業,3,-34.52,60.87,-1.71,1.04,143.5,494.0,332.0,,,,-1.37,8061.5,31387.21,155.0,4.51,1.8,1.04,7.0,148.0,0.34,146.0,145.5,22141.27,23198.44,-35.0,,,,,,,,,,,,,,0.0,0.0,0.0,542.0,0.33,,,,,0.2,0.0,0.0,0.0,0.0,0.0,0.0,-0.8,1.26,-1.8,0.61,3.14,1.87,3.0,7.6,16.92,29.83,69.62349992294082
8066,來思達,貿易百貨,2,-7.47,4.91,2.05,-0.66,14.95,0.0,0.0,,,,-1.32,12.08,512.52,15.4,-2.31,1.35,-0.66,0.45000000000000107,14.95,-3.3,14.65,15.15,10.26,7.74,2.0,,,,,,,,,,,,,,0.0,0.0,0.0,6.0,0.02,,,,,0.0,0.0,0.0,0.0,0.0,0.0,0.0,0.03,0.17,0.16,0.0,-0.01,-0.01,-0.06,-0.12,0.16,0.15,50.69965430591135
8067,志旭,電子通路業,1,-11.07,12.0,-4.76,0.41,12.0,0.0,0.0,,,,-2.83,3.15,31.02,12.65,4.89,4.24,0.41,0.05000000000000071,12.6,2.02,12.6,12.35,4.04,8.0,0.0,,,,,,,,,,,,,,0.0,0.0,0.0,,,,,,,0.0,0.0,0.0,0.0,0.0,0.0,0.0,0.0,0.0,0.0,0.0,0.0,0.0,0.06,0.17,0.0,-0.67,50.15903967942905
8068,全達,電子通路業,2,-18.21,19.03,-0.56,0.85,17.75,2.0,-6.0,,,,0.0,144.52,1689.45,18.95,-3.51,-1.4,0.85,0.5,18.45,0.56,17.85,17.75,196.74,129.31,5.0,,,,,,,,,,,,,,0.0,0.0,0.0,3.0,0.0,,,,,-0.01,0.0,0.0,0.0,0.0,0.0,0.0,-0.34,-0.07,-0.13,-0.38,-0.27,-0.34,-0.14,0.65,0.92,0.26,63.20647653628649
8069,元太,光電業,1,-12.89,4.69,0.0,-0.69,144.0,-274.0,-569.0,,,,0.0,4088.56,10228.54,159.0,1.39,-2.4,-0.69,14.0,145.0,0.0,144.0,144.0,8504.75,5453.62,-39.0,,,,,,,,,,,,,,-3.0,-0.0,4.01,-27.0,-0.0,,,,,-0.05,0.03,-0.08,0.03,2.0,5.0,12.0,-0.1,-0.12,-1.0,-0.32,-0.87,-1.81,-0.1,-1.0,-2.57,-23.78,40.514177062715625
8070,長華*,電子通路業,2,-5.76,5.65,-0.2,0.4,50.2,174.0,38.0,,,,0.0,885.03,2255.44,51.2,0.3,0.0,0.4,0.7000000000000028,50.5,0.2,50.3,50.2,667.3,942.45,344.0,163.0,,,,,,,,,,,,,0.0,0.0,3.3,79.0,0.01,11.52,84.0,0.01,0.07,0.01,0.0,0.05,0.05,0.0,1.0,2.0,0.02,0.04,0.07,0.03,0.07,0.13,0.33,0.28,0.33,0.85,56.294737726385144
8071,能率網通,電子零組件業,1,-13.64,7.18,-0.9,1.15,22.0,-18.0,7.0,,,,-0.23,305.54,719.65,24.2,0.46,-0.23,1.15,1.8000000000000007,22.4,0.68,22.2,22.05,177.72,330.79,145.0,,,,,,,,,,,,,,0.0,0.0,0.0,94.0,0.18,,,,,0.01,0.0,0.0,0.0,0.0,0.0,0.0,0.75,0.95,0.67,-0.01,-0.07,-0.36,0.08,0.18,-0.16,-1.67,48.742929885956
8072,陞泰,電子通路業,2,-10.92,9.14,0.0,-0.18,27.8,-14.0,4.0,,,,-0.18,99.06,1107.82,28.85,4.42,-1.94,-0.18,0.8000000000000007,28.05,-0.18,27.8,27.85,148.7,99.28,-5.0,9.0,,,,,,,,,,,,,0.0,0.0,0.0,9.0,0.01,1.81,0.0,0.0,0.11,0.01,0.0,0.0,0.0,0.0,0.0,0.0,0.1,0.36,0.14,0.08,0.09,-0.19,0.01,0.31,0.97,0.96,61.27545356746451
8074,鉅橡,電子零組件業,1,-13.69,6.86,-0.38,0.78,51.8,29.0,12.0,,,,0.39,193.11,416.28,56.6,0.79,-0.39,0.78,4.399999999999999,52.2,0.78,52.0,51.6,151.28,267.41,92.0,,,,,,,,,,,,,,0.0,0.0,0.0,31.0,0.04,,,,,0.01,0.0,0.0,0.0,0.0,0.0,0.0,0.07,0.33,0.18,0.03,0.22,-0.16,0.64,0.95,0.34,-2.71,56.02656666534384
8076,伍豐,電腦及週邊設備業,1,-7.06,3.56,-0.92,0.46,21.6,43.0,-47.0,,,,-0.92,352.32,1166.82,22.65,0.93,-0.92,0.46,0.8499999999999979,21.8,0.0,21.8,21.8,452.49,525.49,137.0,,,,,,,,,,,,,,0.0,0.0,0.0,-116.0,-0.04,,,,,-0.02,0.0,0.0,0.0,0.0,0.0,0.0,-0.11,-0.17,-0.78,-0.05,-0.14,-0.81,-0.02,0.08,-0.07,-1.35,47.291483340333286
8077,洛��,觀光事業,1,-8.63,6.63,0.0,-0.35,41.8,0.0,0.0,,,,-0.83,1.03,20.16,45.75,,,-0.35,3.950000000000003,41.8,-0.83,41.8,42.15,0.0,10.01,0.0,,,,,,,,,,,,,,0.0,0.0,0.0,,,,,,,0.0,0.0,0.0,0.0,0.0,0.0,0.0,0.0,0.0,0.0,0.0,0.0,0.0,-0.65,-1.03,-1.36,-2.3,38.051727682978424
8080,永利聯合,建材營造,2,-9.03,2.35,-1.23,0.36,28.0,,,,,,0.72,5.56,54.6,30.45,-0.36,-0.18,0.36,2.099999999999998,28.35,1.98,28.35,27.8,23.1,10.78,0.0,,,,,,,,,,,,,,0.0,0.0,0.0,0.0,0.0,,,,,,0.0,0.0,0.0,0.0,0.0,0.0,0.0,0.0,-0.02,,,,0.0,-0.35,-0.66,-0.13,35.359957604458
8081,致新,半導體業,1,-6.35,5.13,0.79,-2.52,255.0,-210.0,72.0,,,,1.39,411.75,511.5,260.0,1.4,0.59,-2.52,4.0,256.0,0.6,253.0,251.5,360.52,457.5,-296.0,183.0,,,,,,,,,,,,,-30.0,-0.03,4.28,213.0,0.25,19.06,-0.0,-0.0,0.24,0.08,0.03,0.03,0.06,4.0,4.0,8.0,0.2,0.35,0.43,-0.05,-0.07,-0.45,1.7,2.95,3.82,-1.51,58.50222465611174
8083,瑞穎,電機機械,2,-2.83,1.94,-0.32,0.0,156.5,0.0,0.0,,,,0.32,91.13,91.13,159.0,0.32,0.0,0.0,1.5,157.5,0.64,157.0,156.0,36.31,48.0,-3.0,,,,,,,,,,,,,,0.0,0.0,0.0,11.0,0.03,,,,,0.0,0.0,0.0,0.0,0.0,0.0,0.0,0.02,0.01,-0.3,-0.01,-0.01,-0.01,0.8,0.35,-0.4,-1.39,51.06900369533859
8084,巨虹,電子通路業,1,-50.61,0.0,0.0,0.0,24.2,-482.0,-243.0,,,,-9.87,2425.0,3260.8,49.0,-9.93,-9.97,0.0,24.8,24.2,-9.87,24.2,26.85,541.52,1033.68,198.0,,,,,,,,,,,,,,0.0,0.0,0.0,234.0,0.34,,,,,-0.35,0.0,0.0,0.0,0.0,0.0,0.0,0.78,1.04,1.12,-3.91,-4.64,-5.96,-5.94,-11.5,-16.02,-20.09,3.322126630582858
8085,福華,其他電子業,2,-13.62,26.81,3.18,1.77,14.6,-2.0,29.0,,,,1.39,141.96,884.06,16.15,0.0,0.35,1.77,1.2499999999999982,14.9,-1.74,14.15,14.4,103.13,134.57,14.0,,,,,,,,,,,,,,0.0,0.0,0.0,4.0,0.0,,,,,0.02,0.0,0.0,0.0,0.0,0.0,0.0,-0.04,-0.07,0.2,0.02,-0.0,-0.06,0.27,0.24,-0.03,1.61,59.83341321861346
8086,宏捷科,半導體業,1,-15.51,12.56,0.44,3.15,115.0,577.0,224.0,,,,0.44,3870.96,5573.95,122.5,1.38,-0.45,3.15,6.0,116.5,0.0,114.5,114.5,737.2,4749.91,-363.0,,,,,,,,,,,,,,-1.0,-0.0,0.0,750.0,0.38,,,,,0.11,-0.01,-0.06,-0.06,0.0,0.0,0.0,-0.04,-0.16,-4.19,0.4,0.37,-3.35,3.2,4.5,4.53,-1.67,68.14394707409383
8087,華鎂鑫,光電業,1,-16.3,7.52,3.28,-2.15,23.6,-1.0,0.0,,,,3.51,21.11,99.82,27.0,-4.91,-1.08,-2.15,2.6999999999999993,24.3,0.22,22.85,22.8,26.21,20.84,-1.0,,,,,,,,,,,,,,0.0,0.0,0.0,4.0,0.01,,,,,0.0,0.0,0.0,0.0,0.0,0.0,0.0,-0.0,0.04,0.01,-0.02,-0.02,-0.04,0.18,-0.25,-1.09,-3.39,42.63334654987104
8088,品安,半導體業,1,-9.83,10.05,-2.78,4.96,43.65,112.0,-140.0,,,,-1.69,753.83,753.83,45.25,-0.83,0.96,4.96,0.3500000000000014,44.9,1.13,44.9,44.4,181.48,705.21,89.0,,,,,,,,,,,,,,0.0,0.0,0.0,-215.0,-0.35,,,,,-0.23,0.0,0.0,0.0,0.0,0.0,0.0,-0.12,-0.26,-1.07,-0.09,-0.16,-0.94,0.78,1.03,0.95,-2.35,58.12109145077944
8089,康全電訊,通信網路業,2,-17.2,16.32,0.77,2.36,19.6,11.0,6.0,,,,0.51,70.87,580.42,20.35,-1.28,-0.52,2.36,0.75,19.6,-0.26,19.45,19.5,90.97,133.02,44.0,,,,,,,,,,,,,,0.0,0.0,0.0,13.0,0.02,,,,,0.01,0.0,0.0,0.0,0.0,0.0,0.0,0.1,0.37,0.54,0.05,0.14,-0.0,0.2,0.51,1.26,1.09,66.8750424282974
8091,翔名,電子零組件業,1,-10.38,6.9,-0.69,-2.03,215.5,-59.0,-18.0,,,,-0.69,148.16,693.66,226.5,0.23,1.62,-2.03,9.5,217.0,0.0,217.0,217.0,234.84,333.35,-33.0,,,,,,,,,,,,,,0.0,0.0,0.0,-30.0,-0.06,,,,,-0.04,0.0,0.0,0.0,0.0,0.0,0.0,0.14,0.6,0.38,-0.07,-0.3,-0.96,-1.5,-0.05,1.82,-13.65,50.81449410489623
8092,建暐,其他電子業,1,-8.42,2.44,-0.4,-1.95,12.55,0.0,0.0,,,,-0.4,28.12,276.76,13.65,-0.39,-2.71,-1.95,1.0500000000000007,12.6,0.0,12.6,12.6,67.64,29.57,-5.0,,,,,,,,,,,,,,0.0,0.0,0.0,-1.0,-0.0,,,,,0.0,0.0,0.0,0.0,0.0,0.0,0.0,0.03,0.22,0.23,-0.01,-0.01,-0.01,-0.16,-0.17,-0.23,-0.6,35.68355918396665
8093,保銳,電子零組件業,2,-20.6,13.74,6.09,-2.67,25.25,0.0,1.0,,,,6.77,25.77,75.01,28.4,-2.52,2.58,-2.67,3.1499999999999986,25.25,0.63,23.8,23.65,20.34,32.66,-2.0,,,,,,,,,,,,,,0.0,0.0,0.0,-2.0,-0.0,,,,,0.0,0.0,0.0,0.0,0.0,0.0,0.0,-0.0,0.01,0.02,-0.01,-0.0,-0.05,1.28,0.91,0.1,1.97,58.29844597576685
8096,擎亞,電子通路業,1,-29.52,11.67,-2.78,-1.12,87.5,-644.0,-200.0,,,,-0.91,2981.79,7597.15,115.5,0.83,4.85,-1.12,24.599999999999994,90.9,1.93,90.0,88.3,4618.93,3247.62,-692.0,,,,,,,,,,,,,,0.0,0.0,0.0,-51.0,-0.03,,,,,-0.13,0.0,0.0,0.0,0.0,0.0,0.0,-0.52,-0.62,2.01,-0.76,-2.28,-4.91,0.9,0.51,-4.92,-27.91,40.90964371297886
8097,常珵,通信網路業,1,-8.11,3.27,1.15,-0.72,48.55,6.0,6.0,,,,0.1,114.43,442.03,51.8,-1.13,0.0,-0.72,2.8999999999999986,48.9,-1.03,48.0,48.5,267.08,117.8,16.0,,,,,,,,,,,,,,0.0,0.0,0.0,-2.0,-0.0,,,,,0.01,0.0,0.0,0.0,0.0,0.0,0.0,-0.03,0.09,0.17,0.02,0.01,0.01,0.14,-0.17,-0.14,-2.29,46.36038816283846
8099,大世科,資訊服務業,2,-6.31,4.66,-0.17,-1.0,60.3,-1.0,-2.0,,,,1.17,89.89,730.7,61.8,0.0,-1.16,-1.0,1.1999999999999957,60.6,1.34,60.4,59.6,21.43,46.1,-11.0,,,,,,,,,,,,,,0.0,0.0,0.0,37.0,0.04,,,,,-0.0,0.0,0.0,0.0,0.0,0.0,0.0,0.05,0.2,0.17,-0.0,0.02,-0.01,0.16,0.32,0.63,1.51,57.3323352900619
8101,華冠,通信網路業,1,-16.33,11.73,0.45,4.74,11.05,,,,,,0.0,5.6,11.67,12.55,-4.37,-2.28,4.74,1.5,11.05,-0.45,11.0,11.05,6.83,9.09,0.0,0.0,,,,,,,,,,,,,0.0,0.0,0.0,0.0,0.0,0.04,0.0,0.0,0.09,,0.0,0.0,0.0,0.0,0.0,0.0,0.0,0.0,0.0,,,,0.01,-0.36,-0.65,-1.22,39.51436554828563
8103,瀚荃,電子零組件業,3,-17.8,55.28,1.64,2.97,124.0,256.0,-93.0,,,,2.06,4022.08,19966.9,132.0,-0.4,-4.88,2.97,7.0,125.0,0.41,122.0,121.5,3898.76,3891.71,138.0,-43.0,,,,,,,,,,,,,0.0,0.0,0.01,-24.0,-0.03,19.45,-19.0,-0.02,0.74,-0.12,0.0,0.0,0.0,0.0,0.0,0.0,0.97,-2.95,-2.95,-0.28,-2.65,-3.48,2.2,-0.15,3.35,25.92,56.747368689444606
8104,錸寶,光電業,1,-10.94,11.25,-1.25,1.26,31.7,146.0,0.0,,,,-1.25,217.88,1004.81,32.45,0.65,1.13,1.26,0.30000000000000426,32.15,0.0,32.1,32.1,414.12,654.93,327.0,-21.0,,,,,,,,,,,,,0.0,0.0,0.0,-21.0,-0.03,4.01,0.0,0.0,0.05,0.0,0.0,0.0,0.0,0.0,0.0,0.0,0.76,0.86,0.87,0.43,0.4,0.27,0.28,0.73,1.16,-0.44,64.60162184717103
8105,凌巨,光電業,1,-13.46,13.43,-3.74,9.0,15.45,112.0,-2306.0,,,,-5.5,6433.84,8120.18,16.35,-0.34,0.34,9.0,0.3000000000000007,16.05,-1.83,16.05,16.35,988.49,8120.18,-21.0,-1958.0,,,,,,,,,,,,,0.0,0.0,0.0,-1991.0,-0.45,39.76,33.0,0.01,0.94,-0.52,0.0,0.0,0.0,0.0,0.0,0.0,-0.36,-0.31,-0.79,-0.52,-0.6,-0.76,0.16,0.38,0.44,-0.75,54.614504221324864
8107,大億金茂,電機機械,1,-8.59,3.42,-2.48,-0.41,11.8,-9.0,-6.0,,,,-1.67,57.57,77.05,12.8,-0.41,-0.82,-0.41,0.7000000000000011,12.1,0.83,12.1,12.0,16.11,70.34,-1.0,,,,,,,,,,,,,,0.0,0.0,0.03,3.0,0.0,,,,,-0.01,0.0,0.0,0.0,0.0,0.0,0.0,-0.01,-0.04,-0.04,-0.02,-0.02,-0.02,-0.24,-0.29,-0.41,-0.29,23.645429834112477
8109,博大,電子零組件業,3,-14.09,16.4,6.25,0.37,144.5,37.0,89.0,,,,7.04,1379.98,1379.98,145.5,0.0,1.89,0.37,0.0,145.5,0.74,136.0,135.0,171.04,193.12,85.0,,,,,,,,,,,,,,0.0,0.0,0.58,201.0,0.24,,,,,0.11,0.0,-0.02,0.11,0.0,1.0,10.0,0.54,1.01,0.56,0.2,0.39,0.05,8.9,10.8,13.03,13.08,84.81996968525915
8110,華東,半導體業,2,-23.73,21.48,-1.02,0.72,48.7,-292.0,-371.0,,,,-1.02,4341.91,47786.76,53.1,-1.41,-1.22,0.72,3.8999999999999986,49.2,0.0,49.2,49.2,4399.51,6104.84,-172.0,-503.0,,,,,,,,,,,,,0.0,0.0,0.0,-499.0,-0.1,1.03,-4.0,-0.0,1.35,-0.07,0.0,0.0,0.0,0.0,0.0,0.0,-0.72,-1.77,-1.79,-0.78,-1.6,-1.9,-0.3,0.86,3.31,3.79,59.22048102681882
8111,立��,光電業,3,-19.43,48.52,-1.64,-1.37,78.0,157.0,441.0,,,,-1.64,5912.74,45295.02,83.9,3.1,4.32,-1.37,3.4000000000000057,80.5,0.0,79.3,79.3,12593.14,8601.97,-176.0,,,,,,,,,,,,,,0.0,0.0,0.0,162.0,0.15,,,,,0.4,0.0,0.0,0.0,0.0,0.0,0.0,-0.33,0.06,-2.04,0.14,-0.61,-5.94,0.5,1.01,3.75,14.61,57.87900034844976
8112,至上,電子通路業,2,-11.07,2.56,0.84,-0.6,83.8,-1285.0,-643.0,,,,1.21,5690.58,21363.12,92.1,1.09,-0.96,-0.6,8.099999999999994,84.0,0.36,83.1,82.8,3568.62,5179.56,-1514.0,-259.0,,,,,,,,,,,,,700.0,0.14,12.16,-933.0,-0.19,14.46,-26.0,-0.01,0.06,-0.13,0.3,0.3,0.76,3.0,5.0,9.0,-1.29,-3.41,-9.09,-0.93,-2.77,-7.21,0.72,0.89,-1.36,-3.59,48.185741395825815
8114,振樺電,電腦及週邊設備業,1,-12.31,2.58,-0.56,-0.56,178.0,-40.0,-43.0,,,,-0.56,227.59,1287.31,199.0,1.43,0.85,-0.56,20.0,179.0,0.0,179.0,179.0,213.04,291.04,-66.0,-55.0,,,,,,,,,,,,,0.0,0.0,3.12,-56.0,-0.07,14.29,1.0,0.0,0.3,-0.06,0.0,0.0,-0.68,0.0,0.0,0.0,-0.11,-0.09,-1.03,-0.26,-0.64,-2.27,0.3,0.35,-2.97,-19.6,42.86238753423808
8121,越峰,電子零組件業,2,-24.96,33.27,10.0,-1.56,34.65,-28.0,451.0,,,,10.0,2904.16,3623.18,34.65,9.86,4.08,-1.56,0.0,34.65,0.0,31.5,31.5,3623.18,1238.51,-195.0,,,,,,,,,,,,,,0.0,0.0,0.0,-171.0,-0.08,,,,,0.21,0.0,0.0,0.0,0.0,0.0,0.0,-0.89,-0.77,-1.05,-0.22,-0.23,-0.52,3.33,5.23,6.43,4.02,87.69486754832545
8131,福懋科,半導體業,2,-12.35,9.74,-0.95,0.97,62.5,573.0,-95.0,,,,-0.16,1213.88,8925.03,65.6,0.0,0.33,0.97,2.499999999999993,63.1,0.8,63.1,62.6,607.92,1896.52,884.0,-71.0,,,,,,,,,,,,,0.0,0.0,0.05,-69.0,-0.02,3.07,-2.0,-0.0,0.27,-0.02,0.0,0.0,0.0,0.0,0.0,0.0,0.17,-0.01,-1.09,0.12,-0.07,-0.86,0.6,1.31,1.38,-1.71,63.577208161997994
8147,正淩,電子零組件業,2,-22.74,30.21,-5.59,6.02,143.5,71.0,-190.0,,,,-9.46,1012.99,1227.05,160.5,-0.73,8.42,6.02,7.5,153.0,-4.1,152.0,158.5,738.2,1227.05,-126.0,,,,,,,,,,,,,,0.0,0.0,0.0,-223.0,-0.66,,,,,-0.56,0.0,0.0,0.0,0.0,0.0,0.0,-0.86,-1.08,-2.82,-0.08,-0.13,-0.61,-1.3,4.15,7.6,13.32,55.47418852685292
8150,南茂,半導體業,3,-27.33,40.1,2.21,8.02,115.5,24851.0,-5304.0,,,,0.87,72187.18,130239.66,116.0,4.67,-6.7,8.02,0.0,116.0,-1.31,113.0,114.5,53281.37,78992.09,22903.0,1876.0,,,,,,,,,,,,,40.0,0.01,0.28,2193.0,0.3,44.94,-357.0,-0.05,1.36,-0.73,0.01,0.01,0.04,3.0,4.0,10.0,3.74,9.47,8.02,2.55,9.0,7.1,4.8,12.52,19.45,21.09,74.88182091413844
8155,博智,電子零組件業,2,-18.82,8.28,-0.79,1.94,313.5,-129.0,-134.0,,,,-0.79,786.26,2027.41,372.0,-3.17,-8.93,1.94,45.0,327.0,0.0,316.0,316.0,2027.41,1235.3,-53.0,,,,,,,,,,,,,,0.0,0.0,0.0,-9.0,-0.02,,,,,-0.26,-0.03,-0.03,-0.03,0.0,0.0,0.0,-2.88,-3.77,-4.64,-2.78,-3.36,-4.92,-10.2,-11.85,-19.0,-8.96,39.229918766655494
8163,達方,電腦及週邊設備業,1,-9.36,6.37,1.16,-0.17,30.6,-115.0,18.0,,,,1.16,732.38,926.95,32.05,0.84,0.33,-0.17,1.1499999999999986,30.9,0.0,30.25,30.25,385.98,670.76,54.0,-21.0,,,,,,,,,,,,,0.0,0.0,0.0,-18.0,-0.01,8.96,-3.0,-0.0,0.43,0.01,0.0,0.0,0.0,0.0,0.0,0.0,0.14,0.2,-0.13,-0.07,-0.07,-0.5,0.43,0.52,0.36,-1.07,61.509267045360254
8171,天宇,通信網路業,2,-9.67,12.06,-0.96,0.48,20.7,12.0,-4.0,,,,-0.48,74.56,330.92,21.2,-0.97,0.73,0.48,0.3000000000000007,20.9,0.48,20.9,20.8,199.43,196.27,80.0,,,,,,,,,,,,,,0.0,0.0,0.0,16.0,0.02,,,,,-0.01,0.0,0.0,0.0,0.0,0.0,0.0,0.19,0.41,0.5,-0.01,0.02,-0.03,0.06,0.28,0.62,0.65,66.25088310284761
8176,智捷,通信網路業,1,-5.0,2.84,-0.21,1.46,9.71,-5.0,-2.0,,,,-0.51,33.6,186.81,10.0,0.0,0.0,1.46,0.23000000000000043,9.77,-0.31,9.73,9.76,95.32,91.43,0.0,,,,,,,,,,,,,,0.0,0.0,0.0,-8.0,-0.01,,,,,-0.0,0.0,0.0,0.0,0.0,0.0,0.0,-0.02,-0.04,-0.05,-0.02,-0.08,-0.11,-0.05,-0.08,-0.1,-0.22,31.357750731033107
8182,加高,電子零組件業,2,-18.89,23.29,6.76,-0.24,44.25,102.0,643.0,,,,6.88,3733.6,3733.6,45.0,0.0,1.85,-0.24,0.0,45.0,0.12,41.45,41.4,1576.69,711.78,187.0,,,,,,,,,,,,,,0.0,0.0,0.0,804.0,0.75,,,,,0.6,0.0,0.0,0.0,0.0,0.0,0.0,0.97,1.55,1.5,0.76,0.97,0.78,2.7,3.84,4.78,3.51,87.9373383207921
8183,精星,其他電子業,3,-10.86,,,,,,,,,,,,2945.68,30.85,,,,,,,,,,,,,,,,,,,,,,,,,0.0,0.0,0.0,,,,,,,,0.0,0.0,0.0,0.0,0.0,0.0,0.0,-0.06,0.39,,,,,,,,
8201,無敵,其他電子業,3,-34.84,53.48,0.28,3.55,17.65,366.0,168.0,,,,9.97,2774.33,2774.33,17.65,9.92,9.77,3.55,0.0,17.65,9.66,17.6,16.05,843.75,1763.07,30.0,-7.0,,,,,,,,,,,,,0.0,0.0,0.0,8.0,0.01,0.87,-15.0,-0.02,0.35,0.27,0.0,0.0,0.0,0.0,0.0,0.0,0.11,0.05,0.04,1.35,1.36,1.39,2.91,4.3,5.11,5.44,94.54763783006375
8210,勤誠,電腦及週邊設備業,1,-18.61,2.92,0.48,-3.91,845.0,-2359.0,-611.0,,,,1.08,2063.6,4727.39,1010.0,0.56,-2.23,-3.91,164.0,846.0,0.6,841.0,836.0,1137.16,4727.39,-2465.0,-391.0,,,,,,,,,,,,,-163.0,-0.14,0.79,-235.0,-0.19,7.11,7.0,0.01,0.57,-0.51,-0.36,-1.07,-2.24,0.0,0.0,3.0,-2.79,-2.53,-2.75,-3.2,-3.91,-6.25,-24.4,-37.1,-57.65,-167.55,26.96969719824243
8213,志超,電子零組件業,3,-7.68,8.32,-1.45,3.76,34.0,295.0,-67.0,,,,-1.45,385.41,1000.11,34.5,-0.15,-0.91,3.76,0.0,34.5,0.0,34.5,34.5,265.8,1000.11,200.0,-209.0,,,,,,,,,,,,,0.0,0.0,0.0,-209.0,-0.08,21.03,0.0,0.0,0.16,-0.02,0.0,0.0,0.0,0.0,0.0,0.0,-0.03,0.02,-0.07,0.11,0.13,0.04,0.49,0.8,1.04,1.55,64.12590555234976
8215,明基材,光電業,3,-20.97,28.63,-3.32,4.59,29.1,242.0,-100.0,,,,-1.85,2446.73,12705.57,31.0,0.18,0.36,4.59,0.8999999999999986,30.1,1.52,30.1,29.65,1185.2,4627.24,299.0,211.0,,,,,,,,,,,,,0.0,0.0,0.68,213.0,0.07,2.15,-2.0,-0.0,0.49,-0.03,0.0,-0.02,0.13,0.0,1.0,10.0,0.21,0.36,0.33,-0.03,0.07,0.06,0.6,0.99,2.41,3.59,64.78165796326597
8222,寶一,電機機械,1,-11.73,5.11,-1.25,0.99,35.55,22.0,-19.0,,,,-0.7,112.36,764.77,38.8,-0.14,0.43,0.99,2.799999999999997,36.0,0.56,36.0,35.8,101.14,250.9,62.0,-1.0,,,,,,,,,,,,,0.0,0.0,0.0,-1.0,-0.0,2.43,0.0,0.0,0.38,-0.03,0.0,0.0,0.0,0.0,0.0,0.0,0.13,0.36,-0.7,0.02,0.01,-1.43,0.15,0.23,-0.08,-2.31,49.29189668154185
8227,巨有科技,半導體業,3,-59.69,165.17,-4.22,0.0,363.5,238.0,-501.0,,,,-1.89,11911.06,19943.92,384.5,-1.13,9.95,0.0,0.0,384.5,2.43,379.5,370.5,2527.03,747.55,-4.0,,,,,,,,,,,,,,0.0,0.0,0.0,618.0,1.65,,,,,-1.34,0.0,0.0,0.0,0.0,0.0,0.0,1.79,2.94,11.7,-0.06,2.33,17.39,26.0,54.6,110.82,175.54,86.3728163364777
8234,新漢,電腦及週邊設備業,2,-13.8,4.95,0.0,0.32,63.0,13.0,8.0,,,,0.64,280.63,794.68,70.3,0.82,1.47,0.32,6.699999999999996,63.6,0.64,63.0,62.6,283.86,249.67,68.0,,,,,,,,,,,,,,0.0,0.0,0.0,5.0,0.0,,,,,0.01,0.0,0.0,0.0,0.0,0.0,0.0,-0.02,-0.29,-0.75,-0.02,-0.22,-0.65,1.08,1.01,-0.63,-2.59,53.41992136020556
8240,華宏,光電業,3,-25.0,54.79,-0.99,5.52,60.2,499.0,-311.0,,,,5.06,8494.13,8494.13,63.0,0.0,4.81,5.52,0.0,63.0,6.11,60.8,57.3,4472.78,2462.66,490.0,,,,,,,,,,,,,,0.0,0.0,0.0,-96.0,-0.1,,,,,-0.31,0.0,0.0,0.0,0.0,0.0,0.0,-0.48,-0.09,-2.06,-0.74,-0.67,-1.11,5.0,7.2,8.1,13.98,88.44119048947557
8249,菱光,電子零組件業,1,-11.56,6.74,-0.25,0.51,39.4,25.0,-1.0,,,,-0.25,99.8,408.41,41.95,-0.51,-0.76,0.51,2.3500000000000014,39.6,0.0,39.5,39.5,384.51,218.36,114.0,12.0,,,,,,,,,,,,,0.0,0.0,0.01,12.0,0.01,2.17,0.0,0.0,0.66,-0.0,0.0,0.0,0.0,0.0,0.0,0.0,0.29,0.43,0.42,0.04,0.1,-0.04,0.03,0.3,0.2,-2.19,53.781839116719496
8255,朋程,電機機械,1,-12.29,13.64,0.67,0.0,149.5,126.0,36.0,,,,1.7,337.8,1024.14,150.5,1.06,1.75,0.0,0.5,150.0,1.02,148.5,147.0,267.45,568.67,279.0,,,,,,,,,,,,,,0.0,0.0,0.0,151.0,0.15,,,,,0.04,0.0,0.0,0.0,0.0,0.0,0.0,0.34,0.44,0.3,-0.01,0.04,-0.3,4.5,8.55,9.32,2.39,82.10279735943797
8261,富鼎,半導體業,1,-15.28,16.46,2.54,-1.68,181.5,-100.0,537.0,,,,3.12,3960.63,4928.57,186.5,-2.49,0.28,-1.68,2.5,184.0,0.57,177.0,176.0,1003.78,1185.32,-4.0,726.0,,,,,,,,,,,,,0.0,0.0,0.49,652.0,0.79,10.6,74.0,0.09,2.31,0.65,0.05,0.05,0.05,3.0,3.0,3.0,0.08,2.78,2.69,0.18,2.63,1.69,3.4,5.5,7.8,-19.14,62.18818390385232
8271,宇瞻,半導體業,2,-14.53,3.05,-0.99,0.0,201.0,-58.0,-226.0,,,,-0.5,696.26,3191.25,230.5,-0.25,-0.25,0.0,27.5,203.0,0.5,203.0,202.0,564.2,700.3,-42.0,-330.0,,,,,,,,,,,,,0.0,0.0,0.66,-328.0,-0.29,9.71,-2.0,-0.0,0.3,-0.2,0.0,0.0,-0.14,0.0,0.0,0.0,-0.65,-1.91,-4.12,-0.75,-1.83,-4.13,0.4,-1.8,-7.25,-11.93,37.46627182605294
8277,商丞,半導體業,2,-63.17,105.96,0.0,0.0,15.5,0.0,27.0,,,,0.0,181.54,542.34,20.5,0.0,-0.95,0.0,4.949999999999999,15.55,0.0,15.5,15.5,118.35,161.01,-4.0,,,,,,,,,,,,,,0.0,0.0,0.0,-1.0,-0.0,,,,,0.03,0.0,0.0,0.0,0.0,0.0,0.0,-0.01,-0.04,-0.05,0.07,0.3,0.47,-0.12,-0.35,3.26,6.37,82.03067047455752
8279,生展,生技醫療業,1,-4.9,5.15,4.12,-1.02,80.8,0.0,12.0,,,,3.59,45.56,161.77,81.6,0.13,0.64,-1.02,0.0,81.6,-0.51,77.6,78.0,31.39,10.2,0.0,,,,,,,,,,,,,,0.0,0.0,0.0,0.0,0.0,,,,,0.04,0.0,0.0,0.0,0.0,0.0,0.0,0.01,0.01,0.07,0.04,0.02,-0.26,2.04,1.99,1.96,-3.26,69.49116676578407
8284,三竹,資訊服務業,3,-6.89,6.16,-0.59,0.0,67.6,-1.0,0.0,,,,-0.59,28.02,85.42,69.7,-0.44,0.0,0.0,0.7999999999999972,68.9,0.0,68.0,68.0,13.13,55.78,9.0,,,,,,,,,,,,,,0.0,0.0,0.0,2.0,0.0,,,,,0.0,0.0,0.0,0.0,0.0,0.0,0.0,0.01,0.01,-0.02,0.0,0.0,0.06,-0.38,-0.85,-0.08,2.49,37.195673046234795
8289,泰藝,電子零組件業,2,-21.27,27.02,10.03,0.32,51.0,64.0,185.0,,,,9.91,2531.33,2531.33,51.0,0.67,2.91,0.32,0.0,51.0,-0.11,46.35,46.4,718.77,430.06,39.0,,,,,,,,,,,,,,0.0,0.0,0.0,456.0,0.67,,,,,0.27,0.0,0.0,0.0,0.0,0.0,0.0,0.9,1.01,1.52,0.55,0.63,0.38,4.47,5.92,6.72,5.14,88.38836396637834
8291,尚茂,電子零組件業,1,-15.0,2.32,-0.7,-1.21,28.35,,,,,,-0.7,21.62,51.19,33.0,-0.17,-2.86,-1.21,4.300000000000001,28.7,0.0,28.55,28.55,10.03,51.19,15.0,,,,,,,,,,,,,,0.0,0.0,0.0,-1.0,-0.0,,,,,,0.0,0.0,0.0,0.0,0.0,0.0,0.03,0.05,0.04,,,,-0.72,-1.11,-1.75,-5.61,35.1559691527591
8299,群聯,半導體業,3,-19.15,13.95,-2.54,0.0,2110.0,63.0,-538.0,,,,-1.86,1963.3,7432.11,2350.0,-4.06,-0.47,0.0,185.0,2165.0,0.7,2165.0,2150.0,2235.78,2992.26,347.0,,,,,,,,,,,,,,8.0,0.0,1.14,-453.0,-0.22,,,,,-0.26,-0.01,0.27,-0.23,3.0,8.0,10.0,-0.82,1.05,1.81,-0.72,0.88,0.64,-33.0,-4.5,40.0,97.67,50.86576633490092
8341,日友,其他,1,-3.27,0.54,-0.27,-0.53,74.2,-25.0,3.0,,,,-0.27,106.61,278.35,76.5,-0.13,-0.27,-0.53,2.0999999999999943,74.4,0.0,74.4,74.4,101.43,159.71,11.0,-21.0,,,,,,,,,,,,,0.0,0.0,0.03,-28.0,-0.02,5.28,7.0,0.01,0.19,0.0,0.0,0.0,0.0,0.0,0.0,0.0,-0.05,-0.03,-0.29,-0.02,-0.03,-0.15,-0.2,-0.34,-0.46,-1.54,35.80984130478504
8342,益張,其他,1,-7.95,3.09,1.83,0.0,83.5,0.0,0.0,,,,0.0,4.0,13.09,88.0,-1.64,-0.36,0.0,4.5,83.5,-1.8,82.0,83.5,7.0,1.08,0.0,,,,,,,,,,,,,,0.0,0.0,0.0,1.0,0.0,,,,,0.0,0.0,0.0,0.0,0.0,0.0,0.0,0.0,0.0,0.0,0.0,0.0,0.0,-0.4,0.11,-0.98,-3.62,42.43799687233141
8349,�矬ㄟ篕�,鋼鐵工業,3,-7.53,8.14,0.25,2.28,40.5,39.0,9.0,,,,0.25,191.22,230.89,40.5,2.99,0.0,2.28,0.0,40.5,0.0,40.4,40.4,139.62,156.81,55.0,,,,,,,,,,,,,,0.0,0.0,0.0,28.0,0.02,,,,,0.01,0.0,0.0,0.0,0.0,0.0,0.0,0.05,0.04,0.12,0.09,0.03,-0.03,0.79,1.61,1.74,1.2,83.97850517776295
8354,冠好,其他,2,-7.5,3.3,-0.59,0.6,16.75,0.0,-1.0,,,,-0.89,93.35,306.88,18.0,-0.58,-1.17,0.6,0.8000000000000007,17.2,-0.3,16.85,16.9,13.16,19.6,0.0,,,,,,,,,,,,,,0.0,0.0,0.0,1.0,0.0,,,,,-0.0,0.0,0.0,0.0,0.0,0.0,0.0,0.0,0.0,0.01,-0.0,0.01,0.07,-0.22,-0.24,-0.43,-0.05,34.63467630474527
8358,金居,電子零組件業,3,-12.24,32.91,1.0,-2.75,505.0,-1155.0,1433.0,,,,2.02,17865.46,34055.72,535.0,2.82,-2.54,-2.75,14.0,521.0,1.01,500.0,495.0,13842.99,8673.66,-1156.0,,,,,,,,,,,,,,-126.0,-0.05,3.0,1152.0,0.46,,,,,0.57,-0.15,-0.2,-0.37,0.0,2.0,8.0,-0.82,-2.14,-4.12,-0.81,-2.43,-4.64,3.8,7.3,4.15,60.62,54.211629654568476
8367,建新國際,航運業,2,-3.28,2.38,0.87,1.0,40.8,0.0,0.0,,,,0.87,13.71,54.1,41.2,0.87,-1.35,1.0,0.4000000000000057,40.8,0.0,40.45,40.45,7.07,12.14,0.0,2.0,,,,,,,,,,,,,0.0,0.0,0.0,2.0,0.0,1.7,0.0,0.0,0.01,0.0,0.0,0.0,0.0,0.0,0.0,0.0,-0.01,-0.01,0.01,0.0,0.0,0.0,0.37,0.23,0.15,0.25,56.68082486335897
8374,羅昇,電機機械,2,-15.32,3.72,-1.41,0.65,76.9,7.0,-10.0,,,,-0.9,116.67,1114.28,88.8,-1.05,0.93,0.65,10.799999999999997,78.0,0.52,78.0,77.6,105.76,134.98,36.0,-19.0,,,,,,,,,,,,,0.0,0.0,0.0,3.0,0.0,3.03,-22.0,-0.02,0.81,-0.01,0.0,0.0,0.0,0.0,0.0,0.0,0.05,0.09,-0.04,-0.07,-0.1,-0.4,0.52,0.22,-1.28,-3.01,46.49500913213101
8383,千附,其他電子業,1,-9.97,9.42,-0.88,1.03,67.9,125.0,-29.0,,,,-0.73,484.32,3176.4,70.2,2.72,-0.44,1.03,1.7000000000000028,68.5,0.15,68.5,68.4,561.86,705.47,211.0,,,,,,,,,,,,,,0.0,0.0,0.0,-141.0,-0.12,,,,,-0.03,0.0,0.0,0.0,0.0,0.0,0.0,0.43,1.3,-0.07,0.37,1.07,0.06,0.32,0.75,1.75,-2.83,57.415944392416705
8390,金益鼎,其他,1,-10.28,2.47,-0.11,0.22,90.3,-18.0,-21.0,,,,-0.11,215.9,1318.48,99.2,-0.44,-0.67,0.22,8.0,91.2,0.0,90.4,90.4,285.14,182.27,-12.0,,,,,,,,,,,,,,0.0,0.0,0.0,-120.0,-0.12,,,,,-0.02,0.0,0.0,0.0,0.0,0.0,0.0,-0.24,-0.35,-1.48,-0.18,-0.35,-1.35,0.2,-0.61,-2.56,-5.75,35.35078892281123
8401,白紗科,其他,2,-2.61,1.34,0.0,-0.22,22.7,0.0,0.0,,,,-0.22,24.1,89.96,23.0,0.89,0.0,-0.22,0.3000000000000007,22.7,-0.22,22.7,22.75,8.66,11.64,0.0,,,,,,,,,,,,,,0.0,0.0,0.0,-1.0,-0.0,,,,,0.0,0.0,0.0,0.0,0.0,0.0,0.0,-0.02,-0.01,-0.02,0.0,0.0,-0.01,0.0,-0.02,-0.02,-0.14,47.42712407804016
8403,盛弘,生技醫療業,1,-2.34,1.07,-0.26,-0.52,18.9,-27.0,-17.0,,,,-0.26,67.49,153.67,19.2,-0.26,0.53,-0.52,0.25,18.95,0.0,18.95,18.95,31.67,141.88,36.0,,,,,,,,,,,,,,0.0,0.0,0.0,-4.0,-0.0,,,,,-0.01,0.0,0.0,0.0,0.0,0.0,0.0,0.01,0.02,-0.05,-0.03,-0.04,-0.1,-0.07,-0.07,-0.06,-0.23,42.061336197425724
8404,百和興業-KY,其他,1,-20.54,1.52,0.0,0.0,13.3,-29.0,-16.0,,,,0.38,316.83,863.98,16.55,-1.09,-2.95,0.0,3.200000000000001,13.35,0.38,13.3,13.25,378.53,313.49,71.0,81.0,,,,,,,,,,,,,0.0,0.0,0.0,80.0,0.02,55.53,1.0,0.0,0.04,-0.0,0.0,0.0,0.0,0.0,0.0,0.0,-0.0,0.02,-0.08,-0.03,-0.08,-0.32,-0.09,-0.21,-1.02,-2.47,27.989803921495792
8409,商之器,生技醫療業,1,-2.98,1.12,0.0,-0.28,18.0,0.0,0.0,,,,0.0,2.02,11.63,18.45,-1.09,-0.55,-0.28,0.4499999999999993,18.0,0.0,18.0,18.0,7.01,6.01,0.0,,,,,,,,,,,,,,0.0,0.0,0.0,0.0,0.0,,,,,0.0,0.0,0.0,0.0,0.0,0.0,0.0,0.0,0.0,0.0,0.0,0.0,0.0,-0.08,-0.07,-0.11,-0.39,42.36604569518823
8410,森田,電腦及週邊設備業,1,-9.67,1.27,0.54,-0.71,27.8,-4.0,0.0,,,,0.0,28.37,248.33,30.5,-1.42,0.72,-0.71,2.6000000000000014,27.9,-0.54,27.65,27.8,29.68,26.83,-2.0,,,,,,,,,,,,,,0.0,0.0,0.0,-1.0,-0.0,,,,,0.0,0.0,0.0,0.0,0.0,0.0,0.0,0.01,-0.0,-0.03,-0.27,-0.31,-0.36,-0.12,-0.75,-1.33,-2.98,23.614212369720946
8411,福貞-KY,其他,1,-12.12,2.59,0.85,0.85,11.9,-29.0,0.0,,,,0.0,82.1,435.22,13.2,-0.82,-1.65,0.85,1.299999999999999,11.9,-0.84,11.8,11.9,435.22,347.05,-154.0,-43.0,,,,,,,,,,,,,0.0,0.0,0.0,2.0,0.0,53.98,-45.0,-0.02,0.0,0.0,0.0,0.0,0.0,0.0,0.0,0.0,-0.02,-0.03,-0.04,-0.02,-0.02,-0.02,-0.1,-0.38,-0.68,-0.86,12.046656831834298
8415,大國鋼,鋼鐵工業,1,-9.13,4.08,0.71,0.0,35.55,-23.0,8.0,,,,0.99,471.1,4783.56,37.8,0.85,-0.85,0.0,2.049999999999997,35.75,0.28,35.3,35.2,582.08,499.02,-9.0,,,,,,,,,,,,,,-125.0,-0.01,0.0,84.0,0.01,,,,,0.0,-0.01,-0.04,-0.04,0.0,0.0,2.0,-0.01,-0.05,-0.11,0.0,-0.04,-0.06,0.25,0.52,-0.19,-1.19,54.34637255696229
8416,實威,資訊服務業,2,-2.61,2.1,-0.59,0.0,169.0,0.0,0.0,,,,0.0,3.19,13.22,172.5,0.3,0.0,0.0,2.5,170.0,0.59,170.0,169.0,3.6,1.1,0.0,,,,,,,,,,,,,,0.0,0.0,0.0,,,,,,,0.0,0.0,0.0,0.0,0.0,0.0,0.0,-0.03,-0.04,-0.04,0.0,0.0,0.0,0.1,-0.25,-0.33,-0.04,46.798512247119525
8418,捷必勝-KY,其他,3,,,,,,,,,,,,,,,,,,,,,,,,,,,,,,,,,,,,,,,,,,,,,,,,,,,,,,,,,,,,,,,,,
8420,明揚,其他,3,,,,,,,,,,,,,,,,,,,,,,,,,,,,,,,,,,,,,,,,,,,,,,,,,,,,,,,,,,,,,,,,,
8421,旭源,其他,1,-12.32,8.26,0.39,0.39,13.0,0.0,10.0,,,,0.39,113.84,604.29,13.8,0.0,0.39,0.39,0.7000000000000011,13.1,0.0,12.95,12.95,25.91,64.36,9.0,,,,,,,,,,,,,,0.0,0.0,0.0,38.0,0.07,,,,,0.02,0.0,0.0,0.0,0.0,0.0,0.0,0.11,0.17,0.3,0.02,0.1,0.53,0.12,0.07,0.19,-0.88,56.92843116528349
8422,可寧衛,其他,1,-5.57,2.16,-1.54,1.37,25.6,680.0,-1084.0,,,,-1.16,2860.58,11558.27,26.95,-0.39,-0.2,1.37,0.9499999999999993,26.0,0.39,26.0,25.9,2697.54,2700.36,1361.0,-865.0,,,,,,,,,,,,,0.0,0.0,49.99,-863.0,-0.79,69.19,-2.0,-0.0,0.0,-0.99,0.0,-2.56,-1.66,2.0,2.0,7.0,-1.18,-3.67,-2.91,-1.88,-6.95,-7.22,-0.04,-0.23,-0.42,-0.71,40.517775112398795
8423,保綠-KY,其他,2,-12.31,6.43,-1.1,0.28,18.0,0.0,0.0,,,,-1.1,9.02,61.36,19.5,0.56,0.0,0.28,1.3000000000000007,18.2,0.0,18.2,18.2,7.12,10.89,1.0,,,,,,,,,,,,,,0.0,0.0,0.0,-2.0,-0.01,,,,,0.0,0.0,0.0,0.0,0.0,0.0,0.0,-0.02,-0.04,-0.01,0.0,0.0,0.0,-0.05,0.02,-0.03,0.14,49.34366149405363
8424,惠普,建材營造,3,-3.79,,,1.73,,0.0,0.0,,,,,0.06,100.2,71.2,2.91,-1.13,1.73,,,,,70.7,9.37,14.58,-1.0,,,,,,,,,,,,,,0.0,0.0,0.01,,,,,,,0.0,0.0,0.0,0.0,0.0,0.0,0.0,-0.0,-0.0,0.02,0.04,0.04,0.04,,,,,
8426,紅木-KY,其他,2,-5.92,4.03,0.98,0.73,20.65,0.0,0.0,,,,0.0,18.17,55.1,21.1,0.49,0.24,0.73,0.45000000000000284,20.65,-0.97,20.45,20.65,42.0,50.09,13.0,,,,,,,,,,,,,,0.0,0.0,0.0,3.0,0.01,,,,,0.0,0.0,0.0,0.0,0.0,0.0,0.0,0.09,0.07,0.15,0.0,0.0,0.0,0.04,0.03,-0.0,-0.08,51.708578324099754
8429,金麗-KY,貿易百貨,1,-4.59,1.55,0.0,0.85,5.91,-5.0,-2.0,,,,0.0,97.11,263.1,6.1,0.34,-0.68,0.85,0.1899999999999995,5.91,0.0,5.91,5.91,149.8,263.1,41.0,-2.0,,,,,,,,,,,,,0.0,0.0,0.0,-2.0,-0.0,28.73,0.0,0.0,0.1,-0.0,0.0,0.0,0.0,0.0,0.0,0.0,0.01,0.02,-0.06,-0.01,-0.03,-0.08,0.02,0.01,-0.02,-0.13,49.923635950378845
8431,匯鑽科,其他電子業,3,-23.04,52.36,-4.57,1.67,64.7,-51.0,-113.0,,,,-3.14,1173.68,10687.56,70.3,0.16,4.74,1.67,2.5,67.8,1.5,67.8,66.8,2595.94,1228.05,-53.0,,,,,,,,,,,,,,0.0,0.0,0.0,-43.0,-0.1,,,,,-0.25,0.0,0.0,0.0,0.0,0.0,0.0,1.17,-2.39,1.67,0.61,0.03,6.87,-0.16,0.2,1.26,11.4,55.52776028538883
8432,東生華,生技醫療業,3,-3.31,2.62,0.2,-0.2,50.7,-1.0,0.0,,,,0.0,32.57,146.45,51.4,-0.99,0.8,-0.2,0.5,50.9,-0.2,50.6,50.7,68.18,54.11,14.0,,,,,,,,,,,,,,0.0,0.0,0.0,-1.0,-0.0,,,,,0.0,0.0,0.0,0.0,0.0,0.0,0.0,0.07,0.05,0.13,-0.02,-0.01,-0.1,0.12,0.22,0.33,0.34,59.13387097687687
8433,弘帆,貿易百貨,1,-5.43,1.53,-0.38,-0.75,52.8,0.0,0.0,,,,0.0,11.14,29.51,55.2,-0.19,0.57,-0.75,2.200000000000003,53.0,0.38,53.0,52.8,7.15,6.0,-1.0,,,,,,,,,,,,,,0.0,0.0,0.0,-1.0,-0.0,,,,,0.0,0.0,0.0,0.0,0.0,0.0,0.0,-0.0,0.01,-0.0,0.0,0.0,0.0,-0.02,-0.26,-0.81,-1.35,29.08236985501422
8435,鉅邁,其他,2,-1.86,1.33,0.19,0.75,53.3,-3.0,0.0,,,,-0.19,10.37,46.06,53.7,0.19,0.19,0.75,0.30000000000000426,53.4,-0.37,53.2,53.4,14.39,46.06,11.0,,,,,,,,,,,,,,0.0,0.0,0.0,,,,,,,0.0,0.0,0.0,0.0,0.0,0.0,0.0,0.04,0.04,0.0,-0.02,-0.02,-0.02,0.22,0.26,0.11,0.18,58.3121322809263
8436,大江,生技醫療業,1,-10.87,3.9,-1.41,0.0,105.0,14.0,-55.0,,,,-1.41,228.29,2541.2,115.0,0.0,0.48,0.0,8.5,106.5,0.0,106.5,106.5,393.24,319.16,12.0,,,,,,,,,,,,,,0.0,0.0,0.23,-119.0,-0.1,,,,,-0.05,-0.05,-0.05,-0.4,0.0,0.0,0.0,-0.09,0.52,-0.68,-0.14,-1.37,-2.96,-0.4,0.2,-1.9,-9.71,38.64566911758986
8437,大地-KY,其他,3,-18.89,21.02,4.95,-0.49,10.6,1.0,6.0,,,,3.92,52.21,295.3,10.85,7.9,-5.16,-0.49,0.1999999999999993,10.65,-0.98,10.1,10.2,111.43,53.7,1.0,,,,,,,,,,,,,,0.0,0.0,0.0,-2.0,-0.0,,,,,0.01,0.0,0.0,0.0,0.0,0.0,0.0,0.06,0.06,0.06,0.01,0.01,0.01,0.32,0.92,1.17,1.18,74.4220062370914
8438,昶昕,其他,2,-20.74,27.36,-0.49,1.0,80.9,-32.0,-1.0,,,,0.12,508.45,1526.21,83.4,-1.79,4.44,1.0,1.0,82.4,0.62,81.3,80.8,682.53,431.83,47.0,-1.0,,,,,,,,,,,,,0.0,0.0,0.0,-1.0,-0.0,5.01,0.0,0.0,0.03,-0.0,0.0,0.0,0.0,0.0,0.0,0.0,-0.41,-0.19,-0.39,-0.43,-0.55,-0.6,1.64,6.34,9.4,9.68,83.37618161252746
8440,綠電,其他,2,-9.3,4.87,-1.22,0.49,20.2,-10.0,-5.0,,,,-0.74,47.99,117.99,21.5,-0.49,3.46,0.49,1.0500000000000007,20.45,0.49,20.45,20.35,112.88,80.83,8.0,,,,,,,,,,,,,,0.0,0.0,0.0,1.0,0.0,,,,,-0.01,0.0,0.0,0.0,0.0,0.0,0.0,0.01,0.06,0.18,-0.03,0.01,-0.05,-0.22,0.01,0.1,0.08,49.16654926287026
8442,威宏-KY,其他,2,-6.48,3.52,1.9,0.22,45.6,6.0,0.0,,,,0.0,22.33,85.03,47.1,-1.44,0.79,0.22,1.5,45.6,-1.86,44.75,45.6,39.18,66.43,-4.0,2.0,,,,,,,,,,,,,0.0,0.0,0.29,1.0,0.0,59.42,1.0,0.0,0.0,0.0,-0.01,0.04,0.04,1.0,6.0,13.0,-0.06,-0.1,-0.03,-0.04,-0.04,-0.03,0.49,0.0,-0.1,0.32,51.13381548590068
8443,阿瘦,貿易百貨,1,-3.52,1.37,0.45,0.0,11.1,-2.0,0.0,,,,-0.45,7.91,755.93,11.35,-0.44,-0.45,0.0,0.25,11.1,-0.9,11.05,11.15,3.57,45.35,3.0,0.0,,,,,,,,,,,,,0.0,0.0,0.0,-1.0,-0.0,3.73,1.0,0.0,0.11,0.0,0.0,0.0,0.0,0.0,0.0,0.0,-0.0,0.01,0.0,0.0,0.0,0.0,-0.07,-0.09,-0.1,-0.25,24.713303830561088
8444,綠河-KY,其他,3,-15.8,,,0.0,,0.0,0.0,,,,,0.03,28.2,5.0,-0.9,0.0,0.0,,,,,4.35,2.0,8.04,0.0,,,,,,,,,,,,,,0.0,0.0,0.0,,,,,,,0.0,0.0,0.0,0.0,0.0,0.0,0.0,0.0,0.0,0.0,0.0,0.0,0.0,,,,,
8446,華研,文化創意業,1,-2.55,1.07,0.12,0.47,84.9,-1.0,-1.0,,,,0.12,12.16,59.37,86.3,0.71,-0.35,0.47,1.2999999999999972,85.0,0.0,84.8,84.8,15.91,49.78,31.0,,,,,,,,,,,,,,0.0,0.0,0.0,-2.0,-0.0,,,,,-0.0,0.0,0.0,0.0,0.0,0.0,0.0,0.05,-0.0,0.11,-0.0,-0.03,0.01,0.32,0.25,-0.2,-0.65,52.351231437112304
8450,霹靂,文化創意業,1,-4.44,2.14,1.78,1.06,14.3,0.0,0.0,,,,0.0,18.47,133.82,14.65,0.35,0.35,1.06,0.34999999999999964,14.3,-1.75,14.05,14.3,28.94,27.77,1.0,,,,,,,,,,,,,,0.0,0.0,0.0,,,,,,,0.0,0.0,0.0,0.0,0.0,0.0,0.0,0.01,0.02,0.03,0.0,0.0,-0.02,-0.03,0.06,-0.06,-0.43,47.355908632952485
8454,富邦媒,貿易百貨,1,-7.34,3.43,-0.83,0.42,239.0,8.0,11.0,,,,-0.62,233.27,674.13,252.0,-2.25,-1.26,0.42,10.5,241.5,0.21,241.0,240.5,339.72,417.35,57.0,10.0,,,,,,,,,,,,,0.0,0.0,5.31,9.0,0.0,13.25,1.0,0.0,0.24,0.0,0.0,0.0,-0.02,0.0,1.0,4.0,-0.0,0.07,0.11,-0.04,-0.04,-0.11,-0.8,-3.75,-2.78,-12.88,43.04474048788403
8455,大拓-KY,其他電子業,1,-8.68,3.17,-3.07,0.0,22.1,0.0,0.0,,,,0.0,3.0,16.0,24.2,-1.12,0.0,0.0,1.3999999999999986,22.8,3.17,22.8,22.1,1.1,4.6,0.0,,,,,,,,,,,,,,0.0,0.0,0.0,,,,,,,0.0,0.0,0.0,0.0,0.0,0.0,0.0,0.0,0.0,0.0,0.0,0.0,0.0,-0.05,-0.39,-0.65,-2.07,33.3689944675054
8462,柏文,觀光事業,1,-9.97,4.56,-1.26,-0.31,157.0,-1.0,-16.0,,,,-0.95,122.97,175.14,170.5,0.0,-0.63,-0.31,10.0,160.5,0.32,159.0,158.5,55.92,28.75,-1.0,2.0,,,,,,,,,,,,,0.0,0.0,0.03,-1.0,-0.0,5.42,3.0,0.0,0.43,-0.02,0.0,0.0,0.0,0.0,0.0,0.0,-0.06,-0.16,-0.47,-0.07,-0.1,-0.2,-0.7,-2.2,-4.72,-7.96,32.70401342285335
8463,潤泰材,其他,2,-5.09,3.66,-0.24,1.19,21.2,0.0,0.0,,,,-0.24,17.01,147.02,21.6,0.71,-1.18,1.19,0.3500000000000014,21.25,0.0,21.25,21.25,101.17,30.14,9.0,7.0,,,,,,,,,,,,,0.0,0.0,0.0,5.0,0.0,0.5,2.0,0.0,0.18,0.0,0.0,0.0,0.0,0.0,0.0,0.0,0.01,0.03,0.05,0.0,-0.02,-0.02,0.07,0.05,-0.06,-0.06,50.695976450460684
8464,億豐,其他,1,-6.98,2.36,-1.23,-1.35,362.5,-52.0,-34.0,,,,-1.09,188.93,1092.92,387.0,-0.53,0.0,-1.35,18.5,368.5,0.14,367.0,366.5,525.04,349.32,-36.0,-33.0,,,,,,,,,,,,,-1.0,-0.0,2.22,-32.0,-0.01,40.84,-0.0,-0.0,0.22,-0.01,0.03,-0.04,0.02,2.0,3.0,9.0,0.03,0.14,0.24,-0.03,-0.05,-0.03,-7.2,-8.5,-9.0,-8.87,30.888321870465205
8466,美吉吉-KY,其他,1,-19.64,14.07,1.0,0.0,15.15,0.0,0.0,,,,0.33,15.0,220.1,16.8,-2.8,-2.24,0.0,1.4000000000000004,15.4,-0.66,15.0,15.1,33.0,31.24,1.0,5.0,,,,,,,,,,,,,0.0,0.0,0.0,4.0,0.01,60.72,1.0,0.0,0.03,0.0,0.0,0.0,0.0,0.0,0.0,0.0,-0.09,-0.07,-0.03,0.0,0.04,0.04,-0.28,0.05,0.28,-0.87,51.02538855874714
8467,波力-KY,其他,1,-11.87,6.92,1.15,-1.35,88.1,0.0,0.0,,,,0.46,6.32,44.57,93.5,1.48,-1.12,-1.35,5.400000000000006,88.1,-0.68,87.1,87.7,5.34,7.71,1.0,2.0,,,,,,,,,,,,,0.0,0.0,0.05,2.0,0.0,43.89,0.0,0.0,0.42,0.0,0.0,0.0,0.0,0.0,0.0,0.0,0.0,-0.01,-0.02,0.0,0.0,-0.01,0.0,-0.22,-0.2,-8.88,47.43003328917417
8472,夠麻吉,電子商務,1,-24.67,11.82,-1.14,-6.59,69.2,0.0,-15.0,,,,-0.43,181.96,181.96,83.1,-1.66,-5.06,-6.59,13.099999999999994,70.0,0.72,70.0,69.5,17.67,21.0,-1.0,,,,,,,,,,,,,,0.0,0.0,0.0,3.0,0.02,,,,,-0.08,0.0,0.0,0.0,0.0,0.0,0.0,-0.01,0.0,-0.05,-0.08,-0.08,-0.1,-4.22,-6.21,-6.26,-3.44,24.62315635600281
8473,山林水,其他,1,-20.47,6.0,-1.76,1.15,39.05,-25.0,-119.0,,,,-1.76,391.23,1689.14,47.15,1.42,0.25,1.15,7.399999999999999,39.75,0.0,39.75,39.75,286.37,393.47,111.0,-165.0,,,,,,,,,,,,,0.0,0.0,0.0,-165.0,-0.11,3.56,0.0,0.0,0.01,-0.08,0.0,0.0,0.0,0.0,0.0,0.0,0.07,0.23,-1.35,-0.11,-0.4,-1.67,-0.26,0.2,-1.22,-3.75,40.40833294789178
8476,台境,其他,1,-8.33,9.09,1.0,0.5,20.3,32.0,27.0,,,,1.0,256.99,522.06,20.4,0.0,1.79,0.5,0.0,20.4,0.0,20.1,20.1,247.32,171.3,76.0,0.0,,,,,,,,,,,,,0.0,0.0,0.38,0.0,0.0,3.21,0.0,0.0,0.02,0.03,0.0,0.0,-0.01,0.0,0.0,0.0,0.41,0.96,0.81,0.15,0.17,0.12,0.45,0.56,0.68,-0.34,73.575222884586
8477,創業家,電子商務,1,-10.03,2.16,1.43,0.0,14.2,0.0,0.0,,,,0.71,6.42,61.13,15.45,-1.03,-1.74,0.0,1.25,14.2,-0.71,14.0,14.1,9.64,12.61,0.0,,,,,,,,,,,,,,0.0,0.0,0.0,0.0,0.0,,,,,0.0,0.0,0.0,0.0,0.0,0.0,0.0,-0.03,-0.09,-0.1,0.0,-0.03,-0.02,-0.05,-0.36,-0.74,-1.23,26.32827341086069
8478,東哥遊艇,其他,1,-4.5,3.66,0.0,1.44,141.5,6.0,5.0,,,,0.35,46.0,104.1,144.5,0.0,-0.36,1.44,3.0,141.5,0.35,141.5,141.0,48.71,60.6,32.0,24.0,,,,,,,,,,,,,0.0,0.0,0.0,24.0,0.03,41.86,0.0,0.0,0.73,0.01,0.0,0.0,0.0,0.0,0.0,0.0,0.07,0.07,0.12,-0.0,-0.06,-0.05,1.4,0.8,0.22,-4.57,56.551293559859296
8480,泰昇-KY,其他,3,,,,,,,,,,,,,,,,,,,,,,,,,,,,,,,,,,,,,,,,,,,,,,,,,,,,,,,,,,,,,,,,,
8481,政伸,其他,1,-3.23,1.24,-0.12,0.61,40.65,0.0,0.0,,,,-0.73,9.0,26.11,41.8,0.0,-0.61,0.61,1.0999999999999943,40.7,-0.61,40.7,40.95,23.0,9.0,0.0,-1.0,,,,,,,,,,,,,0.0,0.0,0.0,-1.0,-0.0,0.48,0.0,0.0,0.06,0.0,0.0,0.0,0.0,0.0,0.0,0.0,-0.0,-0.01,0.0,0.0,0.0,0.0,-0.19,-0.3,-0.35,-0.32,38.09284738423797
8482,商億-KY,其他,2,-9.22,7.36,0.0,2.5,48.85,0.0,0.0,,,,-0.71,1.0,32.05,51.0,-0.32,0.0,2.5,2.1499999999999986,48.85,-0.71,48.85,49.2,1.0,6.0,4.0,0.0,,,,,,,,,,,,,0.0,0.0,0.0,0.0,0.0,89.31,0.0,0.0,0.5,0.0,0.0,0.0,0.0,0.0,0.0,0.0,0.0,0.01,0.02,0.0,0.0,0.0,0.98,1.05,0.77,0.24,59.850149456340965
8488,吉源-KY,其他,1,-14.91,1.65,0.2,0.0,9.84,0.0,0.0,,,,-1.11,13.42,371.01,11.4,-0.71,-0.51,0.0,1.540000000000001,9.86,-1.31,9.82,9.95,8.0,19.08,-2.0,-6.0,,,,,,,,,,,,,0.0,0.0,0.0,-6.0,-0.01,69.78,-0.0,-0.0,0.07,0.0,0.0,0.0,0.0,0.0,0.0,0.0,-0.02,-0.03,0.08,0.0,0.02,-0.05,-0.03,-0.08,-0.2,-0.21,43.645123792948915
8489,三貝德,其他,2,-10.36,6.37,-0.22,2.05,22.45,0.0,-2.0,,,,0.0,43.08,485.3,23.65,-0.44,-1.33,2.05,1.0999999999999979,22.55,0.22,22.5,22.45,63.1,39.36,7.0,,,,,,,,,,,,,,0.0,0.0,0.0,-8.0,-0.02,,,,,-0.01,0.0,0.0,0.0,0.0,0.0,0.0,-0.08,0.03,-0.02,-0.11,-0.16,-0.2,-0.02,0.25,0.39,-0.03,55.35732029059384
8499,鼎炫-KY,其他電子業,1,-6.37,5.2,-2.66,-0.19,256.0,0.0,0.0,,,,-0.78,8.17,34.57,267.0,0.59,0.98,-0.19,4.0,263.0,1.94,263.0,258.0,17.19,14.22,8.0,4.0,,,,,,,,,,,,,0.0,0.0,0.41,4.0,0.01,71.67,0.0,0.0,0.98,0.0,0.0,0.0,0.0,0.0,0.0,0.0,0.08,0.13,0.23,0.0,0.01,0.01,0.3,1.22,1.39,-7.56,51.71886973662611
8905,裕國,其他,3,-3.97,3.88,-0.72,-0.14,34.5,0.0,0.0,,,,-0.43,4.74,19.26,35.25,0.0,1.01,-0.14,0.45000000000000284,34.8,0.29,34.75,34.65,13.41,4.32,0.0,,,,,,,,,,,,,,0.0,0.0,0.0,-1.0,-0.0,,,,,0.0,0.0,0.0,0.0,0.0,0.0,0.0,-0.0,-0.0,-0.01,0.0,0.0,0.0,-0.28,-0.35,-0.17,1.1,43.27943476396224
8906,花王,其他,3,-9.84,7.22,0.0,-1.38,28.95,0.0,0.0,,,,1.22,1.16,68.22,30.5,-1.53,-0.69,-1.38,1.5500000000000007,28.95,1.22,28.95,28.6,8.04,15.14,-2.0,,,,,,,,,,,,,,0.0,0.0,0.39,,,,,,,0.0,0.0,0.0,0.0,0.0,0.0,0.0,-0.01,-0.02,0.0,0.0,0.0,0.01,-0.01,-0.29,-0.05,1.11,48.36519742598791
8908,欣雄,油電燃氣業,2,-5.49,2.28,-0.5,0.88,40.2,0.0,0.0,,,,-0.37,19.39,129.96,41.9,0.12,0.5,0.88,1.5,40.4,0.12,40.4,40.35,47.05,13.13,5.0,,,,,,,,,,,,,,0.0,0.0,0.0,1.0,0.0,,,,,0.0,0.0,0.0,0.0,0.0,0.0,0.0,0.0,0.0,0.01,0.0,0.0,0.01,0.03,-0.02,-0.05,0.3,48.76648861211859
8916,光隆,其他,1,-2.52,2.62,-0.24,-0.48,41.0,0.0,0.0,,,,-0.12,25.74,134.2,41.6,-0.12,0.61,-0.48,0.5,41.1,0.12,41.1,41.05,72.7,27.72,4.0,,,,,,,,,,,,,,0.0,0.0,0.0,3.0,0.0,,,,,0.0,0.0,0.0,0.0,0.0,0.0,0.0,-0.01,-0.05,-0.04,0.0,0.01,0.05,0.02,0.03,0.03,-0.65,51.760854126376245
8917,欣泰,油電燃氣業,3,-7.21,,,-2.36,,0.0,0.0,,,,,0.12,489.23,55.5,0.0,-0.91,-2.36,,,,,53.7,5.12,4.2,0.0,,,,,,,,,,,,,,0.0,0.0,0.0,,,,,,,0.0,0.0,0.0,0.0,0.0,0.0,0.0,-0.0,-0.0,-0.0,0.0,0.0,0.0,,,,,
8921,沈氏,其他,3,-10.66,,,3.38,,,,,,,,0.0,20.69,17.35,,,3.38,,,,,16.8,0.0,2.2,0.0,,,,,,,,,,,,,,0.0,0.0,0.0,,,,,,,,0.0,0.0,0.0,0.0,0.0,0.0,0.0,0.0,0.0,,,,,,,,
8923,時報,文化創意業,3,-3.74,,,0.0,,0.0,0.0,,,,,0.15,55.0,18.7,,,0.0,,,,,18.0,11.0,1.0,0.0,,,,,,,,,,,,,,0.0,0.0,0.0,,,,,,,0.0,0.0,0.0,0.0,0.0,0.0,0.0,0.0,0.0,0.0,0.0,0.0,0.0,,,,,
8924,大田,其他,1,-4.76,1.94,0.81,0.61,49.9,-3.0,-2.0,,,,0.91,42.21,133.48,51.5,-0.4,0.2,0.61,1.5,50.0,0.1,49.5,49.45,31.92,29.27,5.0,,,,,,,,,,,,,,1.0,0.0,0.39,7.0,0.01,,,,,-0.0,-0.01,0.04,0.08,2.0,7.0,14.0,0.01,0.01,0.14,-0.02,-0.12,-0.2,0.39,0.19,-0.18,-2.46,52.591696504951265
8926,台汽電,油電燃氣業,1,-6.82,7.4,-0.67,1.02,58.9,424.0,-40.0,,,,-0.51,1154.93,8631.85,60.1,0.68,-0.85,1.02,0.6000000000000014,59.5,0.17,59.3,59.2,1273.8,1978.42,655.0,-105.0,,,,,,,,,,,,,0.0,0.0,2.23,-97.0,-0.01,7.49,-8.0,-0.0,0.46,-0.01,0.05,0.04,0.1,4.0,6.0,16.0,0.04,0.14,-0.64,0.06,0.06,-0.49,0.18,0.01,0.64,-1.75,54.37786408897298
8927,北基,油電燃氣業,1,-7.07,3.8,1.6,-0.53,19.1,-21.0,14.0,,,,1.87,166.99,256.73,19.8,-0.52,-1.05,-0.53,0.6999999999999993,19.1,0.27,18.8,18.75,74.43,123.4,19.0,,,,,,,,,,,,,,0.0,0.0,0.0,30.0,0.01,,,,,0.0,0.0,0.0,0.0,0.0,0.0,0.0,0.05,0.08,0.08,-0.01,-0.02,-0.03,0.15,0.19,0.08,-0.75,53.988286131292334
8928,鉅明,其他,1,-9.42,2.65,-0.65,1.1,23.0,0.0,0.0,,,,0.22,7.26,77.43,24.95,1.3,-1.72,1.1,1.75,23.2,0.87,23.15,22.95,16.44,9.68,-1.0,,,,,,,,,,,,,,0.0,0.0,0.0,0.0,0.0,,,,,0.0,0.0,0.0,0.0,0.0,0.0,0.0,-0.02,-0.01,-0.02,0.0,0.0,0.0,-0.03,-0.07,-0.48,-0.32,44.23705355389381
8929,富堡,其他,1,-3.77,2.75,0.38,2.72,13.1,0.0,0.0,,,,-0.76,8.7,40.44,13.25,1.17,-0.39,2.72,0.15000000000000036,13.1,-1.14,13.05,13.2,6.49,27.11,-2.0,,,,,,,,,,,,,,0.0,0.0,0.0,1.0,0.0,,,,,0.0,0.0,0.0,0.0,0.0,0.0,0.0,0.0,0.01,0.01,0.0,0.0,-0.02,0.11,0.13,0.11,-0.28,57.541379017126914
8930,青鋼,鋼鐵工業,1,-5.65,1.23,-0.17,0.17,28.7,0.0,0.0,,,,-0.17,19.23,74.95,30.1,-0.35,-0.35,0.17,1.3500000000000014,28.75,0.0,28.75,28.75,20.33,38.12,1.0,,,,,,,,,,,,,,0.0,0.0,0.0,,,,,,,0.0,0.0,0.0,0.0,0.0,0.0,0.0,0.0,-0.01,-0.03,-0.01,-0.01,-0.02,-0.07,-0.13,-0.49,-1.28,33.740250541766386
8931,大汽電,油電燃氣業,2,-8.15,7.23,-0.81,0.58,42.65,0.0,0.0,,,,-1.39,16.21,425.1,44.15,0.12,0.23,0.58,1.1499999999999986,43.0,-0.58,43.0,43.25,82.1,244.26,-16.0,,,,,,,,,,,,,,0.0,0.0,0.0,-4.0,-0.0,,,,,0.0,0.0,0.0,0.0,0.0,0.0,0.0,-0.01,0.01,0.1,0.01,0.04,0.16,-0.37,-0.43,0.38,0.91,47.30698002836944
8932,宏大,其他,1,-11.81,9.87,-0.86,-0.86,91.8,-39.0,6.0,,,,-0.86,729.13,2922.15,96.5,-0.64,0.86,-0.86,3.0,93.5,0.0,92.6,92.6,717.84,829.78,-96.0,,,,,,,,,,,,,,0.0,0.0,0.07,-43.0,-0.06,,,,,0.01,0.0,0.0,0.0,0.0,0.0,0.0,0.63,1.85,-2.06,0.04,0.19,-0.99,-0.92,-0.55,0.07,-10.35,44.68233646771255
8933,愛地雅,其他,2,-8.09,6.48,2.22,2.04,4.6,-15.0,3.0,,,,2.22,90.51,214.32,4.7,1.56,0.22,2.04,0.10000000000000053,4.6,0.0,4.5,4.5,43.96,117.07,9.0,,,,,,,,,,,,,,0.0,0.0,0.0,-5.0,-0.0,,,,,0.0,0.0,0.0,0.0,0.0,0.0,0.0,-0.0,-0.0,-0.0,0.0,0.0,-0.02,0.05,0.08,0.06,0.08,57.7937010528658
8935,邦泰,其他,2,-19.12,21.21,-2.28,3.42,19.3,132.0,17.0,,,,-1.78,160.06,604.89,20.4,1.45,9.97,3.42,0.3999999999999986,20.0,0.51,19.75,19.65,265.04,604.89,-63.0,,,,,,,,,,,,,,0.0,0.0,0.0,-36.0,-0.04,,,,,0.02,0.0,0.0,0.0,0.0,0.0,0.0,-0.12,-0.07,-0.17,0.16,0.08,0.09,0.68,1.22,1.3,0.87,72.52676917662068
8936,國統,其他,2,-6.19,7.24,-0.19,0.57,52.7,291.0,34.0,,,,0.19,1023.44,1092.51,53.3,0.19,-0.38,0.57,0.0,53.3,0.38,52.8,52.6,535.14,1080.69,530.0,,,,,,,,,,,,,,0.0,0.0,0.27,-196.0,-0.08,,,,,0.01,0.0,0.0,0.0,0.0,0.0,0.0,0.13,0.34,0.35,0.12,0.42,0.43,0.44,0.53,1.28,0.76,72.23210558335866
8937,合騏,其他,2,-24.69,10.78,1.19,4.38,25.5,-85.0,-7.0,,,,-2.67,48.74,803.99,32.4,-2.21,-5.64,4.38,6.699999999999999,25.7,-3.82,25.2,26.2,372.38,343.65,66.0,,,,,,,,,,,,,,0.0,0.0,0.0,-22.0,-0.03,,,,,-0.01,0.0,0.0,0.0,0.0,0.0,0.0,0.01,0.05,-0.24,-0.51,-0.59,-0.5,-0.62,-1.83,-2.76,-0.68,33.74282984833805
8938,明安,其他,1,-4.91,5.17,-1.32,0.19,52.2,1.0,-1.0,,,,-0.76,46.52,172.59,53.0,-0.38,1.15,0.19,0.10000000000000142,52.9,0.57,52.9,52.6,44.48,34.1,13.0,,,,,,,,,,,,,,1.0,0.0,0.45,0.0,0.0,,,,,-0.0,-0.01,0.06,0.14,2.0,7.0,14.0,0.03,0.09,0.14,-0.0,0.02,0.06,-0.18,-0.04,0.19,-0.99,49.76099947821837
8940,新天地,觀光事業,1,-6.43,4.12,-0.66,0.0,15.05,0.0,0.0,,,,-0.33,11.03,154.49,15.55,0.33,0.0,0.0,0.40000000000000036,15.15,0.33,15.15,15.1,13.92,42.05,1.0,1.0,,,,,,,,,,,,,0.0,0.0,0.0,1.0,0.0,8.63,0.0,0.0,0.12,0.0,0.0,0.0,0.0,0.0,0.0,0.0,-0.01,0.01,0.03,0.0,0.0,-0.07,0.03,0.09,0.12,-0.38,56.606071437625964
8941,關中,貿易百貨,2,-6.83,3.9,0.0,-0.45,43.95,0.0,0.0,,,,0.34,12.0,12.13,45.4,0.11,0.0,-0.45,1.4499999999999957,43.95,0.34,43.95,43.8,3.13,5.0,-1.0,,,,,,,,,,,,,,0.0,0.0,0.0,2.0,0.01,,,,,0.0,0.0,0.0,0.0,0.0,0.0,0.0,0.01,0.01,0.01,0.0,0.0,0.0,0.01,0.01,-0.22,0.11,46.1445933748406
8942,森鉅,其他,2,-6.64,1.87,-1.59,-0.25,40.15,-27.0,-14.0,,,,-0.12,107.26,298.03,42.9,-0.25,-0.74,-0.25,2.1000000000000014,40.8,1.49,40.8,40.2,133.44,146.34,-44.0,,,,,,,,,,,,,,0.0,0.0,0.0,-1.0,-0.0,,,,,-0.01,0.0,0.0,0.0,0.0,0.0,0.0,-0.06,-0.09,-0.04,-0.05,-0.11,-0.13,-0.18,-0.44,-1.09,-0.17,26.652779272777906
8996,高力,電機機械,3,-30.63,49.53,3.3,0.31,1565.0,-298.0,-674.0,,,,-2.49,5416.45,8775.07,1665.0,-0.65,3.59,0.31,65.0,1600.0,-5.61,1515.0,1605.0,5083.16,4880.88,-597.0,-71.0,,,,,,,,,,,,,-25.0,-0.03,21.5,-76.0,-0.09,23.17,30.0,0.03,1.2,-0.75,0.5,0.62,-0.45,3.0,4.0,10.0,-2.17,-1.35,-4.56,-2.14,0.51,-1.02,0.0,63.5,182.0,362.13,62.69189025791773
9103,美德醫療-DR,存託憑證,1,-4.08,0.81,-0.6,0.4,4.94,28.0,-117.0,,,,-0.8,433.05,822.18,5.15,-0.6,-0.2,0.4,0.16999999999999993,4.98,-0.2,4.97,4.98,524.46,369.8,113.0,-191.0,,,,,,,,,,,,,0.0,0.0,0.0,-191.0,-0.09,2.0,-0.0,-0.0,4.86,-0.06,0.0,0.0,0.0,0.0,0.0,0.0,-0.04,0.0,-0.55,-0.1,-0.21,-0.61,-0.03,-0.03,-0.07,-0.19,35.23526634699246
9105,泰金寶-DR,存託憑證,2,-7.05,4.26,-1.05,-2.85,8.45,-1555.0,-431.0,,,,-0.94,10908.55,27003.45,8.93,1.2,2.73,-2.85,0.3699999999999992,8.56,0.12,8.54,8.53,22593.43,26440.44,-1835.0,-2521.0,,,,,,,,,,,,,0.0,0.0,0.0,-2469.0,-0.15,1.35,-52.0,-0.0,1.27,-0.03,0.0,0.0,0.0,0.0,0.0,0.0,-0.07,-0.28,-0.47,0.57,0.53,1.22,-0.03,0.01,-0.07,-0.01,47.6621168430848
9110,越南控-DR,存託憑證,2,-18.71,22.22,-3.25,10.74,2.98,0.0,0.0,,,,-0.33,7.03,83.01,3.1,-3.42,1.06,10.74,0.020000000000000018,3.08,3.01,3.08,2.99,13.0,8.01,0.0,0.0,,,,,,,,,,,,,0.0,0.0,0.0,0.0,0.0,0.05,0.0,0.0,0.0,0.0,0.0,0.0,0.0,0.0,0.0,0.0,0.0,0.0,0.0,0.0,0.0,0.0,0.07,0.08,0.04,-0.09,54.444246431984816
9136,巨騰-DR,存託憑證,1,-20.0,1.22,-0.11,-0.33,9.13,,,,,,-0.11,135.86,1524.53,11.3,0.0,-0.65,-0.33,2.1500000000000004,9.15,0.0,9.14,9.14,331.52,177.0,13.0,49.0,,,,,,,,,,,,,0.0,0.0,0.0,48.0,0.03,2.19,1.0,0.0,0.27,,0.0,0.0,0.0,0.0,0.0,0.0,-0.1,-0.16,-0.12,,,,-0.03,-0.23,-0.72,-1.9,20.92911601863237
9802,鈺齊-KY,其他,1,-13.7,3.81,-0.31,-0.15,64.8,-14.0,-19.0,,,,0.0,565.93,1994.74,73.0,-0.78,1.57,-0.15,7.599999999999994,65.4,0.31,65.0,64.8,372.96,489.03,-77.0,-18.0,,,,,,,,,,,,,-205.0,-0.11,0.18,187.0,0.1,43.98,-0.0,-0.0,0.42,-0.01,-0.2,-0.37,0.08,0.0,0.0,5.0,0.33,0.28,-0.99,-0.03,-0.27,-1.18,0.36,0.46,-1.85,-5.76,43.64854983596645
9902,台火,其他,1,-5.78,1.92,-0.75,-0.38,13.2,-3.0,-23.0,,,,0.0,158.79,244.9,13.85,-0.75,-1.14,-0.38,0.5499999999999989,13.3,0.76,13.3,13.2,106.72,65.22,9.0,4.0,,,,,,,,,,,,,0.0,0.0,0.02,3.0,0.0,1.31,1.0,0.0,0.28,-0.02,0.0,0.0,0.0,0.0,0.0,0.0,-0.01,0.01,-0.08,-0.04,-0.04,-0.09,0.01,-0.07,-0.19,-0.43,40.64074536042089
9904,寶成,其他,3,-4.19,3.75,0.0,0.6,24.85,340.0,-553.0,,,,-0.4,8975.72,19261.62,25.05,0.2,-0.6,0.6,0.15000000000000213,24.9,-0.4,24.85,24.95,8331.26,8192.79,-1601.0,-476.0,,,,,,,,,,,,,8.0,0.0,5.8,-715.0,-0.02,27.02,231.0,0.01,1.26,-0.02,0.0,0.33,0.36,4.0,9.0,17.0,0.09,-0.17,-1.18,0.14,0.2,-0.47,-0.04,0.06,0.24,0.39,55.40542103431912
9905,大華,其他,3,-2.78,2.15,0.47,0.71,21.4,5.0,0.0,,,,0.23,43.15,203.41,21.55,0.0,0.0,0.71,0.15000000000000213,21.4,-0.23,21.3,21.35,62.42,89.18,-14.0,-5.0,,,,,,,,,,,,,0.0,0.0,0.6,-5.0,-0.0,2.61,0.0,0.0,0.08,0.0,0.0,0.0,0.0,0.0,0.0,0.0,-0.02,-0.03,-0.03,0.0,-0.01,-0.01,0.13,0.14,0.08,0.27,67.0348009139078
9906,欣巴巴,建材營造,2,-17.92,12.66,2.03,-1.37,40.25,0.0,0.0,,,,2.03,37.22,341.32,43.8,-0.88,-0.76,-1.37,3.299999999999997,40.5,0.0,39.45,39.45,54.94,21.35,4.0,-1.0,,,,,,,,,,,,,0.0,0.0,0.0,-1.0,-0.0,0.92,0.0,0.0,0.2,0.0,0.0,0.0,0.0,0.0,0.0,0.0,-0.05,0.02,0.18,0.0,0.06,0.1,0.54,0.6,0.11,0.16,55.18896120428728
9907,統一實,其他,2,-5.77,2.04,-1.0,0.68,14.85,230.0,-13.0,,,,-0.34,677.78,2608.96,15.6,0.0,-1.01,0.68,0.5999999999999996,15.0,0.67,15.0,14.9,2608.96,1106.79,249.0,15.0,,,,,,,,,,,,,10.0,0.0,0.49,5.0,0.0,16.03,0.0,0.0,0.19,-0.0,-0.01,0.04,0.03,2.0,6.0,9.0,-0.08,-0.16,-0.09,-0.06,-0.12,-0.11,0.02,-0.03,-0.2,-0.24,42.2475299525097
9908,大台北,油電燃氣業,1,-2.36,0.35,0.0,0.17,28.95,-3.0,-10.0,,,,-0.17,67.49,281.5,29.6,0.0,-0.17,0.17,0.6000000000000014,29.0,-0.17,28.95,29.0,105.88,99.01,17.0,-13.0,,,,,,,,,,,,,0.0,0.0,0.0,-13.0,-0.0,2.03,0.0,0.0,0.22,-0.0,0.0,0.0,0.0,0.0,0.0,0.0,-0.02,-0.02,0.02,-0.0,-0.0,0.0,0.0,-0.03,-0.06,-0.2,44.134407943784296
9910,豐泰,其他,1,-8.31,2.82,-0.43,-0.43,68.8,-82.0,-30.0,,,,0.0,875.34,3761.72,73.4,-0.86,-0.43,-0.43,4.200000000000003,69.2,0.44,69.1,68.8,691.93,604.42,-35.0,517.0,,,,,,,,,,,,,212.0,0.02,4.4,304.0,0.03,5.88,1.0,0.0,0.36,-0.0,0.04,0.21,0.29,5.0,10.0,20.0,0.11,0.02,0.19,0.05,0.04,0.04,-0.42,-0.01,0.03,-0.02,49.03065205945052
9911,櫻花,其他,1,-1.69,0.62,-0.12,-0.37,81.5,-23.0,-25.0,,,,0.0,107.54,623.83,82.6,-0.12,0.25,-0.37,0.8999999999999915,81.7,0.12,81.6,81.5,196.24,180.21,-61.0,-8.0,,,,,,,,,,,,,0.0,0.0,0.2,-16.0,-0.01,18.27,8.0,0.0,0.21,-0.01,0.0,0.0,0.0,2.0,3.0,4.0,-0.02,-0.17,-0.53,-0.04,-0.18,-0.5,0.0,-0.03,-0.13,-0.89,44.33408341675981
9912,偉聯,電腦及週邊設備業,1,-7.06,3.6,0.39,1.55,12.95,0.0,0.0,,,,-1.15,12.18,142.01,13.45,0.0,0.39,1.55,0.5,12.95,-1.53,12.9,13.1,12.36,15.87,6.0,-2.0,,,,,,,,,,,,,0.0,0.0,0.0,-1.0,-0.0,20.02,-1.0,-0.0,0.2,0.0,0.0,0.0,0.0,0.0,0.0,0.0,0.02,0.05,0.05,0.0,0.0,0.07,-0.01,-0.04,0.02,0.14,48.20432201250109
9914,美利達,其他,1,-19.73,4.1,0.0,1.79,68.3,-185.0,-13.0,,,,0.0,789.78,5894.85,82.1,0.45,0.6,1.79,13.5,68.6,0.0,68.3,68.3,1913.12,1937.57,-104.0,31.0,,,,,,,,,,,,,0.0,0.0,0.0,23.0,0.01,24.91,8.0,0.0,0.39,-0.0,-0.08,-0.08,-0.15,0.0,1.0,2.0,-0.14,-0.6,-2.02,-0.36,-0.77,-2.26,0.94,0.89,-3.3,-9.77,38.514268706002085
9917,中保科,其他,1,-3.23,1.43,0.47,-0.47,106.5,-43.0,4.0,,,,0.95,204.76,727.44,108.5,-0.47,-0.47,-0.47,2.0,106.5,0.47,106.0,105.5,337.34,321.08,-58.0,42.0,,,,,,,,,,,,,0.0,0.0,2.49,36.0,0.01,41.23,6.0,0.0,1.81,0.0,0.0,-0.07,-0.07,2.0,3.0,8.0,-0.02,0.02,-0.05,-0.02,-0.05,-0.17,0.5,0.2,0.3,-1.29,52.71217061684075
9918,欣天然,油電燃氣業,2,-2.64,2.25,0.12,0.58,43.2,0.0,0.0,,,,0.12,11.93,41.51,43.5,0.0,-0.47,0.58,0.29999999999999716,43.2,0.0,43.15,43.15,14.68,12.14,4.0,0.0,,,,,,,,,,,,,0.0,0.0,0.0,0.0,0.0,2.76,0.0,0.0,0.06,0.0,0.0,0.0,0.0,0.0,0.0,0.0,0.01,0.01,0.01,0.0,0.0,0.0,0.35,0.23,0.11,0.11,57.34628338067911
9919,康那香,其他,1,-5.59,2.59,-0.36,1.47,13.8,11.0,-7.0,,,,-0.36,124.59,855.12,14.3,-1.07,-1.08,1.47,0.45000000000000107,13.85,0.0,13.85,13.85,725.13,171.6,62.0,14.0,,,,,,,,,,,,,0.0,0.0,0.0,15.0,0.01,4.8,-1.0,-0.0,2.82,-0.0,0.0,0.0,0.0,0.0,0.0,0.0,0.09,0.21,0.4,-0.26,-0.22,-0.06,-0.04,-0.11,-0.14,-0.14,40.389186285838235
9921,巨大,其他,2,-17.18,9.14,-1.4,-3.02,91.8,-173.0,-108.0,,,,-1.4,1035.5,5413.16,103.0,0.33,3.86,-3.02,9.900000000000006,93.1,0.0,93.1,93.1,1580.53,1131.06,-220.0,15.0,,,,,,,,,,,,,0.0,0.0,0.07,15.0,0.0,31.89,-0.0,-0.0,0.41,-0.03,0.0,-0.04,-0.04,0.0,0.0,0.0,0.22,0.38,-0.15,0.03,0.04,-0.59,-0.18,0.64,-1.68,-0.98,46.11238778689852
9924,福興,其他,1,-4.81,1.73,1.06,0.13,38.2,13.0,-2.0,,,,0.0,50.62,158.27,39.5,0.0,-0.13,0.13,1.25,38.25,-1.05,37.8,38.2,51.68,111.75,35.0,10.0,,,,,,,,,,,,,0.0,0.0,0.0,10.0,0.01,8.27,0.0,0.0,0.58,-0.0,0.0,0.0,0.0,0.0,0.0,0.0,0.01,-0.04,-0.17,-0.0,-0.02,-0.08,0.25,0.26,0.09,-0.61,59.017931351250034
9925,新保,其他,1,-1.75,1.02,0.0,0.13,39.55,-59.0,-18.0,,,,0.0,319.17,1318.39,40.05,-0.25,-0.5,0.13,0.3499999999999943,39.7,0.0,39.55,39.55,581.44,401.74,83.0,18.0,,,,,,,,,,,,,0.0,0.0,0.0,1.0,0.0,15.67,17.0,0.0,0.19,-0.0,0.0,0.0,0.0,0.0,0.0,0.0,-0.05,-0.2,-0.84,-0.06,-0.11,-0.67,-0.04,-0.03,-0.06,-0.6,46.034346723580455
9926,新海,油電燃氣業,1,-2.6,1.13,0.82,0.61,49.1,0.0,0.0,,,,0.0,9.0,34.61,50.0,-0.31,-0.2,0.61,0.8999999999999986,49.1,-0.81,48.7,49.1,12.06,19.67,6.0,3.0,,,,,,,,,,,,,0.0,0.0,0.0,3.0,0.0,0.76,0.0,0.0,0.05,0.0,0.0,0.0,0.0,0.0,0.0,0.0,0.0,0.0,0.02,0.0,0.0,0.0,0.11,-0.04,-0.12,-0.24,48.41505760087277
9927,泰銘,其他,1,-9.77,1.57,-1.08,0.0,64.0,-205.0,-247.0,,,,-8.7,748.44,863.83,70.6,-0.14,-0.43,0.0,5.8999999999999915,64.7,-7.7,64.7,70.1,448.41,863.83,-49.0,-299.0,,,,,,,,,,,,,0.0,0.0,0.0,-150.0,-0.09,4.25,-149.0,-0.09,0.79,-0.15,0.0,0.0,0.0,0.0,0.0,0.0,-0.29,-0.26,-0.34,-0.43,-0.44,-0.43,-4.9,-5.43,-5.57,-5.37,9.330990013412844
9928,中視,其他,2,-4.4,4.6,0.84,-0.84,18.05,0.0,4.0,,,,1.69,72.14,80.25,18.2,-0.28,1.42,-0.84,0.0,18.2,0.85,17.9,17.75,62.99,31.34,0.0,0.0,,,,,,,,,,,,,0.0,0.0,0.0,0.0,0.0,0.0,0.0,0.0,0.41,0.01,0.0,0.0,0.0,0.0,0.0,0.0,0.0,0.0,0.0,0.01,0.0,-0.04,0.3,0.34,0.31,0.0,70.6551032732703
9929,秋雨,其他,2,-10.0,4.69,-0.45,-0.45,11.1,0.0,0.0,,,,0.0,3.25,71.31,12.0,0.0,0.0,-0.45,0.8499999999999996,11.15,0.45,11.15,11.1,6.69,13.0,4.0,1.0,,,,,,,,,,,,,0.0,0.0,0.0,1.0,0.0,0.49,0.0,0.0,0.05,0.0,0.0,0.0,0.0,0.0,0.0,0.0,0.0,0.0,0.0,0.0,0.0,0.0,0.12,0.05,-0.03,-0.14,53.267959502970534
9930,中聯資源,其他,1,-6.26,0.5,0.17,0.17,60.2,-75.0,-11.0,,,,0.0,64.55,207.01,63.9,-0.66,-0.33,0.17,3.6999999999999957,60.2,-0.17,60.1,60.2,99.69,207.01,28.0,0.0,,,,,,,,,,,,,0.0,0.0,0.07,-1.0,-0.0,1.91,1.0,0.0,0.18,-0.0,0.0,0.0,0.0,0.0,0.0,0.0,0.01,-0.01,-0.05,-0.06,-0.14,-0.23,-0.16,-0.46,-1.3,-2.43,18.63766167660468
9931,欣高,油電燃氣業,3,-1.75,1.34,0.74,-0.29,34.1,0.0,0.0,,,,-0.29,5.12,45.0,34.3,-0.29,-0.3,-0.29,0.19999999999999574,34.1,-1.02,33.85,34.2,22.8,14.64,5.0,2.0,,,,,,,,,,,,,0.0,0.0,0.0,2.0,0.0,0.84,0.0,0.0,0.04,0.0,0.0,0.0,0.0,0.0,0.0,0.0,-0.01,0.0,0.04,0.0,0.0,0.0,0.16,0.12,0.09,0.22,56.36329373127431
9933,中鼎,其他,3,-10.22,8.67,2.59,0.49,41.65,-142.0,470.0,,,,2.33,3030.28,4303.61,43.05,-0.24,-1.59,0.49,1.0499999999999972,42.0,-0.25,40.6,40.7,1752.6,1377.64,-8.0,531.0,,,,,,,,,,,,,-835.0,-0.1,0.35,1407.0,0.18,22.75,-41.0,-0.01,0.37,0.06,-0.1,-0.11,0.01,2.0,4.0,11.0,0.04,0.07,0.0,-0.03,0.06,0.14,0.69,0.2,0.59,1.33,57.333006787027465
9934,成霖,其他,1,-12.74,1.95,0.0,0.3,9.86,-79.0,-30.0,,,,-0.1,302.57,3035.07,11.15,0.0,0.1,0.3,1.2300000000000004,9.92,-0.1,9.86,9.87,352.76,418.92,-127.0,-147.0,,,,,,,,,,,,,0.0,0.0,0.07,-147.0,-0.04,13.57,0.0,0.0,0.09,-0.01,0.0,0.0,0.0,0.0,0.0,0.0,-0.13,-0.33,-0.99,-0.04,-0.15,-0.9,0.01,0.02,-0.32,-0.82,30.84164565220979
9935,慶豐富,其他,1,-10.08,2.8,0.82,0.0,18.35,-1.0,6.0,,,,0.27,140.35,1824.5,19.85,-0.27,-0.27,0.0,1.5,18.35,-0.55,18.2,18.3,209.32,94.45,39.0,-17.0,,,,,,,,,,,,,1.0,0.0,0.39,-18.0,-0.01,6.17,0.0,0.0,0.12,0.0,-0.01,0.05,0.06,2.0,7.0,14.0,-0.04,-0.19,-0.83,-0.02,-0.02,-0.59,0.07,0.12,-0.3,-0.95,44.82456672107052
9937,全國,油電燃氣業,1,-3.41,1.3,0.55,0.74,54.5,1.0,0.0,,,,0.0,14.16,138.99,55.7,0.0,-0.18,0.74,1.2000000000000028,54.5,-0.55,54.2,54.5,30.47,22.0,9.0,9.0,,,,,,,,,,,,,0.0,0.0,0.0,6.0,0.0,1.85,3.0,0.0,0.06,0.0,0.0,0.0,0.0,0.0,0.0,0.0,0.0,0.0,0.01,0.0,0.0,0.0,0.2,0.21,-0.25,-0.66,50.45244676980766
9938,百和,其他,1,-9.7,2.52,0.78,0.0,38.55,-21.0,37.0,,,,0.78,533.52,2501.54,41.75,-0.78,0.39,0.0,3.1000000000000014,38.65,0.0,38.25,38.25,511.07,497.79,21.0,165.0,,,,,,,,,,,,,4.0,0.0,1.03,161.0,0.05,7.6,0.0,0.0,0.98,0.01,-0.01,0.09,0.02,2.0,7.0,12.0,0.05,-0.21,-0.65,-0.09,-0.49,-1.83,0.27,0.38,-0.46,-3.91,48.31625036594274
9939,宏全,其他,1,-6.79,2.02,-1.19,1.2,124.5,-27.0,-270.0,,,,-1.19,798.33,1255.26,132.5,-0.4,0.0,1.2,6.5,126.0,0.0,126.0,126.0,401.07,1079.09,179.0,-263.0,,,,,,,,,,,,,0.0,0.0,3.1,-261.0,-0.09,16.83,-2.0,-0.0,0.75,-0.09,-0.02,-0.02,-0.07,0.0,0.0,0.0,-0.05,-0.06,-0.62,-0.13,-0.23,-0.51,-0.4,-1.0,-2.67,-5.22,35.371174307558775
9940,信義,其他,1,-7.71,2.28,-0.25,0.25,20.05,-7.0,-2.0,,,,-0.25,150.93,1246.74,21.4,-1.23,-0.75,0.25,1.1999999999999993,20.2,0.0,20.1,20.1,417.81,192.09,-22.0,4.0,,,,,,,,,,,,,0.0,0.0,0.0,-24.0,-0.0,3.88,28.0,0.0,0.24,-0.0,0.0,0.0,0.0,0.0,0.0,0.0,0.04,-0.0,0.05,-0.03,-0.04,-0.05,-0.03,-0.18,-0.16,-0.33,43.25540316228159
9941,裕融,其他,1,-6.88,1.17,0.0,-0.64,77.9,-267.0,-305.0,,,,0.0,1273.52,1895.44,82.9,-0.63,-1.14,-0.64,4.800000000000011,78.1,0.0,77.9,77.9,1151.91,838.46,-245.0,-296.0,,,,,,,,,,,,,-353.0,-0.06,6.19,66.0,0.01,4.54,-9.0,-0.0,1.98,-0.06,-0.2,-0.14,-0.12,0.0,1.0,3.0,-0.02,-0.28,0.19,-0.24,-0.41,-0.24,-0.7,-1.52,-2.3,-4.5,21.335839953611938
9942,茂順,其他,1,-1.74,1.33,0.0,0.44,114.5,-1.0,-1.0,,,,0.0,22.54,115.96,115.0,0.0,-0.88,0.44,0.5,114.5,0.0,114.5,114.5,115.96,39.57,9.0,-5.0,,,,,,,,,,,,,0.0,0.0,0.03,-5.0,-0.01,4.48,0.0,0.0,0.33,-0.0,0.0,0.0,0.0,0.0,0.0,0.0,-0.03,-0.06,-0.11,-0.01,0.0,-0.04,0.5,0.3,0.45,-2.08,55.922270394535076
9943,好樂迪,觀光事業,1,-3.09,0.8,-0.2,0.2,50.4,0.0,-2.0,,,,0.0,18.14,110.58,51.7,0.0,-0.59,0.2,1.2000000000000028,50.5,0.2,50.5,50.4,80.61,68.89,0.0,-2.0,,,,,,,,,,,,,0.0,0.0,0.03,-2.0,-0.0,1.23,0.0,0.0,0.07,-0.0,0.0,0.0,0.0,0.0,0.0,0.0,-0.0,-0.04,0.05,-0.03,-0.05,-0.06,0.0,-0.08,-0.34,-1.21,41.720453543288286
9944,新麗,其他,1,-2.59,1.47,-0.29,0.58,17.15,0.0,0.0,,,,-0.29,26.9,54.9,17.4,0.58,-0.87,0.58,0.1999999999999993,17.2,0.0,17.2,17.2,32.75,29.62,9.0,-1.0,,,,,,,,,,,,,0.0,0.0,0.0,-1.0,-0.0,1.27,0.0,0.0,0.07,0.0,0.0,0.0,0.0,0.0,0.0,0.0,0.01,0.0,0.0,0.0,0.0,0.0,-0.02,-0.06,-0.08,-0.37,44.010045510789425
9945,潤泰新,其他,3,-9.21,6.88,-0.68,0.0,29.25,1393.0,-112.0,,,,-0.68,3828.69,13127.73,30.4,1.18,-2.84,0.0,0.8999999999999986,29.5,0.0,29.45,29.45,6393.45,4088.02,1856.0,154.0,,,,,,,,,,,,,693.0,0.02,0.15,-586.0,-0.02,8.56,47.0,0.0,0.3,-0.0,0.02,0.09,0.09,2.0,6.0,7.0,0.08,0.24,0.4,0.15,0.22,0.19,-0.19,0.11,0.64,1.51,55.46670392238632
9946,三發地產,建材營造,1,-9.04,2.41,0.0,-0.58,16.85,-1.0,-23.0,,,,-0.88,136.07,1087.96,18.25,-1.16,-1.46,-0.58,1.25,17.0,-0.88,16.85,17.0,232.37,181.25,86.0,6.0,,,,,,,,,,,,,0.0,0.0,0.23,6.0,0.0,3.14,0.0,0.0,0.09,-0.01,0.0,0.0,0.0,0.0,0.0,0.0,0.03,0.08,-0.01,-0.03,-0.03,-0.04,-0.17,-0.17,-0.22,-1.12,41.58584964360945
9949,琉園,文化創意業,1,-3.63,5.42,0.0,1.04,24.3,0.0,0.0,,,,0.0,8.73,117.33,24.8,0.0,1.04,1.04,0.5,24.3,0.0,24.3,24.3,9.49,67.6,1.0,,,,,,,,,,,,,,0.0,0.0,0.0,0.0,0.0,,,,,0.0,0.0,0.0,0.0,0.0,0.0,0.0,-0.02,-0.03,-0.07,0.0,0.0,0.0,0.13,0.21,0.22,0.08,64.68607230256401
9950,萬國通,塑膠工業,2,-5.14,1.98,-0.49,-4.67,10.25,0.0,0.0,,,,0.49,22.25,72.0,10.7,1.48,-0.49,-4.67,0.3999999999999986,10.3,0.98,10.3,10.2,12.1,23.0,-2.0,,,,,,,,,,,,,,0.0,0.0,0.0,-1.0,-0.0,,,,,0.0,0.0,0.0,0.0,0.0,0.0,0.0,-0.0,-0.0,-0.0,0.0,0.0,0.01,0.02,0.01,-0.02,-0.1,50.071937942827546
9951,皇田,電機機械,1,-14.63,0.64,0.0,-0.32,47.0,-11.0,-18.0,,,,0.0,64.44,216.53,54.7,-0.73,-1.15,-0.32,7.700000000000003,47.0,0.0,47.0,47.0,136.34,74.81,-54.0,,,,,,,,,,,,,,0.0,0.0,0.0,-4.0,-0.01,,,,,-0.02,0.0,0.0,0.0,0.0,0.0,0.0,-0.05,-0.18,-0.48,-0.14,-0.25,-0.45,-0.35,-0.77,-1.93,-4.83,12.031028168858398
9955,佳龍,其他,1,-10.2,5.91,0.43,0.65,23.1,-10.0,-14.0,,,,0.0,115.08,378.98,24.5,-0.86,-1.3,0.65,1.1999999999999993,23.3,-0.43,23.0,23.1,378.98,204.35,26.0,-27.0,,,,,,,,,,,,,0.0,0.0,0.0,-27.0,-0.03,2.86,0.0,0.0,0.53,-0.01,0.0,0.0,0.0,0.0,0.0,0.0,-0.06,-0.05,-0.11,-0.14,-0.19,-0.39,0.08,-0.14,-0.33,-0.99,42.14068742817195
9958,世紀鋼,鋼鐵工業,1,-7.13,7.22,-1.08,0.87,92.0,130.0,-201.0,,,,-1.08,871.63,5815.54,94.0,0.33,-0.11,0.87,0.4000000000000057,93.6,0.0,93.0,93.0,596.42,763.09,170.0,-239.0,,,,,,,,,,,,,0.0,0.0,0.62,-228.0,-0.1,10.37,-11.0,-0.0,0.68,-0.08,0.16,0.16,0.14,2.0,2.0,2.0,0.12,0.77,0.83,0.1,0.27,-0.13,-0.24,0.07,0.87,-9.58,49.64726124460582
9960,邁達康,貿易百貨,2,-30.75,41.31,-5.54,0.73,37.5,7.0,7.0,,,,-9.64,158.63,216.39,41.95,4.65,4.7,0.73,0.9000000000000057,41.05,-4.34,39.7,41.5,77.7,67.95,-13.0,,,,,,,,,,,,,,0.0,0.0,0.0,-9.0,-0.03,,,,,0.02,0.0,0.0,0.0,0.0,0.0,0.0,-0.1,-0.07,-0.09,0.26,0.33,0.41,-1.93,1.68,4.24,5.09,58.590850838898454
9962,有益,鋼鐵工業,3,-6.57,7.03,-0.96,1.47,10.35,7.0,2.0,,,,0.0,101.15,149.59,10.5,1.0,0.5,1.47,0.0,10.5,0.97,10.45,10.35,149.59,94.7,9.0,,,,,,,,,,,,,,0.0,0.0,0.0,2.0,0.0,,,,,0.0,0.0,0.0,0.0,0.0,0.0,0.0,0.02,0.02,0.01,0.02,0.02,0.02,0.16,0.26,0.24,0.3,78.56345937322922
