id,name,category,收盤價,漲跌幅,月增率%,年增率%,累計年增率%,投信持股比例,投信買賣超%,投信買賣超(張),投信5買%,投信10買%,投信20買%,投信5買N天,投信10買N天,投信20買N天,外資持股比例,外資買賣超(張),外資買賣超%,外資5買%,外資10買%,外資20買%,外資5買N天,外資10買N天,外資20買N天自營商買賣超(張),自營商買賣超%,自營商持股比例,主力買賣超(張),主力今日%,主力5買%,主力10買%,主力20買%,投信5賣N天,投信10賣N天,投信20賣N天,20漲跌幅,60漲跌幅
1101,台泥,水泥工業,26.3,3.95,,,,0.25,0.06,4828.0,0.06,0.08,0.1,2.0,6.0,15.0,13.37,52829.0,0.7,1.13,0.98,0.6,3.0,4.0,,0.01,2.77,,,,,,3.0,4.0,5.0,0.0,0.0
1102,亞泥,水泥工業,35.8,1.42,,,,5.64,0.0,74.0,0.0,0.07,0.27,5.0,10.0,19.0,14.13,2459.0,0.07,0.28,0.31,0.62,4.0,7.0,,0.01,8.34,,,,,,0.0,0.0,1.0,-0.42,-2.05
1103,嘉泥,水泥工業,13.2,1.54,,,,0.0,0.0,0.0,0.0,0.0,0.0,0.0,0.0,0.0,4.63,39.0,0.0,-0.05,-0.05,-0.07,1.0,2.0,,0.0,0.24,,,,,,0.0,0.0,0.0,-1.12,-4.0
1104,環泥,水泥工業,26.7,0.56,,,,0.03,0.0,0.0,0.0,0.0,0.0,2.0,5.0,7.0,14.27,0.0,0.0,-0.08,-0.19,-0.03,0.0,0.0,,-0.0,0.12,,,,,,0.0,0.0,0.0,-3.96,-3.96
1108,幸福,水泥工業,11.15,1.36,,,,0.0,0.0,0.0,0.0,0.0,0.0,0.0,0.0,0.0,1.29,72.0,0.02,-0.0,0.05,-0.08,1.0,3.0,,0.0,0.06,,,,,,0.0,0.0,0.0,-4.7,-20.92
1109,信大,水泥工業,13.35,0.38,,,,0.0,0.0,0.0,0.0,0.0,0.0,0.0,0.0,0.0,2.32,-26.0,-0.01,-0.03,-0.06,-0.07,2.0,5.0,,0.0,0.36,,,,,,0.0,0.0,0.0,-1.48,-9.8
1110,東泥,水泥工業,14.65,2.09,,,,0.0,0.0,0.0,0.0,0.0,0.0,0.0,0.0,0.0,6.05,12.0,0.0,-0.02,-0.06,-0.07,1.0,1.0,,0.0,0.03,,,,,,0.0,0.0,0.0,-10.12,-11.75
1201,味全,食品工業,11.65,1.3,,,,0.0,0.0,0.0,0.0,0.0,0.0,0.0,0.0,0.0,3.3,2.0,0.0,-0.05,-1.44,-1.65,3.0,5.0,,-0.0,0.58,,,,,,0.0,0.0,0.0,-4.9,-8.27
1203,味王,食品工業,43.7,0.92,,,,0.0,0.0,0.0,0.0,0.0,0.0,0.0,0.0,0.0,1.85,14.0,0.01,0.0,-0.01,-0.01,1.0,3.0,,0.0,0.06,,,,,,0.0,0.0,0.0,-4.9,-12.51
1210,大成,食品工業,52.0,0.78,,,,7.15,-0.0,-1.0,-0.0,-0.02,-0.01,2.0,4.0,7.0,7.62,-181.0,-0.02,-0.15,-0.19,-0.05,0.0,2.0,,-0.0,0.6,,,,,,1.0,2.0,5.0,-1.33,-11.56
1213,大飲,食品工業,7.47,2.47,,,,0.0,0.0,0.0,0.0,0.0,0.0,0.0,0.0,0.0,0.02,-1.0,-0.0,-0.0,-0.0,-0.0,0.0,0.0,,0.0,0.0,,,,,,0.0,0.0,0.0,-2.99,-5.44
1215,卜蜂,食品工業,105.0,-0.47,,,,4.66,0.0,0.0,0.0,-0.01,0.14,0.0,0.0,2.0,35.99,-155.0,-0.05,-0.58,-0.88,-0.99,1.0,3.0,,-0.0,0.19,,,,,,0.0,2.0,4.0,-5.41,-7.49
1216,統一,食品工業,74.2,0.41,,,,13.58,-0.0,-12.0,-0.0,-0.02,-0.04,3.0,6.0,8.0,34.15,-13.0,-0.0,-0.03,-0.03,0.21,1.0,4.0,,0.01,1.42,,,,,,2.0,4.0,12.0,-3.26,-7.6
1217,愛之味,食品工業,9.95,0.51,,,,0.0,0.0,0.0,0.0,0.0,0.0,0.0,0.0,0.0,8.9,13.0,0.0,0.05,0.13,0.26,5.0,8.0,,-0.0,0.22,,,,,,0.0,0.0,0.0,-0.5,-2.45
1218,泰山,食品工業,14.6,1.04,,,,0.0,0.0,0.0,0.0,0.0,0.0,0.0,0.0,0.0,2.99,284.0,0.06,0.12,0.11,0.24,4.0,6.0,,0.0,0.62,,,,,,0.0,0.0,0.0,-0.68,-15.85
1219,福壽,食品工業,11.45,0.88,,,,0.0,0.0,0.0,0.0,0.0,0.0,0.0,0.0,0.0,6.21,71.0,0.02,0.04,0.08,0.11,5.0,8.0,,0.0,0.1,,,,,,0.0,0.0,0.0,-2.55,-7.66
1220,台榮,食品工業,10.85,0.93,,,,0.0,0.0,0.0,0.0,0.0,0.0,0.0,0.0,0.0,7.09,14.0,0.01,0.0,0.04,0.07,3.0,7.0,,0.0,0.06,,,,,,0.0,0.0,0.0,-1.36,-8.44
1225,福懋油,食品工業,24.55,0.61,,,,0.0,0.0,0.0,0.0,0.0,0.0,0.0,0.0,0.0,1.25,13.0,0.01,-0.0,0.0,0.03,2.0,4.0,,0.0,0.09,,,,,,0.0,0.0,0.0,-3.16,-14.31
1227,佳格,食品工業,28.1,0.36,,,,0.0,0.0,0.0,0.0,-0.01,-0.01,0.0,0.0,2.0,6.79,-113.0,-0.01,-0.09,-0.13,-0.31,2.0,3.0,,0.0,0.24,,,,,,0.0,2.0,4.0,-1.75,-8.32
1229,聯華,食品工業,39.9,0.88,,,,0.2,0.0,0.0,0.0,0.01,0.12,2.0,4.0,11.0,10.45,837.0,0.05,-0.1,-0.17,-0.16,3.0,5.0,,0.0,0.22,,,,,,1.0,3.0,5.0,-5.23,-8.8
1231,聯華食,食品工業,79.6,0.0,,,,0.0,0.0,0.0,0.0,-0.03,-0.03,0.0,0.0,0.0,3.72,-51.0,-0.02,-0.01,-0.05,-0.15,2.0,4.0,,0.0,0.06,,,,,,0.0,2.0,4.0,-1.73,-13.67
1232,大統益,食品工業,153.5,-0.32,,,,0.01,0.0,0.0,0.0,-0.01,-0.01,0.0,0.0,0.0,2.83,-14.0,-0.01,-0.01,0.01,0.06,1.0,3.0,,0.0,0.22,,,,,,0.0,2.0,3.0,-2.54,-8.9
1233,天仁,食品工業,28.1,1.81,,,,0.0,0.0,0.0,0.0,0.0,0.0,0.0,0.0,0.0,5.51,-3.0,-0.0,-0.02,-0.01,-0.03,0.0,4.0,,-0.0,0.04,,,,,,0.0,0.0,0.0,-0.88,-3.77
1234,黑松,食品工業,33.0,0.3,,,,0.0,0.0,0.0,0.0,0.0,0.0,0.0,0.0,0.0,5.03,11.0,0.0,-0.02,-0.02,0.04,1.0,4.0,,0.0,0.11,,,,,,0.0,0.0,0.0,-1.35,-3.37
1235,興泰,食品工業,33.15,0.91,,,,0.0,0.0,0.0,0.0,0.0,0.0,0.0,0.0,0.0,0.45,3.0,0.0,-0.02,-0.03,-0.02,2.0,5.0,,0.0,0.04,,,,,,0.0,0.0,0.0,-19.44,-19.44
1236,宏亞,食品工業,25.45,0.39,,,,1.91,0.0,0.0,0.0,0.0,0.0,0.0,0.0,0.0,0.73,-2.0,-0.0,-0.03,-0.03,0.03,1.0,4.0,,0.0,0.46,,,,,,0.0,0.0,0.0,-3.05,-3.23
1240,茂生農經,農業科技,54.3,0.93,,,,0.0,0.0,0.0,0.0,0.0,0.0,0.0,0.0,0.0,4.32,0.0,0.0,-0.01,-0.02,-0.02,1.0,1.0,,-0.0,0.01,,,,,,0.0,0.0,0.0,-6.38,-7.18
1256,鮮活果汁-KY,食品工業,168.0,-0.3,,,,0.0,0.0,0.0,0.0,0.0,0.0,0.0,0.0,0.0,4.35,2.0,0.01,-0.08,-0.13,-0.46,2.0,3.0,,-0.0,0.06,,,,,,0.0,0.0,0.0,-5.62,-15.79
1258,其祥-KY,食品工業,,,,,,,,,,,,,,,,,,,,,,,,,,,,,,,,,,,
1259,安心,觀光事業,68.1,0.15,,,,0.0,0.0,0.0,0.0,0.0,0.0,0.0,0.0,0.0,26.27,-1.0,-0.0,0.02,-0.01,0.0,1.0,1.0,,0.01,0.01,,,,,,0.0,0.0,0.0,0.0,0.0
1264,德麥,食品工業,245.0,0.41,,,,0.0,0.0,0.0,0.0,0.0,0.0,0.0,0.0,0.0,1.82,10.0,0.03,0.05,-0.0,-0.12,3.0,5.0,,0.0,0.31,,,,,,0.0,0.0,0.0,-3.16,-9.93
1268,漢來美食,觀光事業,175.0,-0.28,,,,0.0,0.0,0.0,0.0,0.0,0.0,0.0,0.0,0.0,1.9,4.0,0.01,0.04,0.07,-0.4,4.0,7.0,,0.0,0.0,,,,,,0.0,0.0,0.0,-4.11,-5.41
1301,台塑,塑膠工業,68.1,5.42,,,,0.05,0.01,486.0,0.01,0.01,-0.02,1.0,1.0,1.0,34.95,29049.0,0.46,0.38,0.35,0.81,3.0,5.0,,0.02,1.17,,,,,,0.0,2.0,6.0,0.0,0.0
1303,南亞,塑膠工業,255.5,3.44,,,,6.91,0.08,6195.0,0.04,0.41,0.7,3.0,8.0,17.0,30.43,2374.0,0.03,0.21,-0.26,-0.72,3.0,4.0,,0.01,2.49,,,,,,2.0,2.0,3.0,0.0,0.0
1304,台聚,塑膠工業,12.65,2.85,,,,0.0,0.0,0.0,0.0,0.0,0.0,0.0,0.0,0.0,29.03,2044.0,0.17,0.19,0.34,0.52,4.0,7.0,,0.0,0.36,,,,,,0.0,0.0,0.0,-1.17,-18.39
1305,華夏,塑膠工業,12.35,2.07,,,,0.0,0.0,0.0,0.0,0.0,0.0,0.0,0.0,0.0,4.28,1199.0,0.21,0.34,0.4,0.36,5.0,8.0,,-0.01,0.14,,,,,,0.0,0.0,0.0,-1.98,-16.84
1307,三芳,塑膠工業,31.5,2.11,,,,0.31,-0.0,-5.0,-0.0,-0.0,-0.0,1.0,1.0,1.0,7.06,226.0,0.06,0.07,0.07,0.0,3.0,5.0,,0.0,0.34,,,,,,2.0,3.0,7.0,0.0,-12.01
1308,亞聚,塑膠工業,14.45,2.48,,,,0.0,0.0,0.0,0.0,0.0,0.0,0.0,0.0,0.0,5.51,779.0,0.13,0.17,0.28,0.45,4.0,7.0,,-0.0,0.37,,,,,,0.0,0.0,0.0,-2.36,-8.83
1309,台達化,塑膠工業,13.95,2.2,,,,0.0,0.0,0.0,0.0,0.0,0.0,0.0,0.0,0.0,3.47,910.0,0.23,0.24,0.59,0.84,3.0,7.0,,-0.0,0.37,,,,,,0.0,0.0,0.0,-1.76,-16.47
1310,台苯,塑膠工業,9.25,3.93,,,,0.0,0.0,0.0,0.0,0.0,0.0,0.0,0.0,0.0,6.95,3896.0,0.74,0.92,1.3,1.69,3.0,6.0,,-0.0,0.45,,,,,,0.0,0.0,0.0,0.0,-21.61
1312,國喬,塑膠工業,15.0,3.81,,,,0.0,0.0,0.0,0.0,0.0,0.0,0.0,0.0,0.0,6.31,8891.0,0.8,1.13,1.73,1.4,4.0,7.0,,-0.01,7.94,,,,,,0.0,0.0,0.0,-4.15,-4.15
1313,聯成,塑膠工業,12.3,2.07,,,,0.0,0.0,0.0,0.0,0.0,0.0,0.0,0.0,0.0,7.14,1159.0,0.08,0.03,0.29,0.33,2.0,5.0,,0.0,0.16,,,,,,0.0,0.0,0.0,0.0,-13.99
1314,中石化,塑膠工業,9.0,2.97,,,,0.0,0.0,0.0,0.0,0.0,0.0,0.0,0.0,0.0,11.25,41405.0,1.09,0.05,1.23,1.46,2.0,6.0,,0.03,0.37,,,,,,0.0,0.0,0.0,-1.96,-13.46
1315,達新,塑膠工業,68.8,1.03,,,,0.02,0.0,0.0,0.0,0.0,0.0,0.0,0.0,0.0,1.29,2.0,0.0,-0.01,0.02,0.05,2.0,5.0,,0.0,0.1,,,,,,0.0,0.0,0.0,0.0,0.0
1316,上曜,建材營造,10.7,2.39,,,,0.0,0.0,0.0,0.0,0.0,0.0,0.0,0.0,0.0,5.49,712.0,0.25,0.12,-0.01,-0.04,2.0,4.0,,0.0,0.01,,,,,,0.0,0.0,0.0,-4.46,-8.94
1319,東陽,汽車工業,77.9,0.13,,,,6.54,-0.0,-2.0,0.03,0.02,-0.01,2.0,3.0,4.0,11.66,194.0,0.03,-0.07,0.12,0.15,2.0,6.0,,0.0,1.35,,,,,,2.0,6.0,14.0,-6.37,-7.15
1321,大洋,塑膠工業,32.4,0.15,,,,0.0,0.0,0.0,0.0,0.0,0.0,0.0,0.0,0.0,6.87,14.0,0.01,-0.02,-0.0,0.01,1.0,3.0,,0.0,0.15,,,,,,0.0,0.0,0.0,-1.07,-4.0
1323,永裕,塑膠工業,21.45,1.18,,,,0.0,0.0,0.0,0.0,0.0,0.0,0.0,0.0,0.0,1.43,9.0,0.01,-0.01,-0.04,0.05,1.0,3.0,,0.0,0.08,,,,,,0.0,0.0,0.0,-1.15,-1.15
1324,地球,塑膠工業,9.99,0.1,,,,0.0,0.0,0.0,0.0,0.0,0.0,0.0,0.0,0.0,0.98,0.0,0.0,-0.03,-0.03,-0.01,0.0,1.0,,0.0,0.05,,,,,,0.0,0.0,0.0,-2.54,-7.93
1325,恆大,塑膠工業,25.9,1.37,,,,0.0,0.0,0.0,0.0,0.0,0.0,0.0,0.0,0.0,2.06,95.0,0.11,0.11,0.38,0.84,3.0,8.0,,0.0,5.71,,,,,,0.0,0.0,0.0,-1.89,-8.32
1326,台化,塑膠工業,69.7,3.26,,,,0.15,0.0,0.0,0.0,0.01,-0.01,0.0,2.0,5.0,38.79,8739.0,0.15,0.1,0.0,0.88,2.0,3.0,,0.01,0.92,,,,,,0.0,0.0,4.0,-6.19,-6.19
1336,台翰,電子零組件業,17.35,3.27,,,,0.0,0.0,0.0,0.0,0.0,0.0,0.0,0.0,0.0,4.7,159.0,0.2,0.26,0.51,0.76,4.0,8.0,,0.11,0.11,,,,,,0.0,0.0,0.0,0.0,-3.61
1337,再生-KY,塑膠工業,4.47,0.9,,,,0.0,0.0,0.0,0.0,0.0,0.0,0.0,0.0,0.0,25.2,81.0,0.03,0.02,0.02,-0.17,3.0,6.0,,0.0,0.12,,,,,,0.0,0.0,0.0,-3.04,-20.32
1338,廣華-KY,汽車工業,15.6,5.76,,,,0.0,0.0,0.0,0.0,0.0,0.0,0.0,0.0,0.0,6.01,33.0,0.04,-0.11,-0.24,-0.21,1.0,4.0,,-0.0,0.19,,,,,,0.0,0.0,0.0,0.0,-11.61
1339,昭輝,汽車工業,42.35,0.12,,,,0.0,0.0,0.0,0.0,0.0,0.0,0.0,0.0,0.0,1.52,12.0,0.02,0.1,0.17,0.08,2.0,5.0,,-0.01,0.23,,,,,,0.0,0.0,0.0,-2.53,-8.63
1340,勝悅-KY,塑膠工業,5.24,0.58,,,,0.0,0.0,0.0,0.0,0.0,0.0,0.0,0.0,0.0,26.15,115.0,0.08,0.11,0.18,0.31,5.0,8.0,,0.0,0.29,,,,,,0.0,0.0,0.0,-0.19,-10.27
1341,富林-KY,塑膠工業,59.9,,,,,0.0,0.0,0.0,0.0,0.0,0.0,0.0,0.0,0.0,81.83,2.0,0.0,0.0,0.0,0.01,1.0,2.0,,0.0,0.04,,,,,,0.0,0.0,0.0,-0.17,-1.32
1342,八貫,其他,100.0,-0.99,,,,0.14,-0.0,-1.0,-0.0,-0.0,-0.0,0.0,0.0,0.0,34.7,-52.0,-0.07,0.06,0.06,-0.52,3.0,6.0,,0.0,0.61,,,,,,1.0,1.0,2.0,-3.38,-14.89
1402,遠東新,紡織纖維,28.25,1.8,,,,7.11,0.02,1084.0,0.02,-0.17,-0.29,5.0,5.0,8.0,17.42,1156.0,0.02,-0.01,0.06,0.24,3.0,6.0,,0.0,2.13,,,,,,0.0,5.0,12.0,-3.91,-6.92
1409,新纖,紡織纖維,24.9,2.26,,,,0.18,-0.0,-1.0,-0.0,-0.01,0.01,2.0,3.0,6.0,9.49,4113.0,0.25,0.17,0.24,-1.36,3.0,5.0,,-0.01,0.37,,,,,,1.0,3.0,6.0,-7.26,-19.68
1410,南染,紡織纖維,24.1,0.0,,,,0.0,0.0,0.0,0.0,0.0,0.0,0.0,0.0,0.0,18.73,-5.0,-0.01,-0.02,-0.04,-0.03,0.0,2.0,,0.0,0.04,,,,,,0.0,0.0,0.0,-3.21,-12.68
1413,宏洲,紡織纖維,9.22,1.54,,,,0.0,0.0,0.0,0.0,0.0,0.0,0.0,0.0,0.0,0.65,-10.0,-0.01,-0.01,-0.0,-0.01,0.0,1.0,,0.0,0.03,,,,,,0.0,0.0,0.0,-3.15,-16.18
1414,東和,紡織纖維,17.65,0.86,,,,0.01,0.0,0.0,0.0,0.0,0.0,0.0,0.0,0.0,1.45,26.0,0.01,0.01,-0.01,-0.1,3.0,6.0,,-0.0,0.79,,,,,,0.0,0.0,0.0,-6.61,-13.9
1416,廣豐,其他,11.45,0.88,,,,0.0,0.0,0.0,0.0,0.0,0.0,0.0,0.0,0.0,6.59,-9.0,-0.0,-0.13,-0.25,-0.38,0.0,0.0,,0.0,0.09,,,,,,0.0,0.0,0.0,-2.55,-4.98
1417,嘉裕,紡織纖維,8.14,1.24,,,,0.0,0.0,0.0,0.0,0.0,0.0,0.0,0.0,0.0,1.01,3.0,0.0,-0.16,-0.28,-0.37,2.0,2.0,,0.0,0.07,,,,,,0.0,0.0,0.0,-2.05,-10.75
1418,東華,紡織纖維,18.35,0.27,,,,0.0,0.0,0.0,0.0,0.0,0.0,0.0,0.0,0.0,1.3,17.0,0.04,0.07,0.08,0.07,3.0,6.0,,0.0,0.03,,,,,,0.0,0.0,0.0,0.0,-4.68
1419,新紡,紡織纖維,66.1,0.76,,,,0.03,0.0,0.0,0.0,-0.03,-0.07,0.0,0.0,0.0,1.35,9.0,0.0,-0.02,-0.01,0.02,2.0,4.0,,-0.0,0.19,,,,,,0.0,2.0,5.0,-3.22,-5.71
1423,利華,紡織纖維,36.0,4.8,,,,0.0,0.0,0.0,0.0,0.0,0.0,0.0,0.0,0.0,1.27,8.0,0.01,0.02,0.04,0.05,3.0,5.0,,0.0,0.08,,,,,,0.0,0.0,0.0,0.0,-2.96
1432,大魯閣,貿易百貨,15.0,0.33,,,,0.0,0.0,0.0,0.0,0.0,0.0,0.0,0.0,0.0,0.72,14.0,0.02,0.03,0.04,0.14,3.0,6.0,,0.0,0.01,,,,,,0.0,0.0,0.0,-0.33,-1.96
1434,福懋,紡織纖維,18.15,0.83,,,,0.0,0.0,0.0,0.0,0.0,0.0,1.0,2.0,4.0,8.62,615.0,0.04,0.07,0.17,0.2,3.0,6.0,,0.0,2.86,,,,,,0.0,2.0,5.0,-1.09,-7.16
1435,中福,其他,22.4,2.99,,,,0.0,0.0,0.0,0.0,0.0,0.0,0.0,0.0,0.0,0.29,4.0,0.0,0.0,0.01,0.05,2.0,4.0,,0.0,0.01,,,,,,0.0,0.0,0.0,-4.07,-24.71
1436,華友聯,建材營造,35.7,0.56,,,,0.0,0.0,0.0,0.0,0.0,0.0,0.0,0.0,0.0,12.31,-54.0,-0.06,-0.11,-0.03,0.13,2.0,5.0,,0.0,0.02,,,,,,0.0,0.0,0.0,-7.75,-22.39
1437,勤益控,其他,31.85,0.0,,,,0.0,0.0,0.0,0.0,0.0,0.0,0.0,0.0,0.0,8.74,-46.0,-0.02,-0.07,-0.07,-0.01,1.0,3.0,,0.0,0.07,,,,,,0.0,0.0,0.0,-3.78,-3.78
1438,三地開發,建材營造,21.15,0.0,,,,0.0,0.0,0.0,0.0,0.0,0.0,0.0,0.0,0.0,0.77,7.0,0.01,-0.03,-0.01,0.05,2.0,4.0,,-0.0,0.04,,,,,,0.0,0.0,0.0,-9.23,-9.23
1439,中和,紡織纖維,28.9,2.66,,,,0.0,0.0,0.0,0.0,0.0,0.0,0.0,0.0,0.0,1.4,0.0,0.0,0.0,-0.01,0.01,0.0,2.0,,0.0,0.16,,,,,,0.0,0.0,0.0,-2.03,-2.53
1440,南紡,紡織纖維,13.65,2.63,,,,0.0,0.0,0.0,0.0,-0.03,-0.03,0.0,0.0,2.0,7.87,747.0,0.05,0.04,0.07,0.15,2.0,4.0,,0.0,0.37,,,,,,0.0,2.0,3.0,-3.87,-6.51
1441,大東,紡織纖維,10.0,-1.48,,,,0.0,0.0,0.0,0.0,0.0,0.0,0.0,0.0,0.0,1.43,-6.0,-0.01,-0.01,-0.02,-0.02,0.0,0.0,,0.0,0.04,,,,,,0.0,0.0,0.0,-1.48,-1.48
1442,名軒,建材營造,27.2,1.12,,,,0.0,0.0,0.0,0.0,0.0,0.0,0.0,0.0,0.0,8.35,95.0,0.03,-0.18,-0.18,-0.04,3.0,6.0,,-0.02,0.15,,,,,,0.0,0.0,0.0,-13.92,-13.92
1443,立益,其他,23.45,1.96,,,,0.0,0.0,0.0,0.0,0.0,0.0,0.0,0.0,0.0,0.4,8.0,0.01,0.01,0.01,0.01,2.0,5.0,,0.0,0.03,,,,,,0.0,0.0,0.0,-1.68,-13.31
1444,力麗,紡織纖維,7.12,2.59,,,,0.22,-0.0,-14.0,-0.0,-0.0,-0.0,0.0,0.0,0.0,5.35,1545.0,0.16,0.19,0.09,-0.25,4.0,6.0,,-0.02,0.19,,,,,,1.0,1.0,3.0,-1.11,-28.44
1445,大宇,紡織纖維,10.1,1.0,,,,0.02,0.0,0.0,0.0,0.0,0.0,0.0,0.0,0.0,3.48,2.0,0.0,-0.02,0.04,0.18,2.0,6.0,,0.0,0.14,,,,,,0.0,0.0,0.0,-2.88,-19.84
1446,宏和,紡織纖維,13.4,0.37,,,,0.0,0.0,0.0,0.0,0.0,0.0,0.0,0.0,0.0,5.62,18.0,0.01,-0.04,-0.19,-0.27,1.0,2.0,,0.0,0.08,,,,,,0.0,0.0,0.0,-3.25,-24.29
1447,力鵬,紡織纖維,6.77,4.15,,,,0.18,-0.0,-10.0,-0.0,-0.0,-0.0,0.0,0.0,0.0,3.1,100.0,0.01,0.01,-0.02,-0.03,3.0,5.0,,0.0,0.11,,,,,,1.0,1.0,3.0,-1.88,-32.23
1449,佳和,紡織纖維,12.5,1.21,,,,0.0,0.0,0.0,0.0,0.0,0.0,0.0,0.0,0.0,10.2,81.0,0.1,0.41,0.66,1.15,4.0,7.0,,0.0,16.72,,,,,,0.0,0.0,0.0,-0.4,-15.25
1451,年興,紡織纖維,17.0,0.59,,,,0.0,0.0,0.0,0.0,0.0,0.0,0.0,0.0,0.0,5.21,2.0,0.0,-0.04,-0.07,-0.09,2.0,3.0,,0.0,0.71,,,,,,0.0,0.0,0.0,-1.73,-4.23
1452,宏益,紡織纖維,10.8,0.93,,,,0.0,0.0,0.0,0.0,0.0,0.0,0.0,0.0,0.0,1.56,1.0,0.0,-0.03,-0.08,-0.11,1.0,1.0,,0.0,0.26,,,,,,0.0,0.0,0.0,-5.26,-9.62
1453,大將,建材營造,10.9,0.93,,,,0.0,0.0,0.0,0.0,0.0,0.0,0.0,0.0,0.0,0.75,1.0,0.0,0.0,-0.02,-0.02,1.0,1.0,,0.0,0.29,,,,,,0.0,0.0,0.0,-2.24,-6.84
1454,台富,紡織纖維,12.2,0.41,,,,0.0,0.0,0.0,0.0,0.0,0.0,0.0,0.0,0.0,0.51,7.0,0.01,-0.0,-0.0,0.01,2.0,5.0,,0.0,0.06,,,,,,0.0,0.0,0.0,-5.06,-6.87
1455,集盛,紡織纖維,9.94,2.69,,,,0.0,0.0,0.0,0.0,0.0,0.0,0.0,0.0,0.0,3.59,441.0,0.08,0.06,0.08,0.22,4.0,6.0,,0.0,0.76,,,,,,0.0,0.0,0.0,-3.02,-9.64
1456,怡華,建材營造,14.65,0.34,,,,0.0,0.0,0.0,0.0,0.0,0.0,0.0,0.0,0.0,0.76,9.0,0.01,0.01,0.02,0.07,2.0,4.0,,-0.0,13.21,,,,,,0.0,0.0,0.0,-0.34,-0.34
1457,宜進,紡織纖維,14.4,0.7,,,,0.0,0.0,0.0,0.0,0.0,0.0,0.0,0.0,0.0,1.83,26.0,0.01,-0.01,-0.05,-0.09,2.0,2.0,,0.0,0.07,,,,,,0.0,0.0,0.0,-1.03,-2.04
1459,聯發,紡織纖維,16.7,4.37,,,,0.0,0.0,0.0,0.0,0.0,0.0,0.0,0.0,0.0,1.54,104.0,0.03,0.03,0.02,0.06,3.0,7.0,,-0.0,0.06,,,,,,0.0,0.0,0.0,0.0,0.0
1460,宏遠,紡織纖維,6.26,0.32,,,,0.0,0.0,0.0,0.0,0.0,0.0,0.0,0.0,0.0,1.89,118.0,0.02,0.0,-0.01,-0.01,1.0,4.0,,0.0,0.01,,,,,,0.0,0.0,0.0,-5.3,-27.04
1463,強盛,紡織纖維,17.5,-0.28,,,,0.0,0.0,0.0,0.0,0.0,0.0,0.0,0.0,0.0,12.32,0.0,0.0,0.03,0.22,0.32,2.0,7.0,,0.0,0.06,,,,,,0.0,0.0,0.0,-1.41,-3.31
1464,得力,紡織纖維,9.98,0.4,,,,0.0,0.0,0.0,0.0,0.0,0.0,0.0,0.0,0.0,1.97,-81.0,-0.02,-0.04,-0.15,-0.14,1.0,2.0,,0.0,0.07,,,,,,0.0,0.0,0.0,-1.19,-10.09
1465,偉全,紡織纖維,11.65,0.87,,,,0.0,0.0,0.0,0.0,0.0,0.0,0.0,0.0,0.0,0.65,-3.0,-0.0,-0.04,0.03,-0.1,0.0,3.0,,0.0,0.05,,,,,,0.0,0.0,0.0,-5.67,-14.65
1466,聚隆,紡織纖維,14.85,0.0,,,,0.0,0.0,0.0,0.0,0.0,0.0,0.0,0.0,0.0,0.9,13.0,0.01,0.07,0.12,0.02,4.0,6.0,,-0.0,0.28,,,,,,0.0,0.0,0.0,-7.76,-20.59
1467,南緯,紡織纖維,8.03,0.0,,,,0.0,0.0,0.0,0.0,0.0,0.0,0.0,0.0,0.0,26.92,-21.0,-0.01,0.08,0.1,0.02,2.0,5.0,,-0.0,0.2,,,,,,0.0,0.0,0.0,-3.25,-23.52
1468,昶和,紡織纖維,13.5,2.66,,,,0.0,0.0,0.0,0.0,0.0,0.0,0.0,0.0,0.0,2.16,11.0,0.01,0.0,0.01,0.02,3.0,5.0,,-0.0,0.01,,,,,,0.0,0.0,0.0,0.0,-9.7
1470,大統新創,紡織纖維,24.15,2.99,,,,0.0,0.0,0.0,0.0,0.0,0.0,0.0,0.0,0.0,0.43,-2.0,-0.0,-0.0,0.01,0.03,0.0,4.0,,0.0,0.06,,,,,,0.0,0.0,0.0,-2.82,-2.82
1471,首利,電子零組件業,9.46,1.72,,,,0.0,0.0,0.0,0.0,0.0,0.0,0.0,0.0,0.0,0.8,60.0,0.04,0.01,-0.03,0.05,1.0,4.0,,0.0,0.06,,,,,,0.0,0.0,0.0,-4.83,-14.77
1472,三洋實業,紡織纖維,88.8,0.79,,,,0.0,0.0,0.0,0.0,0.0,0.0,0.0,0.0,0.0,1.97,9.0,0.04,0.06,0.06,0.14,3.0,5.0,,-0.05,0.0,,,,,,0.0,0.0,0.0,-1.88,-1.88
1473,台南,紡織纖維,19.25,-0.26,,,,0.0,0.0,0.0,0.0,0.0,0.0,0.0,0.0,0.0,4.92,-49.0,-0.03,-0.19,-0.26,-0.21,0.0,1.0,,0.0,0.16,,,,,,0.0,0.0,0.0,-4.47,-7.45
1474,弘裕,紡織纖維,10.05,0.0,,,,0.0,0.0,0.0,0.0,0.0,0.0,0.0,0.0,0.0,0.55,5.0,0.0,-0.04,-0.1,-0.1,1.0,1.0,,0.0,0.14,,,,,,0.0,0.0,0.0,0.0,-11.45
1475,業旺,紡織纖維,26.0,0.78,,,,0.0,0.0,0.0,0.0,0.0,0.0,0.0,0.0,0.0,0.58,-2.0,-0.0,-0.0,-0.0,0.05,1.0,2.0,,0.0,0.03,,,,,,0.0,0.0,0.0,-1.52,-6.98
1476,儒鴻,紡織纖維,274.0,0.37,,,,3.31,0.07,182.0,0.07,0.16,0.3,2.0,7.0,17.0,27.66,335.0,0.12,-0.17,-0.69,-1.41,2.0,2.0,,0.0,1.91,,,,,,3.0,3.0,3.0,-12.88,-24.83
1477,聚陽,紡織纖維,192.0,1.05,,,,10.57,0.14,328.0,0.34,0.33,0.34,5.0,7.0,14.0,14.73,-532.0,-0.22,-0.41,-0.73,-0.82,1.0,2.0,,-0.0,5.25,,,,,,0.0,2.0,5.0,-3.03,-16.52
1503,士電,電機機械,197.5,1.8,,,,0.39,0.0,4.0,0.0,0.01,0.02,2.0,4.0,10.0,30.68,280.0,0.05,-0.04,-0.16,0.06,1.0,2.0,,0.0,0.46,,,,,,2.0,5.0,9.0,-5.28,-18.22
1504,東元,電機機械,69.1,0.88,,,,0.47,-0.0,-7.0,-0.03,0.05,0.04,0.0,3.0,11.0,7.84,515.0,0.02,-0.04,-0.4,-0.33,3.0,3.0,,-0.0,1.98,,,,,,5.0,7.0,9.0,-5.99,-5.99
1506,正道,電機機械,9.53,-0.42,,,,0.0,0.0,0.0,0.0,0.0,0.0,0.0,0.0,0.0,1.23,-52.0,-0.03,-0.23,-0.27,-0.34,0.0,1.0,,0.0,0.7,,,,,,0.0,0.0,0.0,-5.64,-15.29
1512,瑞利,汽車工業,6.11,-0.16,,,,0.0,0.0,0.0,0.0,0.0,0.0,0.0,0.0,0.0,5.46,-10.0,-0.01,-0.03,-0.02,-0.05,1.0,4.0,,0.0,0.01,,,,,,0.0,0.0,0.0,-4.23,-15.26
1513,中興電,電機機械,168.0,0.6,,,,7.01,0.0,6.0,0.02,0.27,0.23,3.0,7.0,8.0,13.36,1123.0,0.22,0.62,0.72,1.41,5.0,8.0,,0.01,0.77,,,,,,0.0,1.0,7.0,0.0,-5.88
1514,亞力,電機機械,102.5,0.49,,,,0.11,0.0,0.0,0.0,-0.01,0.08,1.0,1.0,8.0,14.6,197.0,0.08,0.29,0.59,0.8,4.0,7.0,,-0.0,0.16,,,,,,0.0,3.0,4.0,-2.38,-18.97
1515,力山,電機機械,29.8,1.71,,,,0.22,-0.0,-3.0,-0.0,-0.0,-0.0,0.0,0.0,0.0,2.78,228.0,0.13,0.25,0.45,-0.15,5.0,8.0,,0.0,0.47,,,,,,1.0,1.0,3.0,-9.56,-33.56
1516,川飛,其他,13.7,1.48,,,,0.01,0.0,0.0,0.0,0.0,0.0,0.0,0.0,0.0,5.65,1.0,0.0,0.04,0.05,-0.23,5.0,7.0,,0.0,0.06,,,,,,0.0,0.0,0.0,-7.12,-27.13
1517,利奇,電機機械,10.5,1.45,,,,0.0,0.0,0.0,0.0,0.0,0.0,0.0,0.0,0.0,2.03,19.0,0.01,0.02,0.06,-0.16,4.0,8.0,,0.0,0.49,,,,,,0.0,0.0,0.0,-5.83,-14.63
1519,華城,電機機械,693.0,0.73,,,,0.24,0.0,0.0,0.01,0.05,0.15,1.0,4.0,12.0,24.08,-63.0,-0.02,-0.3,-0.22,0.13,0.0,2.0,,0.0,1.06,,,,,,3.0,5.0,5.0,-8.94,-10.35
1521,大億,汽車工業,25.6,0.2,,,,0.0,0.0,0.0,0.0,0.0,0.0,0.0,0.0,0.0,33.13,4.0,0.01,0.0,-0.0,0.06,3.0,5.0,,-0.0,0.07,,,,,,0.0,0.0,0.0,-3.03,-3.03
1522,堤維西,汽車工業,26.8,0.94,,,,0.0,0.0,0.0,0.0,0.0,0.0,0.0,0.0,0.0,2.58,116.0,0.04,0.2,0.09,-0.23,5.0,7.0,,0.0,0.09,,,,,,0.0,0.0,0.0,-2.9,-12.42
1524,耿鼎,汽車工業,26.1,0.97,,,,0.0,0.0,0.0,0.0,0.0,0.0,0.0,0.0,0.0,2.17,96.0,0.06,0.15,0.25,0.62,4.0,8.0,,0.0,1.24,,,,,,0.0,0.0,0.0,-4.04,-11.97
1525,江申,汽車工業,63.7,0.0,,,,0.0,0.0,0.0,0.0,0.0,0.0,0.0,0.0,0.0,0.44,-1.0,-0.0,-0.0,-0.0,-0.01,1.0,4.0,,0.0,0.17,,,,,,0.0,0.0,0.0,-5.77,-7.41
1526,日馳,電機機械,15.05,3.44,,,,0.0,0.0,0.0,0.0,0.0,0.0,0.0,0.0,0.0,3.28,-10.0,-0.02,0.02,0.0,0.01,3.0,5.0,,0.0,0.18,,,,,,0.0,0.0,0.0,-7.1,-21.41
1527,鑽全,電機機械,32.7,0.31,,,,0.0,0.0,0.0,0.0,0.0,0.0,0.0,0.0,0.0,10.29,1.0,0.0,0.15,0.11,0.0,5.0,6.0,,0.0,0.52,,,,,,0.0,0.0,0.0,-0.3,-4.39
1528,恩德,電機機械,25.85,1.37,,,,0.0,0.0,0.0,0.0,0.0,0.0,0.0,0.0,0.0,1.42,15.0,0.01,-1.33,-1.37,-1.66,2.0,4.0,,0.0,0.46,,,,,,0.0,0.0,0.0,-4.44,-4.44
1529,樂士,電機機械,15.95,3.24,,,,0.0,0.0,0.0,0.0,0.0,0.0,0.0,0.0,0.0,2.47,334.0,0.22,0.0,1.15,0.88,2.0,6.0,,-0.0,7.79,,,,,,0.0,0.0,0.0,-6.18,-31.25
1530,亞崴,電機機械,26.8,1.32,,,,0.0,0.0,0.0,0.0,0.0,0.0,0.0,0.0,0.0,0.72,-4.0,-0.0,-0.01,0.01,0.01,0.0,3.0,,0.0,0.13,,,,,,0.0,0.0,0.0,-7.59,-13.83
1531,高林股,電機機械,11.65,0.43,,,,0.0,0.0,0.0,0.0,0.0,0.0,0.0,0.0,0.0,1.13,-6.0,-0.0,-0.06,-0.08,-0.36,0.0,2.0,,0.0,0.06,,,,,,0.0,0.0,0.0,-3.32,-14.96
1532,勤美,電機機械,22.3,0.9,,,,0.0,0.0,0.0,0.0,0.0,0.0,0.0,0.0,0.0,7.6,72.0,0.02,-0.02,0.01,-0.02,2.0,4.0,,-0.0,0.1,,,,,,0.0,0.0,0.0,-3.88,-5.51
1533,車王電,汽車工業,30.3,-0.33,,,,0.0,0.0,0.0,0.0,0.0,0.0,0.0,0.0,0.0,6.33,47.0,0.05,0.11,0.12,0.09,3.0,7.0,,0.0,0.23,,,,,,0.0,0.0,0.0,-3.5,-19.2
1535,中宇,電機機械,45.8,0.55,,,,0.0,0.0,0.0,0.0,0.0,0.0,0.0,0.0,0.0,0.91,12.0,0.01,0.01,0.01,0.02,3.0,5.0,,0.0,0.07,,,,,,0.0,0.0,0.0,-0.43,-9.13
1536,和大,汽車工業,46.9,0.75,,,,0.0,0.0,0.0,0.0,0.0,0.0,0.0,0.0,0.0,5.35,46.0,0.02,-0.1,-0.4,-1.22,2.0,4.0,,0.0,1.83,,,,,,0.0,0.0,0.0,-5.82,-16.4
1537,廣隆,電機機械,115.0,-0.43,,,,0.03,0.0,0.0,0.0,0.0,0.0,0.0,0.0,0.0,15.33,-11.0,-0.01,-0.03,0.02,-0.27,1.0,3.0,,0.0,0.47,,,,,,0.0,0.0,0.0,-2.54,-10.16
1538,正峰,電機機械,7.48,,,,,0.0,0.0,0.0,0.0,0.0,0.0,0.0,0.0,0.0,0.01,0.0,0.0,0.0,0.0,-0.01,0.0,0.0,,0.0,0.0,,,,,,0.0,0.0,0.0,-16.89,-32.0
1539,巨庭,電機機械,15.45,0.0,,,,0.0,0.0,0.0,0.0,0.0,0.0,0.0,0.0,0.0,1.18,5.0,0.01,0.0,0.0,0.0,2.0,4.0,,0.0,0.39,,,,,,0.0,0.0,0.0,-1.9,-8.85
1540,喬福,電機機械,19.3,-0.26,,,,0.0,0.0,0.0,0.0,0.0,0.0,0.0,0.0,0.0,1.45,-36.0,-0.04,-0.1,0.04,0.25,1.0,6.0,,0.0,0.13,,,,,,0.0,0.0,0.0,-2.77,-17.17
1541,錩泰,電機機械,20.9,-0.48,,,,0.0,0.0,0.0,0.0,0.0,0.0,0.0,0.0,0.0,9.98,2.0,0.0,-0.01,-0.02,-0.02,1.0,2.0,,0.0,0.04,,,,,,0.0,0.0,0.0,-4.57,-7.11
1558,伸興,電機機械,112.5,-1.32,,,,0.0,0.0,0.0,0.0,0.0,0.0,0.0,0.0,0.0,7.07,-15.0,-0.02,0.2,0.28,0.23,4.0,7.0,,0.0,0.05,,,,,,0.0,0.0,0.0,-1.32,-1.32
1560,中砂,電機機械,963.0,0.73,,,,3.87,-0.0,-2.0,0.65,1.23,1.3,3.0,7.0,11.0,42.24,173.0,0.12,0.91,1.24,2.78,5.0,7.0,,0.01,0.01,,,,,,1.0,2.0,8.0,-0.82,-0.82
1565,精華,生技醫療業,96.5,0.63,,,,0.0,0.0,0.0,0.0,0.0,0.0,0.0,0.0,0.0,9.14,25.0,0.05,-0.0,0.25,0.36,3.0,6.0,,-0.0,1.82,,,,,,0.0,0.0,0.0,-3.98,-3.98
1568,倉佑,汽車工業,32.8,1.23,,,,0.0,0.0,0.0,0.0,0.0,0.0,0.0,0.0,0.0,3.69,-85.0,-0.08,-0.09,-0.02,-0.17,3.0,5.0,,-0.0,0.13,,,,,,0.0,0.0,0.0,0.0,-16.96
1569,濱川,電腦及週邊設備業,62.6,-3.69,,,,0.01,0.0,0.0,0.0,0.0,0.0,0.0,0.0,0.0,7.44,-78.0,-0.06,0.72,2.71,2.79,3.0,8.0,,-0.0,0.41,,,,,,0.0,0.0,0.0,-3.69,-3.69
1570,力肯,電機機械,33.2,0.61,,,,0.0,0.0,0.0,0.0,0.0,0.0,0.0,0.0,0.0,2.38,7.0,0.01,0.05,0.03,-0.05,3.0,4.0,,0.0,0.0,,,,,,0.0,0.0,0.0,0.0,-23.15
1580,新麥,電機機械,97.1,0.0,,,,0.0,0.0,0.0,0.0,0.0,0.0,0.0,0.0,0.0,5.35,-14.0,-0.03,-0.03,0.14,0.04,2.0,5.0,,0.0,0.0,,,,,,0.0,0.0,0.0,-7.08,-22.32
1582,信錦,電子零組件業,71.9,2.57,,,,0.12,0.0,0.0,0.0,0.0,0.0,0.0,0.0,0.0,5.93,90.0,0.07,0.03,0.03,0.12,3.0,5.0,,0.0,0.06,,,,,,0.0,0.0,0.0,-5.27,-13.06
1583,程泰,電機機械,46.8,-0.32,,,,0.04,0.0,0.0,0.0,0.0,0.0,0.0,0.0,0.0,0.42,5.0,0.0,-0.01,-0.03,-0.02,2.0,3.0,,0.0,0.06,,,,,,0.0,0.0,0.0,-5.07,-12.69
1584,精剛,其他,18.85,4.43,,,,0.0,0.0,0.0,0.0,0.0,0.0,0.0,0.0,0.0,9.45,312.0,0.16,0.16,0.39,0.39,3.0,7.0,,0.01,1.07,,,,,,0.0,0.0,0.0,0.0,-10.02
1586,和勤,電機機械,17.9,-0.56,,,,0.0,0.0,0.0,0.0,0.0,0.0,0.0,0.0,0.0,4.05,230.0,0.27,0.18,0.06,0.02,3.0,5.0,,0.0,0.0,,,,,,0.0,0.0,0.0,-1.38,-9.82
1587,吉茂,汽車工業,24.45,2.52,,,,0.0,0.0,0.0,0.0,0.0,0.0,0.0,0.0,0.0,24.03,48.0,0.07,0.08,0.18,0.31,4.0,8.0,,0.0,0.61,,,,,,0.0,0.0,0.0,0.0,-15.1
1589,永冠-KY,電機機械,,,,,,0.0,0.0,0.0,0.0,0.0,0.0,0.0,0.0,0.0,2.65,0.0,0.0,0.0,0.0,0.0,0.0,0.0,,0.0,0.22,,,,,,0.0,0.0,0.0,,
1590,亞德客-KY,電機機械,1200.0,-0.83,,,,0.51,-0.01,-28.0,-0.02,-0.02,-0.04,2.0,5.0,8.0,80.11,-17.0,-0.01,-0.16,-0.65,-0.74,1.0,2.0,,-0.0,0.4,,,,,,3.0,5.0,10.0,-16.96,-24.76
1591,駿吉-KY,電機機械,42.75,4.01,,,,0.0,0.0,0.0,0.0,0.0,0.0,0.0,0.0,0.0,5.14,142.0,0.41,0.39,0.02,0.11,4.0,7.0,,0.0,0.31,,,,,,0.0,0.0,0.0,0.0,-6.04
1593,祺驊,生技醫療業,31.7,0.16,,,,0.0,0.0,0.0,0.0,0.0,0.0,0.0,0.0,0.0,6.22,-1.0,-0.0,0.04,0.04,0.09,2.0,3.0,,0.0,0.21,,,,,,0.0,0.0,0.0,-0.78,-0.94
1595,川寶,電子零組件業,85.3,9.92,,,,0.0,0.0,0.0,0.0,0.0,0.0,0.0,0.0,0.0,6.21,127.0,0.27,-1.16,-1.0,-2.47,2.0,5.0,,0.03,0.64,,,,,,0.0,0.0,0.0,0.0,0.0
1597,直得,電機機械,146.5,0.0,,,,0.0,0.0,0.0,0.0,0.0,0.0,0.0,0.0,0.0,4.62,-511.0,-0.57,0.03,0.02,-1.52,1.0,3.0,,-0.08,0.5,,,,,,0.0,0.0,0.0,-5.48,-6.09
1598,岱宇,生技醫療業,20.5,0.99,,,,0.0,0.0,0.0,0.0,0.0,0.0,0.0,0.0,0.0,2.36,47.0,0.03,0.04,0.05,0.12,4.0,7.0,,0.0,0.35,,,,,,0.0,0.0,0.0,-2.84,-2.84
1599,宏佳騰,電機機械,23.05,0.22,,,,0.0,0.0,0.0,0.0,0.0,0.0,0.0,0.0,0.0,7.23,0.0,0.0,0.0,0.01,0.02,1.0,2.0,,0.0,0.03,,,,,,0.0,0.0,0.0,-2.54,-5.73
1603,華電,電器電纜,30.6,1.83,,,,0.0,0.0,0.0,0.0,0.0,0.0,0.0,0.0,0.0,2.33,165.0,0.09,0.13,0.19,0.26,4.0,8.0,,-0.01,0.19,,,,,,0.0,0.0,0.0,0.0,-6.99
1604,聲寶,電器電纜,23.45,0.64,,,,0.0,0.0,0.0,0.0,0.0,0.0,0.0,0.0,0.0,8.3,2.0,0.0,-0.03,-0.08,-0.06,1.0,2.0,,0.0,0.56,,,,,,0.0,0.0,0.0,-0.85,-1.47
1605,華新,電器電纜,38.4,5.64,,,,0.3,0.08,3342.0,0.08,0.07,0.09,3.0,5.0,14.0,20.34,19093.0,0.47,0.33,0.28,0.28,2.0,5.0,,0.02,4.46,,,,,,0.0,3.0,4.0,-0.9,-4.0
1608,華榮,電器電纜,36.25,2.98,,,,0.43,-0.0,-5.0,-0.0,-0.02,-0.02,0.0,0.0,4.0,5.22,1457.0,0.23,0.11,0.04,-0.18,2.0,5.0,,0.0,0.25,,,,,,2.0,5.0,11.0,-2.95,-5.1
1609,大亞,電器電纜,38.75,0.65,,,,0.05,0.0,0.0,0.0,-0.01,-0.01,0.0,0.0,1.0,14.63,809.0,0.11,0.17,0.44,0.74,4.0,8.0,,0.01,0.77,,,,,,0.0,2.0,6.0,0.0,-11.43
1611,中電,電器電纜,11.55,1.76,,,,0.01,0.0,0.0,0.0,0.0,0.0,0.0,0.0,0.0,8.05,341.0,0.11,-0.01,-1.06,-1.47,2.0,4.0,,0.0,0.54,,,,,,0.0,0.0,0.0,-2.12,-16.61
1612,宏泰,電器電纜,35.7,0.99,,,,0.39,-0.0,-5.0,-0.0,-0.0,-0.0,1.0,1.0,1.0,16.07,654.0,0.21,0.38,0.44,0.66,5.0,9.0,,0.0,1.12,,,,,,2.0,3.0,7.0,0.0,0.0
1614,三洋電,電器電纜,31.15,0.32,,,,0.0,0.0,0.0,0.0,0.0,0.0,0.0,0.0,0.0,2.34,17.0,0.01,-0.0,0.01,0.03,2.0,6.0,,0.0,0.06,,,,,,0.0,0.0,0.0,-0.16,-3.86
1615,大山,電器電纜,42.95,0.82,,,,0.04,0.0,0.0,0.0,0.0,0.0,0.0,0.0,0.0,1.19,11.0,0.01,0.0,-0.0,-0.03,4.0,7.0,,-0.0,0.06,,,,,,0.0,0.0,0.0,-3.05,-9.29
1616,億泰,電器電纜,18.65,1.91,,,,0.0,0.0,0.0,0.0,0.0,0.0,0.0,0.0,0.0,2.13,67.0,0.03,0.01,0.21,0.38,3.0,6.0,,0.0,0.01,,,,,,0.0,0.0,0.0,-4.11,-21.14
1617,榮星,電器電纜,24.05,9.82,,,,0.01,0.0,0.0,0.0,0.0,0.0,0.0,0.0,0.0,22.16,892.0,0.57,0.66,0.89,-0.16,3.0,8.0,,-0.0,0.05,,,,,,0.0,0.0,0.0,0.0,-9.93
1618,合機,電器電纜,38.95,1.56,,,,0.0,0.0,0.0,0.0,0.0,0.0,0.0,0.0,0.0,2.41,123.0,0.06,0.1,0.21,0.37,3.0,5.0,,0.0,0.2,,,,,,0.0,0.0,0.0,-2.38,-7.7
1626,艾美特-KY,電器電纜,9.6,0.0,,,,0.0,0.0,0.0,0.0,0.0,0.0,0.0,0.0,0.0,43.01,9.0,0.01,0.0,0.0,0.02,3.0,6.0,,-0.0,0.18,,,,,,0.0,0.0,0.0,-2.24,-15.42
1701,中化,生技醫療業,,,,,,,,,,,,,,,,,,,,,,,,,,,,,,,,,,,
1702,南僑,食品工業,33.05,0.3,,,,0.0,0.0,0.0,0.0,0.0,0.0,0.0,0.0,0.0,8.96,100.0,0.03,0.1,0.19,0.27,5.0,10.0,,-0.0,0.19,,,,,,0.0,0.0,0.0,-0.6,-3.36
1707,葡萄王,生技醫療業,85.7,-0.23,,,,0.08,0.0,0.0,0.0,0.0,0.0,1.0,1.0,1.0,13.15,-130.0,-0.1,-0.38,-0.68,-1.25,0.0,0.0,,-0.0,0.51,,,,,,0.0,0.0,0.0,-6.64,-8.05
1708,東鹼,化學工業,53.8,3.46,,,,0.24,-0.0,-3.0,-0.0,-0.0,-0.0,0.0,0.0,0.0,10.21,688.0,0.28,0.63,1.29,1.24,4.0,7.0,,0.02,0.61,,,,,,1.0,1.0,3.0,0.0,-12.8
1709,和益,化學工業,48.4,10.0,,,,0.0,0.0,0.0,0.0,0.0,0.0,0.0,0.0,0.0,6.5,6971.0,1.46,-2.75,-3.97,-3.18,2.0,4.0,,0.0,0.23,,,,,,0.0,0.0,0.0,0.0,0.0
1710,東聯,化學工業,16.75,1.21,,,,0.0,0.0,0.0,0.0,0.0,0.0,0.0,0.0,0.0,6.02,1479.0,0.17,0.0,0.54,0.87,2.0,4.0,,-0.0,0.6,,,,,,0.0,0.0,0.0,-1.47,-11.14
1711,永光,化學工業,40.9,0.86,,,,0.0,0.0,0.0,0.0,0.0,0.0,0.0,0.0,0.0,5.93,-190.0,-0.03,0.3,0.29,0.59,2.0,5.0,,0.01,0.38,,,,,,0.0,0.0,0.0,-7.05,-13.62
1712,興農,化學工業,39.8,0.51,,,,0.5,0.0,0.0,0.03,0.07,0.07,2.0,7.0,11.0,12.53,-38.0,-0.01,-0.19,-0.35,-0.16,0.0,0.0,,0.0,0.17,,,,,,1.0,1.0,3.0,-3.05,-3.05
1713,國化,化學工業,42.45,1.56,,,,0.0,0.0,0.0,0.0,0.0,0.0,0.0,0.0,0.0,1.04,34.0,0.02,-0.08,-0.33,-0.22,1.0,1.0,,0.0,0.06,,,,,,0.0,0.0,0.0,-5.67,-14.5
1714,和桐,化學工業,16.5,4.76,,,,0.24,-0.0,-16.0,-0.0,-0.0,-0.18,0.0,0.0,0.0,16.45,4553.0,0.45,0.66,0.73,-1.4,4.0,6.0,,0.01,0.39,,,,,,1.0,1.0,3.0,-11.05,-27.47
1717,長興,化學工業,74.0,2.07,,,,1.06,0.06,650.0,0.01,0.08,-0.08,2.0,6.0,9.0,12.15,-16.0,-0.0,0.09,-0.43,-1.56,2.0,2.0,,0.01,0.33,,,,,,1.0,1.0,6.0,-12.63,-13.35
1718,中纖,化學工業,10.85,2.84,,,,0.16,-0.0,-17.0,-0.0,-0.0,-0.0,0.0,0.0,0.0,7.04,9595.0,0.57,0.84,1.46,0.89,3.0,6.0,,0.01,0.67,,,,,,1.0,1.0,3.0,-2.69,-28.62
1720,生達,生技醫療業,56.3,0.36,,,,0.04,0.0,0.0,0.0,0.0,0.0,0.0,0.0,0.0,5.29,-11.0,-0.01,-0.05,-0.11,-0.26,1.0,2.0,,0.0,0.53,,,,,,0.0,0.0,0.0,-0.18,-12.71
1721,三晃,化學工業,26.45,1.34,,,,0.0,0.0,0.0,0.0,0.0,0.0,0.0,0.0,0.0,2.04,96.0,0.05,0.54,0.75,0.29,4.0,7.0,,0.0,1.85,,,,,,0.0,0.0,0.0,0.0,-8.95
1722,台肥,化學工業,41.55,0.97,,,,0.08,-0.0,-1.0,-0.0,0.02,0.02,2.0,4.0,6.0,7.77,288.0,0.03,-0.32,-0.52,-0.82,1.0,3.0,,-0.0,0.6,,,,,,1.0,4.0,8.0,-7.25,-15.12
1723,中碳,化學工業,80.7,0.88,,,,0.3,-0.0,-3.0,-0.0,-0.01,0.05,0.0,1.0,10.0,8.86,5.0,0.0,-0.2,-0.44,-1.47,1.0,2.0,,-0.0,0.62,,,,,,1.0,2.0,2.0,-7.24,-10.03
1725,元禎,化學工業,34.15,0.44,,,,0.0,0.0,0.0,0.0,0.0,0.0,0.0,0.0,0.0,0.6,7.0,0.0,0.02,0.06,0.12,3.0,7.0,,-0.0,0.15,,,,,,0.0,0.0,0.0,-0.58,-5.14
1726,永記,化學工業,76.5,0.39,,,,0.03,0.0,0.0,0.0,0.0,0.0,0.0,0.0,0.0,12.54,5.0,0.0,-0.05,-0.05,-0.07,1.0,1.0,,0.0,0.06,,,,,,0.0,0.0,0.0,-1.67,-4.97
1727,中華化,化學工業,109.0,-8.02,,,,0.0,0.0,0.0,0.0,0.0,0.0,0.0,0.0,0.0,4.37,-8651.0,-7.3,-6.21,-1.46,-5.49,3.0,6.0,,-0.1,1.26,,,,,,0.0,0.0,0.0,-8.02,-8.02
1730,花仙子,化學工業,51.2,0.0,,,,0.0,0.0,0.0,0.0,0.0,0.0,0.0,0.0,0.0,7.06,-3.0,-0.0,-0.01,-0.03,-0.03,1.0,2.0,,0.0,0.06,,,,,,0.0,0.0,0.0,-1.16,-1.35
1731,美吾華,生技醫療業,20.9,0.24,,,,0.0,0.0,0.0,0.0,0.0,0.0,0.0,0.0,0.0,1.17,24.0,0.02,0.08,0.12,0.14,5.0,8.0,,0.0,0.13,,,,,,0.0,0.0,0.0,-0.48,-1.42
1732,毛寶,化學工業,26.15,0.77,,,,0.0,0.0,0.0,0.0,0.0,0.0,0.0,0.0,0.0,2.37,-65.0,-0.15,-0.1,-0.1,-0.24,1.0,4.0,,0.0,2.23,,,,,,0.0,0.0,0.0,-0.19,-6.61
1733,五鼎,生技醫療業,29.6,0.51,,,,0.0,0.0,0.0,0.0,0.0,0.0,0.0,0.0,0.0,3.09,-20.0,-0.02,-0.18,-0.25,-0.41,0.0,2.0,,0.0,1.58,,,,,,0.0,0.0,0.0,-8.5,-8.64
1734,杏輝,生技醫療業,32.1,0.0,,,,0.0,0.0,0.0,0.0,0.0,0.0,0.0,0.0,0.0,6.59,-15.0,-0.01,-0.08,-0.19,-0.37,1.0,4.0,,0.0,0.35,,,,,,0.0,0.0,0.0,-2.13,-5.03
1735,日勝化,化學工業,20.2,0.75,,,,0.01,0.0,0.0,0.0,0.0,0.0,0.0,0.0,0.0,51.51,9.0,0.01,0.04,0.05,0.07,3.0,7.0,,-0.0,0.03,,,,,,0.0,0.0,0.0,-6.7,-17.04
1736,喬山,生技醫療業,128.5,0.39,,,,0.01,0.0,0.0,0.0,-0.12,-0.34,0.0,0.0,0.0,5.94,24.0,0.01,0.22,0.35,0.4,5.0,8.0,,0.0,0.5,,,,,,0.0,5.0,10.0,-0.39,-11.38
1737,臺鹽,食品工業,30.05,0.33,,,,0.0,0.0,0.0,0.0,0.0,0.0,0.0,0.0,0.0,6.92,-11.0,-0.01,-0.21,-0.81,-1.19,0.0,1.0,,0.0,1.09,,,,,,0.0,0.0,0.0,-2.12,-7.54
1742,台蠟,化學工業,17.6,-0.56,,,,0.0,0.0,0.0,0.0,0.0,0.0,0.0,0.0,0.0,0.25,0.0,0.0,0.0,0.0,0.0,0.0,1.0,,0.0,0.17,,,,,,0.0,0.0,0.0,-1.68,-4.86
1752,南光,生技醫療業,31.5,0.48,,,,0.0,0.0,0.0,0.0,0.0,0.0,0.0,0.0,0.0,1.5,7.0,0.01,0.03,0.03,0.03,3.0,6.0,,0.0,0.59,,,,,,0.0,0.0,0.0,-1.1,-2.78
1760,寶齡富錦,生技醫療業,54.6,1.3,,,,0.0,0.0,0.0,0.0,0.0,0.0,0.0,0.0,0.0,10.94,26.0,0.03,-0.02,-0.09,-0.55,2.0,3.0,,0.0,1.15,,,,,,0.0,0.0,0.0,-5.86,-17.15
1762,中化生,生技醫療業,34.35,1.93,,,,0.0,0.0,0.0,0.0,0.0,0.0,0.0,0.0,0.0,2.88,12.0,0.02,0.01,0.06,-0.19,2.0,5.0,,0.0,0.69,,,,,,0.0,0.0,0.0,-5.11,-15.6
1773,勝一,化學工業,167.5,0.0,,,,0.02,0.0,0.0,0.0,0.02,0.0,2.0,4.0,4.0,8.38,368.0,0.15,0.1,0.15,-0.49,3.0,5.0,,0.02,0.43,,,,,,0.0,0.0,2.0,-2.33,-9.46
1776,展宇,化學工業,18.15,-0.27,,,,0.0,0.0,0.0,0.0,0.0,0.0,0.0,0.0,0.0,1.71,-3.0,-0.0,-0.01,0.06,0.0,0.0,3.0,,-0.0,0.07,,,,,,0.0,0.0,0.0,-2.16,-10.59
1777,生泰,生技醫療業,73.9,-0.14,,,,0.0,0.0,0.0,0.0,0.0,0.0,0.0,0.0,0.0,1.03,1.0,0.0,0.0,-0.01,0.04,2.0,4.0,,0.0,0.0,,,,,,0.0,0.0,0.0,-1.86,-1.86
1781,合世,生技醫療業,9.99,0.0,,,,0.0,0.0,0.0,0.0,0.0,0.0,0.0,0.0,0.0,0.67,3.0,0.01,-0.0,-0.01,0.0,2.0,2.0,,0.0,0.0,,,,,,0.0,0.0,0.0,-3.94,-17.44
1783,和康生,生技醫療業,37.25,1.64,,,,0.0,0.0,0.0,0.0,0.0,0.0,0.0,0.0,0.0,6.94,-1.0,-0.0,0.02,0.04,-0.15,2.0,5.0,,0.0,0.57,,,,,,0.0,0.0,0.0,-6.17,-9.92
1784,訊聯,生技醫療業,61.2,-0.16,,,,0.0,0.0,0.0,0.0,0.0,0.0,0.0,0.0,0.0,5.37,-0.0,-0.0,0.16,0.21,0.23,3.0,6.0,,-0.0,0.43,,,,,,0.0,0.0,0.0,-2.08,-12.94
1785,光洋科,其他電子業,100.5,2.55,,,,0.0,0.0,0.0,0.0,0.0,0.0,1.0,3.0,3.0,19.32,-1202.0,-0.2,-0.16,-0.72,-1.09,1.0,2.0,,-0.0,0.03,,,,,,0.0,0.0,2.0,-2.43,-35.58
1786,科妍,生技醫療業,43.3,1.52,,,,0.0,0.0,0.0,0.0,0.0,0.0,0.0,0.0,0.0,2.83,98.0,0.14,0.16,0.2,-0.09,4.0,7.0,,0.0,0.03,,,,,,0.0,0.0,0.0,-8.07,-22.68
1788,杏昌,生技醫療業,128.0,0.0,,,,0.0,0.0,0.0,0.0,0.0,0.0,0.0,0.0,0.0,11.33,0.0,0.0,0.0,0.0,-0.01,0.0,0.0,,0.0,0.0,,,,,,0.0,0.0,0.0,-0.78,-2.29
1789,神隆,生技醫療業,18.95,2.16,,,,0.0,0.0,0.0,0.0,0.0,0.0,0.0,0.0,0.0,1.82,128.0,0.02,-0.01,-0.02,-0.08,2.0,4.0,,-0.0,0.3,,,,,,0.0,0.0,0.0,-3.32,-9.98
1795,美時,生技醫療業,179.0,0.85,,,,0.01,0.0,0.0,0.0,0.0,-0.02,1.0,4.0,4.0,54.48,-43.0,-0.02,0.01,0.11,-0.55,3.0,5.0,,0.0,0.62,,,,,,0.0,0.0,4.0,-4.02,-14.56
1796,金穎生技,食品工業,29.15,1.22,,,,0.0,0.0,0.0,0.0,0.0,0.0,0.0,0.0,0.0,0.77,-2.0,-0.0,0.01,0.01,0.02,1.0,2.0,,0.0,0.01,,,,,,0.0,0.0,0.0,-3.48,-23.69
1799,易威,生技醫療業,29.0,2.11,,,,0.0,0.0,0.0,0.0,0.0,0.0,0.0,0.0,0.0,12.61,21.0,0.02,0.02,-0.0,-0.07,4.0,6.0,,0.0,0.0,,,,,,0.0,0.0,0.0,-4.92,-26.21
1802,台玻,玻璃陶瓷,59.9,3.99,,,,0.07,-0.0,-101.0,-0.0,-0.0,0.02,1.0,6.0,16.0,5.47,5643.0,0.19,-0.09,-0.22,-0.18,2.0,4.0,,0.01,0.36,,,,,,1.0,1.0,1.0,-2.28,-12.94
1805,寶徠,建材營造,10.05,0.0,,,,0.0,0.0,0.0,0.0,0.0,0.0,0.0,0.0,0.0,0.84,-20.0,-0.02,-0.1,-0.09,-0.11,0.0,2.0,,0.0,0.04,,,,,,0.0,0.0,0.0,-1.95,-3.37
1806,冠軍,玻璃陶瓷,8.0,0.76,,,,0.0,0.0,0.0,0.0,0.0,0.0,0.0,0.0,0.0,9.61,47.0,0.01,0.01,0.01,0.08,3.0,7.0,,0.0,0.1,,,,,,0.0,0.0,0.0,-0.87,-6.1
1808,潤隆,建材營造,31.65,0.16,,,,0.38,0.0,0.0,-0.07,-0.07,0.38,0.0,0.0,4.0,8.1,33.0,0.01,-0.16,0.48,-0.69,2.0,5.0,,-0.01,0.29,,,,,,1.0,1.0,2.0,-11.84,-14.46
1809,中釉,玻璃陶瓷,47.85,6.33,,,,0.0,0.0,0.0,0.0,0.0,0.0,0.0,0.0,0.0,1.3,-281.0,-0.17,-1.79,-1.27,-1.22,2.0,5.0,,0.05,0.6,,,,,,0.0,0.0,0.0,0.0,-11.22
1810,和成,玻璃陶瓷,24.45,3.16,,,,0.61,0.0,0.0,0.0,-0.01,0.02,0.0,1.0,4.0,2.49,1192.0,0.39,0.56,0.99,0.9,4.0,8.0,,0.0,0.91,,,,,,0.0,1.0,1.0,-1.01,-28.4
1813,寶利徠,生技醫療業,11.3,0.0,,,,0.0,0.0,0.0,0.0,0.0,0.0,0.0,0.0,0.0,9.77,0.0,0.0,-0.02,-0.02,-0.02,2.0,2.0,,0.0,0.0,,,,,,0.0,0.0,0.0,-1.74,-6.22
1815,富喬,電子零組件業,116.0,0.0,,,,17.21,-0.01,-46.0,-0.07,0.19,9.36,0.0,2.0,10.0,30.75,-3171.0,-0.69,-5.73,-8.18,-12.21,0.0,1.0,,-0.04,2.24,,,,,,3.0,6.0,8.0,-14.07,-14.07
1817,凱撒衛,玻璃陶瓷,39.85,0.0,,,,0.0,0.0,0.0,0.0,0.0,0.0,0.0,0.0,0.0,1.86,0.0,0.0,0.01,-0.0,0.08,1.0,2.0,,-0.0,0.11,,,,,,0.0,0.0,0.0,-1.6,-1.6
1903,士紙,造紙工業,47.8,1.7,,,,0.0,0.0,0.0,0.0,0.0,0.0,0.0,0.0,0.0,10.79,41.0,0.02,0.03,-0.02,-0.01,4.0,6.0,,0.0,0.15,,,,,,0.0,0.0,0.0,-0.31,-4.59
1904,正隆,造紙工業,24.6,1.44,,,,0.0,0.0,0.0,0.0,-0.03,-0.03,0.0,0.0,2.0,12.22,409.0,0.04,0.1,0.12,0.18,4.0,5.0,,0.0,0.26,,,,,,0.0,2.0,5.0,-3.72,-4.47
1905,華紙,造紙工業,13.05,1.56,,,,0.0,0.0,0.0,0.0,0.0,0.0,0.0,0.0,0.0,2.43,964.0,0.09,-0.04,-0.06,-0.13,3.0,6.0,,0.0,0.16,,,,,,0.0,0.0,0.0,-5.78,-23.24
1906,寶隆,造紙工業,10.9,0.93,,,,0.0,0.0,0.0,0.0,0.0,0.0,0.0,0.0,0.0,1.01,4.0,0.0,-0.02,-0.06,-0.06,1.0,1.0,,0.0,0.14,,,,,,0.0,0.0,0.0,-3.54,-9.92
1907,永豐餘,造紙工業,28.4,1.79,,,,0.16,0.0,0.0,0.0,0.0,-0.03,2.0,4.0,8.0,13.01,231.0,0.01,-0.02,-0.04,-0.04,1.0,3.0,,-0.0,0.4,,,,,,0.0,1.0,5.0,-6.27,-8.97
1909,榮成,造紙工業,10.3,2.49,,,,0.0,0.0,0.0,0.0,0.0,0.0,0.0,0.0,0.0,10.09,218.0,0.02,-0.12,-0.24,-0.46,1.0,2.0,,-0.0,0.35,,,,,,0.0,0.0,0.0,-9.25,-10.04
2002,中鋼,鋼鐵工業,19.2,2.13,,,,0.14,-0.0,-69.0,-0.0,-0.03,-0.02,1.0,4.0,14.0,15.06,54064.0,0.34,0.25,-0.14,-0.21,2.0,2.0,,0.0,1.92,,,,,,4.0,6.0,6.0,-0.26,-2.78
2006,東和鋼鐵,鋼鐵工業,85.4,0.0,,,,3.39,0.05,391.0,0.17,-0.07,0.14,3.0,4.0,11.0,28.16,-545.0,-0.07,-0.08,0.62,0.56,2.0,5.0,,0.0,4.31,,,,,,0.0,4.0,7.0,-2.73,-3.5
2007,燁興,鋼鐵工業,7.0,1.45,,,,0.0,0.0,0.0,0.0,0.0,0.0,0.0,0.0,0.0,0.83,61.0,0.01,0.0,-0.02,-0.03,4.0,8.0,,0.0,0.14,,,,,,0.0,0.0,0.0,0.0,-6.91
2008,高興昌,鋼鐵工業,31.1,1.97,,,,0.0,0.0,0.0,0.0,0.0,0.0,0.0,0.0,0.0,7.87,9.0,0.0,0.0,-0.01,0.01,2.0,4.0,,0.0,0.18,,,,,,0.0,0.0,0.0,-0.96,-0.96
2009,第一銅,鋼鐵工業,40.0,2.17,,,,0.0,0.0,0.0,0.0,0.0,0.0,0.0,0.0,0.0,2.98,966.0,0.27,0.22,0.41,-0.73,2.0,6.0,,0.01,1.14,,,,,,0.0,0.0,0.0,-1.72,-7.41
2010,春源,鋼鐵工業,23.0,2.45,,,,0.03,0.0,0.0,0.0,0.0,0.0,0.0,0.0,0.0,8.88,1049.0,0.16,0.25,0.27,0.12,3.0,7.0,,0.0,0.19,,,,,,0.0,0.0,0.0,0.0,-1.71
2012,春雨,鋼鐵工業,14.4,1.77,,,,0.0,0.0,0.0,0.0,0.0,0.0,0.0,0.0,0.0,1.47,27.0,0.01,0.0,0.02,0.03,2.0,4.0,,0.0,0.11,,,,,,0.0,0.0,0.0,-1.71,-12.73
2013,中鋼構,鋼鐵工業,41.6,0.97,,,,0.0,0.0,0.0,0.0,0.0,0.0,0.0,0.0,0.0,6.97,7.0,0.0,-0.0,-0.04,0.0,2.0,3.0,,0.0,0.72,,,,,,0.0,0.0,0.0,-0.72,-1.19
2014,中鴻,鋼鐵工業,17.4,3.57,,,,0.0,0.0,0.0,0.0,0.0,0.0,0.0,0.0,0.0,7.48,3834.0,0.27,0.48,0.41,0.22,4.0,6.0,,0.0,4.48,,,,,,0.0,0.0,0.0,0.0,-3.06
2015,豐興,鋼鐵工業,64.2,1.74,,,,1.57,0.0,0.0,0.0,0.0,-0.02,0.0,0.0,0.0,12.78,123.0,0.02,-0.02,-0.06,-0.03,2.0,4.0,,0.0,0.33,,,,,,0.0,0.0,2.0,-1.23,-3.46
2017,官田鋼,鋼鐵工業,9.13,2.35,,,,0.0,0.0,0.0,0.0,0.0,0.0,0.0,0.0,0.0,1.92,446.0,0.1,0.15,0.13,0.08,4.0,6.0,,0.0,11.26,,,,,,0.0,0.0,0.0,-0.22,-4.3
2020,美亞,鋼鐵工業,26.7,9.88,,,,0.0,0.0,0.0,0.0,0.0,0.0,0.0,0.0,0.0,2.29,-179.0,-0.08,0.04,0.0,0.06,3.0,4.0,,0.01,0.19,,,,,,0.0,0.0,0.0,0.0,0.0
2022,聚亨,鋼鐵工業,7.33,0.41,,,,0.0,0.0,0.0,0.0,0.0,0.0,0.0,0.0,0.0,1.92,27.0,0.01,0.0,0.01,-0.08,1.0,3.0,,0.0,0.04,,,,,,0.0,0.0,0.0,-3.43,-10.61
2023,燁輝,鋼鐵工業,13.75,1.48,,,,0.0,0.0,0.0,0.0,-0.01,-0.01,2.0,3.0,5.0,3.69,493.0,0.03,-0.03,-0.17,-0.13,1.0,1.0,,-0.0,0.14,,,,,,0.0,2.0,3.0,-2.48,-3.17
2024,志聯,鋼鐵工業,12.9,1.18,,,,0.0,0.0,0.0,0.0,0.0,0.0,0.0,0.0,0.0,0.64,4.0,0.0,0.0,0.0,-0.0,2.0,3.0,,0.0,0.07,,,,,,0.0,0.0,0.0,-3.73,-8.19
2025,千興,鋼鐵工業,14.65,9.74,,,,0.0,0.0,0.0,0.0,0.0,0.0,0.0,0.0,0.0,1.56,1070.0,0.38,0.51,0.61,0.56,4.0,8.0,,0.0,8.57,,,,,,0.0,0.0,0.0,0.0,0.0
2027,大成鋼,鋼鐵工業,47.45,0.64,,,,7.35,0.0,0.0,0.06,0.22,0.82,2.0,6.0,14.0,26.88,-303.0,-0.01,0.08,0.15,-0.27,3.0,7.0,,0.0,6.2,,,,,,2.0,3.0,4.0,-5.48,-6.96
2028,威致,鋼鐵工業,17.15,3.31,,,,0.0,0.0,0.0,0.0,0.0,0.0,0.0,0.0,0.0,0.86,141.0,0.04,0.05,0.02,0.04,3.0,5.0,,-0.0,0.12,,,,,,0.0,0.0,0.0,0.0,0.0
2029,盛餘,鋼鐵工業,22.45,1.35,,,,0.0,0.0,0.0,0.0,0.0,0.0,0.0,0.0,0.0,67.86,98.0,0.03,0.08,0.04,0.26,3.0,6.0,,0.0,0.18,,,,,,0.0,0.0,0.0,0.0,0.0
2030,彰源,鋼鐵工業,36.7,9.88,,,,0.0,0.0,0.0,0.0,0.0,0.0,0.0,0.0,0.0,11.27,-670.0,-0.24,0.9,1.23,1.79,2.0,6.0,,-0.01,0.59,,,,,,0.0,0.0,0.0,0.0,0.0
2031,新光鋼,鋼鐵工業,46.5,1.75,,,,0.44,-0.0,-4.0,-0.0,-0.0,-0.0,1.0,1.0,1.0,11.11,483.0,0.15,0.82,0.94,0.97,5.0,7.0,,0.0,0.58,,,,,,2.0,3.0,7.0,0.0,-0.11
2032,新鋼,鋼鐵工業,20.3,2.01,,,,0.0,0.0,0.0,0.0,0.0,0.0,0.0,0.0,0.0,4.17,103.0,0.08,0.66,0.7,0.4,4.0,6.0,,0.01,0.22,,,,,,0.0,0.0,0.0,0.0,0.0
2033,佳大,鋼鐵工業,42.35,10.0,,,,0.0,0.0,0.0,0.0,0.0,0.0,0.0,0.0,0.0,2.35,197.0,0.24,-0.77,1.19,0.62,1.0,5.0,,0.0,0.28,,,,,,0.0,0.0,0.0,0.0,0.0
2034,允強,鋼鐵工業,24.8,5.98,,,,0.0,0.0,0.0,0.0,0.0,0.0,0.0,0.0,0.0,7.39,-53.0,-0.01,0.11,0.77,1.41,2.0,7.0,,0.06,0.08,,,,,,0.0,0.0,0.0,0.0,0.0
2035,唐榮公司,鋼鐵工業,26.5,,,,,0.0,0.0,0.0,0.0,0.0,0.0,0.0,0.0,0.0,0.01,0.0,0.0,0.0,0.0,0.0,0.0,1.0,,0.0,0.01,,,,,,0.0,0.0,0.0,-4.68,-5.02
2038,海光,鋼鐵工業,13.2,4.35,,,,0.0,0.0,0.0,0.0,0.0,0.0,0.0,0.0,0.0,1.56,26.0,0.01,-0.04,-0.06,-0.09,3.0,7.0,,-0.0,0.39,,,,,,0.0,0.0,0.0,0.0,-3.65
2049,上銀,電機機械,335.0,-0.15,,,,1.04,0.0,0.0,0.0,0.01,-0.17,1.0,3.0,6.0,38.73,8.0,0.0,-0.1,0.38,0.14,2.0,5.0,,-0.02,2.56,,,,,,0.0,3.0,7.0,-9.58,-13.44
2059,川湖,電子零組件業,12055.0,-0.5,,,,8.52,0.01,6.0,-0.06,0.05,-0.43,2.0,7.0,9.0,23.42,-23.0,-0.02,0.15,-0.35,-0.15,3.0,3.0,,0.03,0.98,,,,,,3.0,3.0,11.0,-14.81,-16.92
2061,風青,電器電纜,59.8,0.67,,,,0.0,0.0,0.0,0.0,0.0,0.0,0.0,0.0,0.0,3.5,-321.0,-0.68,0.1,1.43,0.66,1.0,3.0,,-0.03,0.24,,,,,,0.0,0.0,0.0,0.0,-27.95
2062,橋椿,其他,18.05,0.28,,,,0.0,0.0,0.0,0.0,0.0,0.0,0.0,0.0,0.0,6.86,0.0,0.0,-0.02,-0.05,-0.13,0.0,2.0,,0.0,0.13,,,,,,0.0,0.0,0.0,-7.67,-7.67
2063,世鎧,鋼鐵工業,23.5,0.21,,,,0.0,0.0,0.0,0.0,0.0,0.0,0.0,0.0,0.0,1.22,-9.0,-0.02,-0.02,-0.01,0.0,1.0,2.0,,0.01,0.28,,,,,,0.0,0.0,0.0,-2.89,-4.67
2064,晉椿,鋼鐵工業,,,,,,0.0,0.0,0.0,0.0,0.0,0.0,0.0,0.0,0.0,0.15,0.0,0.0,0.0,-0.03,0.0,1.0,3.0,,0.0,0.01,,,,,,0.0,0.0,0.0,,
2065,世豐,鋼鐵工業,35.55,1.14,,,,0.0,0.0,0.0,0.0,0.0,0.0,0.0,0.0,0.0,1.35,24.0,0.04,0.05,0.08,0.06,5.0,9.0,,0.0,0.01,,,,,,0.0,0.0,0.0,-2.74,-5.2
2066,世德,電機機械,52.2,-0.95,,,,0.0,0.0,0.0,0.0,0.0,0.0,0.0,0.0,0.0,10.54,0.0,0.0,-0.01,0.01,0.04,2.0,4.0,,0.0,0.0,,,,,,0.0,0.0,0.0,-4.57,-24.46
2067,嘉鋼,電機機械,4.91,-5.58,,,,0.0,0.0,0.0,0.0,0.0,0.0,0.0,0.0,0.0,11.27,0.0,0.0,0.0,0.0,0.0,0.0,0.0,,0.0,0.0,,,,,,0.0,0.0,0.0,-10.89,-27.79
2069,運錩,鋼鐵工業,26.7,0.75,,,,0.0,0.0,0.0,0.0,0.0,0.0,0.0,0.0,0.0,4.56,-87.0,-0.05,0.17,0.54,0.9,2.0,7.0,,0.0,0.31,,,,,,0.0,0.0,0.0,0.0,0.0
2070,精湛,電機機械,63.3,0.8,,,,0.0,0.0,0.0,0.0,0.0,0.0,0.0,0.0,0.0,3.25,15.0,0.04,-0.03,0.08,0.18,2.0,5.0,,0.0,0.0,,,,,,0.0,0.0,0.0,-7.05,-8.92
2073,雄順,鋼鐵工業,25.2,0.0,,,,0.0,0.0,0.0,0.0,0.0,0.0,0.0,0.0,0.0,0.04,0.0,0.0,0.0,0.0,0.0,0.0,0.0,,0.0,0.0,,,,,,0.0,0.0,0.0,-5.26,-11.58
2101,南港,橡膠工業,29.9,0.34,,,,0.0,0.0,0.0,0.0,0.0,0.0,0.0,0.0,0.0,5.32,201.0,0.02,-0.16,-0.34,-0.48,1.0,1.0,,0.0,0.23,,,,,,0.0,0.0,0.0,-5.53,-15.77
2102,泰豐,橡膠工業,16.55,1.53,,,,0.0,0.0,0.0,0.0,0.0,0.0,0.0,0.0,0.0,2.99,22.0,0.0,-0.01,-0.88,-0.77,2.0,5.0,,0.0,0.33,,,,,,0.0,0.0,0.0,-10.54,-14.47
2103,台橡,橡膠工業,28.15,2.74,,,,0.02,0.0,0.0,0.0,0.0,0.0,0.0,0.0,0.0,26.52,1673.0,0.2,0.3,0.83,0.27,3.0,6.0,,-0.01,0.33,,,,,,0.0,0.0,0.0,-2.26,-2.26
2104,國際中橡,橡膠工業,11.15,4.21,,,,0.0,0.0,0.0,0.0,0.0,0.0,0.0,0.0,0.0,6.7,2681.0,0.27,0.68,0.91,1.01,3.0,6.0,,0.0,0.2,,,,,,0.0,0.0,0.0,-4.29,-4.29
2105,正新,橡膠工業,30.65,1.83,,,,8.57,0.0,82.0,0.01,0.03,0.04,5.0,9.0,17.0,8.63,2492.0,0.08,0.07,-0.27,-0.49,2.0,2.0,,0.0,3.72,,,,,,0.0,0.0,2.0,-1.61,-8.78
2106,建大,橡膠工業,16.65,1.22,,,,0.01,0.0,0.0,0.0,0.01,0.01,0.0,2.0,2.0,7.13,33.0,0.0,-0.09,-0.33,-0.61,3.0,3.0,,-0.0,0.21,,,,,,0.0,0.0,2.0,-4.58,-11.9
2107,厚生,橡膠工業,27.0,0.75,,,,0.0,0.0,0.0,0.0,0.0,0.0,0.0,0.0,0.0,6.65,-34.0,-0.01,-0.05,-0.06,-0.05,1.0,3.0,,-0.0,0.46,,,,,,0.0,0.0,0.0,-1.1,-1.1
2108,南帝,橡膠工業,28.75,1.95,,,,0.03,0.0,0.0,0.0,0.0,0.0,0.0,0.0,0.0,6.54,26.0,0.01,-0.01,0.05,-0.13,3.0,5.0,,-0.0,2.36,,,,,,0.0,0.0,0.0,-5.89,-8.44
2109,華豐,橡膠工業,14.4,0.35,,,,0.0,0.0,0.0,0.0,0.0,0.0,0.0,0.0,0.0,15.26,44.0,0.02,-0.03,-0.04,-0.01,3.0,5.0,,0.0,0.15,,,,,,0.0,0.0,0.0,-4.0,-4.0
2114,鑫永銓,橡膠工業,89.9,0.22,,,,0.0,0.0,0.0,0.0,0.0,0.0,0.0,0.0,0.0,4.17,-1.0,-0.0,-0.0,-0.02,-0.03,2.0,2.0,,0.0,0.14,,,,,,0.0,0.0,0.0,-0.11,-0.66
2115,六暉-KY,汽車工業,23.9,0.84,,,,0.0,0.0,0.0,0.0,0.0,0.0,0.0,0.0,0.0,46.67,6.0,0.01,-0.01,0.01,0.02,2.0,5.0,,0.0,0.1,,,,,,0.0,0.0,0.0,-1.24,-1.44
2201,裕隆,汽車工業,29.25,0.17,,,,0.04,0.0,0.0,0.0,-0.02,-0.08,1.0,2.0,9.0,4.44,-558.0,-0.05,-0.26,-0.73,-1.83,0.0,1.0,,0.0,0.9,,,,,,0.0,3.0,5.0,-8.45,-8.45
2204,中華,汽車工業,52.3,0.58,,,,0.48,-0.0,-3.0,0.02,0.03,0.03,2.0,5.0,8.0,18.68,-22.0,-0.0,-0.08,-0.19,-0.24,1.0,2.0,,0.0,0.71,,,,,,3.0,5.0,9.0,-4.56,-9.67
2206,三陽工業,汽車工業,62.1,-0.64,,,,2.24,0.0,0.0,0.0,-0.01,-0.01,2.0,4.0,6.0,7.68,-28.0,-0.0,-0.02,0.02,-0.04,1.0,4.0,,0.0,0.5,,,,,,0.0,1.0,3.0,-3.27,-4.17
2207,和泰車,汽車工業,509.0,0.59,,,,0.72,0.0,6.0,0.0,-0.03,-0.02,5.0,8.0,16.0,22.45,37.0,0.01,-0.06,-0.05,0.0,1.0,3.0,,0.0,0.52,,,,,,0.0,2.0,4.0,-5.57,-8.78
2208,台船,航運業,19.15,0.26,,,,0.0,0.0,0.0,0.0,0.0,0.0,0.0,0.0,0.0,7.4,-236.0,-0.02,0.08,0.14,0.06,2.0,5.0,,0.0,0.04,,,,,,0.0,0.0,0.0,-2.3,-11.75
2211,長榮鋼,鋼鐵工業,79.7,1.14,,,,5.09,-0.0,-2.0,-0.0,-0.01,0.0,1.0,1.0,2.0,3.38,10.0,0.0,-0.37,-0.57,-0.42,1.0,1.0,,-0.0,0.53,,,,,,2.0,5.0,9.0,-5.12,-17.67
2221,大甲,其他,197.5,9.72,,,,0.0,0.0,0.0,0.0,0.0,0.0,0.0,0.0,0.0,3.71,-281.0,-0.66,-2.02,-0.45,-4.21,1.0,5.0,,-0.2,0.3,,,,,,0.0,0.0,0.0,0.0,0.0
2227,裕日車,汽車工業,45.0,0.56,,,,0.0,0.0,0.0,0.0,0.0,0.0,0.0,0.0,0.0,40.44,12.0,0.0,-0.01,-0.02,-0.03,2.0,5.0,,0.0,0.21,,,,,,0.0,0.0,0.0,-6.83,-11.42
2228,劍麟,汽車工業,74.8,-0.27,,,,0.0,0.0,0.0,0.0,0.0,0.0,0.0,0.0,0.0,3.59,-5.0,-0.01,0.03,-0.2,-0.17,2.0,5.0,,0.0,0.55,,,,,,0.0,0.0,0.0,-2.73,-14.81
2230,泰茂,電機機械,21.8,0.23,,,,0.0,0.0,0.0,0.0,0.0,0.0,0.0,0.0,0.0,5.85,-10.0,-0.02,0.08,-0.07,-0.08,3.0,3.0,,-0.0,0.46,,,,,,0.0,0.0,0.0,-4.39,-19.85
2231,為升,汽車工業,94.7,2.93,,,,0.93,0.0,0.0,0.0,0.0,0.0,0.0,0.0,0.0,4.05,74.0,0.05,0.07,0.19,0.07,3.0,7.0,,-0.0,0.33,,,,,,0.0,0.0,0.0,0.0,-25.14
2233,宇隆,汽車工業,167.0,-0.6,,,,0.14,0.0,0.0,0.0,0.0,-0.14,0.0,0.0,1.0,8.84,-6.0,-0.01,-0.42,-0.22,0.45,2.0,5.0,,-0.0,0.44,,,,,,0.0,0.0,1.0,-5.11,-39.27
2235,謚源,電機機械,28.0,,,,,0.0,0.0,0.0,0.0,0.0,0.0,0.0,0.0,0.0,0.06,0.0,0.0,0.0,0.0,0.0,1.0,2.0,,0.0,0.0,,,,,,0.0,0.0,0.0,-2.78,-9.39
2236,百達-KY,汽車工業,109.5,2.34,,,,0.0,0.0,0.0,0.0,0.0,0.0,0.0,0.0,0.0,62.6,35.0,0.07,1.56,1.81,1.43,5.0,9.0,,0.0,5.06,,,,,,0.0,0.0,0.0,-13.78,-40.49
2239,英利-KY,汽車工業,18.95,0.8,,,,0.0,0.0,0.0,0.0,0.0,0.0,0.0,0.0,0.0,73.68,23.0,0.02,0.05,0.09,0.12,2.0,5.0,,0.0,0.1,,,,,,0.0,0.0,0.0,-5.72,-18.32
2241,艾姆勒,汽車工業,46.15,4.89,,,,0.02,0.0,0.0,0.0,0.0,0.0,0.0,0.0,0.0,6.72,489.0,0.47,-1.69,-1.58,-1.38,1.0,4.0,,0.0,3.22,,,,,,0.0,0.0,0.0,0.0,-3.05
2243,宏旭-KY,汽車工業,52.6,4.16,,,,0.2,-0.0,-1.0,-0.0,-0.0,-0.0,0.0,0.0,0.0,26.8,36.0,0.05,-0.39,-0.12,-1.11,1.0,3.0,,0.0,0.57,,,,,,1.0,1.0,3.0,-2.59,-20.3
2247,汎德永業,汽車工業,224.5,0.67,,,,0.21,0.0,0.0,0.01,0.01,0.01,2.0,5.0,9.0,4.1,19.0,0.02,-0.02,0.05,0.15,2.0,7.0,,0.0,0.09,,,,,,1.0,3.0,5.0,-4.06,-5.27
2250,IKKA-KY,汽車工業,57.0,0.35,,,,0.0,0.0,0.0,0.0,0.0,0.0,0.0,0.0,0.0,7.07,17.0,0.05,0.11,0.08,0.15,5.0,7.0,,0.0,0.02,,,,,,0.0,0.0,0.0,-3.06,-20.28
2254,巨鎧精密-創,汽車工業,92.6,0.87,,,,0.0,0.0,0.0,0.0,0.0,0.0,0.0,0.0,0.0,26.68,114.0,0.18,1.67,2.39,2.81,5.0,8.0,,0.0,0.68,,,,,,0.0,0.0,0.0,0.0,0.0
2258,鴻華先進-創,汽車工業,32.0,3.39,,,,0.0,0.0,0.0,0.0,0.0,0.0,0.0,0.0,0.0,0.51,500.0,0.03,0.03,0.03,0.02,2.0,4.0,,0.0,0.1,,,,,,0.0,0.0,0.0,0.0,-2.74
2301,光寶科,電腦及週邊設備業,279.5,-0.53,,,,9.68,-0.0,-13.0,-0.04,-0.05,-0.09,1.0,5.0,12.0,42.18,-4040.0,-0.17,-0.37,-0.62,-1.2,2.0,4.0,,0.0,9.32,,,,,,4.0,5.0,8.0,-11.27,-11.97
2302,麗正,半導體業,45.0,-0.66,,,,0.14,-0.0,-2.0,-0.0,-0.0,-0.0,0.0,0.0,0.0,2.88,200.0,0.12,-0.32,1.04,1.07,2.0,6.0,,0.02,0.25,,,,,,1.0,1.0,3.0,-2.28,-13.79
2303,聯電,半導體業,154.5,0.65,,,,11.75,0.03,3653.0,0.1,0.47,0.84,4.0,9.0,17.0,41.32,-592.0,-0.0,-0.06,0.06,-0.26,1.0,4.0,,-0.01,4.7,,,,,,1.0,1.0,3.0,-3.44,-9.38
2305,全友,電腦及週邊設備業,68.7,-0.58,,,,0.14,-0.0,-2.0,-0.0,-0.0,-0.0,0.0,0.0,0.0,7.89,-1131.0,-0.55,0.75,4.47,4.25,3.0,7.0,,-0.0,1.36,,,,,,1.0,1.0,3.0,-0.58,-0.58
2308,台達電,電子零組件業,1890.0,3.0,,,,4.41,0.02,461.0,0.13,0.27,0.15,5.0,8.0,12.0,61.51,265.0,0.01,-0.17,0.04,-0.58,1.0,4.0,,0.01,1.4,,,,,,0.0,2.0,8.0,-1.05,-8.92
2312,金寶,其他電子業,31.25,1.79,,,,0.22,0.0,0.0,0.0,0.02,0.02,2.0,5.0,10.0,8.82,2229.0,0.15,0.08,0.02,0.04,3.0,5.0,,0.01,0.22,,,,,,0.0,0.0,1.0,-5.73,-12.1
2313,華通,電子零組件業,226.5,0.22,,,,3.22,0.01,77.0,0.04,-0.08,-0.88,4.0,6.0,12.0,19.35,430.0,0.04,0.25,-1.05,-2.33,4.0,5.0,,-0.01,1.57,,,,,,1.0,4.0,8.0,-10.12,-10.12
2314,台揚,通信網路業,11.2,1.36,,,,0.0,0.0,0.0,0.0,0.0,0.0,0.0,0.0,0.0,0.5,-1.0,-0.0,-0.0,-0.0,-0.0,0.0,1.0,,0.0,0.0,,,,,,0.0,0.0,0.0,-2.61,-20.57
2316,楠梓電,電子零組件業,166.0,2.47,,,,0.16,-0.0,-2.0,-0.0,-0.0,-0.0,0.0,0.0,0.0,38.08,381.0,0.21,0.36,0.11,-0.29,4.0,6.0,,0.01,1.03,,,,,,1.0,1.0,3.0,-0.3,-25.06
2317,鴻海,其他電子業,251.5,0.4,,,,3.87,-0.0,-236.0,0.01,0.02,0.06,1.0,4.0,11.0,40.82,4632.0,0.03,-0.03,-0.09,-0.03,4.0,5.0,,0.0,1.68,,,,,,4.0,6.0,9.0,-1.76,-6.85
2321,東訊,通信網路業,24.3,-2.8,,,,0.0,0.0,0.0,0.0,0.0,0.0,0.0,0.0,0.0,0.01,0.0,0.0,0.0,0.0,0.0,0.0,0.0,,0.0,0.0,,,,,,0.0,0.0,0.0,-6.54,-6.54
2323,中環,光電業,11.0,2.8,,,,0.41,0.0,0.0,0.0,0.0,0.0,0.0,0.0,0.0,10.63,8058.0,0.74,0.63,0.61,-0.12,2.0,4.0,,0.02,3.93,,,,,,0.0,0.0,0.0,0.0,-8.33
2324,仁寶,電腦及週邊設備業,37.1,2.91,,,,4.8,0.0,0.0,0.0,0.01,-0.02,3.0,5.0,5.0,34.74,1967.0,0.04,-1.08,-1.94,-3.42,1.0,1.0,,0.02,11.77,,,,,,1.0,4.0,13.0,-10.82,-14.12
2327,國巨,電子零組件業,548.0,0.0,,,,33.46,-0.13,-554.0,-0.59,-0.36,-1.72,1.0,5.0,6.0,215.14,-104.0,-0.02,-2.56,-3.88,-2.64,2.0,4.0,,-0.01,9.65,,,,,,4.0,5.0,14.0,-6.96,-47.56
2328,廣宇,電子零組件業,47.55,1.17,,,,0.18,0.0,0.0,0.0,0.0,0.0,0.0,0.0,0.0,9.57,697.0,0.13,0.16,0.35,0.76,4.0,7.0,,-0.0,0.68,,,,,,0.0,0.0,0.0,-0.52,-7.13
2329,華泰,半導體業,44.8,2.28,,,,0.21,0.0,0.0,0.0,0.0,0.0,0.0,0.0,0.0,11.84,1722.0,0.31,0.22,0.42,0.59,2.0,5.0,,-0.0,0.53,,,,,,0.0,0.0,0.0,0.0,-17.95
2330,台積電,半導體業,2480.0,0.2,,,,3.65,0.0,752.0,0.0,0.0,0.0,2.0,5.0,9.0,69.19,703.0,0.0,-0.02,-0.02,-0.05,2.0,5.0,,0.0,1.45,,,,,,3.0,5.0,11.0,-0.8,-0.8
2331,精英,電腦及週邊設備業,19.2,2.67,,,,0.0,0.0,0.0,0.0,0.0,0.0,0.0,0.0,0.0,5.9,489.0,0.09,0.02,0.16,-0.02,1.0,4.0,,0.0,1.33,,,,,,0.0,0.0,0.0,-3.27,-9.86
2332,友訊,通信網路業,20.6,2.49,,,,0.0,0.0,0.0,0.0,0.0,0.0,0.0,0.0,0.0,5.15,1606.0,0.27,-0.52,-0.49,-0.77,3.0,6.0,,0.01,0.22,,,,,,0.0,0.0,0.0,0.0,-20.62
2337,旺宏,半導體業,122.5,3.38,,,,0.22,-0.0,-35.0,-0.04,-0.03,-0.29,3.0,5.0,5.0,26.55,10511.0,0.57,0.24,0.56,-0.18,3.0,5.0,,0.02,0.11,,,,,,2.0,5.0,14.0,-3.16,-17.51
2338,光罩,半導體業,47.3,0.42,,,,0.0,0.0,0.0,0.0,0.0,0.0,0.0,0.0,0.0,5.33,470.0,0.18,0.54,-1.13,-2.38,4.0,4.0,,-0.02,1.81,,,,,,0.0,0.0,0.0,-6.71,-8.16
2340,台亞,半導體業,40.8,7.37,,,,0.0,0.0,0.0,0.0,0.0,0.0,0.0,0.0,0.0,12.91,1557.0,0.41,1.26,1.97,2.32,4.0,8.0,,0.22,1.68,,,,,,0.0,0.0,0.0,0.0,0.0
2342,茂矽,半導體業,50.3,0.4,,,,0.0,0.0,0.0,0.0,0.0,0.0,0.0,0.0,0.0,1.41,338.0,0.22,-3.24,-2.93,-2.86,2.0,5.0,,-0.05,0.21,,,,,,0.0,0.0,0.0,0.0,-15.03
2344,華邦電,半導體業,179.5,3.16,,,,8.38,-0.0,-37.0,-0.5,-0.65,-1.24,0.0,1.0,3.0,21.12,37711.0,0.9,1.08,1.63,0.2,4.0,6.0,,0.03,0.89,,,,,,5.0,9.0,17.0,-4.52,-4.52
2345,智邦,通信網路業,1775.0,-1.93,,,,7.31,-0.37,-2059.0,-0.71,-1.21,-1.93,0.0,1.0,2.0,56.93,1075.0,0.19,-0.06,-0.14,-0.14,1.0,3.0,,0.02,2.5,,,,,,5.0,9.0,18.0,-19.5,-35.1
2347,聯強,電子通路業,94.9,0.42,,,,13.84,0.01,129.0,0.04,0.08,0.15,5.0,8.0,14.0,30.07,-77.0,-0.0,0.21,0.2,0.44,3.0,6.0,,0.0,8.44,,,,,,0.0,2.0,6.0,0.0,-2.27
2348,海悅,其他,70.6,0.14,,,,0.0,0.0,0.0,0.0,0.0,0.0,0.0,0.0,0.0,3.14,-32.0,-0.03,0.01,0.18,0.65,2.0,6.0,,0.0,0.37,,,,,,0.0,0.0,0.0,-4.85,-11.64
2349,錸德,光電業,10.7,2.88,,,,0.0,0.0,0.0,0.0,0.0,0.0,0.0,0.0,0.0,13.4,284.0,0.04,-0.11,-0.1,-0.51,1.0,3.0,,0.0,0.42,,,,,,0.0,0.0,0.0,-3.6,-20.15
2351,順德,半導體業,209.0,-3.02,,,,1.91,-0.29,-520.0,-0.25,-0.23,0.11,1.0,3.0,8.0,27.2,-474.0,-0.26,1.76,2.55,2.65,3.0,6.0,,-0.02,0.0,,,,,,1.0,1.0,2.0,-18.68,-18.68
2352,佳世達,電腦及週邊設備業,29.65,2.24,,,,2.94,-0.0,-22.0,-0.0,-0.01,0.16,0.0,1.0,11.0,5.8,1684.0,0.09,0.07,0.28,0.31,2.0,6.0,,0.0,1.63,,,,,,1.0,3.0,3.0,0.0,-16.24
2353,宏��,電腦及週邊設備業,31.65,0.8,,,,6.85,0.0,92.0,0.0,0.07,0.34,5.0,10.0,20.0,13.84,1724.0,0.06,-0.29,0.11,-0.1,2.0,5.0,,0.01,4.93,,,,,,0.0,0.0,0.0,-3.21,-3.8
2354,鴻準,其他電子業,65.7,0.92,,,,0.19,0.0,0.0,0.0,-0.01,-0.01,1.0,3.0,4.0,14.57,4191.0,0.3,0.58,0.44,2.2,3.0,6.0,,0.01,0.79,,,,,,1.0,3.0,10.0,-0.9,-0.9
2355,敬鵬,電子零組件業,41.8,0.48,,,,0.0,0.0,0.0,0.0,0.0,0.0,0.0,0.0,0.0,17.15,199.0,0.05,0.24,0.21,0.34,4.0,7.0,,0.0,0.35,,,,,,0.0,0.0,0.0,-5.43,-21.28
2356,英業達,電腦及週邊設備業,59.5,0.51,,,,12.25,-0.01,-190.0,-0.01,-0.05,-0.0,1.0,3.0,7.0,18.09,-2032.0,-0.06,-0.44,-0.59,-0.88,0.0,0.0,,0.01,10.88,,,,,,4.0,7.0,13.0,-11.85,-14.88
2357,華碩,電腦及週邊設備業,961.0,-0.21,,,,22.28,0.0,11.0,-0.01,-0.03,0.78,4.0,6.0,15.0,39.25,45.0,0.01,0.07,-0.07,-0.22,4.0,6.0,,0.01,8.42,,,,,,1.0,4.0,5.0,-6.24,-6.24
2358,廷鑫,其他,,,,,,,,,,,,,,,,,,,,,,,,,,,,,,,,,,,
2359,所羅門,其他電子業,128.5,0.0,,,,0.0,0.0,0.0,0.0,0.0,0.0,0.0,0.0,0.0,5.26,-86.0,-0.05,-0.36,-1.49,-4.22,0.0,0.0,,-0.0,1.32,,,,,,0.0,0.0,0.0,-11.07,-27.61
2360,致茂,其他電子業,2135.0,-2.29,,,,6.38,-0.09,-370.0,-0.28,-0.31,-0.01,0.0,2.0,8.0,59.41,69.0,0.02,0.23,0.31,0.34,3.0,5.0,,0.01,0.6,,,,,,5.0,8.0,12.0,-12.5,-12.5
2362,藍天,電腦及週邊設備業,46.9,0.43,,,,0.0,0.0,0.0,0.0,0.0,0.0,0.0,0.0,0.0,10.47,-98.0,-0.02,-0.07,-0.03,-0.04,1.0,5.0,,0.0,0.27,,,,,,0.0,0.0,0.0,-4.87,-8.22
2363,矽統,半導體業,59.1,-0.17,,,,0.12,0.0,30.0,0.0,0.0,0.0,3.0,3.0,3.0,4.58,633.0,0.08,-0.62,0.29,-0.08,1.0,5.0,,0.0,3.92,,,,,,0.0,0.0,0.0,-1.99,-16.29
2364,倫飛,電腦及週邊設備業,65.0,0.15,,,,0.0,0.0,0.0,0.0,0.0,0.0,0.0,0.0,0.0,35.16,-12.0,-0.04,-0.06,0.81,-1.94,1.0,5.0,,-0.0,1.83,,,,,,0.0,0.0,0.0,-3.7,-26.22
2365,昆盈,電腦及週邊設備業,28.35,0.89,,,,0.0,0.0,0.0,0.0,0.0,0.0,0.0,0.0,0.0,3.49,240.0,0.11,0.09,0.28,0.08,4.0,7.0,,0.0,0.62,,,,,,0.0,0.0,0.0,-5.97,-19.12
2367,燿華,電子零組件業,43.55,3.08,,,,0.0,0.0,0.0,0.0,0.0,0.0,0.0,0.0,0.0,9.91,1579.0,0.24,0.41,0.55,0.89,5.0,9.0,,0.02,0.74,,,,,,0.0,0.0,0.0,-2.46,-20.82
2368,金像電,電子零組件業,1120.0,0.0,,,,11.05,0.2,960.0,0.66,0.7,1.05,5.0,7.0,13.0,23.74,-3601.0,-0.73,-2.12,-3.32,-4.33,0.0,1.0,,-0.02,0.28,,,,,,0.0,3.0,7.0,-8.57,-14.18
2369,菱生,半導體業,32.15,1.74,,,,0.0,0.0,0.0,0.0,0.0,0.0,0.0,0.0,0.0,14.1,2437.0,0.64,0.36,-1.01,-1.04,3.0,5.0,,0.0,0.43,,,,,,0.0,0.0,0.0,-0.31,-25.58
2371,大同,電機機械,30.45,3.75,,,,0.19,-0.0,-24.0,-0.0,-0.03,-0.01,0.0,1.0,9.0,6.79,6699.0,0.29,0.12,0.82,1.03,1.0,5.0,,0.04,2.57,,,,,,1.0,4.0,6.0,0.0,0.0
2373,震旦行,其他電子業,52.9,0.76,,,,0.0,0.0,0.0,0.0,0.0,0.0,0.0,0.0,0.0,1.41,10.0,0.0,0.0,-0.0,0.02,1.0,3.0,,-0.0,0.2,,,,,,0.0,0.0,0.0,-1.67,-7.68
2374,佳能,光電業,67.2,1.51,,,,0.0,0.0,0.0,0.0,-0.03,-0.03,0.0,0.0,1.0,6.98,599.0,0.21,0.19,0.5,-0.24,3.0,6.0,,0.0,1.36,,,,,,0.0,2.0,5.0,-4.14,-13.18
2375,凱美,電子零組件業,118.0,0.43,,,,0.25,-0.0,-1.0,-0.0,-0.0,-0.18,0.0,0.0,0.0,8.91,221.0,0.2,0.37,0.28,-0.98,3.0,5.0,,0.0,0.44,,,,,,1.0,1.0,4.0,-7.09,-45.37
2376,技嘉,電腦及週邊設備業,358.5,-0.97,,,,16.75,-0.03,-209.0,-0.06,0.41,0.92,1.0,6.0,14.0,25.27,-337.0,-0.05,0.44,0.13,-1.38,4.0,6.0,,-0.01,14.26,,,,,,4.0,4.0,6.0,-2.58,-9.81
2377,微星,電腦及週邊設備業,151.0,0.0,,,,11.82,0.04,374.0,0.04,0.12,0.33,1.0,3.0,11.0,19.37,-641.0,-0.08,-0.01,0.48,1.65,3.0,8.0,,-0.0,10.99,,,,,,4.0,7.0,9.0,-6.5,-10.65
2379,瑞昱,半導體業,760.0,0.0,,,,22.21,0.04,188.0,0.15,0.15,0.56,4.0,5.0,13.0,46.39,258.0,0.05,0.62,1.59,1.55,4.0,8.0,,-0.01,4.38,,,,,,1.0,5.0,7.0,-0.13,-9.52
2380,虹光,電腦及週邊設備業,17.0,2.72,,,,0.0,0.0,0.0,0.0,0.0,0.0,0.0,0.0,0.0,0.23,3.0,0.0,0.02,0.06,0.11,4.0,9.0,,0.0,0.0,,,,,,0.0,0.0,0.0,-8.11,-23.42
2382,廣達,電腦及週邊設備業,333.5,-0.89,,,,15.78,0.0,48.0,0.08,0.44,0.56,4.0,9.0,18.0,24.89,-3673.0,-0.1,-0.29,-0.35,0.07,1.0,3.0,,0.01,4.95,,,,,,1.0,1.0,2.0,-4.03,-12.47
2383,台光電,電子零組件業,4935.0,0.3,,,,11.68,0.05,163.0,-0.19,-0.81,-1.0,1.0,1.0,4.0,45.77,-162.0,-0.05,-0.08,0.17,0.08,2.0,6.0,,-0.0,2.37,,,,,,4.0,9.0,16.0,-12.5,-22.28
2385,群光,電子零組件業,104.5,0.0,,,,12.65,-0.0,-19.0,-0.01,-0.03,-0.01,1.0,4.0,11.0,24.74,172.0,0.02,0.03,0.26,0.59,4.0,8.0,,0.01,11.29,,,,,,4.0,6.0,9.0,-5.43,-5.43
2387,精元,電腦及週邊設備業,36.45,0.55,,,,0.86,0.0,0.0,0.04,0.09,0.1,2.0,7.0,12.0,8.69,-11.0,-0.01,-0.03,-0.05,-0.05,2.0,4.0,,0.01,0.29,,,,,,1.0,1.0,3.0,-2.54,-11.21
2388,威盛,半導體業,73.0,2.53,,,,0.22,0.01,30.0,0.02,0.02,0.02,3.0,3.0,3.0,17.11,1021.0,0.2,-0.07,-0.77,-1.15,2.0,2.0,,-0.0,3.01,,,,,,0.0,0.0,0.0,-10.32,-12.05
2390,云辰,其他電子業,10.3,0.98,,,,0.0,0.0,0.0,0.0,0.0,0.0,0.0,0.0,0.0,2.74,64.0,0.03,0.06,0.26,-0.29,3.0,7.0,,-0.0,0.16,,,,,,0.0,0.0,0.0,0.0,-23.42
2392,正崴,電子零組件業,41.6,1.84,,,,0.0,0.0,0.0,0.0,-0.03,-0.03,0.0,0.0,2.0,7.79,224.0,0.04,-0.81,-0.67,-0.48,2.0,6.0,,0.01,0.71,,,,,,0.0,2.0,5.0,-9.37,-10.83
2393,億光,光電業,64.5,1.42,,,,4.2,0.0,12.0,-0.19,-0.11,-0.31,2.0,7.0,13.0,29.03,687.0,0.15,0.25,0.67,0.8,3.0,6.0,,-0.0,2.09,,,,,,3.0,3.0,7.0,-2.27,-9.15
2395,研華,電腦及週邊設備業,726.0,-0.55,,,,2.63,0.02,147.0,0.03,0.02,0.05,2.0,3.0,10.0,36.51,-270.0,-0.03,0.11,0.49,0.68,3.0,7.0,,-0.01,0.59,,,,,,3.0,7.0,10.0,-0.55,-0.55
2397,友通,電腦及週邊設備業,63.0,0.0,,,,0.0,0.0,0.0,0.0,0.0,0.0,0.0,0.0,0.0,14.77,-7.0,-0.01,0.19,0.2,-0.2,3.0,6.0,,0.01,2.59,,,,,,0.0,0.0,0.0,0.0,-7.35
2399,映泰,電腦及週邊設備業,48.95,-0.51,,,,0.0,0.0,0.0,0.0,0.0,0.0,0.0,0.0,0.0,9.46,-379.0,-0.21,-0.39,2.98,1.8,2.0,5.0,,-0.02,0.66,,,,,,0.0,0.0,0.0,-1.01,-11.0
2401,凌陽,半導體業,26.75,2.69,,,,0.17,0.01,30.0,0.02,0.02,0.02,3.0,3.0,3.0,16.85,935.0,0.16,0.25,0.3,0.04,4.0,7.0,,-0.01,0.51,,,,,,0.0,0.0,0.0,0.0,-20.03
2402,毅嘉,電子零組件業,58.5,2.81,,,,0.0,0.0,0.0,0.0,0.0,0.0,0.0,0.0,0.0,5.75,472.0,0.15,0.29,0.18,-0.85,3.0,5.0,,0.03,1.39,,,,,,0.0,0.0,0.0,-5.95,-15.34
2404,漢唐,其他電子業,1290.0,5.74,,,,7.89,0.09,164.0,0.63,0.78,0.79,4.0,5.0,10.0,37.4,-95.0,-0.05,0.23,0.48,-0.19,2.0,5.0,,0.03,5.95,,,,,,0.0,4.0,9.0,0.0,-4.44
2405,浩鑫,電腦及週邊設備業,15.25,0.66,,,,0.0,0.0,0.0,0.0,0.0,0.0,0.0,0.0,0.0,5.54,261.0,0.08,0.27,0.45,0.49,5.0,9.0,,0.0,0.07,,,,,,0.0,0.0,0.0,-1.29,-14.08
2406,國碩,光電業,31.45,3.8,,,,0.26,-0.0,-6.0,-0.0,-0.0,-0.0,0.0,0.0,0.0,6.82,735.0,0.21,-1.36,-1.34,-1.47,1.0,5.0,,0.0,0.45,,,,,,1.0,1.0,3.0,0.0,-24.13
2408,南亞科,半導體業,519.0,2.57,,,,5.85,0.01,182.0,-0.11,0.02,-0.27,1.0,4.0,6.0,16.79,11753.0,0.38,0.03,0.95,-0.74,3.0,6.0,,0.02,1.96,,,,,,4.0,6.0,14.0,-2.26,-4.42
2409,友達,光電業,38.55,9.99,,,,0.32,0.0,150.0,0.0,0.05,0.03,2.0,4.0,5.0,17.31,67780.0,0.88,1.23,4.49,6.73,3.0,6.0,,0.04,7.12,,,,,,2.0,4.0,11.0,0.0,0.0
2412,中華電,通信網路業,143.5,-0.35,,,,3.83,-0.0,-15.0,0.01,-0.01,-0.01,3.0,4.0,10.0,18.25,2852.0,0.04,0.16,0.63,1.29,4.0,9.0,,0.0,1.0,,,,,,2.0,6.0,9.0,-1.37,-1.37
2413,環科,電子零組件業,51.4,0.78,,,,0.0,0.0,0.0,0.0,0.0,0.0,0.0,0.0,0.0,3.43,-16.0,-0.01,-0.39,0.43,-2.1,3.0,5.0,,0.0,0.53,,,,,,0.0,0.0,0.0,-4.81,-4.81
2414,精技,電子通路業,53.3,0.38,,,,0.16,-0.0,-2.0,-0.0,-0.0,-0.0,0.0,0.0,0.0,4.3,-13.0,-0.01,0.03,0.02,0.07,3.0,5.0,,0.01,0.12,,,,,,1.0,1.0,3.0,0.0,-17.49
2415,錩新,電子零組件業,27.2,-0.18,,,,0.25,-0.0,-2.0,-0.0,-0.0,-0.03,0.0,0.0,0.0,23.05,-4.0,-0.0,-0.02,0.04,-0.2,2.0,6.0,,0.0,0.16,,,,,,1.0,1.0,3.0,-6.04,-34.69
2417,圓剛,電腦及週邊設備業,39.3,1.55,,,,0.0,0.0,0.0,0.0,0.0,0.0,0.0,0.0,0.0,2.52,121.0,0.08,0.16,0.32,-0.5,4.0,9.0,,0.0,1.46,,,,,,0.0,0.0,0.0,-9.86,-17.26
2419,仲琦,通信網路業,29.7,2.41,,,,0.0,0.0,0.0,0.0,0.0,0.0,0.0,0.0,0.0,1.51,411.0,0.13,0.01,0.58,-0.16,2.0,6.0,,-0.0,0.35,,,,,,0.0,0.0,0.0,-3.1,-3.1
2420,新巨,電子零組件業,55.0,2.04,,,,0.54,0.0,0.0,0.0,0.0,0.0,0.0,0.0,0.0,8.07,84.0,0.06,0.12,0.09,0.23,4.0,5.0,,-0.0,0.39,,,,,,0.0,0.0,0.0,-0.18,-11.29
2421,建準,電子零組件業,160.5,-1.83,,,,2.51,-0.0,-10.0,-0.05,-0.08,-0.06,0.0,0.0,6.0,38.45,47.0,0.02,0.33,0.45,-0.09,4.0,7.0,,-0.0,0.15,,,,,,4.0,8.0,11.0,-9.83,-10.58
2423,固緯,其他電子業,72.1,0.14,,,,0.03,0.0,0.0,0.0,0.0,0.0,0.0,0.0,0.0,4.94,-50.0,-0.03,-0.1,-0.1,-0.12,2.0,5.0,,0.0,0.07,,,,,,0.0,0.0,0.0,-2.96,-14.98
2424,隴華,電腦及週邊設備業,8.3,2.22,,,,0.0,0.0,0.0,0.0,0.0,0.0,0.0,0.0,0.0,1.5,0.0,0.0,-0.17,-0.34,-0.57,0.0,0.0,,0.0,0.02,,,,,,0.0,0.0,0.0,-3.49,-20.95
2425,承啟,電腦及週邊設備業,37.5,0.13,,,,0.21,-0.0,-2.0,-0.0,-0.0,-0.0,0.0,0.0,0.0,6.78,76.0,0.08,-0.07,0.59,1.55,3.0,8.0,,0.0,0.25,,,,,,1.0,1.0,3.0,-1.57,-29.11
2426,鼎元,光電業,104.0,4.21,,,,0.0,0.0,0.0,0.0,0.0,0.0,0.0,0.0,0.0,8.25,551.0,0.18,0.34,1.04,-4.76,2.0,4.0,,-0.03,0.77,,,,,,0.0,0.0,0.0,-3.26,-3.26
2427,三商電,資訊服務業,23.35,0.43,,,,0.01,0.0,0.0,0.0,0.0,0.0,0.0,0.0,0.0,3.39,377.0,0.19,0.4,0.44,0.28,5.0,9.0,,0.0,2.25,,,,,,0.0,0.0,0.0,-4.11,-12.38
2428,興勤,電子零組件業,251.5,0.0,,,,1.97,0.0,0.0,-0.01,-0.01,-0.18,0.0,0.0,0.0,13.97,-30.0,-0.02,-0.49,-0.45,-0.13,1.0,4.0,,0.0,0.32,,,,,,2.0,2.0,7.0,-3.27,-26.78
2429,銘旺科,光電業,30.95,0.98,,,,0.0,0.0,0.0,0.0,0.0,0.0,0.0,0.0,0.0,4.15,135.0,0.5,0.55,1.33,1.02,3.0,7.0,,0.0,0.47,,,,,,0.0,0.0,0.0,-5.35,-36.9
2430,燦坤,電子通路業,18.25,0.83,,,,0.0,0.0,0.0,0.0,0.0,0.0,0.0,0.0,0.0,2.77,-8.0,-0.01,-0.02,-0.04,0.01,0.0,2.0,,0.0,0.36,,,,,,0.0,0.0,0.0,0.0,0.0
2431,聯昌,電子零組件業,10.15,1.5,,,,0.0,0.0,0.0,0.0,0.0,0.0,0.0,0.0,0.0,1.05,15.0,0.01,-0.0,0.01,0.01,3.0,6.0,,0.0,0.33,,,,,,0.0,0.0,0.0,-1.46,-16.12
2432,倚天酷碁-創,電腦及週邊設備業,27.65,0.0,,,,0.0,0.0,0.0,0.0,0.0,0.0,0.0,0.0,0.0,0.88,-1.0,-0.0,-0.01,-0.03,-0.03,1.0,2.0,,0.0,0.16,,,,,,0.0,0.0,0.0,-1.25,-3.99
2433,互盛電,其他電子業,40.45,1.12,,,,0.0,0.0,0.0,0.0,0.0,0.0,0.0,0.0,0.0,0.99,2.0,0.0,0.0,-0.02,-0.0,2.0,4.0,,0.0,0.21,,,,,,0.0,0.0,0.0,-2.76,-4.94
2434,統懋,半導體業,65.4,0.93,,,,0.0,0.0,0.0,0.0,0.0,0.0,0.0,0.0,0.0,2.58,15.0,0.09,0.11,-0.07,-3.9,3.0,5.0,,0.0,0.39,,,,,,0.0,0.0,0.0,-4.11,-27.97
2436,偉詮電,半導體業,74.5,-1.84,,,,0.45,-0.01,-10.0,-0.01,0.0,0.37,1.0,2.0,5.0,14.55,-947.0,-0.53,1.88,0.91,2.11,3.0,5.0,,-0.21,1.65,,,,,,2.0,3.0,4.0,-1.84,-4.12
2438,翔耀,光電業,19.9,1.02,,,,0.0,0.0,0.0,0.0,0.0,0.0,0.0,0.0,0.0,0.82,-7.0,-0.01,0.06,0.03,-0.09,3.0,4.0,,0.0,0.01,,,,,,0.0,0.0,0.0,-9.75,-9.75
2439,美律,通信網路業,77.3,-1.02,,,,0.4,0.0,0.0,0.0,0.0,-0.16,0.0,0.0,5.0,11.75,-730.0,-0.33,0.24,1.14,0.7,4.0,8.0,,-0.0,0.25,,,,,,2.0,3.0,8.0,-2.52,-16.16
2440,太空梭,電子零組件業,14.4,1.77,,,,0.0,0.0,0.0,0.0,0.0,0.0,0.0,0.0,0.0,0.71,123.0,0.09,0.03,0.18,0.05,1.0,5.0,,0.0,0.05,,,,,,0.0,0.0,0.0,-0.35,-20.0
2441,超豐,半導體業,125.5,2.87,,,,1.92,-0.0,-1.0,-0.35,-0.31,-0.58,1.0,4.0,8.0,11.26,171.0,0.03,0.71,1.77,1.53,3.0,7.0,,-0.0,6.02,,,,,,4.0,6.0,12.0,-1.57,-13.45
2442,新美齊,電腦及週邊設備業,14.4,0.35,,,,0.0,0.0,0.0,0.0,0.0,0.0,0.0,0.0,0.0,1.8,41.0,0.02,-0.21,-0.45,-2.42,1.0,2.0,,0.0,0.81,,,,,,0.0,0.0,0.0,-25.96,-27.64
2443,昶虹,其他,,,,,,,,,,,,,,,,,,,,,,,,,,,,,,,,,,,
2444,兆勁,通信網路業,15.9,5.65,,,,0.0,0.0,0.0,0.0,0.0,0.0,0.0,0.0,0.0,3.86,-15.0,-0.01,1.24,1.78,1.45,4.0,8.0,,0.0,0.21,,,,,,0.0,0.0,0.0,0.0,0.0
2449,京元電子,半導體業,294.5,0.0,,,,9.23,0.0,6.0,0.22,0.57,1.0,3.0,4.0,7.0,31.06,-2575.0,-0.21,-0.15,1.88,0.78,2.0,6.0,,-0.07,14.09,,,,,,2.0,6.0,13.0,-7.1,-16.1
2450,神腦,通信網路業,28.2,0.0,,,,0.0,0.0,0.0,0.0,0.0,0.0,0.0,0.0,0.0,1.22,18.0,0.01,0.02,0.02,0.04,2.0,5.0,,0.0,0.34,,,,,,0.0,0.0,0.0,-0.53,-3.26
2451,創見,半導體業,289.0,1.05,,,,1.79,0.0,6.0,0.0,-0.09,-0.08,2.0,2.0,6.0,12.1,1182.0,0.28,0.56,0.85,0.37,4.0,7.0,,0.01,4.99,,,,,,2.0,7.0,12.0,-2.53,-8.54
2453,凌群,資訊服務業,53.6,0.19,,,,0.0,0.0,0.0,0.0,0.0,0.0,0.0,0.0,0.0,5.86,26.0,0.03,0.33,0.42,0.65,4.0,7.0,,0.0,0.6,,,,,,0.0,0.0,0.0,-3.42,-6.78
2454,聯發科,半導體業,4920.0,0.2,,,,6.09,0.0,53.0,-0.01,-0.03,0.17,2.0,3.0,12.0,56.45,-986.0,-0.06,-0.17,0.23,0.49,3.0,7.0,,0.0,3.11,,,,,,3.0,7.0,8.0,-6.91,-6.91
2455,全新,通信網路業,552.0,1.66,,,,13.5,0.0,0.0,-0.23,0.71,1.36,0.0,3.0,6.0,30.9,249.0,0.13,-1.48,-3.15,2.45,2.0,3.0,,0.02,4.42,,,,,,3.0,5.0,12.0,-3.5,-3.5
2457,飛宏,電子零組件業,22.55,3.68,,,,0.0,0.0,0.0,0.0,0.0,0.0,0.0,0.0,0.0,6.09,641.0,0.15,0.21,0.35,-0.06,3.0,7.0,,0.01,2.17,,,,,,0.0,0.0,0.0,-2.17,-25.21
2458,義隆,半導體業,137.5,1.1,,,,18.03,0.03,102.0,0.04,-0.09,-0.32,3.0,3.0,8.0,18.92,-81.0,-0.03,-0.42,-0.53,-0.48,0.0,1.0,,0.0,8.08,,,,,,2.0,6.0,11.0,-0.36,-26.08
2459,敦吉,其他電子業,65.0,0.15,,,,0.0,0.0,0.0,0.0,0.0,0.0,0.0,0.0,0.0,15.39,-42.0,-0.04,-0.11,-0.15,-0.14,0.0,0.0,,0.0,0.26,,,,,,0.0,0.0,0.0,-2.84,-3.42
2460,建通,電子零組件業,30.55,2.35,,,,0.0,0.0,0.0,0.0,0.0,0.0,0.0,0.0,0.0,1.2,93.0,0.05,0.09,0.12,0.07,4.0,6.0,,0.0,0.19,,,,,,0.0,0.0,0.0,-1.13,-22.66
2461,光群雷,其他電子業,17.85,2.59,,,,0.0,0.0,0.0,0.0,0.0,0.0,0.0,0.0,0.0,10.33,-8.0,-0.0,0.09,0.3,-0.58,3.0,7.0,,-0.0,0.02,,,,,,0.0,0.0,0.0,-2.99,-5.31
2462,良得電,電子零組件業,19.95,0.5,,,,0.0,0.0,0.0,0.0,0.0,0.0,0.0,0.0,0.0,1.37,22.0,0.02,0.07,0.17,-0.11,3.0,7.0,,0.0,0.54,,,,,,0.0,0.0,0.0,-2.92,-18.57
2464,盟立,其他電子業,192.5,0.26,,,,1.25,0.0,0.0,0.0,0.01,0.35,0.0,4.0,10.0,16.25,729.0,0.37,-1.22,-1.17,-0.5,3.0,4.0,,0.03,0.47,,,,,,0.0,0.0,1.0,-13.29,-13.29
2465,麗臺,電腦及週邊設備業,91.2,-0.76,,,,0.0,0.0,0.0,0.0,0.0,0.0,0.0,0.0,0.0,11.2,-317.0,-0.54,-0.95,-1.31,-1.93,1.0,2.0,,0.0,1.0,,,,,,0.0,0.0,0.0,-13.14,-13.14
2466,冠西電,光電業,124.5,9.69,,,,0.23,-0.0,-2.0,-0.0,-0.0,-0.0,0.0,0.0,0.0,12.4,926.0,0.54,0.21,0.83,0.77,2.0,7.0,,0.01,0.17,,,,,,1.0,1.0,3.0,0.0,0.0
2467,志聖,電子零組件業,539.0,-0.92,,,,0.98,0.0,0.0,0.0,0.0,0.08,0.0,1.0,4.0,20.39,-357.0,-0.23,-0.22,-0.86,-1.32,2.0,2.0,,-0.02,0.12,,,,,,1.0,1.0,4.0,-13.62,-17.71
2468,華經,資訊服務業,45.5,-1.19,,,,0.0,0.0,0.0,0.0,0.0,0.0,0.0,0.0,0.0,1.09,25.0,0.04,0.45,-0.0,0.4,4.0,6.0,,0.0,0.54,,,,,,0.0,0.0,0.0,-2.88,-2.88
2471,資通,資訊服務業,51.8,0.97,,,,0.0,0.0,0.0,0.0,0.0,0.0,0.0,0.0,0.0,5.74,29.0,0.06,0.72,1.95,1.32,5.0,10.0,,-0.01,0.06,,,,,,0.0,0.0,0.0,-2.63,-4.25
2472,立隆電,電子零組件業,213.5,0.23,,,,0.0,0.0,0.0,-0.11,-1.76,-4.02,1.0,1.0,1.0,14.06,-2.0,-0.0,-0.62,0.56,3.17,2.0,6.0,,0.01,0.32,,,,,,1.0,6.0,15.0,-5.53,-49.76
2474,可成,其他電子業,206.5,0.49,,,,14.87,-0.0,-14.0,0.1,0.36,0.49,3.0,6.0,12.0,10.74,-149.0,-0.02,-0.36,-0.8,-1.04,0.0,1.0,,0.0,3.93,,,,,,2.0,4.0,8.0,-3.28,-3.28
2476,鉅祥,電子零組件業,123.5,-0.8,,,,0.62,0.0,0.0,0.0,0.0,-0.1,0.0,0.0,0.0,8.63,-30.0,-0.01,0.15,0.23,-0.18,2.0,5.0,,0.01,3.47,,,,,,0.0,0.0,4.0,-3.14,-9.19
2477,美隆電,其他電子業,23.15,0.22,,,,0.34,0.0,0.0,0.02,0.04,0.05,2.0,7.0,13.0,23.43,13.0,0.01,0.03,0.21,0.07,4.0,8.0,,0.0,0.19,,,,,,1.0,1.0,2.0,-0.22,-0.22
2478,大毅,電子零組件業,120.0,2.13,,,,3.23,-0.0,-2.0,-0.02,-0.02,-0.08,0.0,0.0,0.0,12.26,381.0,0.26,0.27,0.64,1.15,3.0,7.0,,-0.01,0.41,,,,,,2.0,2.0,8.0,-5.51,-49.58
2480,敦陽科,資訊服務業,160.0,0.31,,,,0.41,-0.0,-1.0,-0.0,-0.0,0.02,0.0,0.0,5.0,12.41,-14.0,-0.01,-0.01,0.75,1.0,2.0,7.0,,0.0,0.49,,,,,,2.0,4.0,5.0,-3.03,-3.61
2481,強茂,半導體業,172.0,-1.99,,,,12.98,0.0,0.0,0.07,2.1,3.94,3.0,8.0,14.0,8.58,-3563.0,-0.93,-1.48,-5.49,-7.92,1.0,3.0,,-0.17,0.73,,,,,,0.0,0.0,0.0,-1.99,-24.4
2482,連宇,其他電子業,16.45,0.61,,,,0.0,0.0,0.0,0.0,0.0,0.0,0.0,0.0,0.0,1.67,64.0,0.08,0.22,0.34,0.34,3.0,7.0,,0.0,2.59,,,,,,0.0,0.0,0.0,0.0,-17.75
2483,百容,電子零組件業,35.75,10.0,,,,0.0,0.0,0.0,0.0,0.0,0.0,0.0,0.0,0.0,5.59,217.0,0.2,0.33,0.41,0.67,4.0,6.0,,0.0,0.15,,,,,,0.0,0.0,0.0,0.0,-48.86
2484,希華,電子零組件業,78.0,1.43,,,,0.25,-0.0,-3.0,-0.0,-0.0,-0.0,0.0,0.0,0.0,8.73,-1223.0,-0.77,1.54,2.49,2.34,3.0,7.0,,0.02,0.28,,,,,,1.0,1.0,3.0,0.0,-19.09
2485,兆赫,通信網路業,41.7,4.91,,,,0.0,0.0,0.0,0.0,0.0,0.0,0.0,0.0,0.0,6.85,1367.0,0.43,0.48,0.83,1.06,3.0,6.0,,0.01,0.6,,,,,,0.0,0.0,0.0,-2.8,-22.2
2486,一詮,光電業,240.0,1.27,,,,2.54,0.0,0.0,-0.07,-0.05,-0.28,0.0,2.0,4.0,7.55,-227.0,-0.1,-0.13,-1.31,-4.7,2.0,3.0,,0.0,0.06,,,,,,1.0,1.0,4.0,-16.67,-16.67
2488,漢平,其他電子業,48.85,0.31,,,,0.0,0.0,0.0,0.0,0.0,0.0,0.0,0.0,0.0,6.17,-4.0,-0.01,0.06,0.12,-0.06,1.0,5.0,,0.0,0.1,,,,,,0.0,0.0,0.0,-0.51,-10.2
2489,瑞軒,光電業,41.8,1.7,,,,0.04,0.01,39.0,0.01,0.01,0.01,3.0,3.0,7.0,5.12,-2845.0,-0.38,-0.65,-0.62,-1.82,1.0,3.0,,0.01,0.7,,,,,,0.0,2.0,5.0,-5.32,-5.32
2491,吉祥全,光電業,40.8,1.49,,,,0.18,-0.0,-1.0,-0.0,-0.0,-0.0,0.0,0.0,0.0,10.12,229.0,0.28,0.28,-0.01,0.43,2.0,4.0,,-0.0,0.24,,,,,,1.0,1.0,2.0,-18.4,-27.66
2492,華新科,電子零組件業,299.5,-0.83,,,,0.96,-0.21,-1006.0,-0.22,-0.87,-1.27,1.0,1.0,2.0,10.08,-3930.0,-0.81,-2.31,-2.33,-2.24,2.0,5.0,,-0.05,3.58,,,,,,2.0,7.0,16.0,-10.33,-46.8
2493,揚博,電子零組件業,197.5,0.77,,,,0.9,-0.0,-2.0,-0.0,-0.0,-0.06,0.0,0.0,2.0,9.41,101.0,0.09,0.47,-0.66,0.21,3.0,5.0,,0.01,0.55,,,,,,2.0,3.0,8.0,-4.36,-37.1
2495,普安,電腦及週邊設備業,39.05,0.26,,,,0.5,0.0,0.0,0.0,0.0,0.05,0.0,0.0,6.0,8.55,82.0,0.03,0.02,0.23,0.24,4.0,8.0,,-0.0,0.43,,,,,,0.0,0.0,0.0,-0.13,-25.76
2496,卓越,其他,55.0,-0.18,,,,0.0,0.0,0.0,0.0,0.0,0.0,0.0,0.0,0.0,24.23,1.0,0.01,0.02,0.0,-0.04,2.0,2.0,,0.0,0.07,,,,,,0.0,0.0,0.0,-0.54,-14.86
2497,怡利電,汽車工業,44.35,1.72,,,,0.12,0.0,0.0,0.0,0.0,0.09,1.0,1.0,6.0,2.93,66.0,0.05,0.07,-0.13,-0.59,3.0,5.0,,-0.0,0.56,,,,,,0.0,0.0,0.0,-2.31,-33.61
2498,宏達電,通信網路業,42.9,-0.23,,,,0.09,0.0,0.0,0.0,-0.04,-0.04,0.0,0.0,0.0,8.12,-1683.0,-0.2,-0.93,-0.99,-1.41,1.0,3.0,,0.01,8.44,,,,,,0.0,1.0,3.0,-0.23,-4.98
2501,國建,建材營造,21.1,-0.24,,,,0.03,0.0,0.0,0.0,0.0,0.0,0.0,0.0,0.0,11.24,-1021.0,-0.09,-0.22,-0.78,-0.98,1.0,2.0,,-0.0,0.3,,,,,,0.0,0.0,0.0,-6.43,-14.75
2504,國產,建材營造,30.65,0.33,,,,12.72,-0.0,-9.0,0.02,0.05,0.05,2.0,6.0,10.0,5.81,-461.0,-0.04,-0.4,-0.6,-0.63,0.0,1.0,,-0.0,2.03,,,,,,2.0,3.0,7.0,-3.01,-6.27
2505,國揚,建材營造,17.0,0.29,,,,0.0,0.0,0.0,0.0,0.0,0.0,0.0,0.0,0.0,3.45,-17.0,-0.0,-0.07,-0.49,-0.42,1.0,3.0,,0.0,0.92,,,,,,0.0,0.0,0.0,-2.3,-6.85
2506,太設,建材營造,8.43,0.24,,,,0.0,0.0,0.0,0.0,0.0,0.0,0.0,0.0,0.0,4.14,11.0,0.0,-0.16,-0.58,-0.77,1.0,1.0,,0.0,0.12,,,,,,0.0,0.0,0.0,-3.33,-6.44
2509,全坤建,建材營造,14.3,1.78,,,,0.0,0.0,0.0,0.0,0.0,0.0,0.0,0.0,0.0,1.5,13.0,0.01,-0.01,0.01,0.07,3.0,6.0,,0.0,0.05,,,,,,0.0,0.0,0.0,-6.23,-7.74
2511,太子,建材營造,8.34,0.24,,,,0.0,0.0,0.0,0.0,0.0,0.0,0.0,0.0,0.0,2.61,-79.0,-0.0,-0.03,-0.07,0.07,1.0,3.0,,0.0,0.35,,,,,,0.0,0.0,0.0,-2.11,-3.47
2514,龍邦,其他,11.7,2.63,,,,0.0,0.0,0.0,0.0,0.0,0.0,0.0,0.0,0.0,2.29,23.0,0.01,0.01,-0.02,-0.05,1.0,2.0,,0.0,1.33,,,,,,0.0,0.0,0.0,-0.85,-11.03
2515,中工,建材營造,11.9,0.85,,,,0.0,0.0,0.0,0.0,-0.01,-0.01,0.0,0.0,0.0,8.37,906.0,0.06,-0.09,-0.2,0.12,2.0,3.0,,-0.0,0.38,,,,,,0.0,4.0,6.0,-2.06,-16.78
2516,新建,建材營造,15.35,3.02,,,,0.0,0.0,0.0,0.0,0.0,0.0,0.0,0.0,0.0,2.93,24.0,0.01,0.08,0.12,0.21,4.0,8.0,,0.0,0.13,,,,,,0.0,0.0,0.0,-0.65,-0.65
2520,冠德,建材營造,36.5,-1.35,,,,0.15,0.0,0.0,0.0,-0.03,0.14,0.0,0.0,5.0,14.41,-388.0,-0.07,-0.16,0.2,-0.11,2.0,5.0,,0.0,0.57,,,,,,0.0,3.0,6.0,-4.82,-4.82
2524,京城,建材營造,34.7,1.31,,,,0.0,0.0,0.0,0.0,0.0,0.0,0.0,0.0,0.0,0.82,23.0,0.01,0.0,-0.01,0.02,1.0,3.0,,0.0,0.19,,,,,,0.0,0.0,0.0,-7.47,-9.75
2527,宏璟,建材營造,50.0,3.41,,,,0.03,0.0,0.0,0.0,0.0,0.0,0.0,0.0,0.0,43.76,824.0,0.3,0.51,0.7,0.58,4.0,8.0,,0.0,0.25,,,,,,0.0,0.0,0.0,0.0,-0.99
2528,皇普,建材營造,19.4,0.52,,,,0.45,0.0,0.0,0.02,0.06,0.08,2.0,7.0,13.0,2.14,52.0,0.02,-0.09,0.11,0.27,1.0,6.0,,-0.02,0.18,,,,,,1.0,1.0,2.0,-5.37,-14.91
2530,華建,建材營造,20.05,-0.25,,,,0.85,-0.0,-3.0,0.02,0.09,0.12,2.0,7.0,12.0,4.44,111.0,0.02,0.01,-0.11,-0.12,4.0,6.0,,-0.01,0.16,,,,,,2.0,2.0,3.0,-3.61,-4.98
2534,宏盛,建材營造,16.95,0.3,,,,0.0,0.0,0.0,0.0,0.0,0.0,0.0,0.0,0.0,6.08,98.0,0.02,0.06,0.1,0.19,5.0,8.0,,0.0,0.69,,,,,,0.0,0.0,0.0,-1.17,-4.24
2535,達欣工,建材營造,89.2,0.11,,,,0.02,0.0,0.0,0.0,-0.01,-0.09,0.0,0.0,0.0,7.02,-13.0,-0.0,0.08,0.07,0.08,3.0,4.0,,0.0,7.32,,,,,,0.0,2.0,7.0,-1.22,-4.09
2536,宏普,建材營造,19.15,0.0,,,,0.03,0.0,0.0,0.0,0.0,0.0,0.0,0.0,0.0,5.09,-184.0,-0.06,-0.15,-0.1,-0.59,2.0,3.0,,0.0,0.11,,,,,,0.0,0.0,0.0,-7.93,-11.34
2537,聯上發,建材營造,11.25,0.0,,,,0.0,0.0,0.0,0.0,0.0,0.0,0.0,0.0,0.0,3.36,-9.0,-0.0,-0.05,-0.11,0.13,1.0,5.0,,0.0,0.14,,,,,,0.0,0.0,0.0,-3.85,-3.85
2538,基泰,建材營造,8.92,2.41,,,,0.0,0.0,0.0,0.0,0.0,0.0,0.0,0.0,0.0,8.24,13.0,0.0,-0.0,-1.0,-1.41,4.0,5.0,,-0.02,0.13,,,,,,0.0,0.0,0.0,0.0,-11.24
2539,櫻花建,建材營造,34.3,0.88,,,,0.02,0.0,0.0,0.0,-0.02,-0.02,0.0,1.0,2.0,3.98,140.0,0.02,0.03,0.02,0.15,2.0,5.0,,0.0,0.05,,,,,,1.0,2.0,7.0,-4.99,-20.88
2540,愛山林,建材營造,48.45,1.79,,,,0.0,0.0,0.0,0.0,0.0,0.0,0.0,0.0,0.0,3.94,110.0,0.03,0.09,0.18,0.39,4.0,7.0,,0.0,0.3,,,,,,0.0,0.0,0.0,-4.25,-20.57
2542,興富發,建材營造,38.65,0.13,,,,9.73,0.01,221.0,0.28,0.96,1.88,4.0,9.0,19.0,7.9,-166.0,-0.01,-0.48,-1.08,-1.92,0.0,1.0,,-0.01,0.89,,,,,,1.0,1.0,1.0,-20.55,-20.8
2543,皇昌,建材營造,38.5,0.92,,,,0.0,0.0,0.0,0.0,-0.03,-0.03,0.0,0.0,1.0,4.16,228.0,0.1,0.23,0.49,0.67,4.0,7.0,,0.0,0.03,,,,,,0.0,2.0,5.0,-2.41,-6.1
2545,皇翔,建材營造,34.45,1.62,,,,0.0,0.0,0.0,0.0,0.0,0.0,0.0,0.0,0.0,3.18,95.0,0.03,0.04,0.07,0.19,5.0,7.0,,-0.0,0.06,,,,,,0.0,0.0,0.0,-2.13,-11.21
2546,根基,建材營造,105.0,-0.94,,,,0.09,0.0,0.0,0.0,0.0,-0.14,0.0,0.0,0.0,4.97,-5.0,-0.0,0.03,0.02,-0.11,3.0,5.0,,0.0,0.05,,,,,,0.0,0.0,2.0,-2.33,-9.87
2547,日勝生,建材營造,9.79,-0.61,,,,0.5,0.0,0.0,0.03,0.06,0.07,2.0,7.0,12.0,14.83,131.0,0.01,-0.05,-0.02,-0.1,3.0,5.0,,0.01,0.14,,,,,,1.0,1.0,3.0,-3.07,-15.6
2548,華固,建材營造,91.6,-0.65,,,,0.38,0.0,9.0,0.0,-0.01,-0.01,3.0,3.0,7.0,16.36,-750.0,-0.27,-0.47,-0.68,-0.79,1.0,3.0,,-0.01,1.71,,,,,,0.0,2.0,4.0,-5.08,-11.5
2596,綠意,建材營造,35.1,-0.43,,,,0.0,0.0,0.0,0.0,0.0,0.0,0.0,0.0,0.0,0.76,-1.0,-0.0,0.02,0.01,0.13,3.0,4.0,,0.0,0.0,,,,,,0.0,0.0,0.0,-3.7,-3.7
2597,潤弘,建材營造,168.0,0.6,,,,7.94,0.0,0.0,0.0,0.01,0.04,2.0,4.0,8.0,4.06,33.0,0.02,-0.01,0.03,0.61,3.0,6.0,,0.0,0.26,,,,,,0.0,1.0,2.0,-4.0,-4.0
2601,益航,貿易百貨,,,,,,0.0,0.0,0.0,0.0,0.0,0.0,0.0,0.0,0.0,11.72,0.0,0.0,-0.12,-1.42,-1.24,0.0,2.0,,0.0,0.47,,,,,,0.0,0.0,0.0,,
2603,長榮,航運業,239.5,0.63,,,,19.16,0.02,361.0,0.2,0.46,0.94,4.0,8.0,17.0,26.31,313.0,0.01,-0.29,-0.26,-0.47,1.0,5.0,,0.0,7.14,,,,,,0.0,1.0,2.0,-1.44,-4.77
2605,新興,航運業,35.55,0.42,,,,0.0,0.0,0.0,-0.03,-0.06,-0.06,0.0,0.0,2.0,48.34,-1385.0,-0.24,-1.49,-0.17,0.33,0.0,3.0,,-0.03,1.22,,,,,,1.0,3.0,6.0,-4.69,-5.95
2606,裕民,航運業,73.6,0.27,,,,6.89,0.0,3.0,0.06,0.23,0.29,4.0,8.0,12.0,24.28,217.0,0.03,-0.31,-0.35,-0.01,1.0,3.0,,0.0,2.26,,,,,,0.0,1.0,4.0,-7.65,-7.65
2607,榮運,航運業,53.8,1.32,,,,0.0,0.0,0.0,0.0,0.0,0.0,0.0,0.0,0.0,4.21,105.0,0.01,0.03,0.06,0.11,4.0,7.0,,0.0,0.63,,,,,,0.0,0.0,0.0,0.0,0.0
2608,嘉里大榮,航運業,28.6,0.18,,,,0.0,0.0,0.0,0.0,0.0,0.0,0.0,0.0,0.0,2.89,12.0,0.0,-0.03,-0.08,-0.14,1.0,1.0,,0.0,0.74,,,,,,0.0,0.0,0.0,-1.72,-3.87
2609,陽明,航運業,59.4,1.71,,,,0.33,0.0,44.0,0.0,-0.02,0.01,5.0,8.0,15.0,25.97,6595.0,0.19,0.21,1.29,1.76,4.0,8.0,,0.01,3.08,,,,,,0.0,2.0,5.0,-4.19,-7.91
2610,華航,航運業,20.45,1.74,,,,7.2,0.07,4247.0,0.33,0.42,0.51,4.0,8.0,17.0,15.46,5077.0,0.08,0.15,-0.09,0.27,3.0,4.0,,0.0,0.28,,,,,,1.0,2.0,3.0,-0.73,-9.51
2611,志信,航運業,14.5,3.2,,,,0.0,0.0,0.0,0.0,0.0,0.0,0.0,0.0,0.0,1.34,174.0,0.09,0.15,0.1,0.18,4.0,6.0,,0.0,0.92,,,,,,0.0,0.0,0.0,-2.03,-15.7
2612,中航,航運業,61.8,1.64,,,,0.0,0.0,0.0,0.0,0.0,0.0,0.0,0.0,0.0,6.78,155.0,0.08,0.11,0.3,1.24,4.0,7.0,,-0.0,0.14,,,,,,0.0,0.0,0.0,-4.92,-4.92
2613,中櫃,航運業,22.4,2.05,,,,0.01,0.0,0.0,0.0,0.0,0.0,0.0,0.0,0.0,1.5,84.0,0.06,0.13,0.25,0.44,5.0,8.0,,-0.0,0.44,,,,,,0.0,0.0,0.0,-2.18,-10.04
2614,東森,其他,19.2,1.86,,,,0.0,0.0,0.0,0.0,0.0,0.0,0.0,0.0,0.0,3.92,607.0,0.2,0.68,0.56,0.35,4.0,6.0,,-0.0,1.58,,,,,,0.0,0.0,0.0,0.0,0.0
2615,萬海,航運業,114.0,2.7,,,,0.72,0.0,0.0,-0.01,-0.04,-0.03,0.0,0.0,4.0,48.4,1594.0,0.06,-0.02,0.23,0.14,3.0,7.0,,0.01,1.18,,,,,,4.0,8.0,14.0,-5.39,-9.88
2616,山隆,油電燃氣業,13.3,0.76,,,,0.0,0.0,0.0,0.0,0.0,0.0,0.0,0.0,0.0,1.57,9.0,0.01,-0.04,-0.06,0.02,1.0,2.0,,0.0,0.05,,,,,,0.0,0.0,0.0,-1.12,-4.32
2617,台航,航運業,31.45,0.64,,,,0.0,0.0,0.0,0.0,0.0,0.0,0.0,0.0,0.0,12.13,-24.0,-0.01,-0.07,0.15,1.89,3.0,6.0,,0.0,0.67,,,,,,0.0,0.0,0.0,-6.54,-6.54
2618,長榮航,航運業,42.85,3.25,,,,20.27,0.02,1099.0,0.33,0.66,0.88,5.0,10.0,18.0,32.9,12173.0,0.23,0.28,0.01,0.32,3.0,5.0,,0.01,2.73,,,,,,0.0,0.0,2.0,0.0,-3.49
2630,亞航,航運業,47.05,1.62,,,,0.0,0.0,0.0,0.0,0.0,0.0,0.0,0.0,0.0,2.8,111.0,0.05,0.11,0.26,0.13,3.0,7.0,,0.01,0.24,,,,,,0.0,0.0,0.0,-8.28,-24.48
2633,台灣高鐵,航運業,25.65,0.79,,,,4.79,0.01,357.0,0.08,0.27,0.52,5.0,10.0,20.0,11.51,-65.0,-0.0,-0.52,-1.18,-1.43,0.0,0.0,,0.0,0.55,,,,,,0.0,0.0,0.0,-2.29,-4.29
2634,漢翔,航運業,64.0,1.43,,,,0.25,-0.0,-10.0,-0.0,0.01,0.01,2.0,5.0,8.0,3.14,1240.0,0.13,0.02,0.12,-1.76,2.0,4.0,,0.02,0.42,,,,,,2.0,2.0,6.0,-4.48,-12.69
2636,台驊投控,航運業,71.7,1.85,,,,0.0,0.0,0.0,0.0,0.0,0.0,0.0,0.0,0.0,12.13,58.0,0.04,0.48,0.55,1.16,4.0,6.0,,0.03,1.83,,,,,,0.0,0.0,0.0,-0.28,-3.89
2637,慧洋-KY,航運業,96.4,1.47,,,,4.93,-0.0,-0.0,-0.0,-0.03,0.52,2.0,4.0,13.0,28.43,679.0,0.09,-0.09,0.33,0.89,3.0,7.0,,0.0,0.67,,,,,,1.0,4.0,5.0,-5.95,-5.95
2640,大車隊,其他,157.0,-0.95,,,,0.0,0.0,0.0,0.0,0.0,0.0,0.0,0.0,0.0,4.43,-3.0,-0.01,-0.02,-0.04,-0.04,2.0,4.0,,0.0,0.65,,,,,,0.0,0.0,0.0,-8.72,-8.72
2641,正德,航運業,17.5,1.16,,,,0.0,0.0,0.0,0.0,0.0,0.0,0.0,0.0,0.0,5.97,285.0,0.1,-0.02,-0.0,-0.02,2.0,4.0,,0.0,0.52,,,,,,0.0,0.0,0.0,-4.11,-7.65
2642,宅配通,航運業,20.4,0.49,,,,0.0,0.0,0.0,0.0,0.0,0.0,0.0,0.0,0.0,5.49,12.0,0.01,0.02,0.02,0.11,2.0,3.0,,0.0,2.03,,,,,,0.0,0.0,0.0,-0.49,-4.0
2643,捷迅,航運業,62.6,-0.16,,,,0.0,0.0,0.0,0.0,0.0,0.0,0.0,0.0,0.0,1.65,-3.0,-0.01,-0.0,0.0,0.07,1.0,3.0,,0.0,0.0,,,,,,0.0,0.0,0.0,-0.95,-1.88
2645,長榮航太,航運業,173.0,0.58,,,,2.61,0.0,0.0,0.0,-0.11,-0.1,0.0,1.0,4.0,6.07,235.0,0.06,-0.04,0.03,-0.32,2.0,5.0,,0.0,0.24,,,,,,1.0,3.0,8.0,-1.7,-31.21
2701,萬企,觀光事業,10.3,0.49,,,,0.0,0.0,0.0,0.0,0.0,0.0,0.0,0.0,0.0,0.63,29.0,0.01,-0.0,-0.01,-0.0,2.0,2.0,,0.0,0.06,,,,,,0.0,0.0,0.0,-1.44,-6.36
2702,華園,觀光事業,12.25,-3.16,,,,0.0,0.0,0.0,0.0,0.0,0.0,0.0,0.0,0.0,39.51,8.0,0.01,0.01,-0.01,0.01,3.0,6.0,,0.0,0.04,,,,,,0.0,0.0,0.0,-5.04,-8.58
2704,國賓,觀光事業,45.45,1.0,,,,0.0,0.0,0.0,0.0,0.0,0.0,0.0,0.0,0.0,9.45,18.0,0.0,-0.02,-0.03,-0.0,1.0,2.0,,-0.0,0.28,,,,,,0.0,0.0,0.0,-1.84,-5.31
2705,六福,觀光事業,15.1,0.33,,,,0.0,0.0,0.0,0.0,0.0,0.0,0.0,0.0,0.0,3.11,28.0,0.02,0.01,0.0,-0.09,2.0,4.0,,0.0,0.12,,,,,,0.0,0.0,0.0,-4.73,-9.31
2706,第一店,觀光事業,12.2,0.83,,,,0.0,0.0,0.0,0.0,0.0,0.0,0.0,0.0,0.0,2.77,21.0,0.0,-0.01,-0.05,-0.07,1.0,1.0,,0.0,0.06,,,,,,0.0,0.0,0.0,-2.79,-5.43
2707,晶華,觀光事業,175.5,0.29,,,,0.07,0.0,0.0,0.0,-0.01,-0.01,0.0,0.0,0.0,6.82,-11.0,-0.01,-0.04,-0.1,-0.24,3.0,5.0,,0.0,0.93,,,,,,0.0,2.0,3.0,-1.96,-4.1
2712,遠雄來,觀光事業,13.55,1.12,,,,0.0,0.0,0.0,0.0,0.0,0.0,0.0,0.0,0.0,0.39,7.0,0.01,0.01,0.01,0.03,1.0,2.0,,0.0,0.03,,,,,,0.0,0.0,0.0,-7.19,-12.3
2718,晶悅,觀光事業,40.45,-0.49,,,,0.16,0.0,0.0,0.01,0.01,0.01,2.0,7.0,10.0,0.54,-1.0,-0.0,-0.0,-0.0,-0.03,1.0,3.0,,0.0,0.02,,,,,,1.0,1.0,2.0,-3.23,-22.95
2719,燦星旅,觀光事業,19.75,2.86,,,,0.0,0.0,0.0,0.0,0.0,0.0,0.0,0.0,0.0,0.25,0.0,0.0,0.0,0.01,-0.02,1.0,4.0,,0.0,0.0,,,,,,0.0,0.0,0.0,-3.19,-24.33
2722,夏都,觀光事業,21.4,0.94,,,,0.0,0.0,0.0,0.0,0.0,0.0,0.0,0.0,0.0,0.53,11.0,0.01,-0.01,-0.02,-0.0,2.0,4.0,,0.0,1.67,,,,,,0.0,0.0,0.0,-2.06,-7.16
2723,美食-KY,觀光事業,77.4,1.04,,,,0.0,0.0,0.0,0.0,0.0,0.0,0.0,0.0,0.0,46.62,49.0,0.03,0.03,0.01,0.18,3.0,5.0,,0.0,0.33,,,,,,0.0,0.0,0.0,-7.31,-7.31
2724,富驛-KY,觀光事業,,,,,,0.0,0.0,0.0,0.0,0.0,0.0,0.0,0.0,0.0,15.1,0.0,0.0,0.0,0.0,0.0,0.0,0.0,,0.0,0.0,,,,,,0.0,0.0,0.0,,
2726,雅茗-KY,觀光事業,8.0,-0.37,,,,0.0,0.0,0.0,0.0,0.0,0.0,0.0,0.0,0.0,31.86,0.0,0.0,0.0,0.0,0.0,0.0,0.0,,0.0,0.0,,,,,,0.0,0.0,0.0,-3.03,-15.52
2727,王品,觀光事業,236.0,0.43,,,,0.15,0.0,0.0,-0.27,-0.27,-0.36,0.0,1.0,1.0,32.99,60.0,0.07,0.95,0.64,0.51,5.0,5.0,,0.0,1.22,,,,,,4.0,4.0,6.0,0.0,-3.87
2729,瓦城,觀光事業,156.0,-1.27,,,,0.0,0.0,0.0,0.0,0.0,0.0,0.0,0.0,0.0,2.78,2.0,0.01,-0.02,-0.04,0.0,1.0,2.0,,0.0,0.02,,,,,,0.0,0.0,0.0,-1.89,-4.0
2731,雄獅,觀光事業,144.5,1.05,,,,0.05,0.0,0.0,0.0,-0.01,0.0,0.0,1.0,4.0,8.14,9.0,0.01,0.08,0.2,-0.2,4.0,7.0,,-0.0,0.14,,,,,,0.0,1.0,1.0,0.0,-3.99
2732,六角,觀光事業,63.1,-2.02,,,,0.0,0.0,0.0,0.0,0.0,0.0,0.0,0.0,0.0,4.42,2.0,0.0,-0.02,-0.05,-0.07,3.0,3.0,,0.0,0.15,,,,,,0.0,0.0,0.0,-3.37,-4.83
2734,易飛網,觀光事業,14.45,0.35,,,,0.0,0.0,0.0,0.0,0.0,0.0,0.0,0.0,0.0,5.69,0.0,0.0,-0.07,-0.05,-0.07,0.0,3.0,,0.0,0.0,,,,,,0.0,0.0,0.0,-3.67,-7.67
2736,富野,觀光事業,11.35,0.0,,,,0.0,0.0,0.0,0.0,0.0,0.0,0.0,0.0,0.0,1.66,-1.0,-0.0,-0.02,-0.02,0.02,0.0,1.0,,0.0,0.17,,,,,,0.0,0.0,0.0,-3.4,-7.72
2739,寒舍,觀光事業,36.55,0.83,,,,0.0,0.0,0.0,0.0,0.0,0.0,0.0,0.0,0.0,3.23,-4.0,-0.0,-0.09,-0.12,-0.13,0.0,1.0,,0.0,0.11,,,,,,0.0,0.0,0.0,-3.82,-4.44
2740,天蔥,觀光事業,30.15,-1.63,,,,0.0,0.0,0.0,0.0,0.0,0.0,0.0,0.0,0.0,1.2,0.0,0.0,0.0,0.0,0.0,0.0,0.0,,0.0,0.0,,,,,,0.0,0.0,0.0,-6.22,-12.23
2743,山富,觀光事業,53.3,0.0,,,,0.0,0.0,0.0,0.0,0.0,0.0,0.0,0.0,0.0,4.77,-4.0,-0.01,0.02,0.25,-0.07,4.0,9.0,,-0.01,4.27,,,,,,0.0,0.0,0.0,-10.12,-20.8
2745,五福,觀光事業,84.9,1.07,,,,0.0,0.0,0.0,0.0,0.0,0.0,0.0,0.0,0.0,2.04,11.0,0.03,-0.06,0.11,0.02,2.0,5.0,,-0.0,0.06,,,,,,0.0,0.0,0.0,-3.85,-21.75
2748,雲品,觀光事業,38.8,0.26,,,,0.0,0.0,0.0,0.0,0.0,0.0,0.0,0.0,0.0,1.2,14.0,0.01,0.01,-0.02,0.04,3.0,5.0,,0.0,0.24,,,,,,0.0,0.0,0.0,-1.52,-3.72
2752,豆府,觀光事業,177.0,-0.28,,,,0.0,0.0,0.0,0.0,0.0,0.0,0.0,0.0,0.0,1.56,-1.0,-0.0,-0.01,-0.0,0.15,1.0,2.0,,0.0,0.0,,,,,,0.0,0.0,0.0,-2.21,-2.21
2753,八方雲集,觀光事業,180.0,0.56,,,,0.77,-0.0,-1.0,0.02,0.06,0.07,2.0,7.0,10.0,6.18,95.0,0.14,0.16,0.04,-0.19,3.0,3.0,,-0.0,0.01,,,,,,3.0,3.0,7.0,-1.1,-4.51
2754,亞洲藏壽司,觀光事業,68.0,0.0,,,,0.04,0.0,0.0,0.0,0.0,0.0,0.0,0.0,0.0,68.2,3.0,0.01,0.02,0.02,0.03,4.0,5.0,,0.0,0.33,,,,,,0.0,0.0,0.0,-3.27,-6.85
2755,揚秦,觀光事業,98.9,-0.1,,,,0.0,0.0,0.0,0.0,0.0,0.0,0.0,0.0,0.0,1.28,-4.0,-0.01,-0.03,0.01,-0.18,1.0,5.0,,-0.0,0.0,,,,,,0.0,0.0,0.0,-3.51,-29.86
2756,聯發國際,觀光事業,62.8,0.48,,,,0.0,0.0,0.0,0.0,0.0,0.0,0.0,0.0,0.0,1.24,0.0,0.0,-0.01,-0.06,-0.05,0.0,1.0,,0.0,0.0,,,,,,0.0,0.0,0.0,-1.88,-1.88
2762,世界健身-KY,運動休閒,79.2,0.25,,,,0.0,0.0,0.0,0.0,0.0,0.0,0.0,0.0,0.0,82.29,-5.0,-0.0,-0.05,-0.03,-0.3,0.0,2.0,,0.0,0.06,,,,,,0.0,0.0,0.0,-3.77,-11.61
2801,彰銀,金融保險業,27.6,0.36,,,,3.36,0.01,1304.0,0.02,0.26,0.67,2.0,5.0,14.0,18.24,-1032.0,-0.01,-0.05,-0.46,-0.69,1.0,1.0,,0.0,0.11,,,,,,3.0,5.0,6.0,-6.76,-6.76
2809,京城銀,金融保險業,,,,,,,,,,,,,,,,,,,,,,,,,,,,,,,,,,,
2812,台中銀,金融保險業,18.85,0.27,,,,0.18,-0.0,-11.0,-0.0,-0.04,-0.16,0.0,3.0,4.0,11.14,-3836.0,-0.07,-0.58,-0.66,0.68,0.0,3.0,,0.0,0.11,,,,,,2.0,3.0,10.0,-3.33,-9.16
2816,旺旺保,金融保險業,40.3,1.13,,,,0.0,0.0,0.0,0.0,0.0,0.0,0.0,0.0,0.0,3.53,-9.0,-0.0,-0.02,0.17,0.46,1.0,5.0,,0.0,0.19,,,,,,0.0,0.0,0.0,-1.59,-1.59
2820,華票,金融保險業,16.85,0.0,,,,0.0,0.0,0.0,0.0,0.0,0.0,0.0,0.0,0.0,10.98,-72.0,-0.01,0.02,0.6,1.59,2.0,7.0,,0.0,1.0,,,,,,0.0,0.0,0.0,-3.71,-3.71
2832,台產,金融保險業,56.9,0.18,,,,0.19,0.0,0.0,0.01,0.02,0.02,2.0,7.0,12.0,3.11,-16.0,-0.0,-0.07,-0.0,-0.01,0.0,3.0,,-0.0,1.6,,,,,,1.0,1.0,2.0,-3.72,-7.48
2834,臺企銀,金融保險業,17.75,0.85,,,,0.18,0.0,0.0,0.0,-0.05,-0.14,1.0,4.0,4.0,20.83,-962.0,-0.01,-0.33,-0.33,0.13,0.0,2.0,,-0.0,0.26,,,,,,1.0,3.0,11.0,-5.33,-5.33
2836,高雄銀,金融保險業,12.1,0.83,,,,0.01,0.0,0.0,0.0,0.0,0.0,0.0,0.0,0.0,8.31,-268.0,-0.02,-0.17,-0.23,-0.11,0.0,1.0,,0.0,0.1,,,,,,0.0,0.0,2.0,-3.2,-6.92
2838,聯邦銀,金融保險業,20.6,0.24,,,,0.07,0.0,0.0,0.0,0.0,0.0,2.0,6.0,8.0,5.05,-650.0,-0.02,-0.11,-0.1,0.05,1.0,3.0,,-0.0,0.23,,,,,,1.0,1.0,5.0,-5.5,-16.6
2845,遠東銀,金融保險業,13.1,0.0,,,,2.87,0.0,0.0,0.02,0.01,0.13,1.0,1.0,4.0,13.09,-2087.0,-0.05,-0.17,-0.15,1.32,1.0,4.0,,-0.01,0.4,,,,,,0.0,4.0,11.0,-4.73,-4.73
2849,安泰銀,金融保險業,16.05,3.55,,,,0.0,0.0,0.0,0.0,0.0,0.0,0.0,0.0,0.0,76.91,58.0,0.0,-0.02,0.0,0.02,2.0,5.0,,-0.0,0.3,,,,,,0.0,0.0,0.0,-1.23,-1.23
2850,新產,金融保險業,163.0,1.24,,,,1.99,0.0,0.0,0.0,0.0,0.07,0.0,1.0,4.0,10.92,8.0,0.0,0.11,0.12,-0.11,3.0,5.0,,0.0,1.32,,,,,,0.0,0.0,3.0,0.0,-3.26
2851,中再保,金融保險業,47.2,0.32,,,,0.47,-0.0,-2.0,-0.0,0.03,0.29,0.0,1.0,6.0,10.98,0.0,0.0,0.04,0.44,0.78,2.0,5.0,,-0.0,0.0,,,,,,2.0,2.0,2.0,-1.97,-1.97
2852,第一保,金融保險業,27.85,0.54,,,,0.0,0.0,0.0,0.0,0.0,0.0,0.0,0.0,0.0,6.23,-56.0,-0.02,-0.06,-0.08,-0.26,1.0,3.0,,0.0,0.13,,,,,,0.0,0.0,0.0,-1.76,-7.32
2855,統一證,金融保險業,56.6,1.98,,,,8.09,0.0,12.0,0.0,0.27,1.1,1.0,6.0,15.0,8.03,292.0,0.02,0.16,0.48,0.27,4.0,7.0,,0.0,0.02,,,,,,4.0,4.0,5.0,-2.08,-2.08
2867,三商壽,金融保險業,,,,,,0.0,0.0,0.0,0.0,0.0,0.0,0.0,0.0,0.0,,,,0.0,0.0,0.0,0.0,0.0,,,,,,,,,0.0,0.0,0.0,,
2880,華南金,金融保險業,45.35,1.0,,,,11.8,0.0,84.0,0.0,-0.06,-0.13,3.0,3.0,5.0,14.92,764.0,0.01,-0.02,0.09,0.52,2.0,6.0,,0.01,1.93,,,,,,2.0,7.0,14.0,-5.32,-5.32
2881,富邦金,金融保險業,151.0,-0.33,,,,8.19,-0.0,-595.0,-0.02,0.01,0.02,0.0,2.0,6.0,20.21,297.0,0.0,0.0,0.0,0.05,3.0,5.0,,0.0,0.81,,,,,,5.0,8.0,14.0,-2.27,-2.27
2882,國泰金,金融保險業,111.0,-0.45,,,,9.68,-0.0,-10.0,0.02,0.02,0.11,2.0,5.0,12.0,23.16,-409.0,-0.0,-0.02,-0.06,-0.13,1.0,3.0,,0.0,0.73,,,,,,3.0,5.0,8.0,-3.48,-3.48
2883,開發金,金融保險業,38.85,-0.26,,,,12.41,0.0,269.0,0.0,0.06,0.16,2.0,4.0,13.0,29.93,-1943.0,-0.01,-0.19,-0.1,0.12,1.0,4.0,,0.0,1.6,,,,,,3.0,6.0,7.0,-3.96,-3.96
2884,玉山金,金融保險業,44.85,-0.11,,,,8.97,0.03,4082.0,0.07,0.21,0.54,5.0,10.0,20.0,34.16,-6295.0,-0.04,-0.09,-0.17,-0.24,1.0,4.0,,0.0,0.56,,,,,,0.0,0.0,0.0,-5.18,-5.18
2885,元大金,金融保險業,68.5,-0.29,,,,7.96,-0.0,-126.0,-0.01,-0.13,-0.11,1.0,3.0,8.0,29.43,-669.0,-0.01,-0.05,0.0,0.38,1.0,5.0,,0.0,2.35,,,,,,4.0,7.0,12.0,-3.25,-4.2
2886,兆豐金,金融保險業,49.15,0.1,,,,11.28,0.0,492.0,-0.05,-0.01,0.12,3.0,7.0,13.0,21.41,-2200.0,-0.02,0.06,0.07,0.78,2.0,5.0,,0.0,2.84,,,,,,2.0,3.0,7.0,-6.38,-7.44
2887,台新金,金融保險業,41.95,0.36,,,,29.21,0.02,2204.0,0.04,0.19,0.89,3.0,7.0,17.0,46.21,1851.0,0.01,-0.3,-0.47,-0.63,1.0,2.0,,0.01,1.49,,,,,,2.0,3.0,3.0,-5.52,-5.52
2888,新光金,金融保險業,,,,,,,,,,,,,,,,,,,,,,,,,,,,,,,,,,,
2889,國票金,金融保險業,16.5,0.61,,,,0.05,0.0,0.0,0.0,0.0,0.0,0.0,0.0,0.0,12.15,569.0,0.02,-0.21,-0.39,1.38,2.0,3.0,,-0.0,0.75,,,,,,1.0,1.0,1.0,-4.62,-4.62
2890,永豐金,金融保險業,44.25,0.8,,,,11.97,0.01,1601.0,0.04,0.25,0.44,4.0,8.0,16.0,35.22,-118.0,-0.0,-0.09,-0.24,-0.14,0.0,1.0,,0.01,1.89,,,,,,1.0,2.0,4.0,-3.7,-3.7
2891,中信金,金融保險業,68.4,-0.44,,,,15.77,0.01,1067.0,0.03,0.11,0.3,4.0,8.0,18.0,35.1,-5215.0,-0.03,-0.1,0.04,0.03,1.0,6.0,,0.0,1.86,,,,,,1.0,2.0,2.0,-3.93,-4.2
2892,第一金,金融保險業,38.65,0.13,,,,6.66,0.03,4389.0,0.05,0.15,0.39,5.0,9.0,17.0,28.19,1061.0,0.01,0.05,0.15,0.93,3.0,7.0,,0.0,0.76,,,,,,0.0,1.0,3.0,-5.15,-5.15
2897,王道銀行,金融保險業,10.9,-0.46,,,,0.1,0.0,0.0,0.0,0.0,0.11,0.0,0.0,3.0,9.97,-1421.0,-0.05,-0.24,-0.31,0.73,0.0,2.0,,0.0,0.33,,,,,,0.0,0.0,1.0,-3.11,-3.11
2901,欣欣,貿易百貨,24.15,1.47,,,,0.0,0.0,0.0,0.0,0.0,0.0,0.0,0.0,0.0,0.58,-6.0,-0.01,0.1,0.13,0.13,3.0,6.0,,-0.0,0.06,,,,,,0.0,0.0,0.0,-1.02,-1.43
2903,遠百,貿易百貨,22.15,1.14,,,,2.7,0.04,618.0,0.05,0.03,0.17,2.0,2.0,8.0,7.83,-692.0,-0.05,-0.12,-0.21,-0.4,0.0,2.0,,0.01,0.3,,,,,,0.0,2.0,4.0,-1.56,-2.85
2904,匯僑,其他,12.6,0.0,,,,0.0,0.0,0.0,0.0,0.0,0.0,0.0,0.0,0.0,0.7,-1.0,-0.0,-0.01,0.02,0.04,0.0,3.0,,0.0,0.03,,,,,,0.0,0.0,0.0,-1.95,-12.5
2905,三商,貿易百貨,18.3,1.67,,,,0.0,0.0,0.0,0.0,0.0,0.0,0.0,0.0,0.0,4.97,338.0,0.03,-0.02,0.18,0.31,3.0,7.0,,0.0,0.19,,,,,,0.0,0.0,0.0,-2.92,-2.92
2906,高林,貿易百貨,13.4,0.75,,,,0.0,0.0,0.0,0.0,0.0,0.0,0.0,0.0,0.0,1.7,11.0,0.01,-0.01,-0.02,-0.04,2.0,5.0,,0.0,3.72,,,,,,0.0,0.0,0.0,-3.6,-7.59
2908,特力,貿易百貨,22.05,1.61,,,,0.0,0.0,0.0,0.0,0.0,0.0,0.0,0.0,0.0,1.85,15.0,0.0,-0.03,-0.0,0.03,2.0,6.0,,0.0,0.08,,,,,,0.0,0.0,0.0,-0.9,-0.9
2910,統領,貿易百貨,23.6,2.16,,,,0.0,0.0,0.0,0.0,0.0,0.0,0.0,0.0,0.0,0.46,9.0,0.01,0.0,0.0,0.0,3.0,5.0,,0.0,0.03,,,,,,0.0,0.0,0.0,-2.07,-16.61
2911,麗嬰房,貿易百貨,6.08,0.83,,,,0.0,0.0,0.0,0.0,0.0,0.0,0.0,0.0,0.0,15.81,17.0,0.01,-0.04,-0.02,0.01,1.0,4.0,,0.0,1.19,,,,,,0.0,0.0,0.0,-5.44,-24.0
2912,統一超,貿易百貨,212.5,0.24,,,,9.76,0.0,1.0,0.02,0.11,0.06,3.0,7.0,10.0,14.27,187.0,0.02,-0.15,-0.3,-0.25,1.0,3.0,,0.0,0.69,,,,,,1.0,2.0,7.0,-2.75,-13.44
2913,農林,貿易百貨,11.15,1.36,,,,0.0,0.0,0.0,0.0,0.0,0.0,0.0,0.0,0.0,5.83,434.0,0.06,0.07,-0.18,-0.43,3.0,4.0,,0.0,0.37,,,,,,0.0,0.0,0.0,0.0,-5.11
2915,潤泰全,貿易百貨,58.8,0.51,,,,0.42,0.0,0.0,0.0,-0.04,-0.03,0.0,0.0,1.0,6.57,237.0,0.02,0.11,0.31,0.37,4.0,8.0,,0.0,4.84,,,,,,0.0,2.0,7.0,-2.16,-4.85
2916,滿心,貿易百貨,40.55,0.0,,,,0.0,0.0,0.0,0.0,0.0,0.0,0.0,0.0,0.0,26.03,2.0,0.0,-0.01,-0.02,0.01,2.0,4.0,,0.0,0.0,,,,,,0.0,0.0,0.0,-0.37,-2.17
2923,鼎固-KY,建材營造,25.45,6.49,,,,0.0,0.0,0.0,0.0,0.0,0.0,0.0,0.0,0.0,99.5,92.0,0.01,0.0,-0.0,-0.02,3.0,5.0,,-0.0,0.02,,,,,,0.0,0.0,0.0,-8.45,-37.93
2924,東凌-KY,貿易百貨,18.3,-0.81,,,,0.0,0.0,0.0,0.0,0.0,0.0,0.0,0.0,0.0,105.95,1.0,0.0,0.0,0.0,0.0,1.0,1.0,,0.0,0.0,,,,,,0.0,0.0,0.0,-3.94,-3.94
2926,誠品生活,文化創意業,30.2,2.2,,,,0.0,0.0,0.0,0.0,0.0,0.0,0.0,0.0,0.0,1.24,1.0,0.0,0.0,0.03,0.03,4.0,5.0,,0.0,0.0,,,,,,0.0,0.0,0.0,-1.63,-9.31
2929,淘帝-KY,貿易百貨,5.83,0.34,,,,0.0,0.0,0.0,0.0,0.0,0.0,0.0,0.0,0.0,17.01,16.0,0.01,-0.0,0.16,0.24,3.0,7.0,,0.0,1.49,,,,,,0.0,0.0,0.0,-0.68,-2.83
2937,集雅社,貿易百貨,44.7,0.0,,,,0.0,0.0,0.0,0.0,0.0,0.0,0.0,0.0,0.0,0.09,0.0,0.0,0.0,0.0,0.0,0.0,0.0,,0.0,0.03,,,,,,0.0,0.0,0.0,-0.11,-8.21
2939,凱羿-KY,貿易百貨,21.9,8.15,,,,0.0,0.0,0.0,0.0,0.0,0.0,0.0,0.0,0.0,19.86,1.0,0.0,0.0,0.0,0.08,4.0,6.0,,0.0,0.42,,,,,,0.0,0.0,0.0,0.0,0.0
2945,三商家購,貿易百貨,39.85,0.13,,,,0.0,0.0,0.0,0.0,0.0,0.0,0.0,0.0,0.0,0.48,0.0,0.0,0.01,-0.0,0.02,1.0,2.0,,0.0,0.05,,,,,,0.0,0.0,0.0,-2.09,-5.12
2947,振宇五金,貿易百貨,60.5,,,,,0.0,0.0,0.0,0.0,0.0,0.0,0.0,0.0,0.0,0.08,1.0,0.01,0.01,0.02,-0.01,1.0,2.0,,0.0,0.0,,,,,,0.0,0.0,0.0,-2.26,-23.9
2948,寶陞,居家生活,37.4,1.63,,,,0.0,0.0,0.0,0.0,0.0,0.0,0.0,0.0,0.0,0.0,0.0,0.0,0.0,0.0,0.0,0.0,0.0,,0.0,0.0,,,,,,0.0,0.0,0.0,-2.35,-3.61
2949,欣新網,數位雲端,68.9,,,,,0.0,0.0,0.0,0.0,0.0,0.0,0.0,0.0,0.0,0.03,0.0,0.0,0.0,0.0,0.0,0.0,0.0,,-0.01,0.0,,,,,,0.0,0.0,0.0,0.0,-17.78
3002,歐格,電腦及週邊設備業,19.3,2.12,,,,0.0,0.0,0.0,0.0,0.0,0.0,0.0,0.0,0.0,1.81,-19.0,-0.02,-0.09,-0.06,0.12,0.0,4.0,,-0.0,0.05,,,,,,0.0,0.0,0.0,-5.62,-11.47
3003,健和興,電子零組件業,60.4,1.17,,,,0.0,0.0,0.0,0.0,0.0,0.0,0.0,0.0,0.0,4.59,106.0,0.07,0.44,0.4,-1.58,4.0,6.0,,0.0,0.34,,,,,,0.0,0.0,0.0,-11.18,-16.23
3004,豐達科,鋼鐵工業,119.0,1.28,,,,0.0,0.0,0.0,0.0,-0.45,-0.79,0.0,0.0,0.0,4.65,22.0,0.04,0.13,0.47,-0.19,3.0,7.0,,0.0,0.02,,,,,,0.0,5.0,8.0,-3.25,-25.39
3005,神基,電腦及週邊設備業,116.5,-0.43,,,,6.19,0.0,5.0,0.03,0.18,0.18,3.0,8.0,14.0,15.48,-335.0,-0.05,-0.18,0.19,0.49,1.0,3.0,,0.01,9.28,,,,,,2.0,2.0,6.0,-2.1,-4.12
3006,晶豪科,半導體業,286.0,0.35,,,,0.41,-0.0,-5.0,0.01,0.19,0.27,2.0,5.0,10.0,40.55,149.0,0.05,-1.25,-1.83,-6.18,2.0,4.0,,-0.05,2.2,,,,,,2.0,3.0,6.0,-8.33,-8.33
3008,大立光,光電業,5945.0,-1.25,,,,7.77,-0.14,-188.0,-0.09,-0.17,-1.11,2.0,4.0,8.0,24.38,-80.0,-0.06,-1.02,-1.51,-1.54,0.0,1.0,,0.01,4.24,,,,,,3.0,6.0,12.0,-23.88,-23.88
3010,華立,電子通路業,125.5,0.4,,,,0.18,0.0,0.0,0.0,-0.01,-0.01,0.0,0.0,0.0,21.3,-72.0,-0.03,-0.09,-0.3,-0.53,2.0,2.0,,0.0,0.12,,,,,,2.0,4.0,7.0,-3.09,-5.28
3011,今皓,電子零組件業,10.15,2.53,,,,0.0,0.0,0.0,0.0,0.0,0.0,0.0,0.0,0.0,3.73,133.0,0.12,0.07,0.53,0.75,3.0,8.0,,0.0,0.39,,,,,,0.0,0.0,0.0,-1.93,-28.01
3013,晟銘電,電腦及週邊設備業,86.8,3.33,,,,0.04,0.0,0.0,0.0,0.01,0.01,1.0,4.0,4.0,5.17,-255.0,-0.16,-0.26,-0.33,-1.23,1.0,3.0,,0.03,1.21,,,,,,0.0,0.0,2.0,-6.06,-22.15
3014,聯陽,半導體業,141.5,-1.39,,,,5.48,0.02,35.0,0.1,0.18,0.23,4.0,9.0,18.0,20.53,-317.0,-0.2,-0.41,0.74,0.56,2.0,7.0,,0.0,0.76,,,,,,1.0,1.0,2.0,-1.39,-11.56
3015,全漢,電子零組件業,55.2,2.79,,,,1.44,-0.0,-9.0,-0.0,-0.02,0.11,0.0,1.0,10.0,9.53,253.0,0.14,0.18,0.17,-0.07,4.0,7.0,,-0.0,0.17,,,,,,1.0,2.0,2.0,0.0,-26.2
3016,嘉晶,半導體業,169.0,-2.03,,,,0.0,0.0,0.0,0.0,0.0,0.0,0.0,1.0,1.0,11.68,-2789.0,-0.97,7.07,6.4,6.14,4.0,6.0,,-0.1,1.21,,,,,,0.0,0.0,0.0,-2.03,-2.03
3017,奇鋐,電腦及週邊設備業,3435.0,1.03,,,,13.77,0.05,184.0,-0.0,0.01,0.01,3.0,6.0,13.0,55.54,84.0,0.02,-0.11,-0.12,0.11,3.0,4.0,,-0.0,1.46,,,,,,2.0,4.0,7.0,-3.78,-3.78
3018,同開,其他電子業,12.0,0.42,,,,0.0,0.0,0.0,0.0,0.0,0.0,0.0,0.0,0.0,0.71,16.0,0.04,-0.0,-0.05,-0.09,2.0,3.0,,0.0,0.1,,,,,,0.0,0.0,0.0,-6.25,-30.43
3019,亞光,光電業,136.5,0.74,,,,0.0,0.0,0.0,0.0,0.0,0.0,0.0,0.0,0.0,7.93,152.0,0.05,-1.26,-1.69,-2.15,2.0,3.0,,-0.0,0.95,,,,,,0.0,0.0,0.0,-13.33,-13.33
3021,鴻名,電子零組件業,28.45,-3.89,,,,0.01,0.0,0.0,0.0,0.0,0.0,0.0,0.0,0.0,4.07,-411.0,-0.43,0.23,0.22,-0.08,4.0,7.0,,-0.01,0.06,,,,,,0.0,0.0,0.0,-3.89,-3.89
3022,威強電,電腦及週邊設備業,92.3,-0.75,,,,0.12,0.0,0.0,0.0,0.0,0.0,0.0,0.0,0.0,21.52,-421.0,-0.24,0.01,0.95,0.3,3.0,7.0,,-0.0,0.58,,,,,,0.0,1.0,1.0,-3.75,-18.32
3023,信邦,電子零組件業,307.0,-0.16,,,,11.15,-0.0,-2.0,-0.0,0.08,0.01,0.0,2.0,7.0,42.3,275.0,0.11,-0.04,0.01,0.55,2.0,4.0,,0.0,0.58,,,,,,4.0,7.0,12.0,-9.71,-9.71
3024,憶聲,光電業,14.2,0.0,,,,0.0,0.0,0.0,0.0,0.0,0.0,0.0,0.0,0.0,3.01,55.0,0.02,-0.03,-0.42,-0.65,3.0,5.0,,0.0,0.05,,,,,,0.0,0.0,0.0,-5.96,-5.96
3025,星通,通信網路業,52.9,0.95,,,,0.0,0.0,0.0,0.0,0.0,0.0,0.0,0.0,0.0,3.62,21.0,0.04,0.05,0.3,0.47,4.0,8.0,,0.0,0.49,,,,,,0.0,0.0,0.0,0.0,-22.66
3026,禾伸堂,電子零組件業,791.0,-0.63,,,,16.33,0.02,35.0,0.24,1.12,2.99,5.0,10.0,18.0,11.28,-1188.0,-0.72,-0.68,-1.92,-4.9,1.0,3.0,,0.0,1.07,,,,,,0.0,0.0,2.0,-2.35,-21.29
3027,盛達,通信網路業,18.9,2.72,,,,0.04,0.0,0.0,0.0,0.0,0.0,0.0,0.0,0.0,1.94,103.0,0.1,-0.03,-0.02,0.37,3.0,4.0,,-0.0,0.07,,,,,,0.0,0.0,0.0,-1.05,-16.92
3028,增你強,電子通路業,62.9,0.32,,,,0.26,0.01,17.0,0.01,0.01,0.01,3.0,4.0,8.0,10.36,-34.0,-0.01,-0.01,-0.19,-0.61,2.0,2.0,,-0.0,0.0,,,,,,0.0,1.0,1.0,-4.7,-23.29
3029,零壹,資訊服務業,120.0,2.13,,,,0.48,-0.0,-2.0,-0.0,-0.0,-0.0,0.0,0.0,0.0,8.41,232.0,0.15,0.65,1.48,-0.06,4.0,7.0,,0.01,0.24,,,,,,2.0,4.0,9.0,-4.0,-4.0
3030,德律,其他電子業,279.0,1.09,,,,0.17,0.0,0.0,0.0,0.01,0.01,0.0,3.0,3.0,9.76,76.0,0.03,0.26,0.23,-0.47,5.0,7.0,,-0.0,0.49,,,,,,0.0,1.0,6.0,-6.22,-13.22
3031,佰鴻,光電業,30.8,-1.44,,,,0.0,0.0,0.0,0.0,0.0,0.0,0.0,0.0,0.0,2.21,-37.0,-0.02,-0.17,-0.95,-0.52,2.0,4.0,,0.0,0.17,,,,,,0.0,0.0,0.0,-1.44,-9.41
3032,偉訓,電子零組件業,78.3,0.51,,,,0.0,0.0,0.0,0.0,0.0,0.0,0.0,0.0,0.0,1.67,8.0,0.01,0.42,0.53,0.33,2.0,5.0,,0.0,0.44,,,,,,0.0,0.0,0.0,-4.51,-10.1
3033,威健,電子通路業,42.6,1.43,,,,0.4,-0.0,-5.0,-0.0,-0.0,-0.12,0.0,0.0,0.0,22.57,572.0,0.13,-0.13,-0.31,-2.62,2.0,4.0,,-0.02,0.0,,,,,,2.0,4.0,9.0,-4.59,-23.38
3034,聯詠,半導體業,546.0,1.11,,,,22.64,-0.02,-132.0,-0.05,0.04,0.16,1.0,4.0,10.0,45.36,1303.0,0.21,0.49,0.86,2.19,3.0,7.0,,0.01,8.49,,,,,,4.0,6.0,10.0,-2.15,-2.15
3035,智原,半導體業,210.5,0.24,,,,0.21,-0.0,-10.0,-0.0,0.0,0.02,1.0,1.0,2.0,17.17,60.0,0.02,2.01,3.4,3.66,4.0,8.0,,-0.05,4.5,,,,,,2.0,2.0,2.0,0.0,-5.39
3036,文曄,電子通路業,205.5,-0.96,,,,9.04,-0.0,-15.0,-0.03,0.33,0.28,0.0,4.0,7.0,36.19,-3077.0,-0.3,-0.13,-0.69,-2.77,3.0,4.0,,-0.02,5.67,,,,,,5.0,6.0,13.0,-0.96,-11.99
3037,欣興,電子零組件業,1175.0,0.86,,,,13.19,0.02,312.0,0.09,0.07,-0.48,4.0,7.0,12.0,45.13,596.0,0.04,0.84,1.06,2.0,4.0,7.0,,-0.01,1.19,,,,,,1.0,3.0,8.0,-0.84,-0.84
3038,全台,光電業,20.8,2.46,,,,0.88,0.0,0.0,0.0,0.0,0.0,0.0,0.0,0.0,8.1,50.0,0.03,0.03,0.03,-0.06,3.0,6.0,,0.0,0.24,,,,,,0.0,0.0,0.0,0.0,-8.77
3040,遠見,其他,33.85,0.0,,,,0.0,0.0,0.0,0.0,0.0,0.0,0.0,0.0,0.0,1.05,11.0,0.02,-0.08,0.35,0.11,3.0,8.0,,0.0,6.82,,,,,,0.0,0.0,0.0,-6.62,-12.76
3041,揚智,半導體業,24.35,3.18,,,,0.0,0.0,0.0,0.0,0.0,0.0,0.0,0.0,0.0,4.11,382.0,0.2,0.51,0.78,0.83,5.0,9.0,,-0.0,1.23,,,,,,0.0,0.0,0.0,0.0,-15.45
3042,晶技,電子零組件業,210.0,0.72,,,,3.3,0.15,477.0,0.77,0.83,0.77,3.0,7.0,9.0,25.95,83.0,0.03,-0.86,1.98,3.42,3.0,7.0,,-0.08,1.19,,,,,,2.0,3.0,7.0,0.0,-15.66
3043,科風,其他電子業,20.35,1.24,,,,0.0,0.0,0.0,0.0,0.0,0.0,0.0,0.0,0.0,2.05,-3.0,-0.01,-0.13,0.05,0.12,1.0,5.0,,0.0,2.38,,,,,,0.0,0.0,0.0,-4.68,-11.71
3044,健鼎,電子零組件業,525.0,0.77,,,,8.34,-0.04,-193.0,-0.04,0.05,0.23,2.0,4.0,12.0,48.52,323.0,0.06,0.23,-0.01,0.05,2.0,4.0,,0.01,6.95,,,,,,3.0,6.0,8.0,-3.31,-3.31
3045,台灣大,通信網路業,119.5,-1.24,,,,12.83,-0.01,-323.0,-0.03,0.04,0.13,0.0,4.0,11.0,19.11,1445.0,0.04,0.21,0.4,1.17,4.0,8.0,,0.01,0.88,,,,,,4.0,5.0,8.0,-4.02,-4.02
3046,建��,電腦及週邊設備業,53.6,0.0,,,,0.01,0.0,0.0,0.0,0.0,0.0,0.0,0.0,0.0,4.89,-48.0,-0.06,-0.11,-0.19,-0.94,1.0,3.0,,0.0,0.31,,,,,,0.0,0.0,0.0,-5.3,-13.96
3047,訊舟,通信網路業,14.75,1.37,,,,0.0,0.0,0.0,0.0,0.0,0.0,0.0,0.0,0.0,3.23,325.0,0.15,-0.06,0.37,0.47,3.0,7.0,,-0.01,0.36,,,,,,0.0,0.0,0.0,-2.96,-12.98
3048,益登,電子通路業,51.7,1.17,,,,0.0,0.0,0.0,0.0,0.0,0.0,0.0,0.0,0.0,5.89,113.0,0.05,-0.15,-0.21,-0.16,2.0,4.0,,-0.0,0.45,,,,,,0.0,0.0,0.0,-5.66,-19.97
3049,和鑫,光電業,12.65,4.12,,,,0.0,0.0,0.0,0.0,0.0,0.0,0.0,0.0,0.0,1.94,2167.0,0.27,-0.29,-0.25,-0.28,2.0,5.0,,0.0,0.28,,,,,,0.0,0.0,0.0,-4.89,-6.64
3050,鈺德,光電業,11.95,2.58,,,,0.0,0.0,0.0,0.0,0.0,0.0,0.0,0.0,0.0,6.34,184.0,0.12,0.19,0.31,0.34,4.0,6.0,,0.0,0.27,,,,,,0.0,0.0,0.0,0.0,-7.72
3051,力特,光電業,23.3,2.87,,,,0.0,0.0,0.0,0.0,0.0,0.0,0.0,0.0,0.0,3.77,367.0,0.22,0.5,0.92,0.36,4.0,8.0,,0.01,0.09,,,,,,0.0,0.0,0.0,0.0,-16.19
3052,夆典,建材營造,10.4,0.48,,,,0.0,0.0,0.0,0.0,0.0,0.0,0.0,0.0,0.0,1.74,99.0,0.04,-0.01,-0.06,-0.32,1.0,1.0,,0.0,0.09,,,,,,0.0,0.0,0.0,-1.89,-7.96
3054,立萬利,半導體業,59.4,1.02,,,,0.02,0.0,0.0,0.0,0.0,0.0,0.0,0.0,0.0,0.62,46.0,0.06,0.08,0.17,0.1,4.0,8.0,,0.0,0.15,,,,,,0.0,0.0,0.0,0.0,-7.62
3055,蔚華科,電子通路業,209.5,2.95,,,,0.0,0.0,0.0,0.0,0.0,0.0,0.0,0.0,0.0,2.85,-509.0,-0.52,1.0,1.37,-1.29,2.0,6.0,,0.02,0.55,,,,,,0.0,0.0,0.0,0.0,0.0
3056,總太,建材營造,13.85,0.0,,,,0.0,0.0,0.0,0.0,0.0,0.0,0.0,0.0,0.0,6.03,-33.0,-0.01,0.03,0.48,0.56,3.0,7.0,,0.0,0.18,,,,,,0.0,0.0,0.0,-6.1,-7.67
3057,喬鼎,電腦及週邊設備業,16.2,-0.31,,,,0.0,0.0,0.0,0.0,0.0,0.0,0.0,0.0,0.0,2.06,1.0,0.0,0.02,0.14,0.09,4.0,8.0,,-0.0,0.26,,,,,,0.0,0.0,0.0,-7.95,-16.92
3058,立德,電子零組件業,8.2,0.61,,,,0.0,0.0,0.0,0.0,0.0,0.0,0.0,0.0,0.0,2.56,124.0,0.06,0.18,0.3,0.27,4.0,7.0,,0.0,0.07,,,,,,0.0,0.0,0.0,-1.44,-15.03
3059,華晶科,光電業,38.75,2.38,,,,0.1,0.0,0.0,0.0,0.0,0.06,0.0,0.0,6.0,8.75,295.0,0.11,0.26,0.45,-0.26,4.0,8.0,,0.0,0.76,,,,,,0.0,0.0,0.0,-2.15,-22.96
3060,銘異,電腦及週邊設備業,28.1,2.37,,,,0.27,-0.0,-3.0,-0.0,-0.0,-0.0,0.0,0.0,0.0,10.02,28.0,0.02,-0.18,-0.22,-1.48,2.0,5.0,,0.01,1.48,,,,,,1.0,1.0,3.0,0.0,-25.66
3062,建漢,通信網路業,22.9,4.09,,,,0.0,0.0,0.0,0.0,0.0,0.0,0.0,0.0,0.0,9.81,423.0,0.13,-0.19,-0.14,-0.04,2.0,4.0,,0.0,0.61,,,,,,0.0,0.0,0.0,-1.08,-8.03
3064,泰偉,文化創意業,,,,,,0.0,0.0,0.0,0.0,0.0,0.0,0.0,0.0,0.0,0.13,0.0,0.0,0.0,0.0,0.0,0.0,0.0,,0.0,3.1,,,,,,0.0,0.0,0.0,,
3066,李洲,光電業,29.2,-1.02,,,,0.0,0.0,0.0,0.0,0.0,0.0,0.0,0.0,0.0,5.93,-279.0,-0.34,-0.02,2.8,2.39,1.0,4.0,,0.0,0.0,,,,,,0.0,0.0,0.0,-2.34,-2.34
3067,全域,其他電子業,,,,,,0.0,0.0,0.0,0.0,0.0,0.0,0.0,0.0,0.0,0.02,0.0,0.0,0.0,0.0,0.0,0.0,0.0,,0.0,0.01,,,,,,0.0,0.0,0.0,,
3071,協禧,電腦及週邊設備業,23.05,0.66,,,,0.12,0.0,0.0,0.0,0.0,0.0,0.0,0.0,0.0,4.05,19.0,0.02,-0.08,-0.01,-0.28,1.0,5.0,,0.0,0.03,,,,,,0.0,0.0,0.0,-8.17,-29.83
3073,天方能源,半導體業,20.6,0.0,,,,0.0,0.0,0.0,0.0,0.0,0.0,0.0,0.0,0.0,1.79,1.0,0.0,-0.04,-0.07,-0.19,2.0,4.0,,0.0,0.0,,,,,,0.0,0.0,0.0,-8.85,-11.02
3078,僑威,電子零組件業,46.15,1.1,,,,1.24,0.0,0.0,0.05,0.1,0.12,2.0,7.0,14.0,12.48,180.0,0.08,0.04,0.33,-0.09,3.0,8.0,,-0.0,0.8,,,,,,1.0,1.0,2.0,-4.75,-22.44
3081,聯亞,通信網路業,2695.0,1.7,,,,17.67,0.04,38.0,-0.34,1.01,-0.67,3.0,7.0,9.0,20.91,-89.0,-0.1,-0.52,-3.81,-2.78,1.0,2.0,,-0.03,3.34,,,,,,2.0,3.0,11.0,-21.31,-23.65
3083,網龍,文化創意業,22.6,-0.44,,,,1.35,0.0,0.0,0.0,0.0,0.0,0.0,0.0,0.0,1.45,-11.0,-0.01,0.06,0.16,0.12,3.0,8.0,,0.0,0.48,,,,,,0.0,0.0,0.0,-2.8,-20.42
3085,新零售,電子商務,12.1,6.14,,,,0.0,0.0,0.0,0.0,0.0,0.0,0.0,0.0,0.0,13.53,0.0,0.0,0.0,0.0,0.0,0.0,0.0,,0.0,0.0,,,,,,0.0,0.0,0.0,0.0,-2.42
3086,華義,文化創意業,27.4,-1.08,,,,0.0,0.0,0.0,0.0,0.0,0.0,0.0,0.0,0.0,463.84,12.0,0.05,0.04,0.25,0.34,2.0,6.0,,-0.0,0.3,,,,,,0.0,0.0,0.0,-16.21,-17.96
3088,艾訊,電腦及週邊設備業,133.5,-1.84,,,,0.41,0.0,0.0,0.0,0.0,0.0,0.0,0.0,0.0,20.32,-186.0,-0.18,0.64,1.21,0.42,3.0,6.0,,-0.01,0.0,,,,,,0.0,0.0,0.0,-1.84,-13.31
3089,億杰,電子零組件業,,,,,,,,,,,,,,,,,,,,,,,,,,,,,,,,,,,
3090,日電貿,電子零組件業,161.0,0.0,,,,7.58,-0.0,-3.0,0.12,0.15,0.49,2.0,5.0,7.0,12.14,-29.0,-0.02,-0.21,0.31,-0.66,2.0,4.0,,-0.01,0.54,,,,,,2.0,2.0,7.0,-8.78,-52.65
3092,鴻碩,電子零組件業,25.0,9.89,,,,0.0,0.0,0.0,0.0,0.0,0.0,0.0,0.0,0.0,2.16,97.0,0.09,0.17,0.32,0.73,4.0,8.0,,0.0,0.13,,,,,,0.0,0.0,0.0,0.0,-24.36
3093,港建,其他電子業,44.7,1.82,,,,0.0,0.0,0.0,0.0,0.0,0.0,0.0,0.0,0.0,69.61,93.0,0.06,0.21,0.3,0.2,5.0,9.0,,-0.0,0.01,,,,,,0.0,0.0,0.0,-7.26,-36.32
3094,聯傑,半導體業,61.6,3.18,,,,0.0,0.0,0.0,0.0,0.0,0.0,0.0,0.0,0.0,9.4,-951.0,-1.14,-4.24,0.66,4.51,2.0,6.0,,0.03,0.26,,,,,,0.0,0.0,0.0,0.0,0.0
3095,及成,通信網路業,33.5,-1.47,,,,0.0,0.0,0.0,0.0,0.0,0.0,0.0,0.0,0.0,5.85,1.0,0.01,0.01,-0.0,-0.01,3.0,4.0,,0.0,9.71,,,,,,0.0,0.0,0.0,-8.59,-16.87
3105,穩懋,半導體業,542.0,9.94,,,,11.59,0.07,279.0,0.53,1.53,4.23,5.0,10.0,18.0,35.46,12766.0,3.01,3.97,6.11,4.68,3.0,6.0,,0.24,3.44,,,,,,0.0,0.0,2.0,0.0,0.0
3114,好德,電子零組件業,34.6,-1.14,,,,0.0,0.0,0.0,0.0,0.0,0.0,0.0,0.0,0.0,0.64,-164.0,-0.25,-0.66,-0.44,-0.66,1.0,5.0,,0.0,0.16,,,,,,0.0,0.0,0.0,-1.14,-27.77
3115,富榮綱,電子零組件業,8.5,-1.16,,,,0.0,0.0,0.0,0.0,0.0,0.0,0.0,0.0,0.0,3.09,-1.0,-0.0,0.05,0.04,0.04,2.0,2.0,,0.0,0.0,,,,,,0.0,0.0,0.0,-7.51,-10.53
3118,進階,生技醫療業,31.3,-0.16,,,,0.0,0.0,0.0,0.0,0.0,0.0,0.0,0.0,0.0,0.41,-4.0,-0.01,0.02,0.02,0.01,3.0,3.0,,0.0,0.0,,,,,,0.0,0.0,0.0,-1.88,-3.99
3122,笙泉,半導體業,24.2,2.98,,,,0.0,0.0,0.0,0.0,0.0,0.0,0.0,0.0,0.0,1.46,1.0,0.0,-0.05,0.01,0.04,2.0,5.0,,0.0,3.17,,,,,,0.0,0.0,0.0,-7.46,-24.38
3128,昇銳,光電業,20.35,0.0,,,,0.0,0.0,0.0,0.0,0.0,0.0,0.0,0.0,0.0,1.23,11.0,0.03,-0.03,-0.09,-0.11,2.0,6.0,,0.0,0.51,,,,,,0.0,0.0,0.0,-2.16,-19.72
3130,一零四,資訊服務業,209.0,0.0,,,,0.0,0.0,0.0,0.0,0.0,0.0,0.0,0.0,0.0,13.93,-26.0,-0.08,-0.35,-0.68,-1.0,0.0,0.0,,0.0,0.04,,,,,,0.0,0.0,0.0,-0.71,-5.43
3131,弘塑,其他電子業,2525.0,2.02,,,,4.85,-0.04,-13.0,-0.19,-0.17,0.06,0.0,3.0,9.0,35.15,64.0,0.22,0.55,-0.09,-0.01,3.0,5.0,,0.01,0.04,,,,,,4.0,4.0,8.0,-4.17,-33.29
3138,耀登,通信網路業,101.0,2.96,,,,0.0,0.0,0.0,0.0,0.0,0.0,0.0,0.0,0.0,2.44,-12.0,-0.02,-1.01,-3.86,-3.88,0.0,2.0,,0.0,0.15,,,,,,0.0,0.0,0.0,-6.48,-15.48
3141,晶宏,半導體業,85.3,0.12,,,,0.0,0.0,0.0,0.0,0.0,0.0,0.0,0.0,0.0,20.31,-94.0,-0.13,0.16,-2.05,1.05,2.0,3.0,,-0.02,2.04,,,,,,0.0,0.0,0.0,-16.78,-16.78
3147,大綜,資訊服務業,243.5,0.21,,,,0.0,0.0,0.0,0.0,0.0,0.0,0.0,0.0,0.0,10.71,69.0,0.18,0.65,0.34,0.6,4.0,6.0,,0.07,0.83,,,,,,0.0,0.0,0.0,0.0,-10.31
3149,正達,光電業,74.0,9.96,,,,0.0,0.0,0.0,0.0,0.0,0.0,0.0,0.0,0.0,5.26,-4098.0,-2.84,-2.34,-1.33,-2.49,2.0,6.0,,0.11,0.11,,,,,,0.0,0.0,0.0,0.0,-20.86
3152,璟德,通信網路業,231.0,2.21,,,,0.0,0.0,0.0,0.0,0.0,0.0,0.0,0.0,0.0,21.57,1.0,0.0,-0.17,-0.18,-0.22,2.0,4.0,,-0.0,1.23,,,,,,0.0,0.0,0.0,-4.74,-20.07
3162,精確,電機機械,85.4,5.56,,,,0.0,0.0,0.0,0.0,0.0,0.0,0.0,0.0,0.0,59.71,1040.0,0.8,1.37,1.41,0.65,4.0,7.0,,0.02,0.81,,,,,,0.0,0.0,0.0,0.0,0.0
3163,波若威,通信網路業,643.0,-0.46,,,,2.52,-0.01,-8.0,-0.03,-0.03,-0.03,0.0,0.0,0.0,11.15,-113.0,-0.14,-0.69,-1.74,-2.41,0.0,0.0,,0.0,1.3,,,,,,4.0,6.0,7.0,-17.03,-21.39
3164,景岳,生技醫療業,16.55,-0.3,,,,0.0,0.0,0.0,0.0,0.0,0.0,0.0,0.0,0.0,0.62,5.0,0.01,0.06,0.07,0.08,3.0,5.0,,0.0,0.08,,,,,,0.0,0.0,0.0,-0.3,-0.3
3167,大量,電機機械,887.0,-1.77,,,,7.91,0.0,0.0,0.05,0.49,0.88,1.0,5.0,8.0,10.7,-735.0,-0.89,-0.82,-4.15,-0.17,2.0,2.0,,-0.01,0.56,,,,,,0.0,1.0,5.0,-6.53,-6.53
3169,亞信,半導體業,115.0,-0.43,,,,0.7,0.0,0.0,0.0,0.0,0.0,0.0,0.0,0.0,6.07,41.0,0.07,0.92,1.12,0.19,4.0,9.0,,-0.0,0.85,,,,,,0.0,0.0,0.0,-0.43,-0.43
3171,新洲,貿易百貨,58.8,0.86,,,,0.0,0.0,0.0,0.0,0.0,0.0,0.0,0.0,0.0,0.81,1.0,0.0,0.0,0.01,0.02,2.0,6.0,,-0.0,0.04,,,,,,0.0,0.0,0.0,-6.67,-15.88
3176,基亞,生技醫療業,37.7,0.94,,,,0.0,0.0,0.0,0.0,0.0,0.0,0.0,0.0,0.0,8.78,94.0,0.07,0.05,0.72,0.57,3.0,6.0,,0.0,0.01,,,,,,0.0,0.0,0.0,-5.51,-5.51
3178,公準,電機機械,69.4,0.0,,,,0.0,0.0,0.0,0.0,0.0,0.0,0.0,0.0,0.0,1.79,25.0,0.06,-0.4,0.11,-0.17,3.0,8.0,,-0.0,0.1,,,,,,0.0,0.0,0.0,-8.56,-8.56
3188,鑫龍騰,建材營造,23.3,-0.64,,,,0.0,0.0,0.0,0.0,0.0,0.0,0.0,0.0,0.0,1.97,0.0,0.0,-0.03,-0.06,-0.07,1.0,3.0,,0.0,0.16,,,,,,0.0,0.0,0.0,-6.43,-6.43
3189,景碩,半導體業,970.0,1.57,,,,10.43,0.13,610.0,0.41,0.71,0.5,4.0,8.0,14.0,25.93,-432.0,-0.1,4.0,3.53,4.12,4.0,6.0,,0.01,2.1,,,,,,1.0,2.0,6.0,0.0,0.0
3191,和進,電子零組件業,16.75,1.52,,,,0.0,0.0,0.0,0.0,0.0,0.0,0.0,0.0,0.0,0.21,0.0,0.0,0.0,0.0,0.05,0.0,0.0,,0.0,0.0,,,,,,0.0,0.0,0.0,-4.83,-12.3
3202,樺晟,電子零組件業,,,,,,,,,,,,,,,,,,,,,,,,,,,,,,,,,,,
3205,佰研,生技醫療業,46.8,0.11,,,,0.0,0.0,0.0,0.0,0.0,0.0,0.0,0.0,0.0,2.29,3.0,0.01,0.08,0.11,0.18,4.0,7.0,,0.0,0.56,,,,,,0.0,0.0,0.0,-1.37,-12.03
3206,志豐,電子零組件業,34.95,1.16,,,,0.0,0.0,0.0,0.0,0.0,0.0,0.0,0.0,0.0,3.84,1.0,0.0,0.16,0.2,0.31,4.0,7.0,,-0.0,0.04,,,,,,0.0,0.0,0.0,-1.41,-10.38
3207,耀勝,電子零組件業,38.8,1.44,,,,0.0,0.0,0.0,0.0,0.0,0.0,0.0,0.0,0.0,3.94,97.0,0.16,0.26,0.39,0.27,3.0,7.0,,-0.0,0.04,,,,,,0.0,0.0,0.0,-3.48,-40.22
3209,全科,電子通路業,45.35,-0.33,,,,0.03,0.0,0.0,0.0,0.0,0.0,0.0,0.0,0.0,13.75,-201.0,-0.09,-0.27,-0.14,-1.19,1.0,3.0,,0.01,0.03,,,,,,0.0,0.0,0.0,-4.53,-24.92
3211,順達,電腦及週邊設備業,398.5,3.24,,,,16.09,-0.0,-2.0,0.24,0.74,-1.38,3.0,7.0,13.0,19.85,472.0,0.31,-0.45,-0.15,-1.27,1.0,2.0,,0.11,2.25,,,,,,1.0,2.0,6.0,-1.85,-12.9
3213,茂訊,電腦及週邊設備業,124.5,-0.8,,,,0.22,0.0,0.0,0.0,0.0,0.0,0.0,0.0,0.0,14.21,3.0,0.01,0.17,0.41,-1.87,3.0,6.0,,0.0,0.11,,,,,,0.0,1.0,1.0,-3.49,-12.63
3217,優群,電子零組件業,130.0,0.0,,,,0.02,0.0,0.0,0.0,0.0,0.0,0.0,0.0,0.0,7.6,102.0,0.11,0.15,0.26,-0.77,4.0,8.0,,-0.02,0.49,,,,,,0.0,0.0,0.0,-5.8,-27.37
3218,大學光,生技醫療業,135.0,1.12,,,,0.31,-0.0,-1.0,-0.0,-0.0,-0.0,0.0,0.0,0.0,7.84,-5.0,-0.01,-0.29,-0.46,-0.95,0.0,1.0,,0.0,0.28,,,,,,2.0,3.0,7.0,-5.59,-7.53
3219,倚強科,其他電子業,131.5,4.78,,,,0.0,0.0,0.0,0.0,0.0,0.0,0.0,0.0,0.0,4.24,190.0,0.27,-0.02,0.82,2.46,2.0,6.0,,0.22,1.91,,,,,,0.0,0.0,0.0,0.0,0.0
3221,台嘉碩,通信網路業,51.2,0.79,,,,0.0,0.0,0.0,0.0,0.0,0.0,0.0,0.0,0.0,10.46,-205.0,-0.2,0.6,2.17,0.41,2.0,7.0,,-0.01,0.36,,,,,,0.0,0.0,0.0,-0.19,-22.78
3224,三顧,電子通路業,31.45,1.45,,,,0.0,0.0,0.0,0.0,0.0,0.0,0.0,0.0,0.0,1.37,3.0,0.0,0.02,-0.04,-0.01,2.0,3.0,,0.0,0.13,,,,,,0.0,0.0,0.0,-8.18,-18.1
3226,至寶電,電機機械,60.4,0.5,,,,0.0,0.0,0.0,0.0,0.0,0.0,0.0,0.0,0.0,0.08,2.0,0.0,0.02,0.02,0.01,5.0,9.0,,0.0,0.0,,,,,,0.0,0.0,0.0,0.0,0.0
3227,原相,半導體業,185.0,-0.27,,,,9.48,-0.06,-81.0,-0.09,-0.31,-0.59,2.0,2.0,6.0,29.87,-347.0,-0.24,-0.33,-0.93,-2.07,1.0,2.0,,-0.0,1.8,,,,,,3.0,6.0,12.0,-5.85,-21.44
3228,金麗科,半導體業,182.0,1.11,,,,0.21,0.04,30.0,0.09,0.09,0.08,3.0,3.0,3.0,7.62,-85.0,-0.12,0.29,0.45,0.7,4.0,8.0,,-0.01,2.14,,,,,,0.0,0.0,1.0,0.0,-1.36
3229,晟鈦,電子零組件業,58.6,2.63,,,,0.0,0.0,0.0,0.0,0.0,0.0,0.0,0.0,0.0,2.11,2.0,0.01,-3.17,-2.33,0.68,1.0,5.0,,-0.0,0.04,,,,,,0.0,0.0,0.0,-13.19,-13.19
3230,錦明,光電業,41.4,-0.72,,,,0.0,0.0,0.0,0.0,0.0,0.0,0.0,0.0,0.0,2.42,65.0,0.09,0.49,0.77,0.59,4.0,6.0,,0.0,0.89,,,,,,0.0,0.0,0.0,-7.38,-25.27
3231,緯創,電腦及週邊設備業,184.5,-0.54,,,,16.61,0.01,146.0,-0.31,-0.18,0.85,2.0,6.0,14.0,41.42,-1847.0,-0.06,-0.7,-0.84,-2.87,2.0,4.0,,0.0,11.65,,,,,,3.0,4.0,6.0,-6.82,-6.82
3232,昱捷,電子通路業,20.9,0.48,,,,0.0,0.0,0.0,0.0,0.0,0.0,0.0,0.0,0.0,8.42,-6.0,-0.01,0.03,0.12,0.16,3.0,7.0,,0.0,0.0,,,,,,0.0,0.0,0.0,-3.91,-6.7
3234,光環,通信網路業,173.0,-0.86,,,,0.13,0.0,0.0,0.0,0.0,-0.01,0.0,0.0,2.0,14.09,-164.0,-0.17,-0.52,-2.76,-0.61,2.0,4.0,,-0.0,2.47,,,,,,0.0,0.0,1.0,-18.01,-18.01
3236,千如,電子零組件業,44.15,0.11,,,,0.0,0.0,0.0,0.0,0.0,0.0,0.0,0.0,0.0,15.27,16.0,0.02,0.14,0.76,0.45,4.0,8.0,,0.02,0.24,,,,,,0.0,0.0,0.0,-3.92,-35.74
3252,海灣,觀光事業,15.3,-0.97,,,,0.0,0.0,0.0,0.0,0.0,0.0,0.0,0.0,0.0,2.15,-3.0,-0.01,-0.02,-0.01,-0.01,1.0,2.0,,0.0,0.0,,,,,,0.0,0.0,0.0,-1.29,-14.76
3257,虹冠電,半導體業,49.6,0.61,,,,0.01,0.0,0.0,0.0,0.0,0.0,0.0,0.0,0.0,1.84,55.0,0.07,0.19,0.44,0.48,4.0,9.0,,0.0,0.73,,,,,,0.0,0.0,0.0,-1.2,-31.3
3259,鑫創,半導體業,10.65,9.68,,,,0.0,0.0,0.0,0.0,0.0,0.0,0.0,0.0,0.0,14.01,4.0,0.01,0.01,0.02,0.08,1.0,2.0,,0.0,0.0,,,,,,0.0,0.0,0.0,-22.55,-36.42
3260,威剛,半導體業,377.5,0.13,,,,5.48,0.01,17.0,-0.02,0.1,0.34,2.0,5.0,11.0,25.97,-749.0,-0.25,-1.49,-2.09,-5.09,0.0,1.0,,0.01,0.77,,,,,,3.0,5.0,8.0,-8.93,-13.91
3264,欣銓,半導體業,243.5,0.83,,,,12.93,-0.01,-53.0,-3.6,-2.94,-2.77,0.0,2.0,7.0,39.38,-6731.0,-1.37,2.02,2.46,2.41,2.0,3.0,,-0.0,1.41,,,,,,5.0,7.0,11.0,-14.26,-14.26
3265,台星科,半導體業,186.0,3.05,,,,2.65,0.0,0.0,-0.02,-0.02,-0.08,0.0,0.0,0.0,11.58,732.0,0.54,1.06,2.5,1.21,3.0,6.0,,-0.03,2.64,,,,,,1.0,1.0,5.0,-1.85,-3.38
3266,昇陽,建材營造,14.0,1.82,,,,0.0,0.0,0.0,0.0,0.0,0.0,0.0,0.0,0.0,8.36,21.0,0.01,0.01,-0.0,0.01,1.0,3.0,,0.0,0.06,,,,,,0.0,0.0,0.0,-0.36,-1.06
3268,海德威,半導體業,21.75,1.16,,,,0.0,0.0,0.0,0.0,0.0,0.0,0.0,0.0,0.0,2.27,17.0,0.05,0.13,0.13,0.25,3.0,6.0,,0.0,0.0,,,,,,0.0,0.0,0.0,0.0,-3.76
3272,東碩,電腦及週邊設備業,13.95,1.82,,,,0.07,0.0,0.0,0.0,0.0,0.0,0.0,0.0,0.0,1.22,4.0,0.01,0.05,0.06,0.09,5.0,10.0,,0.0,0.21,,,,,,0.0,0.0,0.0,-4.45,-12.54
3276,宇環,電子零組件業,14.05,1.44,,,,0.0,0.0,0.0,0.0,0.0,0.0,0.0,0.0,0.0,1.74,16.0,0.02,0.04,-0.06,-0.26,4.0,6.0,,0.0,0.03,,,,,,0.0,0.0,0.0,-3.1,-23.22
3284,太普高,其他,19.9,2.58,,,,0.0,0.0,0.0,0.0,0.0,0.0,0.0,0.0,0.0,2.25,98.0,0.11,0.04,-0.02,0.13,1.0,3.0,,0.0,0.4,,,,,,0.0,0.0,0.0,-4.56,-35.49
3285,微端,其他電子業,41.5,-0.24,,,,0.0,0.0,0.0,0.0,0.0,0.0,0.0,0.0,0.0,13.42,-2.0,-0.0,-0.01,0.04,-0.02,2.0,3.0,,0.0,0.01,,,,,,0.0,0.0,0.0,-3.94,-6.32
3287,廣寰科,電腦及週邊設備業,42.15,2.31,,,,0.0,0.0,0.0,0.0,0.0,0.0,0.0,0.0,0.0,3.54,-15.0,-0.03,-0.03,0.94,0.91,3.0,7.0,,0.01,0.57,,,,,,0.0,0.0,0.0,-1.06,-1.06
3288,點晶,電子零組件業,21.2,1.44,,,,0.0,0.0,0.0,0.0,0.0,0.0,0.0,0.0,0.0,0.42,1.0,0.01,-0.06,0.09,0.03,2.0,5.0,,0.0,0.01,,,,,,0.0,0.0,0.0,-4.5,-27.65
3289,宜特,其他電子業,139.5,0.0,,,,0.01,0.0,0.0,0.0,0.0,0.0,0.0,0.0,0.0,14.52,-16.0,-0.02,-0.09,0.16,0.48,2.0,6.0,,0.01,0.27,,,,,,0.0,0.0,0.0,-2.45,-22.5
3290,東浦,電子零組件業,52.2,9.21,,,,0.0,0.0,0.0,0.0,0.0,0.0,0.0,0.0,0.0,4.21,-456.0,-0.37,-0.42,-0.53,-0.94,3.0,5.0,,0.06,3.22,,,,,,0.0,0.0,0.0,0.0,-25.85
3293,鈊象,文化創意業,788.0,1.16,,,,16.43,0.03,48.0,0.12,0.7,-2.11,4.0,9.0,16.0,61.56,1064.0,0.76,4.35,4.84,4.38,5.0,7.0,,0.0,0.39,,,,,,0.0,0.0,3.0,0.0,-1.99
3294,英濟,電子零組件業,32.45,-1.37,,,,0.0,0.0,0.0,0.0,0.0,0.0,0.0,0.0,0.0,9.02,66.0,0.05,-1.16,-1.0,-1.14,2.0,5.0,,0.0,1.14,,,,,,0.0,0.0,0.0,-3.71,-19.68
3296,勝德,電子零組件業,28.4,2.16,,,,0.0,0.0,0.0,0.0,0.0,0.0,0.0,0.0,0.0,2.52,23.0,0.02,0.02,0.1,0.15,2.0,4.0,,0.01,0.2,,,,,,0.0,0.0,0.0,-0.35,-5.33
3297,杭特,光電業,32.6,-0.76,,,,0.0,0.0,0.0,0.0,0.0,0.0,0.0,0.0,0.0,2.42,-10.0,-0.03,-0.62,0.08,-0.06,1.0,5.0,,0.0,0.91,,,,,,0.0,0.0,0.0,-10.44,-10.44
3303,岱稜,其他電子業,48.65,0.62,,,,0.0,0.0,0.0,0.0,0.0,0.0,0.0,0.0,0.0,6.21,52.0,0.06,0.16,0.08,-0.77,4.0,5.0,,-0.0,0.13,,,,,,0.0,0.0,0.0,-6.44,-22.41
3305,昇貿,其他電子業,106.0,1.44,,,,0.0,0.0,0.0,0.0,0.0,0.0,0.0,0.0,0.0,4.69,80.0,0.06,0.25,-0.15,-1.46,4.0,5.0,,0.01,0.03,,,,,,0.0,0.0,0.0,-7.42,-22.34
3306,鼎天,通信網路業,48.05,0.95,,,,0.0,0.0,0.0,0.0,0.0,0.0,0.0,0.0,0.0,5.21,-27.0,-0.05,0.23,0.12,0.31,4.0,5.0,,0.0,1.04,,,,,,0.0,0.0,0.0,0.0,-8.13
3308,聯德,電子零組件業,22.35,0.68,,,,0.0,0.0,0.0,0.0,0.0,0.0,0.0,0.0,0.0,1.07,32.0,0.05,0.11,0.13,0.31,3.0,7.0,,-0.0,0.07,,,,,,0.0,0.0,0.0,0.0,-2.61
3310,佳穎,電子零組件業,68.8,-0.15,,,,0.0,0.0,0.0,0.0,0.0,0.0,0.0,0.0,0.0,0.52,-1.0,-0.0,0.0,-0.0,0.01,2.0,3.0,,0.0,0.0,,,,,,0.0,0.0,0.0,-0.58,-2.69
3311,閎暉,通信網路業,41.05,7.6,,,,0.0,0.0,0.0,0.0,0.0,0.0,0.0,0.0,0.0,6.25,1641.0,2.73,3.17,2.97,1.9,5.0,8.0,,0.04,0.46,,,,,,0.0,0.0,0.0,0.0,0.0
3312,弘憶股,電子通路業,52.0,2.16,,,,0.0,0.0,0.0,0.0,0.0,0.0,0.0,0.0,0.0,2.1,305.0,0.19,-0.82,0.08,-0.36,2.0,6.0,,0.0,0.18,,,,,,0.0,0.0,0.0,-7.14,-13.33
3313,斐成,其他,10.45,-0.48,,,,0.0,0.0,0.0,0.0,0.0,0.0,0.0,0.0,0.0,5.93,-5.0,-0.0,-0.01,-0.02,-0.04,1.0,2.0,,0.0,0.04,,,,,,0.0,0.0,0.0,-4.57,-15.73
3317,尼克森,半導體業,65.2,-0.31,,,,0.0,0.0,0.0,0.0,0.0,0.0,0.0,0.0,0.0,17.25,-561.0,-0.79,-3.75,-3.26,-2.94,2.0,7.0,,-0.05,0.37,,,,,,0.0,0.0,0.0,-4.54,-38.2
3321,同泰,電子零組件業,18.25,0.55,,,,0.01,0.0,0.0,0.0,0.0,0.0,0.0,0.0,0.0,1.53,9.0,0.01,-0.09,-0.04,-0.01,3.0,7.0,,0.0,0.01,,,,,,0.0,0.0,0.0,-2.41,-27.0
3322,建舜電,電子零組件業,11.3,1.8,,,,0.0,0.0,0.0,0.0,0.0,0.0,0.0,0.0,0.0,4.12,72.0,0.07,0.18,0.21,-0.06,4.0,7.0,,0.0,1.29,,,,,,0.0,0.0,0.0,0.0,-22.07
3323,加百裕,電腦及週邊設備業,29.7,1.19,,,,0.0,0.0,0.0,0.0,0.0,0.0,0.0,0.0,0.0,12.65,133.0,0.15,0.32,0.27,0.06,3.0,5.0,,-0.0,0.04,,,,,,0.0,0.0,0.0,0.0,-21.01
3324,雙鴻,其他電子業,1530.0,-6.13,,,,2.55,-0.0,-1.0,1.05,1.21,0.32,4.0,7.0,8.0,41.52,-805.0,-0.9,-1.65,-2.86,1.15,1.0,3.0,,-0.23,6.64,,,,,,1.0,2.0,8.0,-10.53,-10.53
3325,旭品,電腦及週邊設備業,11.9,1.71,,,,0.0,0.0,0.0,0.0,0.0,0.0,0.0,0.0,0.0,0.8,-4.0,-0.0,-0.13,-0.02,0.01,0.0,4.0,,0.0,0.0,,,,,,0.0,0.0,0.0,-3.25,-11.19
3332,幸康,電子零組件業,63.7,,,,,0.0,0.0,0.0,0.0,0.0,0.0,0.0,0.0,0.0,0.84,-1.0,-0.0,-0.0,-0.01,-0.03,0.0,0.0,,0.0,0.0,,,,,,0.0,0.0,0.0,0.0,-5.07
3338,泰碩,電子零組件業,68.0,0.15,,,,0.0,0.0,0.0,0.0,0.0,0.0,0.0,0.0,0.0,3.81,57.0,0.06,0.22,0.65,0.62,5.0,10.0,,0.01,0.46,,,,,,0.0,0.0,0.0,-0.29,-6.08
3339,泰谷,光電業,45.65,-1.19,,,,0.0,0.0,0.0,0.0,0.0,0.0,0.0,0.0,0.0,3.34,-136.0,-0.26,-3.86,-0.33,-3.26,1.0,5.0,,-0.0,0.04,,,,,,0.0,0.0,0.0,-5.88,-5.88
3346,麗清,汽車工業,24.15,1.47,,,,0.0,0.0,0.0,0.0,0.0,0.0,0.0,0.0,0.0,1.53,188.0,0.17,-0.37,0.04,-0.56,2.0,5.0,,-0.0,0.06,,,,,,0.0,0.0,0.0,-1.43,-17.15
3349,寶德,電腦及週邊設備業,19.95,0.0,,,,0.0,0.0,0.0,0.0,0.0,0.0,0.0,0.0,0.0,1.03,-3.0,-0.01,-0.13,-0.21,-0.13,1.0,1.0,,0.0,0.0,,,,,,0.0,0.0,0.0,-12.88,-19.23
3354,律勝,電子零組件業,32.15,9.91,,,,0.0,0.0,0.0,0.0,0.0,0.0,0.0,0.0,0.0,2.39,397.0,0.57,0.09,0.56,-0.41,2.0,4.0,,0.01,0.13,,,,,,0.0,0.0,0.0,0.0,0.0
3356,奇偶,光電業,66.0,0.61,,,,0.0,0.0,0.0,0.0,0.0,0.0,0.0,0.0,0.0,6.25,-44.0,-0.05,-0.78,-0.98,-2.07,0.0,0.0,,0.02,0.29,,,,,,0.0,0.0,0.0,-3.79,-3.79
3357,臺慶科,電子零組件業,204.5,0.74,,,,0.0,-0.0,-1.0,-0.26,-0.26,-0.26,0.0,0.0,0.0,24.16,101.0,0.1,-0.01,0.36,0.52,2.0,5.0,,-0.01,0.0,,,,,,2.0,2.0,2.0,-5.1,-29.97
3360,尚立,電子通路業,15.35,1.66,,,,0.0,0.0,0.0,0.0,0.0,0.0,0.0,0.0,0.0,4.13,169.0,0.22,0.38,0.36,0.48,4.0,7.0,,0.0,0.91,,,,,,0.0,0.0,0.0,0.0,-32.82
3362,先進光,光電業,171.0,0.0,,,,0.0,0.0,0.0,0.0,0.0,0.0,0.0,0.0,0.0,6.51,91.0,0.06,0.31,-0.13,-0.28,4.0,4.0,,-0.0,2.78,,,,,,0.0,0.0,0.0,-18.57,-18.57
3363,上詮,通信網路業,649.0,-0.46,,,,1.93,0.0,0.0,0.0,0.09,0.25,0.0,1.0,2.0,25.65,-68.0,-0.07,-0.13,-1.86,-2.67,2.0,4.0,,-0.0,3.88,,,,,,0.0,0.0,2.0,-17.43,-17.43
3372,典範,半導體業,16.55,1.53,,,,1.28,0.0,0.0,0.0,0.0,0.0,0.0,0.0,0.0,1.52,171.0,0.1,0.02,-0.1,-0.09,2.0,4.0,,0.0,0.01,,,,,,0.0,0.0,0.0,0.0,-22.3
3373,熱映,其他電子業,16.0,-0.31,,,,0.0,0.0,0.0,0.0,0.0,0.0,0.0,0.0,0.0,2.25,4.0,0.01,-0.0,-0.04,-0.51,2.0,2.0,,0.0,6.05,,,,,,0.0,0.0,0.0,-2.74,-10.36
3374,精材,半導體業,454.5,-0.11,,,,6.52,-0.01,-18.0,0.56,1.39,2.77,1.0,3.0,6.0,19.84,78.0,0.03,-1.57,-3.88,-1.01,3.0,3.0,,0.0,3.43,,,,,,2.0,3.0,6.0,-6.86,-6.86
3376,新日興,電子零組件業,174.5,1.75,,,,1.55,0.0,0.0,0.0,0.05,0.05,0.0,2.0,2.0,11.05,-642.0,-0.34,-1.18,-2.8,-9.39,0.0,0.0,,0.01,0.7,,,,,,0.0,1.0,3.0,-18.08,-19.59
3379,彬台,電機機械,27.7,1.47,,,,0.0,0.0,0.0,0.0,0.0,0.0,0.0,0.0,0.0,3.13,18.0,0.05,0.08,0.27,0.47,3.0,8.0,,0.0,1.41,,,,,,0.0,0.0,0.0,-4.97,-23.06
3380,明泰,通信網路業,32.15,1.74,,,,0.01,0.0,0.0,0.0,0.01,0.01,2.0,4.0,6.0,3.26,-1243.0,-0.23,-0.68,-0.44,-1.1,0.0,3.0,,-0.02,0.18,,,,,,0.0,0.0,2.0,-3.02,-10.69
3383,新世紀,光電業,,,,,,,,,,,,,,,,,,,,,,,,,,,,,,,,,,,
3388,崇越電,電子零組件業,85.3,4.53,,,,0.0,0.0,0.0,0.0,0.0,0.0,0.0,0.0,0.0,10.15,144.0,0.19,0.21,-0.14,0.92,3.0,4.0,,-0.0,0.0,,,,,,0.0,0.0,0.0,-6.98,-15.54
3390,旭軟,電子零組件業,22.6,1.35,,,,0.0,0.0,0.0,0.0,0.0,0.0,0.0,0.0,0.0,5.44,-38.0,-0.06,-0.06,0.09,-0.08,2.0,5.0,,0.0,0.01,,,,,,0.0,0.0,0.0,0.0,-19.72
3402,漢科,其他電子業,136.0,3.82,,,,0.18,0.0,0.0,0.0,0.0,0.0,0.0,0.0,0.0,10.67,386.0,0.53,0.81,1.18,1.33,5.0,10.0,,0.02,0.11,,,,,,0.0,1.0,1.0,0.0,-13.92
3406,玉晶光,光電業,890.0,0.91,,,,12.41,0.01,11.0,-0.06,0.33,4.38,3.0,5.0,10.0,39.41,-3.0,-0.0,-0.73,-2.76,-5.55,1.0,2.0,,-0.04,8.46,,,,,,2.0,5.0,8.0,-19.82,-19.82
3413,京鼎,半導體業,291.0,0.0,,,,2.1,0.0,0.0,0.0,0.0,0.03,0.0,0.0,2.0,30.09,33.0,0.04,0.6,0.39,-0.56,5.0,5.0,,-0.01,0.14,,,,,,0.0,0.0,2.0,0.0,-23.82
3416,融程電,電腦及週邊設備業,162.5,0.31,,,,0.0,0.0,0.0,0.0,0.0,0.0,0.0,0.0,0.0,4.13,-7.0,-0.01,-0.16,-0.39,-2.01,0.0,0.0,,-0.01,0.42,,,,,,0.0,0.0,0.0,-8.19,-17.09
3419,譁裕,通信網路業,12.05,2.12,,,,0.0,0.0,0.0,0.0,0.0,0.0,0.0,0.0,0.0,1.35,-302.0,-0.25,-0.07,0.02,0.08,4.0,7.0,,0.0,0.42,,,,,,0.0,0.0,0.0,0.0,-15.44
3426,台興,電機機械,,,,,,,,,,,,,,,,,,,,,,,,,,,,,,,,,,,
3430,奇鈦科,化學工業,111.5,-0.89,,,,0.0,0.0,0.0,0.0,0.0,0.0,0.0,0.0,0.0,6.21,1.0,0.0,-0.3,0.5,0.68,3.0,7.0,,-0.01,0.06,,,,,,0.0,0.0,0.0,-1.33,-22.03
3432,台端,電子零組件業,14.9,0.68,,,,0.0,0.0,0.0,0.0,0.0,0.0,0.0,0.0,0.0,3.6,1.0,0.0,-0.09,-0.05,0.01,1.0,4.0,,0.0,1.69,,,,,,0.0,0.0,0.0,-4.18,-19.24
3434,哲固,光電業,31.4,-0.48,,,,0.0,0.0,0.0,0.0,0.0,0.0,0.0,0.0,0.0,4.96,-6.0,-0.02,0.21,0.46,0.37,3.0,7.0,,0.0,0.07,,,,,,0.0,0.0,0.0,-6.55,-6.55
3437,榮創,光電業,22.45,0.22,,,,0.0,0.0,0.0,0.0,0.0,0.0,0.0,0.0,0.0,4.89,-32.0,-0.02,0.1,-0.47,-0.73,3.0,5.0,,0.0,0.45,,,,,,0.0,0.0,0.0,0.0,0.0
3438,類比科,半導體業,61.9,0.98,,,,0.0,0.0,0.0,0.0,0.0,0.0,0.0,0.0,0.0,4.3,23.0,0.05,0.14,0.16,-0.0,5.0,8.0,,0.0,4.53,,,,,,0.0,0.0,0.0,-7.89,-18.01
3441,聯一光電,光電業,184.5,-0.27,,,,0.0,0.0,0.0,0.0,0.0,0.0,0.0,0.0,0.0,6.5,-67.0,-0.17,0.23,-1.2,-2.32,3.0,6.0,,-0.07,1.03,,,,,,0.0,0.0,0.0,-4.16,-4.16
3443,創意,半導體業,8040.0,1.45,,,,11.65,-0.04,-59.0,-0.37,-0.17,0.15,0.0,4.0,12.0,27.34,198.0,0.15,0.61,-0.11,-0.08,5.0,6.0,,-0.01,5.65,,,,,,5.0,6.0,8.0,-5.69,-5.69
3444,利機,電子通路業,81.3,0.87,,,,0.0,0.0,0.0,0.0,0.0,0.0,0.0,0.0,0.0,11.49,-34.0,-0.08,0.11,0.28,0.54,3.0,6.0,,0.0,0.39,,,,,,0.0,0.0,0.0,-4.8,-9.36
3447,展達,通信網路業,27.55,1.47,,,,0.0,0.0,0.0,0.0,0.0,0.0,0.0,0.0,0.0,1.23,19.0,0.02,0.01,-0.01,-0.09,3.0,5.0,,0.0,0.17,,,,,,0.0,0.0,0.0,-7.39,-27.12
3450,聯鈞,半導體業,523.0,-0.38,,,,7.25,0.27,387.0,-0.2,1.29,-0.52,1.0,5.0,7.0,16.06,-1383.0,-0.95,-3.28,-6.64,-10.25,1.0,2.0,,0.01,1.62,,,,,,3.0,4.0,12.0,-16.32,-19.04
3454,晶睿,光電業,,,,,,,,,,,,,,,,,,,,,,,,,,,,,,,,,,,
3455,由田,光電業,267.0,0.0,,,,0.81,0.0,0.0,0.0,0.0,0.0,0.0,0.0,0.0,15.77,-401.0,-0.67,0.28,1.3,-0.43,3.0,7.0,,-0.02,0.81,,,,,,0.0,0.0,0.0,0.0,0.0
3465,進泰電子,電子零組件業,29.7,0.17,,,,0.0,0.0,0.0,0.0,0.0,0.0,0.0,0.0,0.0,9.86,2.0,0.01,0.02,0.02,0.02,3.0,4.0,,0.0,0.0,,,,,,0.0,0.0,0.0,0.0,-17.39
3466,致振,通信網路業,23.9,0.21,,,,0.0,0.0,0.0,0.0,0.0,0.0,0.0,0.0,0.0,14.35,-10.0,-0.02,0.07,0.48,0.73,2.0,5.0,,0.0,0.19,,,,,,0.0,0.0,0.0,-4.4,-29.71
3479,安勤,電腦及週邊設備業,136.0,-1.81,,,,0.65,0.0,0.0,0.0,0.0,0.0,0.0,0.0,0.0,9.17,-31.0,-0.04,0.95,1.56,1.85,3.0,6.0,,-0.0,0.07,,,,,,0.0,1.0,1.0,-1.81,-13.1
3481,群創,光電業,54.7,9.95,,,,0.65,0.0,0.0,0.0,-0.03,-0.03,1.0,2.0,3.0,19.18,99099.0,1.09,0.87,1.11,1.5,3.0,5.0,,0.08,2.42,,,,,,2.0,5.0,14.0,0.0,-20.95
3483,力致,電腦及週邊設備業,79.1,2.06,,,,0.81,0.0,0.0,0.0,0.0,0.0,0.0,0.0,0.0,16.07,143.0,0.17,0.49,0.53,-0.06,4.0,7.0,,0.0,0.03,,,,,,0.0,1.0,1.0,-1.74,-14.95
3484,崧騰,電子零組件業,46.55,-0.43,,,,0.0,0.0,0.0,0.0,0.0,0.0,0.0,0.0,0.0,9.31,-31.0,-0.04,-0.01,-0.03,-0.75,2.0,5.0,,0.0,0.25,,,,,,0.0,0.0,0.0,-8.73,-13.64
3489,森寶,建材營造,23.35,0.43,,,,0.0,0.0,0.0,0.0,0.0,0.0,0.0,0.0,0.0,1.18,33.0,0.04,0.17,0.16,-0.14,4.0,6.0,,0.0,0.1,,,,,,0.0,0.0,0.0,0.0,-11.05
3490,單井,光電業,44.35,-1.66,,,,0.0,0.0,0.0,0.0,0.0,0.0,0.0,0.0,0.0,15.36,-395.0,-0.72,-1.17,-1.87,-5.41,2.0,5.0,,0.0,0.66,,,,,,0.0,0.0,0.0,-3.9,-18.77
3491,昇達科,通信網路業,1500.0,-0.66,,,,10.14,0.03,18.0,0.08,0.77,1.98,3.0,8.0,16.0,33.99,-131.0,-0.21,-0.69,-1.19,-3.2,1.0,3.0,,-0.03,0.73,,,,,,2.0,2.0,4.0,-4.15,-4.15
3492,長盛,電子零組件業,19.15,0.52,,,,0.0,0.0,0.0,0.0,0.0,0.0,0.0,0.0,0.0,0.85,1.0,0.0,0.01,0.0,0.06,2.0,5.0,,0.0,0.25,,,,,,0.0,0.0,0.0,-0.78,-17.46
3494,誠研,電腦及週邊設備業,7.1,0.14,,,,0.0,0.0,0.0,0.0,0.0,0.0,0.0,0.0,0.0,1.37,-1.0,-0.0,-0.0,-0.04,-0.13,1.0,1.0,,0.0,0.23,,,,,,0.0,0.0,0.0,-2.74,-11.03
3498,陽程,其他電子業,229.0,-2.55,,,,0.0,0.0,0.0,0.0,0.0,0.0,0.0,0.0,0.0,19.75,-773.0,-1.23,-1.93,-1.42,-4.16,2.0,5.0,,0.01,2.84,,,,,,0.0,0.0,0.0,-2.55,-2.55
3499,環天科,通信網路業,13.8,0.73,,,,0.0,0.0,0.0,0.0,0.0,0.0,0.0,0.0,0.0,0.22,-6.0,-0.01,-0.0,-0.03,-0.2,1.0,1.0,,0.0,0.18,,,,,,0.0,0.0,0.0,-5.48,-7.69
3501,維熹,電子零組件業,37.65,0.4,,,,0.0,0.0,0.0,0.0,0.0,0.0,0.0,0.0,0.0,2.95,8.0,0.01,-0.22,-0.26,-0.36,1.0,2.0,,0.0,0.13,,,,,,0.0,0.0,0.0,-5.76,-9.39
3504,揚明光,光電業,79.1,-0.5,,,,0.0,0.0,0.0,0.0,0.0,0.0,0.0,0.0,0.0,4.73,4.0,0.0,-0.12,-0.23,-0.73,3.0,5.0,,-0.0,2.34,,,,,,0.0,0.0,0.0,-16.12,-16.12
3508,位速,其他電子業,25.9,-0.19,,,,0.0,0.0,0.0,0.0,0.0,0.0,0.0,0.0,0.0,0.43,109.0,0.1,-0.04,0.16,0.11,2.0,4.0,,0.0,2.51,,,,,,0.0,0.0,0.0,-2.26,-2.26
3511,矽瑪,電子零組件業,19.75,1.54,,,,0.0,0.0,0.0,0.0,0.0,0.0,0.0,0.0,0.0,3.64,36.0,0.05,0.1,0.17,-0.05,4.0,8.0,,0.0,0.03,,,,,,0.0,0.0,0.0,0.0,-29.59
3512,皇龍,建材營造,19.2,0.0,,,,0.0,0.0,0.0,0.0,0.0,0.0,0.0,0.0,0.0,0.69,-3.0,-0.0,-0.02,-0.02,0.01,1.0,1.0,,0.0,0.0,,,,,,0.0,0.0,0.0,-2.54,-10.49
3515,華擎,電腦及週邊設備業,212.0,0.47,,,,0.1,0.0,0.0,0.0,0.0,0.02,0.0,0.0,7.0,8.63,32.0,0.03,0.03,0.41,0.1,2.0,6.0,,-0.0,0.52,,,,,,0.0,0.0,0.0,-8.23,-10.17
3516,亞帝歐,光電業,25.4,1.6,,,,0.0,0.0,0.0,0.0,0.0,0.0,0.0,0.0,0.0,1.54,1.0,0.0,0.01,0.01,0.08,5.0,6.0,,0.0,0.0,,,,,,0.0,0.0,0.0,-4.15,-10.56
3518,柏騰,其他電子業,41.1,9.89,,,,0.0,0.0,0.0,0.0,0.0,0.0,0.0,0.0,0.0,11.64,719.0,0.9,3.77,4.57,3.62,5.0,10.0,,0.03,0.29,,,,,,0.0,0.0,0.0,0.0,0.0
3520,華盈,電子零組件業,17.35,1.46,,,,0.0,0.0,0.0,0.0,0.0,0.0,0.0,0.0,0.0,2.74,-2.0,-0.0,-0.2,-0.25,-0.44,1.0,2.0,,0.0,0.13,,,,,,0.0,0.0,0.0,-1.42,-6.72
3521,鴻翊,電腦及週邊設備業,11.85,0.85,,,,0.0,0.0,0.0,0.0,0.0,0.0,0.0,0.0,0.0,0.52,-3.0,-0.0,-0.04,-0.04,-0.02,0.0,2.0,,0.0,0.0,,,,,,0.0,0.0,0.0,-3.66,-12.87
3522,御頂,觀光事業,12.5,-0.4,,,,0.0,0.0,0.0,0.0,0.0,0.0,0.0,0.0,0.0,0.51,11.0,0.01,0.01,-0.08,-0.02,2.0,4.0,,0.0,0.0,,,,,,0.0,0.0,0.0,-6.02,-14.38
3523,迎輝,光電業,15.0,0.33,,,,0.0,0.0,0.0,0.0,0.0,0.0,0.0,0.0,0.0,0.05,1.0,0.0,-0.01,-0.02,-0.02,2.0,3.0,,0.0,0.68,,,,,,0.0,0.0,0.0,-5.36,-19.14
3526,凡甲,電子零組件業,272.0,0.55,,,,1.27,0.0,2.0,-0.07,-0.07,-0.22,3.0,4.0,6.0,18.69,-30.0,-0.05,-0.12,-0.51,-0.95,2.0,3.0,,-0.0,0.0,,,,,,2.0,3.0,8.0,-4.56,-19.65
3527,聚積,半導體業,53.1,2.91,,,,0.25,0.0,0.0,0.0,0.0,0.0,0.0,0.0,0.0,7.52,-5.0,-0.01,0.04,0.22,0.08,3.0,7.0,,-0.0,0.21,,,,,,0.0,0.0,0.0,0.0,-20.51
3528,安馳,電子通路業,85.6,1.06,,,,0.0,0.0,0.0,0.0,0.0,0.0,0.0,0.0,0.0,4.98,24.0,0.04,0.23,0.29,0.06,5.0,9.0,,0.01,0.1,,,,,,0.0,0.0,0.0,-0.47,-14.83
3529,力旺,半導體業,3305.0,0.0,,,,10.65,0.16,122.0,2.73,3.22,5.26,5.0,10.0,17.0,57.96,-202.0,-0.27,-3.5,-4.52,-8.16,0.0,0.0,,-0.01,6.67,,,,,,0.0,0.0,3.0,0.0,0.0
3530,晶相光,半導體業,59.2,1.37,,,,0.0,0.0,0.0,0.0,0.0,0.0,0.0,0.0,0.0,40.44,35.0,0.04,0.1,0.17,0.04,4.0,8.0,,0.0,0.8,,,,,,0.0,0.0,0.0,-1.17,-15.06
3531,先益,光電業,20.9,,,,,0.0,0.0,0.0,0.0,0.0,0.0,0.0,0.0,0.0,19.3,0.0,0.0,0.0,0.0,0.0,0.0,0.0,,0.0,0.01,,,,,,0.0,0.0,0.0,-3.02,-10.49
3532,台勝科,半導體業,471.0,3.74,,,,6.0,0.0,0.0,0.02,0.05,1.28,3.0,4.0,13.0,43.99,-940.0,-0.24,0.18,-0.07,-0.4,3.0,4.0,,-0.04,4.39,,,,,,1.0,4.0,5.0,0.0,-9.94
3533,嘉澤,電子零組件業,1770.0,3.51,,,,0.96,0.21,229.0,0.29,0.13,0.02,3.0,3.0,5.0,43.88,-241.0,-0.22,-0.68,-0.72,-1.41,2.0,4.0,,0.02,0.32,,,,,,1.0,6.0,12.0,0.0,-18.62
3535,晶彩科,光電業,92.0,2.45,,,,0.0,0.0,0.0,0.0,0.0,0.0,0.0,0.0,0.0,4.16,298.0,0.38,0.01,0.89,-0.18,2.0,6.0,,0.04,2.68,,,,,,0.0,0.0,0.0,0.0,-21.03
3536,誠創,半導體業,,,,,,,,,,,,,,,,,,,,,,,,,,,,,,,,,,,
3537,堡達,電子零組件業,53.3,1.33,,,,0.0,0.0,0.0,0.0,0.0,0.0,0.0,0.0,0.0,6.96,47.0,0.09,0.13,0.5,0.89,3.0,8.0,,0.0,0.03,,,,,,0.0,0.0,0.0,-3.79,-29.68
3540,曜越,電腦及週邊設備業,23.05,1.54,,,,0.0,0.0,0.0,0.0,0.0,0.0,0.0,0.0,0.0,3.49,51.0,0.07,0.08,0.16,-0.77,4.0,6.0,,0.0,0.0,,,,,,0.0,0.0,0.0,-5.53,-9.61
3541,西柏,其他電子業,24.4,-0.2,,,,0.04,0.0,0.0,0.0,0.0,0.0,0.0,0.0,0.0,1.25,4.0,0.01,0.01,0.0,0.07,2.0,4.0,,0.0,0.53,,,,,,0.0,0.0,0.0,-0.81,-0.81
3543,州巧,光電業,51.2,1.99,,,,0.0,0.0,0.0,0.0,0.0,0.0,0.0,0.0,0.0,7.14,595.0,0.67,0.61,-0.21,-2.94,3.0,3.0,,-0.0,1.02,,,,,,0.0,0.0,0.0,0.0,-6.06
3545,敦泰,半導體業,51.8,-0.19,,,,0.13,0.01,30.0,0.02,0.02,0.02,3.0,3.0,3.0,16.04,-128.0,-0.06,0.1,0.53,0.94,3.0,7.0,,0.0,5.95,,,,,,0.0,0.0,0.0,-1.33,-11.45
3546,宇峻,文化創意業,72.6,-0.14,,,,0.0,0.0,0.0,0.0,0.0,0.0,0.0,0.0,0.0,12.09,-21.0,-0.04,0.06,0.16,0.6,3.0,6.0,,0.0,0.1,,,,,,0.0,0.0,0.0,-1.89,-13.05
3548,兆利,電子零組件業,77.3,0.26,,,,0.0,0.0,0.0,0.0,0.0,0.0,0.0,0.0,0.0,9.15,22.0,0.03,0.15,0.27,0.25,4.0,8.0,,0.0,1.43,,,,,,0.0,0.0,0.0,-9.59,-14.96
3550,聯穎,電子零組件業,25.9,-1.15,,,,0.28,-0.0,-1.0,-0.0,-0.0,-0.0,0.0,0.0,0.0,9.25,-1903.0,-2.17,-1.4,0.39,0.25,3.0,7.0,,-0.0,0.32,,,,,,1.0,1.0,3.0,-1.15,-22.46
3551,世禾,其他電子業,187.5,0.54,,,,0.0,0.0,0.0,0.0,0.0,0.0,0.0,0.0,0.0,11.19,-49.0,-0.09,0.23,-0.75,-0.63,2.0,5.0,,-0.0,0.15,,,,,,0.0,0.0,0.0,0.0,-16.67
3552,同致,其他電子業,44.1,1.5,,,,0.0,0.0,0.0,0.0,0.0,0.0,0.0,0.0,0.0,12.22,-59.0,-0.07,-0.13,-1.8,-1.8,2.0,6.0,,-0.0,3.4,,,,,,0.0,0.0,0.0,-2.86,-10.09
3555,重鵬,半導體業,168.5,0.3,,,,0.0,0.0,0.0,0.0,0.0,0.0,0.0,0.0,0.0,3.38,10.0,0.04,0.06,0.18,0.15,2.0,5.0,,-0.01,0.33,,,,,,0.0,0.0,0.0,-18.6,-18.6
3556,禾瑞亞,半導體業,58.1,0.35,,,,0.0,0.0,0.0,0.0,0.0,0.0,0.0,0.0,0.0,8.32,5.0,0.01,0.1,0.36,0.32,4.0,9.0,,0.0,0.4,,,,,,0.0,0.0,0.0,-7.78,-23.45
3557,嘉威,其他,23.0,0.88,,,,0.0,0.0,0.0,0.0,0.0,0.0,0.0,0.0,0.0,1.34,19.0,0.02,0.01,0.02,0.03,4.0,8.0,,0.0,0.04,,,,,,0.0,0.0,0.0,-6.12,-15.6
3558,神準,通信網路業,125.0,0.4,,,,0.85,0.0,0.0,0.0,0.0,0.0,0.0,0.0,0.0,4.46,17.0,0.03,0.12,0.57,0.41,5.0,10.0,,-0.0,1.61,,,,,,0.0,0.0,0.0,0.0,-13.79
3563,牧德,光電業,807.0,1.64,,,,5.36,0.0,0.0,0.0,-0.02,-0.04,0.0,0.0,1.0,10.88,334.0,0.75,0.23,0.22,0.0,2.0,4.0,,0.03,2.67,,,,,,0.0,2.0,3.0,0.0,0.0
3564,其陽,通信網路業,50.6,0.4,,,,0.0,0.0,0.0,0.0,0.0,0.0,0.0,0.0,0.0,3.99,65.0,0.11,0.48,1.01,0.91,4.0,8.0,,-0.06,0.0,,,,,,0.0,0.0,0.0,-4.35,-9.8
3567,逸昌,半導體業,26.2,1.55,,,,0.0,0.0,0.0,0.0,0.0,0.0,0.0,0.0,0.0,4.51,7.0,0.02,-0.05,-0.08,-0.15,2.0,2.0,,0.0,0.06,,,,,,0.0,0.0,0.0,0.0,-19.51
3570,大塚,資訊服務業,167.0,0.0,,,,0.0,0.0,0.0,0.0,0.0,0.0,0.0,0.0,0.0,45.8,-3.0,-0.02,-0.03,0.1,0.3,2.0,5.0,,0.0,0.01,,,,,,0.0,0.0,0.0,-2.05,-2.05
3576,聯合再生,光電業,19.7,9.75,,,,0.0,0.0,0.0,0.0,0.0,0.0,0.0,0.0,0.0,16.23,12758.0,0.78,1.08,1.31,1.15,5.0,8.0,,0.01,0.07,,,,,,0.0,0.0,0.0,0.0,0.0
3577,泓格,電腦及週邊設備業,117.5,-3.69,,,,0.81,0.0,0.0,0.0,0.0,0.0,0.0,0.0,0.0,3.63,-172.0,-0.27,-0.15,0.3,0.09,3.0,8.0,,-0.02,0.44,,,,,,0.0,0.0,0.0,-3.69,-26.56
3580,友威科,其他電子業,110.5,-0.45,,,,0.01,0.0,0.0,0.0,0.0,0.0,0.0,0.0,0.0,16.75,-445.0,-1.13,-0.21,0.55,-0.01,2.0,5.0,,0.0,0.29,,,,,,0.0,0.0,0.0,-0.45,-0.45
3581,博磊,半導體業,117.0,9.86,,,,0.0,0.0,0.0,0.0,0.0,0.0,0.0,0.0,0.0,14.26,139.0,0.27,0.52,0.51,-0.05,5.0,9.0,,0.01,0.59,,,,,,0.0,0.0,0.0,0.0,-18.47
3583,辛耘,半導體業,707.0,-0.84,,,,1.29,0.0,0.0,0.0,-0.15,-0.6,0.0,0.0,0.0,21.12,-173.0,-0.22,-0.37,-0.3,-1.31,2.0,5.0,,-0.0,0.06,,,,,,0.0,2.0,8.0,-8.54,-17.79
3587,閎康,其他電子業,238.5,-0.42,,,,0.05,0.0,0.0,0.0,0.0,0.0,0.0,0.0,0.0,14.29,-45.0,-0.07,-0.02,-0.15,-0.82,3.0,4.0,,0.0,0.0,,,,,,0.0,0.0,0.0,-10.0,-20.63
3588,通嘉,半導體業,53.9,0.37,,,,0.0,0.0,0.0,0.0,0.0,0.0,0.0,0.0,0.0,8.88,-9.0,-0.02,0.14,0.3,0.18,3.0,7.0,,0.0,0.09,,,,,,0.0,0.0,0.0,-0.19,-27.26
3591,艾笛森,光電業,27.45,3.98,,,,0.0,0.0,0.0,0.0,0.0,0.0,0.0,0.0,0.0,6.21,585.0,0.41,1.32,0.89,0.91,4.0,4.0,,-0.0,5.43,,,,,,0.0,0.0,0.0,0.0,-2.83
3592,瑞鼎,半導體業,237.5,5.56,,,,4.33,0.04,29.0,0.07,0.07,0.09,3.0,3.0,5.0,14.56,-246.0,-0.32,-0.12,0.06,0.15,2.0,6.0,,0.03,0.43,,,,,,1.0,3.0,9.0,0.0,-13.79
3593,力銘,電子零組件業,11.0,6.8,,,,0.0,0.0,0.0,0.0,0.0,0.0,0.0,0.0,0.0,0.24,0.0,0.0,0.0,0.0,-0.02,0.0,0.0,,0.0,0.03,,,,,,0.0,0.0,0.0,0.0,-36.96
3594,磐儀,電腦及週邊設備業,47.9,1.48,,,,0.0,0.0,0.0,0.0,0.0,0.0,0.0,0.0,0.0,3.99,2.0,0.0,-0.01,-0.05,-1.35,3.0,4.0,,-0.0,0.19,,,,,,0.0,0.0,0.0,-5.15,-20.17
3596,智易,通信網路業,153.0,-0.33,,,,2.46,0.0,0.0,0.0,0.0,0.0,0.0,0.0,0.0,25.36,-316.0,-0.14,-0.63,-1.08,-2.78,0.0,0.0,,0.0,0.01,,,,,,0.0,1.0,1.0,-4.97,-22.53
3597,映興,電子零組件業,28.1,0.9,,,,0.0,0.0,0.0,0.0,0.0,0.0,0.0,0.0,0.0,0.96,6.0,0.02,0.05,0.04,0.02,3.0,3.0,,0.0,0.08,,,,,,0.0,0.0,0.0,-0.88,-0.88
3605,宏致,電子零組件業,170.5,-6.58,,,,5.69,0.0,0.0,0.83,0.83,1.0,3.0,3.0,5.0,29.37,1206.0,0.9,1.78,4.25,-0.79,2.0,5.0,,-0.33,0.0,,,,,,0.0,0.0,0.0,-7.08,-7.08
3607,谷崧,電子零組件業,14.0,2.19,,,,0.0,0.0,0.0,0.0,0.0,0.0,0.0,0.0,0.0,5.5,37.0,0.03,0.05,0.04,-0.16,4.0,6.0,,0.0,0.12,,,,,,0.0,0.0,0.0,0.0,-17.89
3609,三一東林,電子零組件業,23.0,-2.13,,,,0.0,0.0,0.0,0.0,0.0,0.0,0.0,0.0,0.0,2.68,-14.0,-0.04,-0.35,0.08,0.15,0.0,4.0,,0.0,0.02,,,,,,0.0,0.0,0.0,-4.37,-19.58
3611,鼎翰,電腦及週邊設備業,183.0,0.0,,,,0.03,0.0,0.0,0.0,0.0,0.0,0.0,0.0,0.0,12.49,-2.0,-0.0,-0.01,-0.07,-0.24,1.0,2.0,,0.0,0.0,,,,,,0.0,0.0,0.0,-0.54,-9.63
3615,安可,光電業,45.8,9.96,,,,0.0,0.0,0.0,0.0,0.0,0.0,0.0,0.0,0.0,7.26,-339.0,-0.5,-0.18,-0.24,0.28,2.0,4.0,,0.03,0.18,,,,,,0.0,0.0,0.0,0.0,-11.58
3617,碩天,其他電子業,242.0,0.62,,,,0.9,0.0,0.0,0.0,0.05,0.04,0.0,1.0,2.0,10.44,52.0,0.06,0.23,0.37,0.24,4.0,9.0,,0.01,0.05,,,,,,0.0,1.0,3.0,-3.78,-6.92
3622,洋華,光電業,46.1,3.25,,,,0.21,0.0,0.0,0.0,0.0,0.0,0.0,0.0,0.0,2.67,46.0,0.03,-0.03,-0.07,-1.06,2.0,3.0,,-0.0,0.99,,,,,,0.0,1.0,1.0,-13.83,-20.93
3623,富晶通,光電業,29.8,2.23,,,,0.0,0.0,0.0,0.0,0.0,0.0,0.0,0.0,0.0,3.73,66.0,0.23,0.69,0.9,1.22,5.0,8.0,,0.0,1.61,,,,,,0.0,0.0,0.0,0.0,0.0
3624,光頡,電子零組件業,137.5,-1.79,,,,1.66,-0.31,-369.0,-0.64,-0.64,1.66,0.0,0.0,3.0,49.99,-1215.0,-1.04,-0.97,-3.98,-6.34,2.0,4.0,,-0.12,2.41,,,,,,2.0,2.0,2.0,-1.79,-11.29
3625,西勝,電腦及週邊設備業,11.15,-0.45,,,,0.0,0.0,0.0,0.0,0.0,0.0,0.0,0.0,0.0,5.11,1.0,0.0,-0.05,-0.17,-0.32,4.0,4.0,,0.0,0.0,,,,,,0.0,0.0,0.0,-15.21,-41.32
3628,盈正,其他電子業,72.7,-0.27,,,,0.0,0.0,0.0,0.0,0.0,0.0,0.0,0.0,0.0,4.88,11.0,0.02,0.11,0.17,0.23,3.0,5.0,,0.0,0.08,,,,,,0.0,0.0,0.0,-5.58,-6.91
3629,地心引力,文化創意業,17.3,0.0,,,,0.0,0.0,0.0,0.0,0.0,0.0,0.0,0.0,0.0,0.03,0.0,0.0,0.0,0.0,0.0,0.0,0.0,,0.0,0.0,,,,,,0.0,0.0,0.0,-18.97,-18.97
3630,新鉅科,光電業,26.95,1.13,,,,0.0,0.0,0.0,0.0,0.0,0.0,0.0,0.0,0.0,44.36,49.0,0.03,-0.03,-0.05,-0.36,2.0,4.0,,-0.0,0.47,,,,,,0.0,0.0,0.0,-5.11,-9.41
3631,晟楠,電子零組件業,40.5,1.38,,,,0.0,0.0,0.0,0.0,0.0,0.0,0.0,0.0,0.0,7.83,67.0,0.08,0.09,0.24,0.25,2.0,6.0,,0.0,0.01,,,,,,0.0,0.0,0.0,-1.1,-8.37
3632,研勤,通信網路業,7.15,-0.56,,,,0.0,0.0,0.0,0.0,0.0,0.0,0.0,0.0,0.0,0.3,0.0,0.0,0.0,0.0,0.0,0.0,0.0,,0.0,0.22,,,,,,0.0,0.0,0.0,-2.72,-17.82
3642,駿熠電,其他電子業,,,,,,,,,,,,,,,,,,,,,,,,,,,,,,,,,,,
3645,達邁,電子零組件業,75.3,3.58,,,,0.0,0.0,0.0,0.0,0.0,0.0,0.0,0.0,0.0,9.73,216.0,0.16,-1.6,-1.24,-5.29,2.0,6.0,,0.02,0.44,,,,,,0.0,0.0,0.0,0.0,-19.64
3646,艾恩特,電子零組件業,24.95,0.6,,,,0.0,0.0,0.0,0.0,0.0,0.0,0.0,0.0,0.0,6.94,0.0,0.0,-0.01,-0.03,-0.01,1.0,2.0,,0.0,0.01,,,,,,0.0,0.0,0.0,0.0,0.0
3652,精聯,電腦及週邊設備業,34.2,1.03,,,,0.0,0.0,0.0,0.0,0.0,0.0,0.0,0.0,0.0,1.98,27.0,0.04,0.03,0.2,0.17,3.0,8.0,,-0.0,0.09,,,,,,0.0,0.0,0.0,-2.01,-11.17
3653,健策,電子零組件業,6800.0,-1.38,,,,13.29,0.03,44.0,0.2,0.21,0.12,4.0,7.0,12.0,26.94,-214.0,-0.15,-0.72,-0.57,-0.15,1.0,5.0,,0.0,0.54,,,,,,1.0,3.0,8.0,-1.73,-1.73
3661,世芯-KY,半導體業,3740.0,1.49,,,,1.91,-0.0,-1.0,-0.03,-3.56,-3.47,1.0,1.0,5.0,56.78,79.0,0.1,0.22,2.01,-0.98,3.0,4.0,,0.01,3.85,,,,,,4.0,9.0,14.0,-12.51,-19.57
3663,鑫科,其他電子業,67.8,8.65,,,,0.0,0.0,0.0,0.0,0.0,0.0,0.0,0.0,0.0,7.14,-101.0,-0.14,-0.06,0.23,0.04,2.0,5.0,,0.04,0.95,,,,,,0.0,0.0,0.0,0.0,-23.3
3664,安瑞-KY,通信網路業,8.86,0.0,,,,0.01,0.0,0.0,0.0,0.0,0.0,0.0,0.0,0.0,46.62,0.0,0.0,0.0,0.0,0.0,2.0,2.0,,0.0,0.08,,,,,,0.0,0.0,0.0,-2.64,-2.64
3665,貿聯-KY,其他電子業,2595.0,6.13,,,,19.13,0.68,1118.0,0.78,1.19,1.59,4.0,9.0,14.0,59.15,-648.0,-0.4,-0.49,-0.41,-3.1,1.0,3.0,,0.0,2.43,,,,,,1.0,1.0,6.0,0.0,0.0
3666,光耀,光電業,25.3,0.0,,,,0.0,0.0,0.0,0.0,0.0,0.0,0.0,0.0,0.0,0.68,4.0,0.01,0.05,0.08,0.09,5.0,10.0,,0.0,1.5,,,,,,0.0,0.0,0.0,0.0,-0.39
3669,圓展,通信網路業,33.0,1.69,,,,0.0,0.0,0.0,0.0,0.0,0.0,0.0,0.0,0.0,2.89,-15.0,-0.02,-0.12,-0.1,-0.8,0.0,2.0,,0.0,0.42,,,,,,0.0,0.0,0.0,-7.3,-22.44
3672,康聯訊,通信網路業,12.35,-1.2,,,,0.0,0.0,0.0,0.0,0.0,0.0,0.0,0.0,0.0,3.2,-3.0,-0.01,-0.03,-0.03,-0.04,0.0,0.0,,0.0,0.0,,,,,,0.0,0.0,0.0,-1.98,-12.41
3673,TPK-KY,光電業,75.5,9.9,,,,0.03,0.0,0.0,0.0,0.0,0.0,0.0,0.0,0.0,37.36,-3788.0,-0.93,-1.15,-1.21,-1.16,2.0,3.0,,0.02,2.93,,,,,,0.0,0.0,0.0,0.0,-8.37
3675,德微,半導體業,330.0,-1.2,,,,0.7,0.14,70.0,0.69,0.57,0.24,4.0,4.0,4.0,63.16,-42.0,-0.08,-1.46,-2.16,-0.69,1.0,2.0,,0.05,2.24,,,,,,0.0,1.0,3.0,-1.49,-26.67
3679,新至陞,電子零組件業,108.0,-0.46,,,,0.24,0.0,0.0,0.01,0.02,0.02,2.0,7.0,12.0,8.63,2.0,0.0,0.02,0.03,0.07,4.0,7.0,,0.0,0.12,,,,,,1.0,1.0,2.0,-0.92,-6.09
3680,家登,半導體業,555.0,1.28,,,,0.2,0.0,0.0,0.0,0.0,0.04,0.0,0.0,2.0,32.1,188.0,0.2,0.43,1.64,4.2,3.0,7.0,,-0.03,2.25,,,,,,1.0,1.0,1.0,-1.94,-1.94
3682,亞太電,通信網路業,,,,,,,,,,,,,,,,,,,,,,,,,,,,,,,,,,,
3684,榮昌,通信網路業,52.9,-0.94,,,,0.0,0.0,0.0,0.0,0.0,0.0,0.0,0.0,0.0,2.2,-10.0,-0.03,-0.05,-0.08,-0.11,0.0,0.0,,0.0,0.0,,,,,,0.0,0.0,0.0,-2.58,-2.94
3685,元創精密,電機機械,35.0,-0.57,,,,0.0,0.0,0.0,0.0,0.0,0.0,0.0,0.0,0.0,1.66,-34.0,-0.04,-0.04,0.28,0.51,1.0,4.0,,0.0,0.05,,,,,,0.0,0.0,0.0,-7.16,-14.63
3686,達能,半導體業,16.3,9.76,,,,0.44,0.0,0.0,0.0,0.0,0.0,0.0,0.0,0.0,1.54,22.0,0.03,-0.24,-0.16,-0.09,2.0,5.0,,0.01,0.67,,,,,,0.0,0.0,0.0,0.0,-5.78
3687,歐買尬,電子商務,60.3,0.0,,,,0.0,0.0,0.0,0.0,0.0,0.0,0.0,0.0,0.0,6.16,4.0,0.01,-0.0,0.1,0.21,3.0,5.0,,-0.0,0.72,,,,,,0.0,0.0,0.0,-5.49,-22.39
3689,湧德,電子零組件業,110.5,0.45,,,,0.0,0.0,0.0,0.0,0.0,0.0,0.0,0.0,0.0,18.45,106.0,0.13,0.29,0.22,-0.88,3.0,5.0,,0.0,0.02,,,,,,0.0,0.0,0.0,-6.75,-10.89
3691,碩禾,光電業,119.5,0.84,,,,0.0,0.0,0.0,0.0,0.0,0.0,0.0,0.0,0.0,5.55,-71.0,-0.08,0.02,0.01,-0.04,2.0,6.0,,-0.02,5.05,,,,,,0.0,0.0,0.0,-1.65,-22.65
3693,營邦,電腦及週邊設備業,687.0,-2.14,,,,0.28,0.0,0.0,-0.04,-0.08,-0.09,0.0,0.0,0.0,22.95,-37.0,-0.1,-0.42,-1.78,6.68,2.0,4.0,,-0.04,4.74,,,,,,2.0,5.0,6.0,-6.15,-6.15
3694,海華,通信網路業,51.5,2.18,,,,0.0,0.0,0.0,0.0,0.0,0.0,0.0,0.0,0.0,3.25,159.0,0.12,0.24,0.48,0.04,4.0,8.0,,-0.0,0.33,,,,,,0.0,0.0,0.0,0.0,-24.15
3701,大眾控,電腦及週邊設備業,45.9,9.94,,,,0.0,0.0,0.0,0.0,0.0,0.0,0.0,0.0,0.0,4.97,107.0,0.05,-0.05,0.13,-0.16,3.0,6.0,,-0.01,0.09,,,,,,0.0,0.0,0.0,0.0,0.0
3702,大聯大,電子通路業,114.0,-0.87,,,,11.49,0.03,540.0,0.03,0.12,0.13,3.0,5.0,11.0,34.44,-938.0,-0.06,0.2,0.5,1.13,3.0,6.0,,0.0,10.35,,,,,,2.0,5.0,9.0,-2.98,-12.31
3703,欣陸,建材營造,19.6,0.51,,,,0.05,0.0,0.0,0.0,-0.01,-0.01,0.0,0.0,1.0,19.39,-283.0,-0.03,-0.17,-0.24,-0.13,0.0,2.0,,-0.0,0.47,,,,,,0.0,2.0,6.0,-2.24,-6.0
3704,合勤控,通信網路業,40.5,0.62,,,,0.0,0.0,0.0,0.0,0.0,0.0,0.0,0.0,0.0,10.7,74.0,0.02,-0.82,-1.26,-2.22,1.0,5.0,,0.0,0.42,,,,,,0.0,0.0,0.0,-3.91,-19.64
3705,永信,生技醫療業,56.7,1.43,,,,0.0,0.0,0.0,0.0,0.0,0.0,0.0,0.0,0.0,7.36,14.0,0.01,-0.0,0.06,0.09,3.0,7.0,,0.0,0.04,,,,,,0.0,0.0,0.0,-1.22,-1.22
3706,神達,電腦及週邊設備業,79.3,0.51,,,,6.12,-0.0,-4.0,-0.31,-0.42,-0.1,0.0,0.0,8.0,10.09,227.0,0.02,0.02,0.16,-1.06,3.0,5.0,,-0.0,0.76,,,,,,5.0,10.0,12.0,-17.14,-17.14
3707,漢磊,半導體業,75.7,3.84,,,,0.0,0.0,0.0,0.0,0.0,0.0,0.0,0.0,0.0,18.17,2305.0,0.69,-1.74,-1.27,-1.63,3.0,6.0,,0.03,0.53,,,,,,0.0,0.0,0.0,0.0,-16.81
3708,上緯投控,化學工業,98.9,1.33,,,,0.94,-0.0,-3.0,-0.0,-0.01,0.09,0.0,1.0,10.0,6.62,-44.0,-0.04,-0.36,-0.47,-0.69,1.0,4.0,,0.0,0.01,,,,,,1.0,2.0,2.0,-2.08,-16.54
3709,鑫聯大投控,電腦及週邊設備業,65.2,1.88,,,,0.0,0.0,0.0,0.0,0.0,0.0,0.0,0.0,0.0,6.03,29.0,0.03,0.07,0.15,-0.67,4.0,8.0,,0.0,0.02,,,,,,0.0,0.0,0.0,-2.1,-19.9
3710,連展投控,電子零組件業,8.32,-2.35,,,,0.0,0.0,0.0,0.0,0.0,0.0,0.0,0.0,0.0,1.07,-34.0,-0.01,-0.05,-0.08,-0.08,1.0,1.0,,0.0,0.0,,,,,,0.0,0.0,0.0,-2.35,-2.35
3711,日月光投控,半導體業,703.0,2.33,,,,5.11,-0.01,-401.0,-0.1,-0.13,-0.24,1.0,3.0,8.0,79.54,2965.0,0.07,0.37,0.65,1.37,4.0,8.0,,0.0,1.97,,,,,,4.0,7.0,12.0,0.0,0.0
3712,永崴投控,電腦及週邊設備業,20.65,0.0,,,,0.0,0.0,0.0,0.0,0.0,0.0,0.0,0.0,0.0,2.93,-51.0,-0.02,-0.06,0.09,0.29,1.0,3.0,,0.0,0.63,,,,,,0.0,0.0,0.0,-4.4,-9.43
3713,新晶投控,光電業,13.9,0.0,,,,0.0,0.0,0.0,0.0,0.0,0.0,0.0,0.0,0.0,0.5,-3.0,-0.0,-0.0,-0.01,-0.03,0.0,1.0,,0.0,0.0,,,,,,0.0,0.0,0.0,-5.76,-7.33
3714,富采,光電業,69.9,2.64,,,,0.02,0.0,0.0,0.0,0.02,0.02,1.0,4.0,4.0,15.35,1796.0,0.26,0.17,0.69,1.93,3.0,5.0,,0.01,0.73,,,,,,0.0,0.0,0.0,0.0,0.0
3715,定穎投控,電子零組件業,126.5,1.61,,,,0.04,0.0,0.0,0.0,0.0,0.0,0.0,0.0,0.0,10.12,82.0,0.03,0.33,-0.06,-1.99,3.0,4.0,,0.02,0.82,,,,,,0.0,0.0,0.0,-6.3,-26.45
4102,永日,生技醫療業,18.45,0.54,,,,0.0,0.0,0.0,0.0,0.0,0.0,0.0,0.0,0.0,1.64,4.0,0.01,0.01,0.04,0.03,3.0,4.0,,0.0,0.24,,,,,,0.0,0.0,0.0,-4.16,-10.0
4104,佳醫,生技醫療業,72.7,0.83,,,,0.0,0.0,0.0,0.0,0.0,0.0,0.0,0.0,0.0,4.14,75.0,0.05,0.07,0.11,0.28,4.0,8.0,,0.02,0.25,,,,,,0.0,0.0,0.0,-0.14,-0.14
4105,東洋,生技醫療業,78.5,-0.38,,,,0.65,0.0,0.0,0.03,0.08,0.08,2.0,7.0,12.0,22.66,-19.0,-0.01,0.03,0.18,-0.04,3.0,6.0,,-0.0,0.21,,,,,,1.0,1.0,3.0,-0.76,-0.76
4106,雃博,生技醫療業,24.35,0.41,,,,0.0,0.0,0.0,0.0,0.0,0.0,0.0,0.0,0.0,2.77,7.0,0.01,-0.02,-0.03,-0.08,1.0,3.0,,0.0,0.76,,,,,,0.0,0.0,0.0,-0.81,-3.75
4107,邦特,生技醫療業,110.5,0.0,,,,0.0,0.0,0.0,0.0,0.0,0.0,0.0,0.0,0.0,7.57,-3.0,-0.0,-0.02,-0.03,-0.13,1.0,2.0,,0.0,0.15,,,,,,0.0,0.0,0.0,-3.07,-7.92
4108,懷特,生技醫療業,11.5,1.32,,,,0.0,0.0,0.0,0.0,0.0,0.0,0.0,0.0,0.0,1.37,9.0,0.0,-0.02,-0.03,-0.02,2.0,4.0,,0.0,0.03,,,,,,0.0,0.0,0.0,-1.29,-8.0
4109,加捷生醫,生技醫療業,11.05,0.0,,,,0.0,0.0,0.0,0.0,0.0,0.0,0.0,0.0,0.0,1.41,7.0,0.01,0.02,-0.02,-0.18,3.0,5.0,,0.0,1.0,,,,,,0.0,0.0,0.0,-1.78,-13.67
4111,濟生,生技醫療業,28.9,0.35,,,,0.0,0.0,0.0,0.0,0.0,0.0,0.0,0.0,0.0,2.79,-6.0,-0.01,0.04,0.02,-0.07,1.0,2.0,,0.0,0.0,,,,,,0.0,0.0,0.0,-0.17,-6.02
4113,聯上,建材營造,15.55,0.0,,,,0.0,0.0,0.0,0.0,0.0,0.0,0.0,0.0,0.0,2.21,-36.0,-0.02,-0.05,-0.18,-0.1,2.0,5.0,,0.0,0.01,,,,,,0.0,0.0,0.0,-2.51,-2.51
4114,健喬,生技醫療業,29.55,0.85,,,,0.0,0.0,0.0,0.0,0.0,0.0,0.0,0.0,0.0,9.67,221.0,0.06,0.1,0.27,0.34,4.0,8.0,,0.0,0.0,,,,,,0.0,0.0,0.0,-1.34,-12.05
4116,明基醫,生技醫療業,39.8,1.02,,,,0.0,0.0,0.0,0.0,0.0,0.0,0.0,0.0,0.0,0.92,-2.0,-0.0,-0.02,-0.04,-0.02,0.0,1.0,,0.0,0.36,,,,,,0.0,0.0,0.0,-1.61,-2.45
4119,旭富,生技醫療業,55.5,0.18,,,,0.0,0.0,0.0,0.0,0.0,0.0,0.0,0.0,0.0,5.25,30.0,0.03,-0.02,0.01,0.02,2.0,4.0,,0.0,0.17,,,,,,0.0,0.0,0.0,-7.04,-7.04
4120,友華,生技醫療業,45.9,-0.43,,,,0.0,0.0,0.0,0.0,0.0,0.0,0.0,0.0,0.0,6.31,0.0,0.0,0.0,-0.01,0.0,1.0,2.0,,0.0,0.22,,,,,,0.0,0.0,0.0,-3.16,-6.9
4121,優盛,生技醫療業,12.75,0.0,,,,0.0,0.0,0.0,0.0,0.0,0.0,0.0,0.0,0.0,2.09,2.0,0.0,-0.01,-0.0,-0.03,1.0,6.0,,0.0,2.18,,,,,,0.0,0.0,0.0,-2.3,-7.94
4123,晟德,生技醫療業,31.25,0.81,,,,0.0,0.0,0.0,0.0,0.0,-0.08,0.0,0.0,0.0,11.22,567.0,0.08,0.25,0.33,-0.29,4.0,8.0,,-0.02,0.04,,,,,,0.0,0.0,2.0,-0.79,-21.48
4126,太醫,生技醫療業,78.1,0.26,,,,0.0,0.0,0.0,0.0,0.0,0.0,0.0,0.0,0.0,8.54,-9.0,-0.01,-0.02,0.0,0.05,1.0,4.0,,0.0,0.19,,,,,,0.0,0.0,0.0,0.0,-4.17
4127,天良,生技醫療業,45.6,-4.0,,,,0.0,0.0,0.0,0.0,0.0,0.0,0.0,0.0,0.0,6.55,47.0,0.1,0.58,0.44,1.14,5.0,6.0,,-0.0,1.39,,,,,,0.0,0.0,0.0,-35.77,-50.6
4128,中天,生技醫療業,15.35,2.33,,,,0.0,0.0,0.0,0.0,0.0,0.0,0.0,0.0,0.0,6.52,957.0,0.17,0.26,0.53,0.5,4.0,7.0,,0.0,0.03,,,,,,0.0,0.0,0.0,0.0,-14.72
4129,聯合,生技醫療業,83.4,0.6,,,,0.0,0.0,0.0,0.0,0.0,0.0,0.0,0.0,0.0,10.88,6.0,0.01,-0.1,-0.2,-1.11,3.0,3.0,,0.0,0.0,,,,,,0.0,0.0,0.0,-0.12,-11.84
4130,健亞,生技醫療業,,,,,,,,,,,,,,,,,,,,,,,,,,,,,,,,,,,
4131,晶宇,生技醫療業,30.65,-4.07,,,,0.0,0.0,0.0,0.0,0.0,0.0,0.0,0.0,0.0,1.21,0.0,0.0,0.02,0.02,0.02,3.0,3.0,,0.0,0.0,,,,,,0.0,0.0,0.0,-5.11,-13.17
4133,亞諾法,生技醫療業,20.65,0.98,,,,0.0,0.0,0.0,0.0,0.0,0.0,0.0,0.0,0.0,12.25,9.0,0.01,0.03,0.05,0.08,4.0,7.0,,0.0,4.18,,,,,,0.0,0.0,0.0,-0.48,-9.03
4137,麗豐-KY,生技醫療業,77.3,1.05,,,,0.45,0.0,0.0,0.03,0.06,0.07,2.0,7.0,12.0,55.37,-5.0,-0.01,-0.05,-0.18,-1.13,1.0,1.0,,-0.0,0.75,,,,,,1.0,1.0,2.0,-7.31,-20.06
4138,曜亞,生技醫療業,54.3,-1.45,,,,0.0,0.0,0.0,0.0,0.0,0.0,0.0,0.0,0.0,1.65,-3.0,-0.01,0.02,0.03,-0.07,2.0,6.0,,0.0,0.23,,,,,,0.0,0.0,0.0,-3.55,-3.55
4139,馬光-KY,生技醫療業,41.8,0.36,,,,0.0,0.0,0.0,0.0,0.0,0.0,0.0,0.0,0.0,17.9,-8.0,-0.02,0.0,-0.01,-0.04,3.0,5.0,,0.0,0.0,,,,,,0.0,0.0,0.0,-2.68,-2.68
4142,國光生,生技醫療業,18.25,0.83,,,,0.0,0.0,0.0,0.0,0.0,0.0,0.0,0.0,0.0,5.81,903.0,0.21,0.45,0.66,0.64,5.0,9.0,,0.0,1.2,,,,,,0.0,0.0,0.0,0.0,0.0
4147,中裕,生技醫療業,63.7,1.11,,,,0.0,0.0,0.0,0.0,0.0,0.0,0.0,0.0,0.0,10.31,238.0,0.09,0.38,0.68,0.52,4.0,7.0,,0.0,0.37,,,,,,0.0,0.0,0.0,-2.45,-11.77
4148,全宇生技-KY,生技醫療業,32.0,0.16,,,,0.0,0.0,0.0,0.0,0.0,0.0,0.0,0.0,0.0,74.95,1.0,0.0,0.0,-0.06,0.09,3.0,4.0,,0.0,0.08,,,,,,0.0,0.0,0.0,-7.25,-7.25
4153,鈺緯,生技醫療業,31.45,-0.16,,,,0.0,0.0,0.0,0.0,0.0,0.0,0.0,0.0,0.0,0.39,0.0,0.0,0.0,0.0,0.0,1.0,1.0,,0.0,0.06,,,,,,0.0,0.0,0.0,-3.53,-6.26
4154,樂威科-KY,生技醫療業,12.5,-3.1,,,,0.0,0.0,0.0,0.0,0.0,0.0,0.0,0.0,0.0,32.22,0.0,0.0,0.0,0.0,0.0,0.0,0.0,,0.0,0.0,,,,,,0.0,0.0,0.0,-3.1,-3.1
4155,訊映,生技醫療業,14.65,0.34,,,,0.0,0.0,0.0,0.0,0.0,0.0,0.0,0.0,0.0,2.46,-11.0,-0.01,0.06,0.14,-0.08,2.0,5.0,,0.0,0.47,,,,,,0.0,0.0,0.0,-3.3,-9.29
4157,太景*-KY,生技醫療業,8.89,2.42,,,,0.0,0.0,0.0,0.0,0.0,0.0,0.0,0.0,0.0,3.17,401.0,0.06,0.05,0.19,0.22,2.0,7.0,,0.0,0.1,,,,,,0.0,0.0,0.0,-3.05,-3.37
4160,創源,生技醫療業,39.1,0.13,,,,0.0,0.0,0.0,0.0,0.0,0.0,0.0,0.0,0.0,1.15,14.0,0.06,0.12,0.11,0.08,4.0,4.0,,0.0,0.0,,,,,,0.0,0.0,0.0,-1.88,-7.35
4161,聿新科,生技醫療業,21.75,-1.36,,,,0.0,0.0,0.0,0.0,0.0,0.0,0.0,0.0,0.0,0.47,0.0,0.0,0.0,0.0,0.03,0.0,0.0,,0.0,0.0,,,,,,0.0,0.0,0.0,-5.02,-8.23
4162,智擎,生技醫療業,55.6,0.36,,,,0.18,0.0,0.0,0.0,0.0,0.0,0.0,0.0,0.0,11.69,56.0,0.04,0.07,0.15,0.13,3.0,5.0,,0.0,0.12,,,,,,0.0,0.0,0.0,-4.79,-18.71
4163,鐿鈦,生技醫療業,136.0,0.74,,,,0.0,0.0,0.0,0.0,0.0,0.0,0.0,0.0,0.0,4.16,4.0,0.01,0.03,0.05,0.09,3.0,7.0,,-0.0,0.14,,,,,,0.0,0.0,0.0,-2.16,-9.33
4164,承業醫,生技醫療業,27.35,1.67,,,,0.0,0.0,0.0,0.0,0.0,0.0,0.0,0.0,0.0,23.33,59.0,0.04,0.1,0.09,-0.1,4.0,7.0,,-0.01,0.0,,,,,,0.0,0.0,0.0,0.0,-7.91
4167,松瑞藥,生技醫療業,19.85,1.53,,,,0.0,0.0,0.0,0.0,0.0,0.0,0.0,0.0,0.0,13.28,305.0,0.1,0.38,0.61,0.11,4.0,9.0,,0.01,0.13,,,,,,0.0,0.0,0.0,0.0,-7.89
4168,醣聯,生技醫療業,22.35,3.0,,,,0.0,0.0,0.0,0.0,0.0,0.0,0.0,0.0,0.0,4.95,12.0,0.01,-0.01,0.06,-0.04,3.0,7.0,,0.0,0.07,,,,,,0.0,0.0,0.0,-0.45,-15.18
4171,瑞基,農業科技,16.45,-0.3,,,,0.0,0.0,0.0,0.0,0.0,0.0,0.0,0.0,0.0,14.18,3.0,0.01,-0.01,-0.06,-0.05,3.0,4.0,,0.0,0.34,,,,,,0.0,0.0,0.0,-3.24,-16.07
4173,久裕,生技醫療業,17.3,1.17,,,,0.0,0.0,0.0,0.0,0.0,0.0,0.0,0.0,0.0,1.01,-4.0,-0.01,0.0,0.02,0.03,2.0,5.0,,0.0,0.0,,,,,,0.0,0.0,0.0,-0.57,-5.72
4174,浩鼎,生技醫療業,39.2,9.96,,,,0.0,0.0,0.0,0.0,0.0,0.0,0.0,0.0,0.0,4.73,264.0,0.12,-0.07,0.04,-0.03,3.0,7.0,,-0.0,0.22,,,,,,0.0,0.0,0.0,0.0,0.0
4175,杏一,生技醫療業,51.0,0.99,,,,0.0,0.0,0.0,0.0,0.0,0.0,0.0,0.0,0.0,0.39,5.0,0.01,0.0,0.0,0.03,2.0,3.0,,0.0,0.16,,,,,,0.0,0.0,0.0,-1.54,-4.67
4183,福永生技,生技醫療業,13.55,-2.87,,,,0.0,0.0,0.0,0.0,0.0,0.0,0.0,0.0,0.0,0.0,0.0,0.0,0.0,0.0,0.0,0.0,0.0,,0.0,0.0,,,,,,0.0,0.0,0.0,-5.57,-9.06
4188,安克,生技醫療業,14.25,2.52,,,,0.0,0.0,0.0,0.0,0.0,0.0,0.0,0.0,0.0,0.31,14.0,0.03,0.24,0.22,0.19,3.0,5.0,,0.0,0.0,,,,,,0.0,0.0,0.0,-7.77,-11.76
4190,佐登-KY,生技醫療業,24.95,-0.4,,,,0.0,0.0,0.0,0.0,0.0,0.0,0.0,0.0,0.0,59.06,1.0,0.0,0.01,0.06,0.06,3.0,6.0,,0.0,0.2,,,,,,0.0,0.0,0.0,-4.59,-7.93
4192,杏國,生技醫療業,18.65,1.08,,,,0.0,0.0,0.0,0.0,0.0,0.0,0.0,0.0,0.0,0.32,0.0,0.0,0.0,0.0,0.0,0.0,0.0,,0.0,0.0,,,,,,0.0,0.0,0.0,-4.11,-12.44
4198,欣大健康,生技醫療業,49.5,-0.8,,,,0.0,0.0,0.0,0.0,0.0,0.0,0.0,0.0,0.0,1.22,0.0,0.0,0.0,0.0,0.01,0.0,0.0,,0.0,0.0,,,,,,0.0,0.0,0.0,-0.9,-0.9
4205,中華食,食品工業,68.5,0.0,,,,0.0,0.0,0.0,0.0,0.0,0.0,0.0,0.0,0.0,0.72,10.0,0.01,0.01,0.01,0.01,3.0,5.0,,0.0,0.0,,,,,,0.0,0.0,0.0,-1.86,-8.3
4207,環泰,食品工業,19.35,-0.51,,,,0.0,0.0,0.0,0.0,0.0,0.0,0.0,0.0,0.0,1.79,-2.0,-0.0,-0.03,-0.08,-0.08,2.0,3.0,,0.0,0.0,,,,,,0.0,0.0,0.0,-5.61,-8.73
4303,信立,塑膠工業,33.45,0.15,,,,0.0,0.0,0.0,0.0,0.0,0.0,0.0,0.0,0.0,3.11,64.0,0.09,0.32,0.4,-1.34,4.0,7.0,,0.0,1.82,,,,,,0.0,0.0,0.0,-10.92,-38.74
4304,勝昱,塑膠工業,17.3,-2.26,,,,0.0,0.0,0.0,0.0,0.0,0.0,0.0,0.0,0.0,0.37,-6.0,-0.02,0.01,0.24,0.24,2.0,5.0,,-0.0,0.0,,,,,,0.0,0.0,0.0,-24.12,-35.08
4305,世坤,塑膠工業,,,,,,0.0,0.0,0.0,0.0,0.0,0.0,0.0,0.0,0.0,0.09,0.0,0.0,0.01,0.01,0.0,1.0,3.0,,0.0,0.02,,,,,,0.0,0.0,0.0,,
4306,炎洲,塑膠工業,14.7,0.34,,,,0.0,0.0,0.0,0.0,0.0,0.0,0.0,0.0,0.0,7.5,54.0,0.01,-0.07,-0.13,-0.22,1.0,3.0,,0.0,0.07,,,,,,0.0,0.0,0.0,-3.61,-11.18
4401,東隆興,紡織纖維,13.9,0.36,,,,0.0,0.0,0.0,0.0,0.0,0.0,0.0,0.0,0.0,1.84,-2.0,-0.0,0.02,0.01,0.02,1.0,3.0,,0.0,0.71,,,,,,0.0,0.0,0.0,-2.11,-10.03
4402,福大,紡織纖維,13.8,-2.47,,,,0.0,0.0,0.0,0.0,0.0,0.0,0.0,0.0,0.0,2.44,1.0,0.0,0.0,0.0,0.01,4.0,5.0,,0.0,0.01,,,,,,0.0,0.0,0.0,-7.69,-20.46
4406,新昕纖,紡織纖維,10.3,0.49,,,,0.0,0.0,0.0,0.0,0.0,0.0,0.0,0.0,0.0,0.32,-1.0,-0.0,-0.02,0.0,-0.01,0.0,2.0,,0.0,0.08,,,,,,0.0,0.0,0.0,-0.48,-0.96
4413,飛寶企業,紡織纖維,20.3,-0.98,,,,0.0,0.0,0.0,0.0,0.0,0.0,0.0,0.0,0.0,5.75,-1.0,-0.0,0.06,0.08,0.02,2.0,3.0,,0.0,0.0,,,,,,0.0,0.0,0.0,-4.02,-4.02
4414,如興,紡織纖維,8.14,0.37,,,,0.0,0.0,0.0,0.0,0.0,0.0,0.0,0.0,0.0,8.55,51.0,0.01,0.01,0.01,0.01,2.0,6.0,,0.0,0.18,,,,,,0.0,0.0,0.0,-3.33,-13.03
4416,三圓,建材營造,13.35,-2.91,,,,0.0,0.0,0.0,0.0,0.0,0.0,0.0,0.0,0.0,4.54,37.0,0.06,0.0,1.49,1.93,3.0,5.0,,0.0,0.13,,,,,,0.0,0.0,0.0,-5.32,-12.46
4417,金洲,紡織纖維,49.55,-0.2,,,,0.0,0.0,0.0,0.0,0.0,0.0,0.0,0.0,0.0,3.93,-2.0,-0.0,0.03,0.09,0.47,3.0,7.0,,0.0,0.0,,,,,,0.0,0.0,0.0,-1.29,-1.29
4419,元勝,紡織纖維,50.2,2.45,,,,0.0,0.0,0.0,0.0,0.0,0.0,0.0,0.0,0.0,0.0,-3.0,-0.0,-0.0,-0.0,-0.0,3.0,4.0,,0.0,0.0,,,,,,0.0,0.0,0.0,0.0,0.0
4420,光明,紡織纖維,36.05,0.7,,,,0.32,0.0,0.0,0.02,0.04,0.04,2.0,7.0,12.0,0.84,10.0,0.02,0.05,0.01,0.11,3.0,3.0,,0.0,0.08,,,,,,1.0,1.0,2.0,-9.54,-9.54
4426,利勤,紡織纖維,7.61,0.0,,,,0.0,0.0,0.0,0.0,0.0,0.0,0.0,0.0,0.0,2.17,18.0,0.01,0.01,-0.0,0.04,4.0,7.0,,0.0,0.05,,,,,,0.0,0.0,0.0,-2.56,-15.44
4430,耀億,其他,17.75,-0.28,,,,0.0,0.0,0.0,0.0,0.0,0.0,0.0,0.0,0.0,2.4,-1.0,-0.0,-0.01,-0.02,-0.02,0.0,1.0,,0.0,0.05,,,,,,0.0,0.0,0.0,-0.28,-6.58
4432,銘旺實,紡織纖維,15.4,0.0,,,,0.0,0.0,0.0,0.0,0.0,0.0,0.0,0.0,0.0,1.39,-1.0,-0.0,-0.01,-0.03,-0.05,2.0,2.0,,0.0,0.55,,,,,,0.0,0.0,0.0,-3.14,-7.78
4433,興采,紡織纖維,18.05,0.0,,,,0.0,0.0,0.0,0.0,0.0,0.0,0.0,0.0,0.0,0.15,-8.0,-0.01,-0.02,-0.06,-0.06,2.0,3.0,,0.0,0.03,,,,,,0.0,0.0,0.0,-4.75,-16.63
4438,廣越,紡織纖維,57.0,0.53,,,,0.0,0.0,0.0,0.0,0.0,0.0,0.0,0.0,0.0,2.01,7.0,0.01,0.02,-0.09,-0.17,3.0,4.0,,0.0,0.24,,,,,,0.0,0.0,0.0,-6.25,-8.95
4439,冠星-KY,紡織纖維,98.4,1.97,,,,0.0,0.0,0.0,0.0,0.0,0.0,0.0,0.0,0.0,60.94,0.0,0.0,-0.01,0.0,-0.06,2.0,4.0,,-0.0,0.01,,,,,,0.0,0.0,0.0,-0.1,-9.31
4440,宜新實業,紡織纖維,17.55,0.57,,,,0.0,0.0,0.0,0.0,0.0,0.0,0.0,0.0,0.0,2.07,1.0,0.0,-0.02,0.05,0.13,1.0,4.0,,-0.01,0.0,,,,,,0.0,0.0,0.0,-1.13,-4.1
4442,竣邦-KY,紡織纖維,54.1,1.69,,,,0.0,0.0,0.0,0.0,0.0,0.0,0.0,0.0,0.0,71.8,-1.0,-0.0,-0.01,-0.14,-0.7,1.0,1.0,,0.0,0.0,,,,,,0.0,0.0,0.0,-4.42,-25.48
4502,健信,電機機械,15.9,1.27,,,,0.0,0.0,0.0,0.0,0.0,0.0,0.0,0.0,0.0,4.07,1.0,0.0,0.0,0.01,0.01,5.0,9.0,,0.0,0.0,,,,,,0.0,0.0,0.0,0.0,0.0
4503,金雨,電機機械,24.15,0.62,,,,0.0,0.0,0.0,0.0,0.0,0.0,0.0,0.0,0.0,3.2,51.0,0.08,0.29,0.53,0.55,4.0,8.0,,0.0,0.01,,,,,,0.0,0.0,0.0,-2.62,-47.61
4506,崇友,電機機械,118.0,0.0,,,,0.0,0.0,0.0,0.0,0.0,0.0,0.0,0.0,0.0,4.67,-12.0,-0.01,-0.03,-0.03,-0.02,1.0,3.0,,0.0,0.0,,,,,,0.0,0.0,0.0,-3.67,-5.6
4510,高鋒,電機機械,44.0,2.21,,,,0.0,0.0,0.0,0.0,0.0,0.0,0.0,0.0,0.0,7.15,211.0,0.2,0.32,0.81,-0.01,4.0,8.0,,-0.0,2.67,,,,,,0.0,0.0,0.0,-7.47,-7.47
4513,福裕,電機機械,16.2,-0.61,,,,0.0,0.0,0.0,0.0,0.0,0.0,0.0,0.0,0.0,5.82,23.0,0.02,0.31,0.25,0.27,5.0,8.0,,0.01,0.02,,,,,,0.0,0.0,0.0,-3.28,-28.95
4523,永彰,電機機械,23.9,0.21,,,,0.0,0.0,0.0,0.0,0.0,0.0,0.0,0.0,0.0,3.69,9.0,0.01,0.01,0.14,0.18,3.0,7.0,,0.0,0.03,,,,,,0.0,0.0,0.0,-3.43,-12.45
4526,東台,電機機械,34.05,5.91,,,,0.0,0.0,0.0,0.0,0.0,0.0,0.0,0.0,0.0,6.06,739.0,0.29,0.53,1.16,-1.56,4.0,8.0,,0.01,0.23,,,,,,0.0,0.0,0.0,0.0,-17.95
4527,方方土霖,電機機械,,,,,,0.0,0.0,0.0,0.0,0.0,0.0,0.0,0.0,0.0,,,,0.0,-0.01,0.03,0.0,3.0,,,,,,,,,0.0,0.0,0.0,,
4528,江興鍛,電機機械,14.95,0.67,,,,0.0,0.0,0.0,0.0,0.0,0.0,0.0,0.0,0.0,0.31,-1.0,-0.0,-0.0,0.01,0.01,0.0,2.0,,0.0,0.26,,,,,,0.0,0.0,0.0,-0.66,-6.56
4529,淳紳,其他,3.33,0.0,,,,0.0,0.0,0.0,0.0,0.0,0.0,0.0,0.0,0.0,38.05,0.0,0.0,0.0,0.0,0.0,0.0,1.0,,0.0,0.0,,,,,,0.0,0.0,0.0,-16.54,-31.34
4530,宏易,電機機械,24.75,2.27,,,,0.0,0.0,0.0,0.0,0.0,0.0,0.0,0.0,0.0,1.69,-1.0,-0.0,-0.0,0.03,0.01,0.0,2.0,,0.0,0.0,,,,,,0.0,0.0,0.0,-13.46,-18.05
4532,瑞智,電機機械,24.85,-0.8,,,,0.67,-0.0,-7.0,0.02,0.04,0.04,2.0,7.0,10.0,17.82,-167.0,-0.03,0.07,0.19,0.1,2.0,4.0,,0.0,0.19,,,,,,3.0,3.0,7.0,-1.39,-14.6
4533,協易機,電機機械,25.65,0.59,,,,0.0,0.0,0.0,0.0,0.0,0.0,0.0,0.0,0.0,6.51,207.0,0.13,0.22,0.24,-0.18,3.0,6.0,,0.0,0.95,,,,,,0.0,0.0,0.0,-3.02,-16.86
4534,慶騰,電機機械,30.95,-1.12,,,,0.0,0.0,0.0,0.0,0.0,0.0,0.0,0.0,0.0,3.44,246.0,0.28,-0.69,0.3,-0.25,2.0,6.0,,0.0,0.03,,,,,,0.0,0.0,0.0,-4.03,-26.92
4535,至興,電機機械,27.0,0.75,,,,0.0,0.0,0.0,0.0,0.0,0.0,0.0,0.0,0.0,0.21,5.0,0.01,0.01,0.01,0.01,2.0,4.0,,0.0,0.0,,,,,,0.0,0.0,0.0,-3.74,-7.85
4536,拓凱,其他,161.0,-0.31,,,,0.15,0.0,0.0,0.0,0.0,0.0,0.0,0.0,1.0,15.19,15.0,0.02,0.28,0.58,0.56,4.0,9.0,,-0.0,0.45,,,,,,0.0,0.0,1.0,-3.01,-8.0
4538,大詠城,電機機械,17.35,-1.14,,,,0.0,0.0,0.0,0.0,0.0,0.0,0.0,0.0,0.0,0.18,-1.0,-0.0,0.01,-0.01,-0.05,2.0,2.0,,0.0,0.02,,,,,,0.0,0.0,0.0,-2.8,-7.22
4540,全球傳動,電機機械,62.1,-0.8,,,,0.0,0.0,0.0,0.0,0.0,0.0,0.0,0.0,0.0,6.12,594.0,0.62,2.55,1.55,0.54,4.0,7.0,,0.0,0.1,,,,,,0.0,0.0,0.0,-0.8,-2.97
4541,晟田,其他,61.6,3.88,,,,0.25,0.0,0.0,0.0,0.0,0.0,0.0,0.0,0.0,12.52,569.0,0.84,1.02,1.25,-0.62,4.0,6.0,,-0.12,0.05,,,,,,0.0,0.0,0.0,-7.37,-18.63
4542,科嶠,電子零組件業,344.0,1.47,,,,0.0,0.0,0.0,0.0,0.0,0.0,0.0,0.0,0.0,6.78,14.0,0.04,-0.64,-0.43,-1.86,3.0,5.0,,-0.0,1.5,,,,,,0.0,0.0,0.0,0.0,-28.7
4543,萬在,電機機械,29.45,3.33,,,,0.0,0.0,0.0,0.0,0.0,0.0,0.0,0.0,0.0,2.0,15.0,0.03,-0.03,-0.06,-0.23,2.0,3.0,,0.0,0.43,,,,,,0.0,0.0,0.0,-3.28,-20.08
4545,銘鈺,電子零組件業,39.1,9.99,,,,0.0,0.0,0.0,0.0,0.0,0.0,0.0,0.0,0.0,29.22,43.0,0.06,0.19,0.24,0.17,5.0,8.0,,-0.01,0.11,,,,,,0.0,0.0,0.0,0.0,-1.64
4549,桓達,電機機械,97.1,0.94,,,,0.82,0.0,0.0,0.0,0.0,0.0,0.0,0.0,0.0,1.53,27.0,0.05,0.03,0.07,-0.0,3.0,6.0,,0.0,0.11,,,,,,0.0,0.0,0.0,-6.18,-6.18
4550,長佳,電機機械,24.45,1.24,,,,0.0,0.0,0.0,0.0,0.0,0.0,0.0,0.0,0.0,1.85,-2.0,-0.01,-0.03,-0.03,-0.1,0.0,2.0,,0.0,0.0,,,,,,0.0,0.0,0.0,0.0,-5.6
4551,智伸科,汽車工業,174.5,-2.79,,,,2.13,-0.0,-1.0,0.19,0.19,0.06,2.0,2.0,3.0,53.29,-1243.0,-1.08,-0.8,-0.87,-2.4,2.0,4.0,,-0.03,0.24,,,,,,1.0,1.0,5.0,-2.79,-38.12
4552,力達-KY,電機機械,15.8,2.93,,,,0.0,0.0,0.0,0.0,0.0,0.0,0.0,0.0,0.0,42.88,25.0,0.02,-0.04,0.04,0.08,1.0,4.0,,0.0,0.07,,,,,,0.0,0.0,0.0,-6.23,-21.39
4554,橙的,其他電子業,28.25,0.71,,,,0.0,0.0,0.0,0.0,0.0,0.0,0.0,0.0,0.0,31.92,6.0,0.03,0.03,0.02,0.01,1.0,1.0,,0.0,0.03,,,,,,0.0,0.0,0.0,-5.68,-13.74
4555,氣立,電機機械,42.15,1.32,,,,0.0,0.0,0.0,0.0,0.0,0.0,0.0,0.0,0.0,3.56,-4.0,-0.01,-0.07,-0.01,-0.39,1.0,4.0,,0.0,0.05,,,,,,0.0,0.0,0.0,-9.35,-17.35
4556,旭然,其他,101.5,9.85,,,,0.0,0.0,0.0,0.0,0.0,0.0,0.0,0.0,0.0,11.57,57.0,0.14,-0.35,-0.21,-0.09,2.0,3.0,,0.01,0.03,,,,,,0.0,0.0,0.0,0.0,-23.4
4557,永新-KY,汽車工業,50.3,0.4,,,,0.0,0.0,0.0,0.0,0.0,0.0,0.0,0.0,0.0,35.03,0.0,0.0,0.06,0.04,0.09,2.0,3.0,,0.0,0.06,,,,,,0.0,0.0,0.0,-0.4,-5.45
4558,寶緯,電機機械,16.95,0.3,,,,0.0,0.0,0.0,0.0,0.0,0.0,0.0,0.0,0.0,0.44,-1.0,-0.0,0.01,0.01,0.03,2.0,3.0,,0.0,0.07,,,,,,0.0,0.0,0.0,-4.51,-9.12
4560,強信-KY,電機機械,29.9,1.87,,,,0.0,0.0,0.0,0.0,0.0,0.0,0.0,0.0,0.0,83.33,-18.0,-0.03,0.04,-0.06,-0.43,3.0,4.0,,0.0,0.11,,,,,,0.0,0.0,0.0,0.0,-13.08
4561,健椿,電機機械,43.2,3.1,,,,0.0,0.0,0.0,0.0,0.0,0.0,0.0,0.0,0.0,2.96,69.0,0.12,0.24,0.39,0.76,4.0,8.0,,-0.01,0.1,,,,,,0.0,0.0,0.0,-1.03,-13.94
4562,穎漢,電機機械,30.95,3.17,,,,0.0,0.0,0.0,0.0,0.0,0.0,0.0,0.0,0.0,2.26,82.0,0.09,0.13,0.44,0.65,3.0,8.0,,0.0,0.8,,,,,,0.0,0.0,0.0,-1.28,-15.55
4563,百德,電機機械,51.7,0.58,,,,0.0,0.0,0.0,0.0,0.0,0.0,0.0,0.0,0.0,2.84,13.0,0.02,0.3,0.51,0.21,5.0,9.0,,0.0,0.01,,,,,,0.0,0.0,0.0,0.0,0.0
4564,元翎,電機機械,16.4,1.23,,,,0.0,0.0,0.0,0.0,0.0,0.0,0.0,0.0,0.0,2.44,263.0,0.13,0.38,0.62,0.18,5.0,9.0,,0.01,0.96,,,,,,0.0,0.0,0.0,-1.5,-24.07
4566,時碩工業,電機機械,74.1,1.23,,,,0.0,0.0,0.0,0.0,0.0,0.0,0.0,0.0,0.0,6.7,149.0,0.16,4.05,4.51,2.93,4.0,8.0,,0.04,1.54,,,,,,0.0,0.0,0.0,-0.27,-2.88
4568,科際精密,電機機械,39.45,1.02,,,,0.0,0.0,0.0,0.0,0.0,0.0,0.0,0.0,0.0,20.08,1.0,0.0,0.0,-0.01,-0.03,1.0,1.0,,0.0,0.0,,,,,,0.0,0.0,0.0,-1.99,-5.62
4569,六方科-KY,汽車工業,157.5,2.27,,,,0.0,0.0,0.0,0.0,0.0,0.0,0.0,0.0,0.0,66.15,-1.0,-0.0,0.01,0.16,-0.05,2.0,3.0,,0.0,0.34,,,,,,0.0,0.0,0.0,-12.5,-12.5
4571,鈞興-KY,電機機械,153.5,0.66,,,,0.03,0.0,0.0,0.0,0.0,0.0,0.0,0.0,0.0,63.04,12.0,0.02,0.07,0.02,-0.36,4.0,6.0,,-0.0,0.3,,,,,,0.0,0.0,0.0,-4.95,-14.96
4572,駐龍,電機機械,138.5,-0.36,,,,0.0,0.0,0.0,0.0,0.0,0.0,0.0,0.0,0.0,1.77,6.0,0.02,-0.01,-0.0,-0.06,2.0,5.0,,-0.01,0.05,,,,,,0.0,0.0,0.0,-4.15,-9.48
4576,大銀微系統,電機機械,236.0,-2.07,,,,0.54,0.0,0.0,0.0,0.0,0.14,0.0,0.0,2.0,7.41,-383.0,-0.32,0.36,0.16,1.05,3.0,5.0,,-0.04,0.73,,,,,,0.0,0.0,0.0,-4.45,-4.45
4577,達航科技,其他電子業,92.4,10.0,,,,0.0,0.0,0.0,0.0,0.0,0.0,0.0,0.0,0.0,2.51,251.0,0.51,0.38,0.5,0.05,2.0,6.0,,0.02,0.24,,,,,,0.0,0.0,0.0,0.0,-0.22
4580,捷流閥業,電機機械,81.8,0.99,,,,0.0,0.0,0.0,0.0,0.0,0.0,0.0,0.0,0.0,3.24,-7.0,-0.02,-0.03,-0.07,-0.11,1.0,2.0,,0.0,0.0,,,,,,0.0,0.0,0.0,-5.98,-5.98
4581,光隆精密-KY,汽車工業,48.2,1.05,,,,0.0,0.0,0.0,0.0,0.0,0.0,0.0,0.0,0.0,24.02,0.0,0.0,0.0,-0.02,-0.0,1.0,2.0,,0.0,0.05,,,,,,0.0,0.0,0.0,-0.52,-6.77
4583,台灣精銳,電機機械,426.5,-0.58,,,,0.0,0.0,0.0,0.0,-0.01,-0.05,0.0,0.0,0.0,2.34,-14.0,-0.02,-0.04,-0.0,-0.07,1.0,3.0,,-0.0,0.39,,,,,,0.0,4.0,5.0,-10.87,-31.76
4584,君帆,電機機械,37.0,,,,,0.0,0.0,0.0,0.0,0.0,0.0,0.0,0.0,0.0,0.01,0.0,0.0,0.0,0.0,0.0,0.0,0.0,,0.0,0.0,,,,,,0.0,0.0,0.0,-5.49,-9.42
4588,玖鼎電力,其他電子業,56.0,1.27,,,,0.0,0.0,0.0,0.0,0.0,0.0,0.0,0.0,0.0,3.02,-8.0,-0.02,-0.16,0.05,0.11,1.0,5.0,,-0.0,0.04,,,,,,0.0,0.0,0.0,-1.75,-6.67
4609,唐鋒,電器電纜,4.15,,,,,0.0,0.0,0.0,0.0,0.0,0.0,0.0,0.0,0.0,0.0,0.0,0.0,0.0,0.0,0.0,0.0,0.0,,0.0,0.0,,,,,,0.0,0.0,0.0,-6.74,-21.85
4702,中美實,化學工業,9.31,-0.11,,,,0.0,0.0,0.0,0.0,0.0,0.0,0.0,0.0,0.0,43.97,2.0,0.0,-0.03,-0.05,-0.11,1.0,2.0,,0.0,0.01,,,,,,0.0,0.0,0.0,-4.12,-9.17
4706,大恭,化學工業,33.85,0.0,,,,0.0,0.0,0.0,0.0,0.0,0.0,0.0,0.0,0.0,29.53,1.0,0.0,0.0,0.01,0.01,2.0,3.0,,0.0,0.01,,,,,,0.0,0.0,0.0,-13.54,-13.54
4707,磐亞,化學工業,30.35,2.36,,,,0.0,0.0,0.0,0.0,0.0,0.0,0.0,0.0,0.0,0.92,549.0,0.14,0.15,-0.26,-0.74,3.0,3.0,,0.01,0.35,,,,,,0.0,0.0,0.0,-5.89,-32.56
4711,永純,化學工業,16.35,0.93,,,,0.0,0.0,0.0,0.0,0.0,0.0,0.0,0.0,0.0,1.96,-9.0,-0.01,-0.03,-0.03,-0.05,0.0,0.0,,0.0,1.29,,,,,,0.0,0.0,0.0,-2.68,-8.15
4712,南璋,食品工業,,,,,,,,,,,,,,,,,,,,,,,,,,,,,,,,,,,
4714,永捷,化學工業,12.05,2.12,,,,0.0,0.0,0.0,0.0,0.0,0.0,0.0,0.0,0.0,7.45,287.0,0.2,-0.25,1.07,0.68,2.0,7.0,,0.0,0.0,,,,,,0.0,0.0,0.0,-3.21,-5.86
4716,大立,化學工業,16.85,-0.3,,,,0.0,0.0,0.0,0.0,0.0,0.0,0.0,0.0,0.0,4.57,73.0,0.09,0.23,0.49,-0.05,4.0,8.0,,0.0,0.06,,,,,,0.0,0.0,0.0,-3.99,-27.99
4720,德淵,化學工業,19.3,0.78,,,,0.0,0.0,0.0,0.0,0.0,0.0,0.0,0.0,0.0,5.43,-3.0,-0.0,0.26,-0.68,-0.81,2.0,4.0,,-0.0,0.4,,,,,,0.0,0.0,0.0,-1.28,-25.77
4721,美琪瑪,化學工業,82.5,3.38,,,,0.0,0.0,0.0,0.0,0.0,0.0,0.0,0.0,0.0,8.09,166.0,0.22,0.49,0.62,0.22,4.0,6.0,,0.02,0.92,,,,,,0.0,0.0,0.0,0.0,-17.5
4722,國精化,化學工業,190.5,0.26,,,,1.11,0.0,0.0,0.0,-0.01,0.02,0.0,1.0,2.0,4.88,15.0,0.01,0.23,0.44,0.6,5.0,9.0,,-0.02,0.68,,,,,,0.0,1.0,4.0,-8.41,-31.23
4726,永昕,生技醫療業,22.95,1.32,,,,0.0,0.0,0.0,0.0,0.0,0.0,0.0,0.0,0.0,20.7,19.0,0.01,0.01,-0.01,-0.13,3.0,5.0,,0.0,0.0,,,,,,0.0,0.0,0.0,-5.36,-13.56
4728,雙美,生技醫療業,399.0,-0.13,,,,0.0,0.0,0.0,0.0,0.0,0.0,0.0,0.0,0.0,20.13,-1.0,-0.0,-0.0,-0.07,-0.07,0.0,0.0,,0.0,0.32,,,,,,0.0,0.0,0.0,-1.72,-1.72
4729,熒茂,光電業,20.65,9.84,,,,0.0,0.0,0.0,0.0,0.0,0.0,0.0,0.0,0.0,2.72,158.0,0.2,0.23,0.29,0.44,4.0,8.0,,0.0,0.03,,,,,,0.0,0.0,0.0,0.0,-10.99
4735,豪展,生技醫療業,36.1,-0.28,,,,0.0,0.0,0.0,0.0,0.0,0.0,0.0,0.0,0.0,0.58,-4.0,-0.01,0.05,0.09,0.03,2.0,6.0,,0.0,0.38,,,,,,0.0,0.0,0.0,-4.5,-9.18
4736,泰博,生技醫療業,130.0,1.17,,,,0.71,0.0,0.0,0.0,0.12,0.29,0.0,4.0,13.0,7.19,32.0,0.03,-0.02,0.18,0.31,3.0,7.0,,0.0,0.37,,,,,,0.0,0.0,0.0,-2.62,-10.65
4737,華廣,生技醫療業,55.4,-0.36,,,,0.0,0.0,0.0,0.0,0.0,0.0,0.0,0.0,0.0,36.6,-3.0,-0.0,-0.05,-0.02,0.09,1.0,5.0,,0.0,0.08,,,,,,0.0,0.0,0.0,-8.43,-12.89
4739,康普,化學工業,88.4,6.25,,,,0.0,0.0,0.0,0.0,0.0,0.0,0.0,0.0,0.0,5.17,-206.0,-0.17,0.11,0.16,-1.57,2.0,4.0,,0.08,0.12,,,,,,0.0,0.0,0.0,0.0,-23.46
4741,泓瀚,化學工業,40.8,1.87,,,,0.0,0.0,0.0,0.0,0.0,0.0,0.0,0.0,0.0,6.56,-50.0,-0.15,-0.22,-0.25,-0.58,1.0,3.0,,-0.09,0.23,,,,,,0.0,0.0,0.0,-4.78,-30.85
4743,合一,生技醫療業,47.15,3.17,,,,0.0,0.0,0.0,0.0,0.0,0.0,0.0,0.0,0.0,12.35,1065.0,0.23,0.37,0.38,0.09,3.0,6.0,,0.0,0.14,,,,,,0.0,0.0,0.0,0.0,-21.02
4744,皇將,生技醫療業,29.2,1.92,,,,0.0,0.0,0.0,0.0,0.0,0.0,0.0,0.0,0.0,3.22,32.0,0.06,0.03,-0.13,-0.28,2.0,2.0,,0.0,0.0,,,,,,0.0,0.0,0.0,-3.63,-11.52
4745,合富-KY,生技醫療業,12.2,0.83,,,,0.0,0.0,0.0,0.0,0.0,0.0,0.0,0.0,0.0,9.69,-3.0,-0.0,0.04,0.03,0.01,4.0,4.0,,0.0,0.0,,,,,,0.0,0.0,0.0,0.0,-16.44
4746,台耀,生技醫療業,48.95,2.62,,,,1.5,0.0,0.0,-0.41,-0.41,-0.5,0.0,0.0,0.0,9.55,486.0,0.4,1.5,2.35,1.37,4.0,9.0,,0.0,1.17,,,,,,4.0,4.0,5.0,0.0,-12.43
4747,強生,生技醫療業,23.6,0.0,,,,0.0,0.0,0.0,0.0,0.0,0.0,0.0,0.0,0.0,1.51,-5.0,-0.01,-0.02,-0.03,-0.1,0.0,2.0,,0.0,0.17,,,,,,0.0,0.0,0.0,-9.4,-58.23
4754,國碳科,化學工業,37.9,0.53,,,,0.0,0.0,0.0,0.0,0.0,0.0,0.0,0.0,0.0,0.58,15.0,0.05,0.07,0.04,-0.02,2.0,3.0,,0.0,0.0,,,,,,0.0,0.0,0.0,-2.32,-2.32
4755,三福化,化學工業,118.0,0.0,,,,0.3,0.0,0.0,0.0,0.0,0.0,0.0,0.0,0.0,23.11,63.0,0.06,0.08,0.08,-0.16,2.0,5.0,,0.0,0.42,,,,,,0.0,0.0,0.0,-1.67,-18.06
4760,勤凱科技,其他電子業,262.5,0.96,,,,0.0,0.0,0.0,0.0,0.0,0.0,0.0,0.0,0.0,5.28,17.0,0.05,-0.23,0.07,-1.16,2.0,4.0,,-0.0,1.75,,,,,,0.0,0.0,0.0,-3.67,-24.24
4763,材料-KY,化學工業,48.9,4.38,,,,58.82,0.01,10.0,0.02,3.7,6.29,4.0,9.0,16.0,531.4,4393.0,5.09,-10.05,-9.23,-13.33,1.0,3.0,,0.35,5.1,,,,,,0.0,0.0,3.0,-5.05,-7.03
4764,雙鍵,化學工業,189.0,3.28,,,,6.5,-0.09,-79.0,-0.46,-0.4,-0.64,0.0,1.0,1.0,26.66,-278.0,-0.32,0.24,0.05,0.1,3.0,6.0,,0.02,0.33,,,,,,3.0,3.0,5.0,-23.48,-48.15
4766,南寶,化學工業,340.5,-0.15,,,,3.55,0.0,0.0,0.0,-0.02,-0.02,0.0,0.0,0.0,15.89,-6.0,-0.0,0.06,0.22,0.23,4.0,8.0,,-0.0,0.22,,,,,,0.0,3.0,4.0,-2.71,-8.1
4767,誠泰科技,化學工業,28.2,-0.35,,,,0.0,0.0,0.0,0.0,0.0,0.0,0.0,0.0,0.0,0.09,-2.0,-0.01,0.01,0.0,0.01,3.0,4.0,,0.0,0.03,,,,,,0.0,0.0,0.0,-4.41,-5.21
4768,晶呈科技,化學工業,380.0,6.29,,,,0.0,0.0,0.0,0.0,0.0,0.0,0.0,0.0,0.0,3.68,-443.0,-1.03,-1.48,-1.16,-2.12,1.0,3.0,,0.18,1.68,,,,,,0.0,0.0,0.0,0.0,0.0
4770,上品,化學工業,282.0,-1.57,,,,2.87,0.0,0.0,0.92,0.92,0.92,1.0,1.0,1.0,7.92,-196.0,-0.25,0.12,0.92,2.32,2.0,6.0,,-0.01,0.62,,,,,,0.0,1.0,2.0,-1.57,-1.57
4804,大略-KY,觀光事業,,,,,,0.0,0.0,0.0,0.0,0.0,0.0,0.0,0.0,0.0,,,,0.0,0.0,0.0,0.0,0.0,,,,,,,,,0.0,0.0,0.0,,
4806,昇華,文化創意業,,,,,,0.0,0.0,0.0,0.0,0.0,0.0,0.0,0.0,0.0,,,,-0.0,-0.0,-0.0,0.0,0.0,,,,,,,,,0.0,0.0,0.0,,
4807,日成-KY,貿易百貨,29.35,0.69,,,,0.0,0.0,0.0,0.0,0.0,0.0,0.0,0.0,0.0,86.07,19.0,0.05,-0.03,-0.54,-0.69,3.0,5.0,,-0.01,0.01,,,,,,0.0,0.0,0.0,-6.53,-31.43
4903,聯光通,通信網路業,42.9,0.23,,,,0.0,0.0,0.0,0.0,0.0,0.0,0.0,0.0,0.0,4.67,91.0,0.09,0.03,0.84,0.93,3.0,5.0,,0.0,0.31,,,,,,0.0,0.0,0.0,-0.23,-0.23
4904,遠傳,通信網路業,103.5,-0.96,,,,13.34,-0.0,-4.0,0.04,0.04,0.05,3.0,6.0,11.0,20.78,808.0,0.02,-0.01,0.06,0.37,2.0,6.0,,0.01,1.22,,,,,,1.0,3.0,8.0,-3.27,-3.72
4905,台聯電,通信網路業,76.5,-0.26,,,,0.0,0.0,0.0,0.0,0.0,0.0,0.0,0.0,0.0,9.65,-1.0,-0.0,-0.0,0.04,-0.01,1.0,4.0,,0.0,0.11,,,,,,0.0,0.0,0.0,-14.43,-17.83
4906,正文,通信網路業,42.3,5.22,,,,0.0,0.0,0.0,0.0,0.0,0.0,0.0,0.0,0.0,9.0,756.0,0.19,1.02,1.7,0.85,4.0,8.0,,0.13,0.38,,,,,,0.0,0.0,0.0,0.0,-3.2
4907,富宇,建材營造,45.0,-0.55,,,,0.0,0.0,0.0,0.0,0.0,0.0,0.0,0.0,0.0,0.62,-8.0,-0.01,-0.03,-0.06,-0.07,0.0,0.0,,0.0,0.01,,,,,,0.0,0.0,0.0,-5.86,-7.6
4908,前鼎,通信網路業,207.0,0.73,,,,0.0,0.0,0.0,0.0,0.0,0.0,0.0,0.0,0.0,9.24,-160.0,-0.2,0.4,-2.55,0.27,1.0,2.0,,-0.02,1.0,,,,,,0.0,0.0,0.0,-16.87,-16.87
4909,新復興,通信網路業,36.4,1.68,,,,0.04,0.0,0.0,0.0,0.0,0.0,0.0,0.0,0.0,14.06,122.0,0.13,0.05,-0.07,-0.43,2.0,4.0,,0.0,8.87,,,,,,0.0,0.0,0.0,-7.02,-21.21
4911,德英,生技醫療業,28.2,-0.88,,,,0.0,0.0,0.0,0.0,0.0,0.0,0.0,0.0,0.0,0.71,0.0,0.0,0.0,0.02,0.07,0.0,3.0,,0.0,0.02,,,,,,0.0,0.0,0.0,-5.84,-19.77
4912,聯德控股-KY,電子零組件業,100.0,3.31,,,,0.0,0.0,0.0,0.0,0.0,0.0,0.0,0.0,0.0,29.03,474.0,0.76,1.14,1.57,1.78,4.0,7.0,,0.0,0.09,,,,,,0.0,0.0,0.0,-2.91,-2.91
4915,致伸,電子零組件業,63.5,0.0,,,,18.31,-0.0,-2.0,0.11,0.44,0.52,3.0,5.0,8.0,25.41,-292.0,-0.06,-0.07,-0.14,-0.76,2.0,4.0,,0.0,1.1,,,,,,1.0,2.0,5.0,-3.2,-7.7
4916,事欣科,電腦及週邊設備業,104.0,2.46,,,,0.04,0.0,0.0,0.0,0.0,0.0,0.0,0.0,0.0,4.39,235.0,0.24,0.87,1.81,1.08,5.0,9.0,,0.03,0.74,,,,,,0.0,0.0,0.0,-1.42,-11.86
4919,新唐,半導體業,138.5,2.21,,,,0.01,0.01,30.0,0.01,-0.06,-0.06,4.0,6.0,8.0,1.49,153.0,0.04,-2.24,-3.74,-3.54,1.0,3.0,,0.07,1.8,,,,,,1.0,2.0,4.0,0.0,-21.53
4923,力士,半導體業,61.4,0.33,,,,0.0,0.0,0.0,0.0,0.0,0.0,0.0,0.0,0.0,6.7,39.0,0.12,-0.81,1.65,1.36,4.0,9.0,,0.0,0.03,,,,,,0.0,0.0,0.0,-7.95,-7.95
4924,欣厚-KY,電腦及週邊設備業,16.5,10.0,,,,0.0,0.0,0.0,0.0,0.0,0.0,0.0,0.0,0.0,38.83,67.0,0.18,-0.17,0.7,0.66,2.0,5.0,,0.0,0.0,,,,,,0.0,0.0,0.0,-12.0,-12.0
4927,泰鼎-KY,電子零組件業,44.5,1.71,,,,0.0,0.0,0.0,0.0,0.0,0.0,0.0,0.0,0.0,12.31,1146.0,0.6,1.46,1.59,1.8,5.0,8.0,,0.0,0.19,,,,,,0.0,0.0,0.0,0.0,-4.4
4930,燦星網,電器電纜,15.9,0.32,,,,0.0,0.0,0.0,0.0,0.0,0.0,0.0,0.0,0.0,2.16,-3.0,-0.0,-0.0,0.03,0.04,1.0,4.0,,0.0,0.41,,,,,,0.0,0.0,0.0,-1.85,-8.36
4931,新盛力,電腦及週邊設備業,252.0,2.44,,,,0.0,0.0,0.0,0.0,0.0,0.0,0.0,0.0,0.0,18.72,183.0,0.28,-0.21,-3.18,-7.47,3.0,4.0,,0.3,4.8,,,,,,0.0,0.0,0.0,-3.26,-10.0
4933,友輝,光電業,54.4,1.87,,,,0.76,0.0,0.0,0.0,0.0,0.0,0.0,0.0,0.0,8.02,16.0,0.02,0.06,0.14,0.16,4.0,7.0,,0.0,0.08,,,,,,0.0,0.0,0.0,-1.27,-20.7
4934,太極,光電業,14.95,5.65,,,,0.0,0.0,0.0,0.0,0.0,0.0,0.0,0.0,0.0,3.02,312.0,0.14,-0.11,-0.26,-0.51,2.0,4.0,,0.01,0.22,,,,,,0.0,0.0,0.0,0.0,-18.08
4935,茂林-KY,光電業,34.2,4.75,,,,0.0,0.0,0.0,0.0,0.0,0.0,0.0,0.0,0.0,26.51,14.0,0.01,-0.09,-0.16,-0.28,1.0,3.0,,0.0,0.35,,,,,,0.0,0.0,0.0,-0.73,-9.28
4938,和碩,電腦及週邊設備業,89.8,-1.1,,,,11.48,-0.0,-52.0,-0.01,-0.02,0.43,2.0,4.0,14.0,31.22,-3739.0,-0.14,-0.2,-0.31,-0.99,1.0,2.0,,-0.01,7.14,,,,,,3.0,6.0,6.0,-5.87,-5.87
4939,亞電,電子零組件業,82.8,9.96,,,,0.0,0.0,0.0,0.0,0.0,0.0,0.0,0.0,0.0,17.44,314.0,0.32,0.47,0.17,-4.06,3.0,6.0,,0.07,0.72,,,,,,0.0,0.0,0.0,-11.54,-11.54
4942,嘉彰,光電業,31.9,-0.16,,,,0.0,0.0,0.0,0.0,0.0,0.0,0.0,0.0,0.0,6.09,-42.0,-0.03,-0.05,-0.09,-0.24,1.0,2.0,,0.0,0.11,,,,,,0.0,0.0,0.0,-3.92,-16.27
4943,康控-KY,電子零組件業,6.91,-1.0,,,,0.0,0.0,0.0,0.0,0.0,0.0,0.0,0.0,0.0,22.77,0.0,0.0,0.0,0.0,0.0,0.0,0.0,,0.0,1.61,,,,,,0.0,0.0,0.0,-17.44,-23.22
4944,兆遠,光電業,,,,,,,,,,,,,,,,,,,,,,,,,,,,,,,,,,,
4945,陞達科技,半導體業,,,,,,,,,,,,,,,,,,,,,,,,,,,,,,,,,,,
4946,辣椒,文化創意業,101.5,-0.49,,,,0.0,0.0,0.0,0.0,0.0,0.0,0.0,0.0,0.0,4.58,-4.0,-0.05,0.17,0.28,0.43,4.0,7.0,,0.0,0.0,,,,,,0.0,0.0,0.0,-0.49,-2.87
4950,牧東,其他,15.65,0.64,,,,0.0,0.0,0.0,0.0,0.0,0.0,0.0,0.0,0.0,0.08,4.0,0.01,0.01,-0.0,0.0,1.0,1.0,,0.0,0.0,,,,,,0.0,0.0,0.0,-4.57,-6.57
4951,精拓科,半導體業,91.5,1.44,,,,0.0,0.0,0.0,0.0,0.0,0.0,0.0,0.0,0.0,5.66,87.0,0.25,-1.85,-1.28,-1.87,2.0,5.0,,-0.0,0.23,,,,,,0.0,0.0,0.0,-8.22,-8.22
4952,凌通,半導體業,49.4,0.41,,,,0.01,0.0,0.0,0.0,0.0,0.0,0.0,0.0,0.0,6.97,-25.0,-0.02,0.18,0.37,0.45,4.0,8.0,,0.01,0.23,,,,,,0.0,0.0,0.0,-3.89,-17.8
4953,緯軟,資訊服務業,117.0,0.43,,,,0.21,0.0,0.0,0.0,0.0,0.07,0.0,0.0,6.0,12.99,-21.0,-0.03,-0.59,-1.17,-1.97,0.0,2.0,,-0.0,0.11,,,,,,0.0,1.0,1.0,-4.88,-10.0
4956,光鋐,光電業,46.5,1.09,,,,0.0,0.0,0.0,0.0,0.0,0.0,0.0,0.0,0.0,9.78,-3303.0,-3.29,-0.54,-0.45,-0.1,3.0,5.0,,-0.0,0.74,,,,,,0.0,0.0,0.0,-0.75,-0.75
4958,臻鼎-KY,電子零組件業,507.0,1.71,,,,11.36,-0.03,-253.0,0.23,-0.17,0.76,2.0,3.0,8.0,59.93,656.0,0.07,0.07,-1.8,-2.98,3.0,4.0,,-0.02,4.37,,,,,,3.0,7.0,11.0,-5.23,-21.52
4960,誠美材,光電業,24.4,4.05,,,,0.0,0.0,0.0,0.0,0.0,0.0,0.0,0.0,0.0,19.05,120.0,0.02,0.17,-0.59,-0.46,3.0,6.0,,0.01,5.38,,,,,,0.0,0.0,0.0,0.0,-5.24
4961,天鈺,半導體業,181.0,-1.9,,,,3.24,0.02,29.0,0.04,0.04,0.04,2.0,2.0,3.0,25.22,-401.0,-0.33,0.36,1.69,3.39,4.0,8.0,,-0.01,3.32,,,,,,2.0,2.0,4.0,-1.9,-1.9
4966,譜瑞-KY,半導體業,571.0,0.35,,,,5.48,0.0,0.0,0.02,0.02,-0.52,1.0,1.0,5.0,38.38,-34.0,-0.04,-0.58,-1.47,-1.34,2.0,3.0,,0.0,1.56,,,,,,0.0,0.0,4.0,-1.89,-13.75
4967,十銓,半導體業,275.0,1.1,,,,1.46,-0.0,-3.0,-0.0,-0.0,0.34,0.0,0.0,3.0,14.41,456.0,0.64,0.01,0.95,3.57,3.0,6.0,,-0.0,1.92,,,,,,2.0,2.0,2.0,-2.31,-2.31
4968,立積,半導體業,96.6,4.09,,,,0.23,0.03,30.0,0.08,0.08,0.08,3.0,3.0,3.0,5.05,212.0,0.23,0.48,0.84,1.21,5.0,9.0,,0.0,3.52,,,,,,0.0,0.0,0.0,0.0,-18.14
4971,IET-KY,半導體業,539.0,-0.19,,,,0.0,0.0,0.0,0.0,0.0,0.0,0.0,0.0,0.0,16.97,-158.0,-0.43,-0.91,-1.91,-2.82,1.0,3.0,,0.0,1.82,,,,,,0.0,0.0,0.0,-19.43,-19.43
4972,湯石照明,光電業,16.3,-0.31,,,,0.0,0.0,0.0,0.0,0.0,0.0,0.0,0.0,0.0,2.22,2.0,0.0,0.0,0.0,0.01,3.0,3.0,,0.0,0.0,,,,,,0.0,0.0,0.0,-2.69,-6.59
4973,廣穎電通,半導體業,138.0,2.22,,,,0.0,0.0,0.0,0.0,0.0,0.0,0.0,0.0,0.0,7.24,13.0,0.02,0.07,0.05,0.17,3.0,5.0,,0.01,0.53,,,,,,0.0,0.0,0.0,-9.8,-19.3
4974,亞泰,電子零組件業,71.0,0.57,,,,0.0,0.0,0.0,0.0,0.0,0.0,0.0,0.0,0.0,6.69,-9.0,-0.01,-0.01,-0.03,0.47,2.0,4.0,,0.0,0.05,,,,,,0.0,0.0,0.0,-4.7,-4.7
4976,佳凌,光電業,35.8,0.85,,,,0.0,0.0,0.0,0.0,0.0,0.0,0.0,0.0,0.0,2.99,186.0,0.13,0.0,0.23,-0.0,3.0,7.0,,0.0,0.18,,,,,,0.0,0.0,0.0,-13.84,-13.84
4977,眾達-KY,通信網路業,169.0,0.3,,,,0.0,0.0,0.0,0.0,0.0,0.0,0.0,0.0,0.0,17.09,221.0,0.28,-0.13,0.36,-2.57,2.0,5.0,,-0.02,0.95,,,,,,0.0,0.0,0.0,-8.65,-8.65
4979,華星光,通信網路業,569.0,0.35,,,,15.23,0.0,0.0,-3.53,-2.73,-4.19,0.0,2.0,5.0,18.73,-69.0,-0.05,0.0,0.43,-0.02,2.0,5.0,,0.04,3.27,,,,,,3.0,5.0,11.0,-9.54,-9.54
4987,科誠,電腦及週邊設備業,,,,,,,,,,,,,,,,,,,,,,,,,,,,,,,,,,,
4989,榮科,電子零組件業,61.0,2.52,,,,0.12,0.0,0.0,0.0,0.0,0.0,0.0,0.0,0.0,3.01,794.0,0.58,0.73,1.34,0.02,3.0,6.0,,-0.01,2.98,,,,,,0.0,0.0,0.0,-5.72,-45.05
4991,環宇-KY,半導體業,488.0,2.85,,,,3.68,0.1,108.0,-0.7,-0.65,-0.41,3.0,5.0,8.0,24.13,40.0,0.04,-0.62,-1.75,-4.5,3.0,5.0,,0.02,1.01,,,,,,2.0,3.0,5.0,-10.29,-15.57
4994,傳奇,資訊服務業,81.8,-0.61,,,,0.0,0.0,0.0,0.0,0.0,0.0,0.0,0.0,0.0,2.65,-2.0,-0.0,-0.0,-0.01,-0.01,0.0,1.0,,0.0,0.35,,,,,,0.0,0.0,0.0,-3.2,-12.42
4995,晶達,光電業,50.5,0.8,,,,0.0,0.0,0.0,0.0,0.0,0.0,0.0,0.0,0.0,0.72,-17.0,-0.04,-0.04,-0.04,-0.04,0.0,1.0,,0.01,0.05,,,,,,0.0,0.0,0.0,-2.7,-2.7
4999,鑫禾,電子零組件業,17.85,0.85,,,,0.0,0.0,0.0,0.0,0.0,0.0,0.0,0.0,0.0,1.6,2.0,0.0,-0.01,0.01,0.12,2.0,4.0,,0.0,0.16,,,,,,0.0,0.0,0.0,-5.05,-13.35
5007,三星,鋼鐵工業,56.4,1.81,,,,0.0,0.0,0.0,0.0,0.0,0.0,0.0,0.0,0.0,3.52,19.0,0.01,0.0,0.01,0.01,2.0,4.0,,0.0,0.06,,,,,,0.0,0.0,0.0,-0.35,-0.88
5009,榮剛,鋼鐵工業,33.1,1.53,,,,0.0,0.0,0.0,0.0,0.0,0.0,0.0,0.0,0.0,14.64,-889.0,-0.15,-0.04,-0.14,-0.75,4.0,7.0,,-0.02,0.33,,,,,,0.0,0.0,0.0,-3.07,-5.97
5011,久陽,鋼鐵工業,18.8,0.27,,,,0.0,0.0,0.0,0.0,0.0,0.0,0.0,0.0,0.0,3.38,3.0,0.0,0.16,0.11,0.01,4.0,6.0,,0.0,0.02,,,,,,0.0,0.0,0.0,0.0,-22.47
5013,強新,鋼鐵工業,38.75,9.93,,,,0.0,0.0,0.0,0.0,0.0,0.0,0.0,0.0,0.0,12.43,20.0,0.01,0.05,0.07,0.04,3.0,7.0,,-0.0,0.01,,,,,,0.0,0.0,0.0,0.0,0.0
5014,建錩,鋼鐵工業,10.25,0.49,,,,0.0,0.0,0.0,0.0,0.0,0.0,0.0,0.0,0.0,1.61,17.0,0.01,0.01,-0.02,-0.15,3.0,3.0,,0.0,0.0,,,,,,0.0,0.0,0.0,0.0,-9.29
5015,華祺,鋼鐵工業,21.9,2.58,,,,0.0,0.0,0.0,0.0,0.0,0.0,0.0,0.0,0.0,7.17,12.0,0.02,0.03,0.03,0.02,2.0,4.0,,0.0,0.0,,,,,,0.0,0.0,0.0,-0.9,-5.19
5016,松和,鋼鐵工業,25.55,3.02,,,,0.0,0.0,0.0,0.0,0.0,0.0,0.0,0.0,0.0,0.9,-13.0,-0.03,-0.03,-0.03,-0.03,0.0,1.0,,0.0,0.0,,,,,,0.0,0.0,0.0,0.0,0.0
5201,凱衛,資訊服務業,29.95,1.35,,,,0.0,0.0,0.0,0.0,0.0,0.0,0.0,0.0,0.0,9.63,-3.0,-0.01,-0.07,-0.05,0.12,0.0,2.0,,0.0,0.0,,,,,,0.0,0.0,0.0,-1.8,-1.8
5202,力新,資訊服務業,14.15,-0.7,,,,0.0,0.0,0.0,0.0,0.0,0.0,0.0,0.0,0.0,1.84,26.0,0.03,-0.14,-0.2,-0.07,3.0,5.0,,0.0,0.03,,,,,,0.0,0.0,0.0,-8.12,-8.12
5203,訊連,資訊服務業,58.4,-0.34,,,,0.0,0.0,0.0,0.0,0.0,0.0,0.0,0.0,0.0,9.96,-29.0,-0.04,0.06,0.09,0.12,3.0,6.0,,0.0,0.27,,,,,,0.0,0.0,0.0,-1.02,-17.4
5205,中茂,其他電子業,18.9,,,,,0.0,0.0,0.0,0.0,0.0,0.0,0.0,0.0,0.0,0.06,0.0,0.0,0.0,0.0,0.0,0.0,0.0,,0.0,0.0,,,,,,0.0,0.0,0.0,-8.25,-22.86
5206,坤悅,建材營造,22.7,-0.22,,,,0.0,0.0,0.0,0.0,0.0,0.0,0.0,0.0,0.0,7.89,-4.0,-0.0,-0.01,0.3,0.24,1.0,6.0,,0.0,0.0,,,,,,0.0,0.0,0.0,-3.81,-5.02
5209,新鼎,其他,167.5,0.6,,,,0.27,0.0,0.0,0.01,0.03,0.03,1.0,6.0,8.0,3.49,-11.0,-0.04,-0.01,0.82,1.05,3.0,8.0,,0.0,0.0,,,,,,1.0,1.0,2.0,-4.83,-4.83
5210,寶碩,資訊服務業,30.6,1.16,,,,0.0,0.0,0.0,0.0,0.0,0.0,0.0,0.0,0.0,4.09,-11.0,-0.02,0.41,0.79,0.94,3.0,6.0,,0.0,0.0,,,,,,0.0,0.0,0.0,0.0,-2.7
5211,蒙恬,資訊服務業,20.65,2.23,,,,0.0,0.0,0.0,0.0,0.0,0.0,0.0,0.0,0.0,8.32,0.0,0.0,-0.02,0.1,0.05,0.0,4.0,,0.0,0.01,,,,,,0.0,0.0,0.0,-2.36,-8.63
5212,凌網,資訊服務業,48.9,0.0,,,,0.0,0.0,0.0,0.0,0.0,0.0,0.0,0.0,0.0,21.86,1.0,0.0,-0.01,0.0,0.01,2.0,3.0,,0.0,7.68,,,,,,0.0,0.0,0.0,0.0,0.0
5213,亞昕,建材營造,20.9,0.48,,,,0.0,0.0,0.0,0.0,0.0,0.0,0.0,0.0,0.0,2.42,-3.0,-0.0,0.02,0.01,0.11,4.0,6.0,,0.0,0.0,,,,,,0.0,0.0,0.0,-1.18,-7.73
5215,科嘉-KY,電腦及週邊設備業,37.9,1.61,,,,0.0,0.0,0.0,0.0,0.0,0.0,0.0,0.0,0.0,25.84,-1.0,-0.0,-0.01,-0.02,0.02,1.0,2.0,,0.0,0.12,,,,,,0.0,0.0,0.0,-4.29,-19.02
5220,萬達光電,光電業,24.2,10.0,,,,0.0,0.0,0.0,0.0,0.0,0.0,0.0,0.0,0.0,0.86,14.0,0.04,0.14,0.13,0.05,5.0,7.0,,0.01,0.01,,,,,,0.0,0.0,0.0,0.0,0.0
5222,全訊,半導體業,106.5,1.91,,,,0.07,0.0,0.0,0.0,0.0,0.0,0.0,0.0,1.0,4.2,67.0,0.09,0.11,0.24,0.03,3.0,6.0,,0.0,0.11,,,,,,1.0,1.0,1.0,-0.93,-17.76
5223,安力-KY,電腦及週邊設備業,23.1,0.43,,,,0.0,0.0,0.0,0.0,0.0,0.0,0.0,0.0,0.0,42.22,0.0,0.0,0.0,0.0,0.01,3.0,6.0,,0.0,0.0,,,,,,0.0,0.0,0.0,-6.48,-9.06
5225,東科-KY,其他電子業,55.4,0.18,,,,0.0,0.0,0.0,0.0,0.0,0.0,0.0,0.0,0.0,44.19,37.0,0.05,0.16,0.35,0.96,4.0,9.0,,0.0,0.09,,,,,,0.0,0.0,0.0,-9.33,-27.68
5227,立凱-KY,電子零組件業,31.5,2.77,,,,0.0,0.0,0.0,0.0,0.0,0.0,0.0,0.0,0.0,13.22,219.0,0.26,0.28,0.12,-0.09,4.0,7.0,,0.0,0.0,,,,,,0.0,0.0,0.0,-3.67,-24.28
5228,鈺鎧,電子零組件業,39.75,1.02,,,,0.0,0.0,0.0,0.0,0.0,0.0,0.0,0.0,0.0,4.85,14.0,0.04,-0.01,0.5,0.42,3.0,8.0,,0.0,0.04,,,,,,0.0,0.0,0.0,-8.3,-40.23
5230,雷笛克光學,光電業,23.35,5.42,,,,0.0,0.0,0.0,0.0,0.0,0.0,0.0,0.0,0.0,5.37,296.0,0.62,0.91,0.97,0.49,3.0,6.0,,0.0,0.0,,,,,,0.0,0.0,0.0,0.0,0.0
5234,達興材料,光電業,308.5,-4.19,,,,0.03,-0.05,-52.0,-0.05,-0.05,-0.05,0.0,1.0,7.0,7.7,-457.0,-0.44,-0.3,-0.36,-0.79,2.0,4.0,,-0.01,0.99,,,,,,1.0,3.0,5.0,-4.19,-24.94
5236,凌陽創新,半導體業,137.5,1.48,,,,0.21,0.05,30.0,0.1,0.1,0.1,3.0,3.0,3.0,6.22,22.0,0.04,0.01,0.03,0.06,2.0,4.0,,-0.0,0.07,,,,,,0.0,0.0,0.0,0.0,-18.64
5243,乙盛-KY,光電業,91.5,3.16,,,,0.0,0.0,0.0,0.0,0.0,0.0,0.0,0.0,0.0,52.25,103.0,0.06,-0.12,-0.06,-0.47,1.0,4.0,,0.0,0.44,,,,,,0.0,0.0,0.0,-4.09,-11.59
5244,弘凱,光電業,35.6,0.28,,,,0.01,0.0,0.0,0.0,0.0,0.0,0.0,0.0,0.0,3.2,21.0,0.03,-0.0,0.63,1.2,2.0,6.0,,0.0,0.67,,,,,,0.0,0.0,0.0,-3.52,-3.52
5245,智晶,光電業,20.85,1.21,,,,0.18,0.0,0.0,0.0,0.0,0.0,0.0,0.0,0.0,4.17,40.0,0.09,0.2,0.32,0.51,4.0,9.0,,-0.16,0.0,,,,,,0.0,0.0,0.0,-10.52,-22.92
5251,天鉞電,光電業,30.0,0.0,,,,0.0,0.0,0.0,0.0,0.0,0.0,0.0,0.0,0.0,24.12,10.0,0.03,0.11,0.13,0.04,3.0,5.0,,0.0,0.25,,,,,,0.0,0.0,0.0,-5.36,-8.12
5258,虹堡,電腦及週邊設備業,42.4,2.91,,,,0.0,0.0,0.0,0.0,0.0,0.0,0.0,0.0,0.0,4.42,36.0,0.03,-0.34,-0.3,-1.31,3.0,5.0,,0.0,0.02,,,,,,0.0,0.0,0.0,-8.52,-22.34
5263,智崴,文化創意業,89.1,-0.56,,,,0.0,0.0,0.0,0.0,0.0,0.0,0.0,0.0,0.0,15.8,69.0,0.11,0.0,-0.19,-0.6,3.0,4.0,,0.0,0.26,,,,,,0.0,0.0,0.0,-14.74,-14.74
5269,祥碩,半導體業,1460.0,-1.02,,,,6.58,0.0,0.0,0.01,0.08,0.3,1.0,3.0,11.0,11.08,-99.0,-0.14,-0.04,1.59,1.3,4.0,8.0,,-0.0,1.4,,,,,,2.0,4.0,5.0,-2.34,-4.58
5272,笙科,半導體業,18.0,4.96,,,,0.0,0.0,0.0,0.0,0.0,0.0,0.0,0.0,0.0,3.38,41.0,0.07,0.08,0.1,0.15,3.0,6.0,,0.0,0.07,,,,,,0.0,0.0,0.0,0.0,-15.69
5274,信驊,半導體業,18750.0,-3.33,,,,10.16,-0.09,-33.0,-0.3,0.03,1.16,2.0,6.0,12.0,58.68,-6.0,-0.02,0.22,0.13,-0.18,3.0,4.0,,-0.01,0.43,,,,,,3.0,4.0,7.0,-10.31,-10.31
5276,達輝-KY,其他,17.6,,,,,0.0,0.0,0.0,0.0,0.0,0.0,0.0,0.0,0.0,77.0,0.0,0.0,0.0,0.0,0.0,0.0,0.0,,0.0,0.0,,,,,,0.0,0.0,0.0,-4.86,-11.78
5278,尚凡,電子商務,23.95,0.21,,,,0.0,0.0,0.0,0.0,0.0,0.0,0.0,0.0,0.0,19.73,23.0,0.1,0.75,0.58,0.98,4.0,7.0,,0.0,0.05,,,,,,0.0,0.0,0.0,-2.24,-4.2
5281,大峽谷-KY,光電業,,,,,,,,,,,,,,,,,,,,,,,,,,,,,,,,,,,
5283,禾聯碩,電器電纜,52.8,0.38,,,,0.0,0.0,0.0,0.0,0.0,0.0,0.0,0.0,0.0,1.94,-1.0,-0.0,-0.08,-0.04,0.05,0.0,3.0,,0.01,0.06,,,,,,0.0,0.0,0.0,-6.22,-13.58
5284,jpp-KY,其他,299.5,-0.17,,,,0.09,0.0,0.0,0.0,0.0,0.0,0.0,0.0,0.0,57.47,-47.0,-0.1,0.08,-0.02,-0.52,2.0,3.0,,-0.0,0.07,,,,,,0.0,0.0,0.0,-15.63,-19.81
5285,界霖,半導體業,90.1,-0.44,,,,0.0,0.0,0.0,0.0,0.0,0.0,0.0,0.0,0.0,8.15,-206.0,-0.2,0.23,0.02,0.46,3.0,4.0,,0.0,0.99,,,,,,0.0,0.0,0.0,-3.64,-15.4
5287,數字,電子商務,137.5,0.0,,,,0.33,0.0,0.0,0.02,0.05,0.06,2.0,7.0,12.0,17.39,-5.0,-0.01,-0.14,-0.21,-0.75,0.0,1.0,,0.0,0.03,,,,,,1.0,1.0,2.0,-1.08,-11.86
5288,豐祥-KY,電機機械,183.5,-1.61,,,,0.32,-0.03,-20.0,-0.05,-0.05,-0.22,0.0,0.0,1.0,63.21,-1.0,-0.0,0.21,0.36,0.47,4.0,8.0,,0.02,0.28,,,,,,2.0,2.0,4.0,-4.18,-7.09
5289,宜鼎,電腦及週邊設備業,1290.0,0.78,,,,1.77,0.0,1.0,-0.06,-0.09,-0.22,2.0,4.0,5.0,19.56,-26.0,-0.03,-0.48,-0.41,-2.14,1.0,3.0,,-0.01,0.59,,,,,,2.0,4.0,9.0,-11.03,-21.58
5291,邑昇,電子零組件業,61.6,4.76,,,,0.0,0.0,0.0,0.0,0.0,0.0,0.0,0.0,0.0,8.85,85.0,0.21,0.71,0.26,0.85,4.0,5.0,,-0.02,0.08,,,,,,0.0,0.0,0.0,-14.92,-14.92
5292,華懋,綠能環保,230.0,5.26,,,,0.0,0.0,0.0,0.0,0.0,0.0,0.0,0.0,0.0,4.9,37.0,0.11,0.15,0.23,0.54,4.0,6.0,,0.05,0.28,,,,,,0.0,0.0,0.0,-4.56,-4.56
5299,杰力,半導體業,102.5,2.5,,,,0.0,0.0,0.0,0.0,0.0,0.0,0.0,0.0,0.0,3.91,49.0,0.1,0.63,1.25,1.25,5.0,9.0,,0.0,0.22,,,,,,0.0,0.0,0.0,0.0,-27.56
5301,寶得利,觀光事業,,,,,,0.0,0.0,0.0,0.0,0.0,0.0,0.0,0.0,0.0,,,,0.0,0.0,0.0,2.0,4.0,,,,,,,,,0.0,0.0,0.0,,
5302,太欣,半導體業,9.81,0.93,,,,0.0,0.0,0.0,0.0,0.0,0.0,0.0,0.0,0.0,0.47,25.0,0.02,-0.02,-0.02,-0.24,2.0,5.0,,0.0,0.0,,,,,,0.0,0.0,0.0,-5.22,-36.5
5306,桂盟,其他,88.8,0.23,,,,0.12,0.0,0.0,0.0,0.0,0.09,0.0,0.0,3.0,12.97,-5.0,-0.0,-0.03,-0.07,-0.31,1.0,2.0,,-0.0,0.15,,,,,,0.0,0.0,1.0,-6.03,-10.84
5309,系統電,電子零組件業,62.7,6.09,,,,0.49,-0.0,-5.0,-0.0,-0.01,0.09,0.0,1.0,10.0,14.83,-838.0,-0.44,1.12,1.51,0.77,3.0,7.0,,0.1,0.25,,,,,,1.0,2.0,2.0,0.0,-9.0
5310,天剛,資訊服務業,27.6,-4.83,,,,0.0,0.0,0.0,0.0,0.0,0.0,0.0,0.0,0.0,0.11,2.0,0.01,0.09,0.07,0.07,2.0,2.0,,0.0,0.09,,,,,,0.0,0.0,0.0,-4.83,-4.83
5312,寶島科,生技醫療業,89.9,0.0,,,,0.0,0.0,0.0,0.0,0.0,0.0,0.0,0.0,0.0,7.89,-4.0,-0.01,-0.01,-0.01,0.02,2.0,5.0,,0.0,0.0,,,,,,0.0,0.0,0.0,-2.18,-10.55
5314,世紀,半導體業,28.85,5.1,,,,3.14,0.0,0.0,0.0,-0.1,-0.23,0.0,0.0,1.0,368.6,220.0,1.5,3.02,-151.68,-12.29,2.0,4.0,,0.54,11.12,,,,,,0.0,1.0,3.0,-38.35,-59.65
5315,光聯,光電業,18.75,0.27,,,,0.0,0.0,0.0,0.0,0.0,0.0,0.0,0.0,0.0,8.02,-16.0,-0.02,-0.21,-0.37,-0.52,0.0,1.0,,0.0,0.13,,,,,,0.0,0.0,0.0,-3.1,-11.76
5321,美而快,電子商務,67.7,0.3,,,,0.0,0.0,0.0,0.0,0.0,0.0,0.0,0.0,0.0,3.01,13.0,0.03,-0.15,-0.13,-2.84,2.0,4.0,,0.0,1.26,,,,,,0.0,0.0,0.0,-19.21,-21.91
5324,士開,建材營造,12.45,0.4,,,,0.0,0.0,0.0,0.0,0.0,0.0,0.0,0.0,0.0,9.64,-3.0,-0.0,-0.0,-0.04,-0.11,3.0,4.0,,0.0,0.0,,,,,,0.0,0.0,0.0,-2.35,-2.35
5328,華容,電子零組件業,53.1,1.53,,,,0.0,0.0,0.0,0.0,0.0,0.0,0.0,0.0,0.0,6.84,488.0,0.28,0.67,1.18,1.24,5.0,8.0,,-0.0,0.29,,,,,,0.0,0.0,0.0,-14.77,-35.56
5340,建榮,電子零組件業,81.0,0.62,,,,0.0,0.0,0.0,0.0,0.0,0.0,0.0,0.0,0.0,51.85,14.0,0.01,-0.01,-0.47,-1.32,4.0,5.0,,0.0,0.63,,,,,,0.0,0.0,0.0,-5.7,-10.1
5344,立衛,半導體業,13.85,3.75,,,,0.0,0.0,0.0,0.0,0.0,0.0,0.0,0.0,0.0,0.14,28.0,0.04,-0.03,-0.05,-0.05,1.0,2.0,,0.0,0.0,,,,,,0.0,0.0,0.0,-0.72,-20.86
5345,天揚,其他,21.5,-2.27,,,,0.0,0.0,0.0,0.0,0.0,0.0,0.0,0.0,0.0,0.15,1.0,0.01,-0.01,-0.01,0.04,1.0,2.0,,0.0,0.01,,,,,,0.0,0.0,0.0,-5.08,-23.21
5347,世界,半導體業,181.0,1.4,,,,12.96,0.11,1817.0,0.29,0.02,0.34,4.0,5.0,13.0,37.34,-3154.0,-0.19,0.2,1.4,1.99,3.0,7.0,,-0.02,1.06,,,,,,1.0,5.0,7.0,0.0,-6.46
5348,系通,通信網路業,16.35,0.0,,,,0.0,0.0,0.0,0.0,0.0,0.0,0.0,0.0,0.0,0.01,0.0,0.0,0.0,0.0,0.0,0.0,0.0,,0.0,0.0,,,,,,0.0,0.0,0.0,-2.97,-7.89
5351,鈺創,半導體業,110.5,0.91,,,,0.39,-0.0,-10.0,0.0,0.01,-0.07,1.0,2.0,2.0,38.03,684.0,0.24,-0.76,-2.03,-7.55,2.0,4.0,,-0.01,1.72,,,,,,2.0,2.0,6.0,-7.53,-18.45
5353,台林,通信網路業,28.45,0.0,,,,0.0,0.0,0.0,0.0,0.0,0.0,0.0,0.0,0.0,1.21,-2.0,-0.0,0.01,0.06,0.07,3.0,5.0,,0.0,0.1,,,,,,0.0,0.0,0.0,0.0,-9.97
5355,佳總,電子零組件業,7.05,0.71,,,,0.0,0.0,0.0,0.0,0.0,0.0,0.0,0.0,0.0,0.18,-1.0,-0.0,0.02,0.03,0.01,2.0,4.0,,0.0,0.0,,,,,,0.0,0.0,0.0,0.0,0.0
5356,協益,電腦及週邊設備業,25.7,0.78,,,,0.0,0.0,0.0,0.0,0.0,0.0,0.0,0.0,0.0,3.05,3.0,0.0,-0.01,-0.02,-0.03,4.0,7.0,,0.0,0.02,,,,,,0.0,0.0,0.0,-1.91,-8.38
5364,力麗店,觀光事業,8.39,0.48,,,,0.0,0.0,0.0,0.0,0.0,0.0,0.0,0.0,0.0,0.37,0.0,0.0,-0.02,-0.05,-0.47,0.0,0.0,,0.0,0.0,,,,,,0.0,0.0,0.0,-0.83,-6.67
5371,中光電,光電業,,,,,,0.0,0.0,0.0,0.0,0.0,0.0,0.0,0.0,0.0,,,,0.0,0.0,0.0,0.0,0.0,,,,,,,,,0.0,0.0,0.0,,
5381,合正,電子零組件業,23.65,1.94,,,,0.0,0.0,0.0,0.0,0.0,0.0,0.0,0.0,0.0,2.01,129.0,0.06,0.13,0.1,-0.13,4.0,5.0,,0.0,0.0,,,,,,0.0,0.0,0.0,-10.75,-20.64
5383,金利,其他電子業,,,,,,,,,,,,,,,,,,,,,,,,,,,,,,,,,,,
5386,青雲,電腦及週邊設備業,290.0,1.75,,,,0.01,0.0,0.0,0.0,0.0,0.0,0.0,0.0,0.0,2.56,19.0,0.07,-0.32,-0.92,-1.16,3.0,5.0,,0.01,5.82,,,,,,0.0,0.0,0.0,-8.81,-34.54
5388,中磊,通信網路業,71.5,-0.28,,,,0.13,0.0,0.0,0.0,0.0,0.0,0.0,0.0,0.0,12.01,-858.0,-0.32,-1.26,-1.41,-4.52,1.0,3.0,,-0.0,0.44,,,,,,0.0,1.0,1.0,-7.26,-23.61
5392,能率,光電業,40.1,1.78,,,,0.0,0.0,0.0,0.0,0.0,0.0,0.0,0.0,0.0,3.59,-42.0,-0.02,-0.28,-0.6,-2.0,0.0,0.0,,0.0,0.87,,,,,,0.0,0.0,0.0,-10.59,-17.4
5398,慕康生醫,其他,13.85,-0.36,,,,0.0,0.0,0.0,0.0,0.0,0.0,0.0,0.0,0.0,5.56,-4.0,-0.01,-0.04,-0.06,-0.19,0.0,1.0,,0.0,0.0,,,,,,0.0,0.0,0.0,-3.82,-15.55
5403,中菲,資訊服務業,92.8,-0.11,,,,0.0,0.0,0.0,0.0,0.0,0.0,0.0,0.0,0.0,7.59,6.0,0.01,-0.0,-0.0,0.26,1.0,3.0,,0.0,0.0,,,,,,0.0,0.0,0.0,-1.59,-3.03
5410,國眾,資訊服務業,32.95,-0.75,,,,0.0,0.0,0.0,0.0,0.0,0.0,0.0,0.0,0.0,11.81,-17.0,-0.02,-0.17,-0.28,-0.82,2.0,4.0,,0.0,0.01,,,,,,0.0,0.0,0.0,-9.1,-28.37
5425,台半,半導體業,96.0,0.21,,,,3.51,0.0,0.0,-0.01,-0.01,-0.03,0.0,0.0,0.0,19.75,564.0,0.21,0.77,1.42,0.69,3.0,5.0,,-0.02,1.47,,,,,,1.0,1.0,5.0,0.0,-33.33
5426,振發,電腦及週邊設備業,28.45,2.34,,,,0.0,0.0,0.0,0.0,0.0,0.0,0.0,0.0,0.0,4.86,145.0,0.1,0.18,0.63,0.52,4.0,8.0,,0.0,0.85,,,,,,0.0,0.0,0.0,-6.72,-10.39
5432,新門,光電業,160.0,-0.31,,,,0.0,0.0,0.0,0.0,0.0,0.0,0.0,0.0,0.0,1.35,-7.0,-0.03,-0.23,-0.2,-0.45,1.0,4.0,,0.0,0.22,,,,,,0.0,0.0,0.0,-4.48,-4.48
5434,崇越,電子通路業,555.0,2.78,,,,7.31,-0.0,-3.0,-0.0,-0.14,-0.07,0.0,1.0,6.0,30.72,-219.0,-0.12,-0.17,-0.2,-0.53,0.0,1.0,,-0.0,0.0,,,,,,3.0,7.0,12.0,0.0,-6.88
5438,東友,電腦及週邊設備業,17.35,2.06,,,,0.0,0.0,0.0,0.0,0.0,0.0,0.0,0.0,0.0,1.51,-40.0,-0.04,-0.04,-0.02,0.01,1.0,5.0,,0.0,0.3,,,,,,0.0,0.0,0.0,0.0,-11.93
5439,高技,電子零組件業,254.0,0.4,,,,0.22,0.0,0.0,0.22,0.22,0.22,2.0,2.0,2.0,22.89,-490.0,-0.53,-0.57,-0.95,-1.08,2.0,4.0,,-0.01,1.74,,,,,,0.0,0.0,0.0,-7.64,-27.64
5443,均豪,光電業,113.0,3.2,,,,0.0,0.0,0.0,0.0,0.0,0.0,0.0,0.0,0.0,14.52,-1844.0,-1.12,-1.14,-1.18,-1.75,2.0,4.0,,0.02,0.81,,,,,,0.0,0.0,0.0,-5.83,-6.61
5450,南良,其他,14.8,0.34,,,,0.0,0.0,0.0,0.0,0.0,0.0,0.0,0.0,0.0,0.55,6.0,0.0,0.06,0.07,0.05,3.0,7.0,,0.0,0.04,,,,,,0.0,0.0,0.0,-0.34,-21.07
5452,佶優,其他電子業,27.4,0.92,,,,0.0,0.0,0.0,0.0,0.0,0.0,0.0,0.0,0.0,14.69,111.0,0.07,0.22,0.44,0.97,4.0,8.0,,-0.0,0.44,,,,,,0.0,0.0,0.0,-1.79,-20.23
5455,昇益,建材營造,,,,,,0.0,0.0,0.0,0.0,0.0,0.0,0.0,0.0,0.0,0.12,0.0,0.0,0.0,0.0,0.0,0.0,1.0,,0.0,0.0,,,,,,0.0,0.0,0.0,,
5457,宣德,電子零組件業,24.35,3.62,,,,0.0,0.0,0.0,0.0,0.0,0.0,0.0,0.0,0.0,27.44,85.0,0.05,-0.36,-0.98,-1.23,2.0,4.0,,-0.0,0.14,,,,,,0.0,0.0,0.0,-12.88,-30.13
5460,同協,電子零組件業,17.15,1.48,,,,0.0,0.0,0.0,0.0,0.0,0.0,0.0,0.0,0.0,3.25,2.0,0.0,-0.06,0.05,-0.16,2.0,7.0,,0.0,0.02,,,,,,0.0,0.0,0.0,-2.56,-11.14
5464,霖宏,電子零組件業,88.2,-2.0,,,,0.0,0.0,0.0,0.0,0.0,0.0,0.0,0.0,0.0,2.09,-230.0,-0.32,-0.04,-0.1,-1.64,3.0,5.0,,0.01,0.02,,,,,,0.0,0.0,0.0,-5.87,-14.78
5465,富驊,電腦及週邊設備業,33.05,-4.76,,,,0.0,0.0,0.0,0.0,0.0,0.0,0.0,0.0,0.0,1.39,35.0,0.02,-0.02,0.02,0.06,4.0,8.0,,-0.0,0.03,,,,,,0.0,0.0,0.0,-4.76,-4.76
5468,凱鈺,半導體業,25.85,1.17,,,,0.0,0.0,0.0,0.0,0.0,0.0,0.0,0.0,0.0,1.45,-11.0,-0.03,-0.02,0.16,-0.54,2.0,6.0,,0.0,0.01,,,,,,0.0,0.0,0.0,-7.35,-24.08
5469,瀚宇博,電子零組件業,74.0,0.54,,,,4.41,-0.01,-45.0,-0.01,0.13,0.14,0.0,1.0,3.0,7.18,-195.0,-0.04,-0.03,-0.33,-0.42,2.0,4.0,,0.0,0.29,,,,,,1.0,2.0,4.0,-0.94,-15.91
5471,松翰,半導體業,52.3,-0.76,,,,0.0,0.0,0.0,0.0,0.0,0.0,0.0,0.0,0.0,10.57,-86.0,-0.05,0.28,0.08,-1.16,4.0,5.0,,-0.0,0.25,,,,,,0.0,0.0,0.0,-14.82,-22.63
5474,聰泰,電腦及週邊設備業,164.0,3.8,,,,0.0,0.0,0.0,0.0,0.0,0.0,0.0,0.0,0.0,4.09,19.0,0.05,0.04,0.28,0.02,2.0,5.0,,0.01,0.38,,,,,,0.0,0.0,0.0,-2.67,-5.48
5475,德宏,電子零組件業,179.5,-0.55,,,,0.0,0.0,0.0,0.0,0.0,0.0,0.0,0.0,0.0,4.1,50.0,0.04,0.02,-1.52,-2.58,3.0,5.0,,0.0,0.11,,,,,,0.0,0.0,0.0,-10.47,-24.74
5478,智冠,文化創意業,97.1,0.1,,,,0.0,0.0,0.0,0.0,0.0,0.0,0.0,0.0,0.0,17.88,-7.0,-0.0,-0.03,-0.04,-0.21,0.0,2.0,,0.0,0.79,,,,,,0.0,0.0,0.0,-1.32,-6.63
5481,新華,其他,21.8,-0.91,,,,0.0,0.0,0.0,0.0,0.0,0.0,0.0,0.0,0.0,26.97,2.0,0.0,0.1,0.46,0.57,5.0,10.0,,0.0,0.04,,,,,,0.0,0.0,0.0,-1.58,-1.58
5483,中美晶,半導體業,207.5,9.79,,,,12.79,-0.0,-6.0,-0.0,-0.0,0.01,0.0,1.0,3.0,31.54,11146.0,1.9,1.35,3.67,5.04,4.0,8.0,,0.08,1.24,,,,,,5.0,8.0,16.0,0.0,-25.36
5484,慧友,光電業,39.6,0.89,,,,0.0,0.0,0.0,0.0,0.0,0.0,0.0,0.0,0.0,0.92,35.0,0.05,-0.02,0.06,-0.25,2.0,5.0,,-0.0,0.02,,,,,,0.0,0.0,0.0,-8.55,-19.68
5487,通泰,半導體業,28.6,0.35,,,,0.0,0.0,0.0,0.0,0.0,0.0,0.0,0.0,0.0,1.8,3.0,0.01,0.03,-0.05,0.18,3.0,4.0,,0.0,0.01,,,,,,0.0,0.0,0.0,-4.35,-8.33
5488,松普,電子零組件業,12.1,2.98,,,,0.0,0.0,0.0,0.0,0.0,0.0,0.0,0.0,0.0,2.32,23.0,0.03,0.07,-0.2,-0.44,4.0,4.0,,0.0,0.0,,,,,,0.0,0.0,0.0,-0.82,-32.4
5489,彩富,其他電子業,42.55,0.83,,,,0.0,0.0,0.0,0.0,0.0,0.0,0.0,0.0,0.0,0.85,-11.0,-0.01,-0.1,-0.08,-0.09,1.0,5.0,,0.0,0.14,,,,,,0.0,0.0,0.0,-6.17,-36.21
5490,同亨,電腦及週邊設備業,25.65,0.79,,,,0.0,0.0,0.0,0.0,0.0,0.0,0.0,0.0,0.0,6.04,-15.0,-0.02,-0.29,-0.7,-2.18,1.0,1.0,,0.0,0.2,,,,,,0.0,0.0,0.0,-8.06,-27.54
5493,三聯,其他電子業,90.6,0.0,,,,0.0,0.0,0.0,0.0,0.0,0.0,0.0,0.0,0.0,3.93,5.0,0.01,0.15,0.72,0.86,4.0,8.0,,0.03,0.16,,,,,,0.0,0.0,0.0,-2.37,-2.58
5498,凱崴,電子零組件業,51.2,2.71,,,,0.0,0.0,0.0,0.0,0.0,0.0,0.0,0.0,0.0,7.28,479.0,0.25,0.24,0.47,0.35,2.0,6.0,,0.0,0.1,,,,,,0.0,0.0,0.0,-9.22,-16.34
5508,永信建,建材營造,53.1,0.19,,,,0.0,0.0,0.0,0.0,0.0,0.0,0.0,0.0,0.0,5.56,-3.0,-0.0,-0.02,0.01,0.09,2.0,4.0,,-0.0,0.1,,,,,,0.0,0.0,0.0,-5.18,-9.08
5511,德昌,建材營造,69.6,-0.14,,,,0.0,0.0,0.0,0.0,0.0,0.0,0.0,0.0,0.0,7.15,41.0,0.04,0.06,0.08,-0.17,3.0,5.0,,0.0,0.01,,,,,,0.0,0.0,0.0,-1.97,-13.43
5512,力麒,建材營造,7.71,0.13,,,,0.0,0.0,0.0,0.0,0.0,0.0,0.0,0.0,0.0,6.07,-103.0,-0.01,-0.03,-0.1,-0.08,1.0,4.0,,-0.0,0.02,,,,,,0.0,0.0,0.0,-1.03,-6.66
5514,三豐,建材營造,15.05,-0.33,,,,0.0,0.0,0.0,0.0,0.0,0.0,0.0,0.0,0.0,0.04,0.0,0.0,0.0,0.0,0.0,0.0,2.0,,-0.0,0.0,,,,,,0.0,0.0,0.0,-1.31,-1.31
5515,建國,建材營造,51.9,-1.52,,,,0.08,0.0,0.0,0.0,0.0,0.0,0.0,0.0,0.0,10.38,-74.0,-0.03,0.05,-0.0,-0.38,3.0,4.0,,0.01,0.14,,,,,,0.0,0.0,1.0,-1.89,-6.82
5516,雙喜,建材營造,12.0,0.0,,,,0.0,0.0,0.0,0.0,0.0,0.0,0.0,0.0,0.0,0.08,0.0,0.0,0.0,-0.02,-0.02,0.0,1.0,,0.0,0.0,,,,,,0.0,0.0,0.0,-2.83,-11.11
5519,隆大,建材營造,25.3,1.2,,,,0.0,0.0,0.0,0.0,0.0,0.0,0.0,0.0,0.0,3.72,64.0,0.03,-0.14,-0.1,-0.41,1.0,4.0,,0.0,0.1,,,,,,0.0,0.0,0.0,-8.66,-26.77
5520,力泰,建材營造,,,,,,0.0,0.0,0.0,0.0,0.0,0.0,0.0,0.0,0.0,0.05,0.0,0.0,0.0,0.0,0.0,0.0,1.0,,0.0,0.0,,,,,,0.0,0.0,0.0,,
5521,工信,建材營造,10.6,0.95,,,,0.0,0.0,0.0,0.0,0.0,0.0,0.0,0.0,0.0,7.36,314.0,0.06,-0.05,0.14,-0.03,2.0,5.0,,0.0,0.34,,,,,,0.0,0.0,0.0,-0.93,-4.07
5522,遠雄,建材營造,61.0,0.49,,,,9.3,-0.0,-2.0,0.01,-0.04,-0.06,2.0,4.0,10.0,4.2,-17.0,-0.0,-0.12,-0.31,-0.41,0.0,1.0,,0.0,7.08,,,,,,2.0,5.0,8.0,-4.69,-12.1
5523,豐謙,建材營造,30.35,0.0,,,,0.0,0.0,0.0,0.0,0.0,0.0,0.0,0.0,0.0,0.11,0.0,0.0,0.0,0.0,0.0,0.0,0.0,,0.0,0.0,,,,,,0.0,0.0,0.0,0.0,-0.16
5525,順天,建材營造,22.0,0.23,,,,0.0,0.0,0.0,0.0,0.0,0.0,0.0,0.0,0.0,2.05,13.0,0.0,-0.04,-0.02,0.01,1.0,4.0,,0.0,0.07,,,,,,0.0,0.0,0.0,-2.44,-5.58
5529,鉅陞,建材營造,26.45,-0.19,,,,0.0,0.0,0.0,0.0,0.0,0.0,0.0,0.0,0.0,1.68,28.0,0.03,0.05,0.05,0.03,4.0,6.0,,0.0,0.0,,,,,,0.0,0.0,0.0,-0.19,-0.19
5530,龍巖,其他,48.85,0.21,,,,0.0,0.0,0.0,0.0,0.0,0.0,0.0,0.0,0.0,54.96,-27.0,-0.01,0.01,0.01,0.04,2.0,6.0,,0.0,0.04,,,,,,0.0,0.0,0.0,-2.69,-4.59
5531,鄉林,建材營造,6.92,1.02,,,,0.0,0.0,0.0,0.0,0.0,0.0,0.0,0.0,0.0,1.99,-123.0,-0.01,-0.06,-0.33,-0.47,1.0,4.0,,-0.0,0.18,,,,,,0.0,0.0,0.0,-7.36,-14.67
5533,皇鼎,建材營造,13.95,0.72,,,,0.0,0.0,0.0,0.0,0.0,0.0,0.0,0.0,0.0,2.35,16.0,0.01,0.0,-0.04,-0.14,1.0,3.0,,0.0,0.07,,,,,,0.0,0.0,0.0,-1.76,-2.45
5534,長虹,建材營造,73.1,-0.27,,,,0.86,0.0,0.0,-0.14,-0.14,-0.17,0.0,0.0,2.0,9.98,-300.0,-0.1,-0.16,-0.18,-0.36,1.0,3.0,,-0.0,0.64,,,,,,4.0,4.0,5.0,-4.57,-10.53
5536,聖暉,其他電子業,919.0,1.88,,,,6.13,0.31,390.0,0.51,0.51,0.6,3.0,4.0,11.0,42.63,-255.0,-0.21,-1.53,-1.58,-2.13,1.0,2.0,,0.0,0.27,,,,,,2.0,5.0,8.0,0.0,-35.96
5538,東明-KY,鋼鐵工業,36.25,2.4,,,,0.0,0.0,0.0,0.0,0.0,0.0,0.0,0.0,0.0,64.04,57.0,0.03,0.01,-0.02,-0.03,3.0,4.0,,0.0,0.06,,,,,,0.0,0.0,0.0,-2.42,-3.97
5543,桓鼎-KY,建材營造,26.7,-0.93,,,,0.0,0.0,0.0,0.0,0.0,0.0,0.0,0.0,0.0,0.03,1.0,0.0,0.01,0.01,0.0,2.0,4.0,,0.0,0.0,,,,,,0.0,0.0,0.0,-10.85,-11.0
5546,永固-KY,建材營造,14.35,1.77,,,,0.0,0.0,0.0,0.0,0.0,0.0,0.0,0.0,0.0,53.91,2.0,0.0,-0.02,-0.02,0.01,1.0,4.0,,0.0,0.26,,,,,,0.0,0.0,0.0,-4.01,-16.08
5601,台聯櫃,航運業,,,,,,0.0,0.0,0.0,0.0,0.0,0.0,0.0,0.0,0.0,4.46,0.0,0.0,0.0,0.0,-0.01,0.0,1.0,,0.0,0.0,,,,,,0.0,0.0,0.0,,
5603,陸海,航運業,13.35,-0.37,,,,0.0,0.0,0.0,0.0,0.0,0.0,0.0,0.0,0.0,5.16,-4.0,-0.0,-0.0,-0.33,-0.44,0.0,1.0,,0.0,0.73,,,,,,0.0,0.0,0.0,-5.32,-13.31
5604,中連,其他,31.2,0.81,,,,0.0,0.0,0.0,0.0,0.0,0.0,0.0,0.0,0.0,3.14,-1.0,-0.0,-0.0,-0.0,-0.01,2.0,3.0,,0.0,0.04,,,,,,0.0,0.0,0.0,-1.42,-1.42
5607,遠雄港,航運業,52.4,0.96,,,,0.0,0.0,0.0,0.0,-0.01,-0.01,0.0,0.0,0.0,5.93,20.0,0.01,0.01,0.09,0.58,3.0,5.0,,0.0,0.75,,,,,,0.0,2.0,5.0,-8.39,-8.39
5608,四維航,航運業,16.95,1.5,,,,0.0,0.0,0.0,0.0,0.0,0.0,0.0,0.0,0.0,7.06,596.0,0.15,0.73,1.39,2.34,5.0,10.0,,-0.0,2.38,,,,,,0.0,0.0,0.0,-2.87,-9.6
5609,中菲行,航運業,78.1,-0.13,,,,0.0,0.0,0.0,0.0,0.0,0.0,0.0,0.0,0.0,15.55,-40.0,-0.03,-0.07,-0.1,-0.09,1.0,3.0,,0.0,0.2,,,,,,0.0,0.0,0.0,-1.39,-1.76
5701,劍湖山,觀光事業,4.06,-0.25,,,,0.0,0.0,0.0,0.0,0.0,0.0,0.0,0.0,0.0,0.09,-2.0,-0.0,-0.02,-0.03,-0.02,2.0,3.0,,0.0,0.11,,,,,,0.0,0.0,0.0,-8.76,-18.8
5703,亞都麗緻,觀光事業,13.35,,,,,0.0,0.0,0.0,0.0,0.0,0.0,0.0,0.0,0.0,6.67,0.0,0.0,0.0,0.01,0.01,0.0,2.0,,0.0,0.0,,,,,,0.0,0.0,0.0,-4.3,-13.87
5704,老爺知,觀光事業,22.65,0.67,,,,0.0,0.0,0.0,0.0,0.0,0.0,0.0,0.0,0.0,0.34,-1.0,-0.0,-0.01,-0.05,-0.06,0.0,1.0,,0.0,0.0,,,,,,0.0,0.0,0.0,-3.82,-4.63
5706,鳳凰,觀光事業,44.15,0.57,,,,0.0,0.0,0.0,0.0,0.0,0.0,0.0,0.0,0.0,2.25,20.0,0.03,0.04,0.09,0.13,3.0,6.0,,-0.01,1.05,,,,,,0.0,0.0,0.0,-1.89,-8.12
5820,日盛金,金融業,,,,,,,,,,,,,,,,,,,,,,,,,,,,,,,,,,,
5864,致和證,金融業,39.2,6.23,,,,0.0,0.0,0.0,0.0,0.0,0.0,0.0,0.0,0.0,4.45,2067.0,0.67,0.13,0.59,0.84,1.0,4.0,,0.0,0.0,,,,,,0.0,0.0,0.0,0.0,-13.85
5871,中租-KY,其他,107.0,0.0,,,,12.16,-0.0,-7.0,0.11,0.18,0.41,3.0,5.0,14.0,47.44,-2878.0,-0.18,-1.37,-1.88,-2.43,0.0,0.0,,0.0,1.77,,,,,,2.0,5.0,6.0,-6.96,-13.36
5876,上海商銀,金融保險業,49.15,0.61,,,,11.72,0.02,1099.0,0.06,0.11,0.24,5.0,10.0,18.0,56.23,-25.0,-0.0,0.01,0.08,1.01,2.0,6.0,,0.01,2.17,,,,,,0.0,0.0,2.0,-1.6,-1.6
5878,台名,金融業,37.85,-0.13,,,,0.0,0.0,0.0,0.0,0.0,0.0,0.0,0.0,0.0,0.59,0.0,0.0,0.0,0.0,0.0,0.0,0.0,,0.0,0.06,,,,,,0.0,0.0,0.0,-1.82,-4.3
5880,合庫金,金融保險業,26.1,0.19,,,,2.63,0.0,100.0,0.0,0.01,-0.03,3.0,6.0,7.0,18.94,-815.0,-0.01,-0.06,-0.01,0.62,1.0,5.0,,0.0,0.71,,,,,,2.0,4.0,13.0,-5.26,-5.43
5902,德記,貿易百貨,34.5,0.88,,,,0.0,0.0,0.0,0.0,0.0,0.0,0.0,0.0,0.0,1.25,-2.0,-0.0,-0.0,0.01,0.02,2.0,3.0,,0.0,0.16,,,,,,0.0,0.0,0.0,-0.58,-1.29
5903,全家,貿易百貨,186.0,-0.27,,,,0.0,0.0,0.0,0.0,0.0,-0.02,0.0,0.0,0.0,51.03,1.0,0.0,0.0,0.0,0.0,4.0,8.0,,0.0,0.46,,,,,,0.0,0.0,2.0,-0.53,-2.11
5904,寶雅,貿易百貨,69.7,1.31,,,,1.76,-0.83,-858.0,-0.36,1.7,0.92,4.0,8.0,10.0,264.57,1256.0,1.21,-5.3,-9.6,-14.29,1.0,4.0,,0.03,0.04,,,,,,1.0,2.0,6.0,-5.3,-90.54
5905,南仁湖,貿易百貨,7.32,-1.08,,,,0.0,0.0,0.0,0.0,0.0,0.0,0.0,0.0,0.0,1.35,-43.0,-0.02,-0.09,-0.21,-0.47,1.0,1.0,,0.0,0.28,,,,,,0.0,0.0,0.0,-6.03,-19.47
5906,台南-KY,貿易百貨,41.0,,,,,0.0,0.0,0.0,0.0,0.0,0.0,0.0,0.0,0.0,21.96,2.0,0.01,0.01,0.0,0.0,2.0,3.0,,0.0,0.02,,,,,,0.0,0.0,0.0,-2.96,-2.96
5907,大洋-KY,貿易百貨,4.81,0.42,,,,0.0,0.0,0.0,0.0,0.0,0.0,0.0,0.0,0.0,51.92,16.0,0.01,-0.03,-0.01,0.04,2.0,4.0,,0.0,0.09,,,,,,0.0,0.0,0.0,-3.02,-9.25
6005,群益證,金融保險業,32.05,1.26,,,,0.11,0.0,0.0,0.0,-0.24,-0.39,2.0,4.0,5.0,19.09,1452.0,0.07,-0.18,-0.4,-0.43,2.0,4.0,,0.0,0.0,,,,,,2.0,5.0,14.0,-2.14,-16.64
6015,宏遠證,金融業,17.95,3.16,,,,0.0,0.0,0.0,0.0,0.0,0.0,0.0,0.0,0.0,6.92,749.0,0.21,0.37,0.62,0.96,3.0,6.0,,0.0,0.0,,,,,,0.0,0.0,0.0,0.0,-1.1
6016,康和證,金融業,24.3,3.4,,,,0.0,0.0,0.0,0.0,0.0,0.0,0.0,0.0,0.0,6.54,2590.0,0.44,0.67,0.97,1.03,4.0,7.0,,0.0,0.0,,,,,,0.0,0.0,0.0,0.0,-17.21
6020,大展證,金融業,20.75,1.22,,,,0.0,0.0,0.0,0.0,0.0,0.0,0.0,0.0,0.0,0.08,-3.0,-0.0,-0.0,-0.0,0.01,0.0,1.0,,0.0,0.0,,,,,,0.0,0.0,0.0,-0.95,-9.59
6021,美好證,金融業,41.8,1.7,,,,0.0,0.0,0.0,0.0,0.0,0.0,0.0,0.0,0.0,7.32,-8.0,-0.0,-0.16,-0.19,-0.12,0.0,2.0,,0.0,0.0,,,,,,0.0,0.0,0.0,-8.03,-8.03
6023,元大期貨,金融業,85.0,-1.16,,,,0.05,0.0,0.0,-0.02,-0.02,-0.02,0.0,0.0,0.0,4.65,43.0,0.01,0.27,0.75,1.23,5.0,8.0,,-0.01,0.0,,,,,,1.0,1.0,1.0,-3.41,-21.3
6024,群益期,金融保險業,60.4,0.33,,,,0.1,0.0,0.0,0.0,0.0,0.0,0.0,0.0,0.0,6.41,-21.0,-0.01,-0.01,-0.03,-0.25,1.0,3.0,,0.0,0.01,,,,,,0.0,0.0,0.0,-4.73,-7.36
6026,福邦證,金融業,16.1,1.26,,,,0.89,-0.0,-6.0,0.04,0.09,0.11,2.0,7.0,13.0,6.99,405.0,0.1,0.45,0.95,1.68,3.0,6.0,,0.0,0.0,,,,,,2.0,2.0,3.0,0.0,0.0
6101,寬魚國際,文化創意業,37.4,0.4,,,,0.0,0.0,0.0,0.0,0.0,0.0,0.0,0.0,0.0,0.49,50.0,0.04,-0.03,0.04,-0.11,1.0,4.0,,0.0,0.03,,,,,,0.0,0.0,0.0,-2.98,-14.71
6103,合邦,半導體業,38.3,-8.37,,,,0.0,0.0,0.0,0.0,0.0,0.0,0.0,0.0,0.0,0.82,8.0,0.06,0.11,0.1,0.14,3.0,4.0,,0.0,0.0,,,,,,0.0,0.0,0.0,-14.13,-18.51
6104,創惟,半導體業,91.5,0.55,,,,0.23,0.03,30.0,0.06,0.06,0.06,3.0,3.0,3.0,21.63,63.0,0.07,-0.08,-0.4,-0.81,2.0,4.0,,-0.0,2.56,,,,,,0.0,0.0,0.0,-6.63,-13.27
6108,競國,電子零組件業,25.05,2.66,,,,0.0,0.0,0.0,0.0,0.0,0.0,0.0,0.0,0.0,10.36,364.0,0.23,0.68,1.47,1.48,5.0,8.0,,0.01,0.2,,,,,,0.0,0.0,0.0,0.0,-3.65
6109,亞元,通信網路業,10.55,1.93,,,,0.0,0.0,0.0,0.0,0.0,0.0,0.0,0.0,0.0,2.81,13.0,0.02,-0.0,-0.2,-0.51,2.0,3.0,,0.0,0.0,,,,,,0.0,0.0,0.0,-4.09,-25.7
6111,大宇資,文化創意業,38.65,2.25,,,,0.0,0.0,0.0,0.0,0.0,0.0,0.0,0.0,0.0,12.69,6.0,0.01,-0.05,-0.09,-0.2,2.0,4.0,,0.0,1.01,,,,,,0.0,0.0,0.0,0.0,-11.56
6112,聚碩,資訊服務業,48.05,1.48,,,,0.0,0.0,0.0,0.0,0.0,0.0,0.0,0.0,0.0,3.54,224.0,0.18,0.68,0.18,0.04,4.0,7.0,,-0.02,0.46,,,,,,0.0,0.0,0.0,-7.77,-7.77
6113,亞矽,電子通路業,22.65,2.26,,,,0.0,0.0,0.0,0.0,0.0,0.0,0.0,0.0,0.0,3.38,18.0,0.04,0.01,0.05,-0.03,1.0,3.0,,0.0,2.09,,,,,,0.0,0.0,0.0,-3.21,-18.23
6114,久威,電子零組件業,23.45,0.86,,,,0.0,0.0,0.0,0.0,0.0,0.0,0.0,0.0,0.0,0.79,-6.0,-0.01,-0.04,-0.07,-0.09,1.0,3.0,,0.0,0.0,,,,,,0.0,0.0,0.0,-7.13,-28.72
6115,鎰勝,電子零組件業,44.0,0.0,,,,0.0,0.0,0.0,0.0,0.0,0.0,0.0,0.0,0.0,5.2,19.0,0.01,-0.02,-0.03,-0.01,1.0,4.0,,0.0,0.17,,,,,,0.0,0.0,0.0,-3.08,-10.02
6116,彩晶,光電業,16.35,9.73,,,,0.0,0.0,0.0,0.0,0.0,0.0,0.0,0.0,0.0,4.77,13194.0,0.45,-0.09,0.44,-0.16,2.0,4.0,,0.06,2.94,,,,,,0.0,0.0,0.0,0.0,-10.16
6117,迎廣,電腦及週邊設備業,62.2,0.81,,,,0.0,0.0,0.0,0.0,0.0,0.0,0.0,0.0,0.0,1.36,30.0,0.03,0.1,0.22,0.17,4.0,7.0,,-0.03,0.57,,,,,,0.0,0.0,0.0,-4.89,-16.4
6118,建達,電子通路業,16.05,0.63,,,,0.0,0.0,0.0,0.0,0.0,0.0,0.0,0.0,0.0,1.75,42.0,0.05,0.01,0.03,0.04,2.0,4.0,,0.0,1.09,,,,,,0.0,0.0,0.0,-4.46,-7.49
6120,達運,光電業,14.35,9.96,,,,0.53,0.0,0.0,0.0,0.0,0.0,0.0,0.0,0.0,7.69,1976.0,0.3,0.08,0.12,-0.08,2.0,5.0,,0.01,0.42,,,,,,0.0,0.0,0.0,0.0,-1.71
6121,新普,電腦及週邊設備業,377.0,-0.66,,,,10.06,0.0,5.0,0.09,0.15,0.43,5.0,9.0,19.0,45.34,-95.0,-0.05,-0.1,-0.37,-0.88,1.0,2.0,,-0.0,1.35,,,,,,0.0,1.0,1.0,-7.71,-19.36
6122,擎邦,電機機械,60.5,1.34,,,,0.6,0.0,0.0,0.03,0.08,0.09,2.0,7.0,12.0,9.47,804.0,1.08,2.67,2.94,3.76,5.0,10.0,,0.02,1.19,,,,,,1.0,1.0,2.0,0.0,0.0
6123,上奇,電腦及週邊設備業,43.05,-0.35,,,,0.0,0.0,0.0,0.0,0.0,0.0,0.0,0.0,0.0,2.83,0.0,0.0,0.01,0.05,0.13,2.0,6.0,,0.0,0.0,,,,,,0.0,0.0,0.0,-1.49,-1.6
6124,業強,電子零組件業,27.2,-0.91,,,,0.0,0.0,0.0,0.0,0.0,0.0,0.0,0.0,0.0,51.01,0.0,0.0,0.0,0.0,0.01,2.0,4.0,,0.0,3.25,,,,,,0.0,0.0,0.0,-1.45,-9.63
6125,廣運,光電業,49.9,1.32,,,,0.0,0.0,0.0,0.0,0.0,0.0,0.0,0.0,0.0,11.59,95.0,0.04,0.12,0.26,-0.26,5.0,8.0,,0.0,0.69,,,,,,0.0,0.0,0.0,-3.85,-16.97
6126,信音,電子零組件業,30.9,0.32,,,,0.0,0.0,0.0,0.0,0.0,0.0,0.0,0.0,0.0,5.08,14.0,0.01,0.11,0.08,-0.27,4.0,7.0,,0.0,0.03,,,,,,0.0,0.0,0.0,-2.22,-14.99
6127,九豪,電子零組件業,51.7,1.37,,,,0.0,0.0,0.0,0.0,0.0,0.0,0.0,0.0,0.0,8.78,-118.0,-0.11,0.99,2.24,-0.09,3.0,7.0,,-0.02,0.46,,,,,,0.0,0.0,0.0,-0.19,-41.25
6128,上福,電腦及週邊設備業,19.2,0.52,,,,0.0,0.0,0.0,0.0,0.0,0.0,0.0,0.0,0.0,4.51,10.0,0.01,0.01,0.03,0.14,3.0,7.0,,-0.0,0.14,,,,,,0.0,0.0,0.0,-3.76,-7.69
6129,普誠,半導體業,14.9,1.71,,,,0.0,0.0,0.0,0.0,0.0,0.0,0.0,0.0,0.0,1.12,116.0,0.06,-0.18,-0.37,-0.37,1.0,2.0,,0.0,0.29,,,,,,0.0,0.0,0.0,-3.56,-28.54
6130,星寶國際,生技醫療業,23.75,-0.21,,,,0.0,0.0,0.0,0.0,0.0,0.0,0.0,0.0,0.0,0.92,5.0,0.01,0.04,0.03,0.11,3.0,6.0,,0.0,0.0,,,,,,0.0,0.0,0.0,-11.87,-20.03
6133,金橋,電子零組件業,29.6,3.86,,,,0.0,0.0,0.0,0.0,0.0,0.0,0.0,0.0,0.0,6.77,-1300.0,-1.11,1.36,5.14,4.51,2.0,6.0,,-0.0,0.4,,,,,,0.0,0.0,0.0,0.0,0.0
6134,萬旭,電子零組件業,29.2,-0.17,,,,0.0,0.0,0.0,0.0,0.0,0.0,0.0,0.0,0.0,27.34,20.0,0.03,0.08,0.26,0.33,4.0,8.0,,0.0,0.35,,,,,,0.0,0.0,0.0,-1.02,-14.99
6136,富爾特,通信網路業,25.05,0.4,,,,0.0,0.0,0.0,0.0,0.0,0.0,0.0,0.0,0.0,3.91,73.0,0.06,0.12,0.16,0.28,3.0,7.0,,0.0,0.15,,,,,,0.0,0.0,0.0,0.0,-1.38
6138,茂達,半導體業,276.0,-0.9,,,,1.1,0.03,20.0,0.16,0.05,0.05,4.0,4.0,5.0,13.56,-30.0,-0.04,0.28,0.34,-0.56,3.0,7.0,,-0.09,1.46,,,,,,0.0,2.0,3.0,-5.96,-37.27
6139,亞翔,其他電子業,756.0,3.28,,,,6.0,-0.01,-23.0,-0.25,-0.48,-0.75,1.0,1.0,2.0,22.2,773.0,0.33,-0.47,-0.18,-0.73,3.0,5.0,,0.03,0.78,,,,,,4.0,9.0,18.0,-1.82,-20.25
6140,訊達電腦,資訊服務業,20.2,-2.65,,,,0.0,0.0,0.0,0.0,0.0,0.0,0.0,0.0,0.0,1.44,-34.0,-0.07,-0.32,-0.18,-0.37,1.0,4.0,,0.0,1.23,,,,,,0.0,0.0,0.0,-15.66,-15.66
6141,柏承,電子零組件業,51.8,-2.08,,,,0.0,0.0,0.0,0.0,0.0,0.0,0.0,0.0,0.0,4.48,-102.0,-0.09,-1.22,-1.31,-3.76,1.0,3.0,,0.0,0.62,,,,,,0.0,0.0,0.0,-10.69,-12.05
6142,友勁,通信網路業,9.44,4.19,,,,0.0,0.0,0.0,0.0,0.0,0.0,0.0,0.0,0.0,3.43,212.0,0.09,0.11,0.31,0.09,3.0,7.0,,0.0,0.93,,,,,,0.0,0.0,0.0,0.0,-16.09
6143,振曜,通信網路業,81.0,0.0,,,,0.94,0.0,0.0,0.0,0.0,0.0,0.0,0.0,0.0,5.57,19.0,0.02,0.03,-0.2,-1.03,3.0,4.0,,-0.0,0.99,,,,,,0.0,1.0,1.0,-8.58,-25.35
6144,得利影,文化創意業,12.55,0.0,,,,0.0,0.0,0.0,0.0,0.0,0.0,0.0,0.0,0.0,33.42,0.0,0.0,0.0,-0.01,-0.01,0.0,0.0,,0.0,0.0,,,,,,0.0,0.0,0.0,-8.06,-15.2
6146,耕興,其他電子業,181.5,0.83,,,,0.32,0.0,0.0,0.0,0.0,0.0,0.0,0.0,0.0,30.86,58.0,0.06,0.11,0.2,-0.8,3.0,7.0,,-0.0,0.01,,,,,,1.0,2.0,3.0,-6.44,-14.79
6147,頎邦,半導體業,209.5,0.48,,,,4.71,-0.0,-35.0,-0.0,1.38,1.9,1.0,6.0,11.0,33.74,-1206.0,-0.16,-1.53,-0.64,-2.24,2.0,4.0,,0.0,1.72,,,,,,4.0,4.0,8.0,-8.52,-8.52
6148,驊宏資,資訊服務業,38.1,-1.04,,,,0.0,0.0,0.0,0.0,0.0,0.0,0.0,0.0,0.0,3.33,-59.0,-0.13,-0.18,-0.65,-0.29,2.0,4.0,,0.0,0.82,,,,,,0.0,0.0,0.0,-4.75,-4.75
6150,撼訊,電腦及週邊設備業,63.6,2.42,,,,0.0,0.0,0.0,0.0,0.0,0.0,0.0,0.0,0.0,6.64,70.0,0.14,0.22,0.45,0.41,4.0,7.0,,0.14,6.09,,,,,,0.0,0.0,0.0,0.0,0.0
6151,晉倫,其他電子業,34.75,0.0,,,,0.0,0.0,0.0,0.0,0.0,0.0,0.0,0.0,0.0,5.37,17.0,0.03,-0.08,-0.2,-0.47,1.0,1.0,,0.0,0.22,,,,,,0.0,0.0,0.0,-3.2,-13.88
6152,百一,通信網路業,15.3,1.32,,,,0.0,0.0,0.0,0.0,0.0,0.0,0.0,0.0,0.0,3.59,496.0,0.3,0.42,1.4,1.3,4.0,8.0,,0.0,0.27,,,,,,0.0,0.0,0.0,-3.16,-4.97
6153,嘉聯益,電子零組件業,18.2,3.12,,,,0.0,0.0,0.0,0.0,0.0,0.0,0.0,0.0,0.0,9.8,504.0,0.08,0.56,0.67,0.59,5.0,8.0,,0.02,0.43,,,,,,0.0,0.0,0.0,0.0,-11.44
6154,順發,電子通路業,14.2,0.35,,,,0.0,0.0,0.0,0.0,0.0,0.0,0.0,0.0,0.0,1.17,1.0,0.0,0.01,0.01,0.01,5.0,9.0,,0.0,0.0,,,,,,0.0,0.0,0.0,0.0,0.0
6155,鈞寶,電子零組件業,63.3,-1.09,,,,0.21,-0.0,-1.0,-0.0,-0.0,-0.0,0.0,0.0,0.0,7.6,-197.0,-0.22,-0.69,0.01,0.24,3.0,8.0,,-0.02,0.28,,,,,,1.0,1.0,3.0,-1.09,-27.24
6156,松上,電子零組件業,21.85,0.92,,,,0.0,0.0,0.0,0.0,0.0,0.0,0.0,0.0,0.0,11.53,-8.0,-0.01,0.07,0.58,0.32,3.0,7.0,,-0.0,0.05,,,,,,0.0,0.0,0.0,0.0,-26.92
6158,禾昌,電子零組件業,17.2,-0.29,,,,0.0,0.0,0.0,0.0,0.0,0.0,0.0,0.0,0.0,1.26,13.0,0.02,0.06,0.1,0.12,4.0,8.0,,0.0,0.54,,,,,,0.0,0.0,0.0,-1.71,-11.57
6160,欣技,電腦及週邊設備業,13.9,0.0,,,,0.0,0.0,0.0,0.0,0.0,0.0,0.0,0.0,0.0,2.36,-14.0,-0.02,-0.06,-0.05,-0.02,0.0,2.0,,0.0,0.11,,,,,,0.0,0.0,0.0,-7.64,-16.77
6161,捷波,電腦及週邊設備業,51.5,5.1,,,,0.0,0.0,0.0,0.0,0.0,0.0,0.0,0.0,0.0,4.29,7.0,0.01,0.03,0.17,-0.07,4.0,9.0,,-0.0,0.02,,,,,,0.0,0.0,0.0,-0.39,-11.66
6163,華電網,通信網路業,41.7,0.48,,,,0.0,0.0,0.0,0.0,0.0,0.0,0.0,0.0,0.0,10.55,417.0,0.3,0.48,0.77,1.27,3.0,7.0,,0.0,0.0,,,,,,0.0,0.0,0.0,-1.3,-14.37
6164,華興,光電業,12.6,1.61,,,,0.01,0.0,0.0,0.0,0.0,0.0,0.0,0.0,0.0,5.16,209.0,0.21,0.39,0.59,0.06,4.0,6.0,,0.0,0.21,,,,,,0.0,0.0,0.0,0.0,-27.59
6165,浪凡,其他,50.0,2.35,,,,0.0,0.0,0.0,0.0,0.0,0.0,0.0,0.0,0.0,14.15,217.0,0.34,0.19,1.41,0.78,3.0,7.0,,-0.0,1.94,,,,,,0.0,0.0,0.0,-0.79,-3.85
6166,凌華,電腦及週邊設備業,133.0,-1.48,,,,0.0,0.0,0.0,0.0,0.0,0.0,0.0,0.0,0.0,19.49,-425.0,-0.2,0.23,0.52,-0.79,3.0,5.0,,-0.01,0.3,,,,,,0.0,0.0,0.0,-1.48,-20.12
6167,久正,光電業,10.3,0.98,,,,0.0,0.0,0.0,0.0,0.0,0.0,0.0,0.0,0.0,4.98,33.0,0.02,0.21,0.25,0.09,4.0,7.0,,0.0,0.0,,,,,,0.0,0.0,0.0,-1.44,-18.58
6168,宏齊,光電業,45.25,0.11,,,,0.0,0.0,0.0,0.0,0.0,0.0,0.0,0.0,0.0,14.0,424.0,0.21,5.28,10.68,10.75,4.0,9.0,,0.0,1.06,,,,,,0.0,0.0,0.0,0.0,0.0
6169,昱泉,文化創意業,12.0,0.0,,,,0.0,0.0,0.0,0.0,0.0,0.0,0.0,0.0,0.0,0.35,0.0,0.0,0.0,0.0,0.0,0.0,1.0,,0.0,0.0,,,,,,0.0,0.0,0.0,-3.61,-19.46
6170,統振,通信網路業,48.65,-0.31,,,,0.0,0.0,0.0,0.0,0.0,0.0,0.0,0.0,0.0,3.11,-55.0,-0.06,-0.03,0.01,0.31,3.0,6.0,,0.0,0.67,,,,,,0.0,0.0,0.0,-0.31,-7.33
6171,大城地產,建材營造,26.75,0.56,,,,0.0,0.0,0.0,0.0,0.0,0.0,0.0,0.0,0.0,0.23,-11.0,-0.01,-0.02,-0.02,-0.02,2.0,3.0,,0.0,0.0,,,,,,0.0,0.0,0.0,0.0,0.0
6173,信昌電,電子零組件業,288.5,-3.03,,,,1.6,0.0,0.0,0.0,0.05,0.33,0.0,2.0,7.0,13.43,-592.0,-0.34,0.2,0.52,0.41,2.0,5.0,,-0.02,1.26,,,,,,0.0,0.0,0.0,-8.41,-17.69
6174,安��,電子零組件業,45.5,1.0,,,,0.0,0.0,0.0,0.0,0.0,0.0,0.0,0.0,0.0,8.36,34.0,0.07,0.44,1.9,1.15,4.0,9.0,,0.01,0.16,,,,,,0.0,0.0,0.0,0.0,-27.78
6175,立敦,電子零組件業,70.4,1.73,,,,0.0,0.0,0.0,0.0,0.0,0.0,0.0,0.0,0.0,24.81,256.0,0.18,0.01,0.48,0.63,2.0,7.0,,0.0,0.18,,,,,,0.0,0.0,0.0,-4.48,-39.57
6176,瑞儀,光電業,91.2,1.11,,,,2.26,0.0,0.0,-0.01,-0.02,-0.02,0.0,0.0,1.0,24.54,312.0,0.07,-0.4,-0.44,-0.97,2.0,5.0,,-0.0,12.93,,,,,,2.0,5.0,5.0,-5.1,-10.15
6177,達麗,建材營造,46.45,0.43,,,,0.87,0.0,0.0,0.04,0.09,0.13,2.0,7.0,13.0,8.0,-62.0,-0.02,-0.42,-0.45,-0.31,0.0,2.0,,0.0,1.46,,,,,,1.0,1.0,4.0,-5.59,-5.59
6179,亞通,其他,36.3,-3.07,,,,0.0,0.0,0.0,0.0,0.0,0.0,0.0,0.0,0.0,20.14,-2129.0,-1.94,-2.56,-8.78,-2.51,2.0,3.0,,-0.11,0.55,,,,,,0.0,0.0,0.0,-12.42,-12.42
6180,橘子,文化創意業,41.4,0.73,,,,0.0,0.0,0.0,0.0,0.0,0.0,0.0,0.0,0.0,23.01,47.0,0.03,0.04,0.09,-0.12,2.0,5.0,,0.0,0.04,,,,,,0.0,0.0,0.0,-3.38,-15.85
6182,合晶,半導體業,133.0,9.92,,,,0.9,-0.0,-2.0,-0.01,-0.05,-0.06,0.0,0.0,1.0,25.96,770.0,0.14,-1.45,2.99,2.78,3.0,7.0,,0.17,0.17,,,,,,2.0,4.0,5.0,0.0,-29.82
6183,關貿,資訊服務業,91.8,1.44,,,,0.03,0.0,0.0,0.0,0.0,0.0,0.0,0.0,0.0,1.13,8.0,0.01,0.01,0.0,0.01,1.0,4.0,,-0.0,0.21,,,,,,0.0,0.0,0.0,-0.86,-2.96
6184,大豐電,其他,40.3,0.5,,,,0.0,0.0,0.0,0.0,0.0,0.0,0.0,0.0,0.0,2.94,7.0,0.0,-0.04,0.01,0.06,1.0,3.0,,0.0,0.01,,,,,,0.0,0.0,0.0,-1.23,-6.82
6185,幃翔,電子零組件業,12.5,1.21,,,,0.0,0.0,0.0,0.0,0.0,0.0,0.0,0.0,0.0,2.23,27.0,0.02,-0.01,-0.09,-0.28,3.0,5.0,,0.0,0.0,,,,,,0.0,0.0,0.0,-3.1,-14.68
6186,新潤,建材營造,29.15,0.52,,,,0.03,0.0,0.0,0.0,0.0,0.0,0.0,0.0,0.0,6.96,128.0,0.09,0.09,0.5,0.22,3.0,7.0,,0.0,0.0,,,,,,0.0,0.0,0.0,-8.19,-33.6
6187,萬潤,其他電子業,1310.0,0.0,,,,12.84,0.21,184.0,-0.57,-0.84,-0.29,1.0,3.0,10.0,38.2,-976.0,-1.14,-0.24,-0.95,-1.83,2.0,3.0,,0.01,1.83,,,,,,4.0,7.0,10.0,-5.42,-8.39
6188,廣明,電腦及週邊設備業,62.1,0.81,,,,0.0,0.0,0.0,0.0,0.0,0.0,0.0,0.0,0.0,14.53,287.0,0.1,-0.03,-0.14,-0.48,2.0,3.0,,0.01,0.66,,,,,,0.0,0.0,0.0,-8.54,-22.67
6189,豐藝,電子通路業,50.4,0.4,,,,0.55,-0.0,-3.0,-0.0,-0.0,-0.0,1.0,1.0,1.0,11.18,178.0,0.08,0.67,0.94,1.02,5.0,9.0,,0.0,0.17,,,,,,2.0,4.0,8.0,0.0,-5.44
6190,萬泰科,通信網路業,70.4,1.59,,,,0.0,0.0,0.0,0.0,0.0,0.0,0.0,0.0,0.0,18.71,800.0,0.49,0.65,0.87,-0.17,4.0,8.0,,0.01,0.01,,,,,,0.0,0.0,0.0,-1.68,-19.17
6191,精成科,電子零組件業,84.0,1.08,,,,5.99,-0.01,-27.0,-0.02,-0.02,0.02,0.0,2.0,12.0,4.75,363.0,0.08,0.13,0.21,0.32,3.0,5.0,,0.0,0.13,,,,,,2.0,4.0,4.0,-0.36,-22.22
6192,巨路,其他電子業,109.5,0.0,,,,0.03,0.0,0.0,0.0,0.0,0.0,0.0,0.0,0.0,23.5,-28.0,-0.03,-0.11,-0.14,-0.55,1.0,2.0,,0.0,1.76,,,,,,0.0,0.0,0.0,-6.81,-10.25
6194,育富,電子零組件業,29.85,0.84,,,,0.13,0.0,0.0,0.0,0.0,0.0,0.0,0.0,0.0,2.32,6.0,0.01,0.06,0.09,0.09,5.0,8.0,,0.0,0.04,,,,,,0.0,0.0,0.0,-2.29,-8.72
6195,詩肯,貿易百貨,28.25,-0.18,,,,0.0,0.0,0.0,0.0,0.0,0.0,0.0,0.0,0.0,45.45,-1.0,-0.0,-0.0,-0.0,-0.0,0.0,1.0,,0.0,0.0,,,,,,0.0,0.0,0.0,-0.18,-2.59
6196,帆宣,其他電子業,585.0,7.54,,,,0.56,0.0,0.0,-0.03,-0.03,-0.18,0.0,3.0,9.0,22.21,1107.0,0.55,0.76,0.82,2.29,4.0,6.0,,0.01,0.08,,,,,,1.0,2.0,6.0,0.0,-0.85
6197,佳必琪,電子零組件業,326.0,2.19,,,,0.0,0.0,0.0,0.0,-0.03,-0.17,0.0,0.0,0.0,5.1,194.0,0.16,0.33,0.7,-1.52,4.0,7.0,,0.02,0.51,,,,,,0.0,2.0,7.0,0.0,-12.48
6198,凌泰,半導體業,20.05,,,,,0.0,0.0,0.0,0.0,0.0,0.0,0.0,0.0,0.0,0.21,0.0,0.0,0.0,0.0,0.01,0.0,0.0,,0.0,0.0,,,,,,0.0,0.0,0.0,0.0,-6.09
6199,天品,其他,127.5,1.19,,,,0.0,0.0,0.0,0.0,0.0,0.0,0.0,0.0,0.0,7.95,-11.0,-0.02,1.17,0.46,-0.06,2.0,5.0,,-0.02,0.49,,,,,,0.0,0.0,0.0,0.0,0.0
6201,亞弘電,其他電子業,44.6,0.9,,,,0.0,0.0,0.0,0.0,0.0,0.0,0.0,0.0,0.0,1.15,8.0,0.01,0.01,-0.01,-0.04,4.0,5.0,,-0.0,0.06,,,,,,0.0,0.0,0.0,-3.88,-9.9
6202,盛群,半導體業,58.6,0.34,,,,0.57,0.01,20.0,0.02,0.02,-0.18,3.0,3.0,3.0,16.85,-295.0,-0.13,0.47,0.3,0.51,4.0,6.0,,0.0,0.35,,,,,,0.0,0.0,2.0,-0.68,-20.05
6203,海韻電,電子零組件業,60.0,0.17,,,,0.86,0.0,0.0,0.0,0.0,0.0,0.0,0.0,0.0,3.19,44.0,0.05,0.09,0.12,0.26,4.0,8.0,,-0.0,0.18,,,,,,0.0,0.0,0.0,-1.48,-12.79
6204,艾華,電子零組件業,103.0,0.0,,,,0.0,0.0,0.0,0.0,0.0,0.0,0.0,0.0,0.0,3.31,-55.0,-0.24,0.55,0.19,0.23,2.0,4.0,,-0.0,0.47,,,,,,0.0,0.0,0.0,-6.36,-15.57
6205,詮欣,電子零組件業,71.3,0.28,,,,0.0,0.0,0.0,0.0,0.0,0.0,0.0,0.0,0.0,1.84,-19.0,-0.02,-2.37,-2.08,-2.35,1.0,4.0,,0.0,0.12,,,,,,0.0,0.0,0.0,-3.12,-7.28
6206,飛捷,電腦及週邊設備業,139.5,-2.45,,,,1.06,-0.0,-2.0,-0.0,-0.0,0.4,0.0,0.0,4.0,19.98,-300.0,-0.21,0.05,0.26,0.45,2.0,4.0,,-0.08,0.48,,,,,,3.0,5.0,10.0,-2.45,-11.71
6207,雷科,電子零組件業,151.0,9.82,,,,0.0,0.0,0.0,0.0,0.0,0.0,0.0,0.0,0.0,10.74,-1753.0,-2.2,0.25,0.35,-5.07,2.0,4.0,,0.11,0.59,,,,,,0.0,0.0,0.0,0.0,-1.95
6208,日揚,電子零組件業,76.0,1.88,,,,0.0,0.0,0.0,0.0,0.0,0.0,0.0,0.0,0.0,2.64,34.0,0.03,0.1,0.21,-0.04,4.0,8.0,,0.0,0.02,,,,,,0.0,0.0,0.0,-6.86,-21.49
6209,今國光,光電業,81.7,0.25,,,,0.0,0.0,0.0,0.0,0.0,0.0,0.0,0.0,0.0,1.95,-1014.0,-0.58,0.29,0.36,-1.27,2.0,5.0,,-0.08,0.33,,,,,,0.0,0.0,0.0,-3.08,-3.08
6210,慶生,電子零組件業,17.9,0.85,,,,0.0,0.0,0.0,0.0,0.0,0.0,0.0,0.0,0.0,0.22,0.0,0.0,-0.02,-0.02,0.03,0.0,0.0,,0.0,0.0,,,,,,0.0,0.0,0.0,0.0,-10.05
6212,理銘,建材營造,,,,,,0.0,0.0,0.0,0.0,0.0,0.0,0.0,0.0,0.0,0.54,0.0,0.0,0.0,0.0,0.0,0.0,2.0,,0.0,0.0,,,,,,0.0,0.0,0.0,,
6213,聯茂,電子零組件業,623.0,0.48,,,,2.81,0.1,367.0,0.36,0.84,0.57,5.0,9.0,17.0,21.0,-938.0,-0.26,0.84,-0.1,-0.26,4.0,7.0,,-0.0,1.45,,,,,,0.0,1.0,2.0,0.0,0.0
6214,精誠,資訊服務業,188.0,-0.53,,,,1.73,0.0,0.0,-0.01,0.01,0.07,2.0,4.0,8.0,17.73,-8.0,-0.0,0.23,0.93,0.95,3.0,6.0,,-0.01,0.37,,,,,,1.0,1.0,6.0,-3.34,-3.34
6215,和椿,其他電子業,97.7,0.51,,,,0.0,0.0,0.0,0.0,0.0,0.0,0.0,0.0,0.0,7.3,83.0,0.1,0.12,0.23,0.28,4.0,7.0,,-0.0,1.05,,,,,,0.0,0.0,0.0,-2.79,-15.78
6216,居易,通信網路業,19.95,2.31,,,,0.0,0.0,0.0,0.0,0.0,0.0,0.0,0.0,0.0,2.74,5.0,0.01,-0.01,0.06,-0.05,1.0,4.0,,0.0,0.16,,,,,,0.0,0.0,0.0,-2.92,-14.19
6217,中探針,電子零組件業,176.5,2.02,,,,0.0,0.0,0.0,0.0,0.0,0.0,0.0,0.0,0.0,28.47,630.0,0.65,0.14,-0.91,-1.07,3.0,5.0,,0.0,2.4,,,,,,0.0,0.0,0.0,-9.72,-34.39
6218,豪勉,通信網路業,61.9,-2.06,,,,0.0,0.0,0.0,0.0,0.0,0.0,0.0,0.0,0.0,9.61,-341.0,-0.53,-1.26,0.35,4.37,0.0,4.0,,-0.0,0.08,,,,,,0.0,0.0,0.0,-8.57,-8.57
6219,富旺,建材營造,12.2,0.41,,,,0.0,0.0,0.0,0.0,0.0,0.0,0.0,0.0,0.0,2.71,0.0,0.0,-0.05,-0.08,-0.19,0.0,1.0,,0.0,0.11,,,,,,0.0,0.0,0.0,-3.17,-14.39
6220,岳豐科技,電子零組件業,25.2,-0.2,,,,0.0,0.0,0.0,0.0,0.0,0.0,0.0,0.0,0.0,3.96,9.0,0.01,0.0,0.02,-0.2,3.0,5.0,,-0.0,0.03,,,,,,0.0,0.0,0.0,-2.7,-29.41
6221,晉泰,資訊服務業,31.0,-5.63,,,,0.0,0.0,0.0,0.0,0.0,0.0,0.0,0.0,0.0,2.91,185.0,0.19,0.26,0.67,0.61,5.0,7.0,,0.0,0.11,,,,,,0.0,0.0,0.0,-5.63,-5.63
6222,上揚,光電業,19.3,2.66,,,,0.0,0.0,0.0,0.0,0.0,0.0,0.0,0.0,0.0,0.4,0.0,0.0,0.0,0.01,0.01,2.0,5.0,,0.0,0.0,,,,,,0.0,0.0,0.0,-5.16,-8.75
6223,旺矽,半導體業,5125.0,-1.16,,,,22.17,-0.51,-480.0,-2.02,-2.2,-1.89,0.0,3.0,9.0,31.79,263.0,0.28,1.37,1.19,1.13,4.0,6.0,,0.02,0.18,,,,,,5.0,7.0,11.0,-11.64,-30.56
6224,聚鼎,電子零組件業,78.8,-2.96,,,,0.0,0.0,0.0,0.0,0.0,0.0,0.0,0.0,0.0,10.76,-174.0,-0.2,0.3,1.45,2.36,3.0,7.0,,-0.0,0.32,,,,,,0.0,0.0,0.0,-11.66,-11.66
6225,天瀚,光電業,60.9,9.93,,,,0.0,0.0,0.0,0.0,0.0,0.0,0.0,0.0,0.0,4.09,36.0,0.18,1.24,1.27,1.44,3.0,5.0,,0.0,0.0,,,,,,0.0,0.0,0.0,-18.69,-18.69
6226,光鼎,光電業,45.1,-0.99,,,,0.24,-0.0,-2.0,-0.0,-0.0,-0.0,0.0,0.0,0.0,12.89,-638.0,-0.55,-0.5,8.13,3.95,2.0,5.0,,0.0,1.1,,,,,,1.0,1.0,3.0,-1.31,-1.31
6227,茂綸,電子通路業,132.0,-2.94,,,,0.0,0.0,0.0,0.0,0.0,0.0,0.0,0.0,0.0,8.49,-236.0,-0.31,0.2,1.63,3.03,3.0,6.0,,-0.06,1.23,,,,,,0.0,0.0,0.0,-4.0,-4.0
6228,全譜,電腦及週邊設備業,18.8,-5.05,,,,0.0,0.0,0.0,0.0,0.0,0.0,0.0,0.0,0.0,0.17,-5.0,-0.02,-0.03,-0.03,-0.03,0.0,0.0,,0.0,0.29,,,,,,0.0,0.0,0.0,-5.05,-7.39
6229,研通,半導體業,24.2,0.83,,,,0.0,0.0,0.0,0.0,0.0,0.0,0.0,0.0,0.0,2.86,-10.0,-0.03,0.04,0.03,0.11,2.0,3.0,,0.0,1.64,,,,,,0.0,0.0,0.0,0.0,-12.48
6230,尼得科超眾,電腦及週邊設備業,113.0,1.35,,,,0.0,0.0,0.0,0.0,0.0,0.0,0.0,0.0,0.0,87.12,2.0,0.0,-0.02,-0.02,0.03,2.0,5.0,,0.0,1.7,,,,,,0.0,0.0,0.0,-3.0,-11.37
6231,系微,資訊服務業,235.0,-2.49,,,,0.79,0.0,0.0,0.0,0.0,0.0,0.0,0.0,0.0,25.9,-22.0,-0.06,0.03,0.42,-1.17,2.0,6.0,,-0.06,1.87,,,,,,0.0,0.0,0.0,-2.49,-17.69
6233,旺玖,半導體業,22.8,4.59,,,,0.0,0.0,0.0,0.0,0.0,0.0,0.0,0.0,0.0,7.34,97.0,0.12,0.12,0.15,0.02,3.0,7.0,,0.0,0.81,,,,,,0.0,0.0,0.0,0.0,-11.46
6234,高僑,光電業,39.75,2.19,,,,0.0,0.0,0.0,0.0,0.0,0.0,0.0,0.0,0.0,12.48,287.0,0.29,0.01,-0.18,-0.2,3.0,7.0,,0.09,0.57,,,,,,0.0,0.0,0.0,-6.14,-20.97
6235,華孚,電腦及週邊設備業,39.1,0.64,,,,0.0,0.0,0.0,0.0,0.0,0.0,0.0,0.0,0.0,3.62,137.0,0.07,0.21,0.34,0.52,4.0,8.0,,-0.0,0.44,,,,,,0.0,0.0,0.0,-2.01,-16.72
6236,康呈,其他,18.5,0.27,,,,0.0,0.0,0.0,0.0,0.0,0.0,0.0,0.0,0.0,0.02,0.0,0.0,0.0,0.0,0.0,0.0,0.0,,0.0,0.0,,,,,,0.0,0.0,0.0,-2.89,-2.89
6237,驊訊,半導體業,36.5,0.83,,,,0.0,0.0,0.0,0.0,0.0,0.0,0.0,0.0,0.0,7.09,21.0,0.03,-0.66,-0.4,-0.51,2.0,7.0,,0.0,2.67,,,,,,0.0,0.0,0.0,-2.41,-19.51
6239,力成,半導體業,289.5,3.02,,,,7.01,0.0,5.0,-0.28,-0.89,-1.03,2.0,2.0,3.0,32.34,1848.0,0.24,-0.23,0.95,0.92,2.0,6.0,,0.05,3.04,,,,,,2.0,7.0,16.0,-1.03,-15.97
6240,松崗,其他,25.55,0.2,,,,0.0,0.0,0.0,0.0,0.0,0.0,0.0,0.0,0.0,0.24,4.0,0.02,0.0,0.04,-0.01,2.0,5.0,,0.0,0.0,,,,,,0.0,0.0,0.0,-8.59,-8.59
6241,易通展,通信網路業,16.3,4.82,,,,0.0,0.0,0.0,0.0,0.0,0.0,0.0,0.0,0.0,1.64,23.0,0.05,0.46,0.52,0.27,5.0,8.0,,0.0,0.01,,,,,,0.0,0.0,0.0,-5.51,-13.3
6242,立康,生技醫療業,34.05,-0.15,,,,0.0,0.0,0.0,0.0,0.0,0.0,0.0,0.0,0.0,0.49,0.0,0.0,0.0,0.0,0.0,0.0,0.0,,0.0,0.0,,,,,,0.0,0.0,0.0,-0.73,-5.68
6243,迅杰,半導體業,39.5,1.28,,,,0.01,0.0,0.0,0.0,0.0,0.0,0.0,0.0,0.0,2.06,54.0,0.14,-0.36,-0.04,0.65,3.0,6.0,,0.0,0.74,,,,,,0.0,0.0,0.0,-4.24,-24.33
6244,茂迪,光電業,25.05,6.6,,,,0.0,0.0,0.0,0.0,0.0,0.0,0.0,0.0,0.0,23.57,986.0,0.25,0.21,-0.63,-1.01,3.0,5.0,,0.03,0.66,,,,,,0.0,0.0,0.0,0.0,-9.07
6245,立端,通信網路業,87.8,-1.01,,,,0.14,0.0,0.0,0.0,0.0,0.0,0.0,0.0,0.0,13.51,-178.0,-0.12,0.25,0.93,1.92,3.0,6.0,,-0.02,0.14,,,,,,0.0,1.0,1.0,-1.01,-1.01
6246,臺龍,光電業,12.85,-0.39,,,,0.0,0.0,0.0,0.0,0.0,0.0,0.0,0.0,0.0,0.34,-3.0,-0.01,-0.02,-0.02,-0.06,0.0,1.0,,0.0,0.16,,,,,,0.0,0.0,0.0,-2.65,-20.19
6247,淇譽電,其他電子業,,,,,,,,,,,,,,,,,,,,,,,,,,,,,,,,,,,
6248,沛波,鋼鐵工業,17.15,1.78,,,,0.0,0.0,0.0,0.0,0.0,0.0,0.0,0.0,0.0,1.57,25.0,0.04,0.07,0.12,0.17,5.0,10.0,,0.0,0.0,,,,,,0.0,0.0,0.0,0.0,-7.3
6251,定穎,電子零組件業,,,,,,,,,,,,,,,,,,,,,,,,,,,,,,,,,,,
6257,矽格,半導體業,254.0,7.4,,,,3.39,0.02,70.0,-0.0,-0.13,-0.07,2.0,4.0,9.0,33.97,3351.0,0.73,0.81,6.37,4.95,3.0,7.0,,-0.01,0.68,,,,,,2.0,5.0,10.0,0.0,-6.96
6259,百徽,電子零組件業,30.25,3.24,,,,0.0,0.0,0.0,0.0,0.0,0.0,0.0,0.0,0.0,53.15,-9.0,-0.04,0.42,1.18,0.74,4.0,9.0,,-0.02,0.06,,,,,,0.0,0.0,0.0,-1.14,-24.47
6261,久元,半導體業,79.1,0.89,,,,0.0,0.0,0.0,0.0,0.0,0.0,0.0,0.0,0.0,14.45,37.0,0.03,0.09,0.24,0.73,4.0,7.0,,-0.0,0.3,,,,,,0.0,0.0,0.0,-3.42,-18.12
6263,普萊德,通信網路業,158.5,1.93,,,,0.0,0.0,0.0,0.0,0.0,0.0,0.0,0.0,0.0,4.46,37.0,0.06,0.18,0.27,0.48,5.0,9.0,,0.0,0.02,,,,,,0.0,0.0,0.0,-8.38,-8.38
6264,富裔,建材營造,6.03,0.33,,,,0.0,0.0,0.0,0.0,0.0,0.0,0.0,0.0,0.0,0.06,0.0,0.0,0.0,0.0,0.0,0.0,0.0,,0.0,0.0,,,,,,0.0,0.0,0.0,-0.66,-2.43
6265,方土昶,電子通路業,48.65,1.78,,,,0.0,0.0,0.0,0.0,0.0,0.0,0.0,0.0,0.0,9.51,-75.0,-0.06,-0.3,-0.84,-5.55,0.0,1.0,,0.02,0.91,,,,,,0.0,0.0,0.0,-14.2,-23.14
6266,泰詠,電子零組件業,25.0,0.6,,,,0.0,0.0,0.0,0.0,0.0,0.0,0.0,0.0,0.0,3.71,36.0,0.03,0.08,0.12,0.11,5.0,7.0,,0.0,0.0,,,,,,0.0,0.0,0.0,0.0,-4.58
6269,台郡,電子零組件業,66.0,1.69,,,,0.0,0.0,0.0,0.0,-0.03,-0.03,0.0,0.0,1.0,14.12,1017.0,0.32,0.48,-0.46,-3.31,4.0,5.0,,-0.0,0.71,,,,,,0.0,2.0,5.0,-12.23,-12.23
6270,倍微,電子通路業,30.0,-0.83,,,,0.0,0.0,0.0,0.0,0.0,0.0,0.0,0.0,0.0,6.03,4.0,0.01,0.13,0.39,0.58,4.0,9.0,,-0.0,0.0,,,,,,0.0,0.0,0.0,-0.83,-21.26
6271,同欣電,半導體業,226.5,-0.22,,,,1.34,0.0,0.0,-0.02,0.08,0.72,0.0,1.0,4.0,31.64,-55.0,-0.03,0.32,1.0,2.43,3.0,8.0,,0.01,1.25,,,,,,1.0,1.0,1.0,-4.43,-18.82
6274,台燿,電子零組件業,1520.0,2.36,,,,11.7,-0.02,-59.0,-0.05,-3.51,-6.92,2.0,3.0,4.0,33.66,659.0,0.24,-0.39,1.19,3.48,2.0,6.0,,0.01,0.56,,,,,,3.0,7.0,16.0,0.0,-15.08
6275,元山,電子零組件業,47.15,1.29,,,,0.0,0.0,0.0,0.0,0.0,0.0,0.0,0.0,0.0,3.79,86.0,0.11,0.36,0.63,0.62,5.0,9.0,,0.0,0.03,,,,,,0.0,0.0,0.0,-2.08,-6.26
6276,安鈦克,電腦及週邊設備業,19.3,-0.77,,,,0.0,0.0,0.0,0.0,0.0,0.0,0.0,0.0,0.0,1.89,-2.0,-0.01,0.02,-0.02,-0.02,2.0,2.0,,0.0,1.12,,,,,,0.0,0.0,0.0,-6.76,-15.35
6277,宏正,電腦及週邊設備業,77.0,0.39,,,,0.03,0.0,0.0,0.0,0.0,0.0,0.0,0.0,0.0,12.39,-25.0,-0.02,-0.03,0.01,0.05,0.0,3.0,,0.01,0.21,,,,,,0.0,0.0,0.0,-4.11,-12.0
6278,台表科,光電業,218.0,0.93,,,,11.34,-0.02,-69.0,-0.08,-0.05,1.01,1.0,6.0,15.0,17.91,1511.0,0.52,0.95,0.66,0.38,3.0,5.0,,-0.06,1.05,,,,,,3.0,3.0,4.0,0.0,0.0
6279,胡連,電子零組件業,112.5,0.9,,,,0.48,-0.0,-2.0,-0.0,-0.0,-0.0,0.0,0.0,0.0,11.64,120.0,0.12,0.16,0.11,-1.41,3.0,5.0,,0.0,1.0,,,,,,2.0,3.0,7.0,-11.42,-13.79
6281,全國電,電子通路業,51.0,-0.39,,,,0.0,0.0,0.0,0.0,0.0,0.0,0.0,0.0,0.0,2.62,-1.0,-0.0,0.01,-0.02,0.01,2.0,3.0,,0.0,0.16,,,,,,0.0,0.0,0.0,-1.16,-2.3
6282,康舒,電子零組件業,43.7,2.1,,,,0.62,-0.0,-32.0,-0.0,-0.01,-0.02,0.0,1.0,9.0,11.27,-975.0,-0.11,-0.41,-0.49,-0.86,0.0,2.0,,-0.01,0.47,,,,,,2.0,3.0,5.0,-2.67,-26.92
6283,淳安,其他電子業,19.5,3.72,,,,0.0,0.0,0.0,0.0,0.0,0.0,0.0,0.0,0.0,20.83,48.0,0.04,0.05,0.08,-0.0,3.0,5.0,,0.0,0.33,,,,,,0.0,0.0,0.0,-2.74,-19.25
6284,佳邦,電子零組件業,75.6,-1.82,,,,0.07,0.0,0.0,0.0,0.0,0.05,0.0,0.0,6.0,9.07,-660.0,-0.44,-0.32,-0.2,-0.99,3.0,7.0,,-0.0,0.11,,,,,,0.0,0.0,0.0,-5.62,-30.0
6285,啟��,通信網路業,236.0,1.51,,,,5.41,-0.0,-4.0,-0.0,-0.15,-0.39,3.0,6.0,7.0,23.65,431.0,0.09,0.07,-0.02,0.06,3.0,5.0,,0.01,0.92,,,,,,1.0,3.0,12.0,-5.22,-11.61
6287,元隆,半導體業,,,,,,,,,,,,,,,,,,,,,,,,,,,,,,,,,,,
6288,聯嘉,汽車工業,,,,,,,,,,,,,,,,,,,,,,,,,,,,,,,,,,,
6289,華上,光電業,,,,,,,,,,,,,,,,,,,,,,,,,,,,,,,,,,,
6290,良維,電子零組件業,280.0,3.9,,,,0.02,0.0,0.0,0.0,0.0,0.0,0.0,0.0,0.0,23.83,-173.0,-0.11,-0.38,0.88,-0.13,1.0,4.0,,0.09,0.29,,,,,,0.0,1.0,1.0,-0.88,-13.31
6291,沛亨,半導體業,500.0,0.2,,,,2.47,0.05,20.0,0.14,0.08,-1.26,4.0,4.0,5.0,4.57,-43.0,-0.1,-0.51,0.28,-1.2,0.0,2.0,,0.04,0.78,,,,,,0.0,2.0,8.0,-4.58,-6.37
6292,迅德,電子零組件業,66.6,-0.3,,,,0.0,0.0,0.0,0.0,0.0,0.0,0.0,0.0,0.0,4.21,18.0,0.04,0.3,1.13,1.54,4.0,8.0,,0.0,0.01,,,,,,0.0,0.0,0.0,-2.06,-2.06
6294,智基,文化創意業,28.25,0.0,,,,0.0,0.0,0.0,0.0,0.0,0.0,0.0,0.0,0.0,0.93,0.0,0.0,0.0,0.0,0.08,1.0,2.0,,0.0,0.0,,,,,,0.0,0.0,0.0,-2.59,-6.61
6404,通訊-KY,資訊服務業,,,,,,,,,,,,,,,,,,,,,,,,,,,,,,,,,,,
6405,悅城,光電業,50.1,9.99,,,,0.0,0.0,0.0,0.0,0.0,0.0,0.0,0.0,0.0,5.27,-91.0,-0.14,-0.57,-0.23,-1.23,1.0,4.0,,0.0,0.18,,,,,,0.0,0.0,0.0,0.0,-19.19
6409,旭隼,其他電子業,907.0,3.42,,,,6.79,-0.0,-4.0,-0.0,-0.11,0.04,0.0,0.0,8.0,52.37,81.0,0.09,-0.0,0.16,-0.4,2.0,6.0,,0.01,0.39,,,,,,4.0,9.0,11.0,-11.94,-29.69
6411,晶焱,半導體業,77.6,0.13,,,,0.0,0.0,0.0,0.0,0.0,0.0,0.0,0.0,0.0,13.99,-1.0,-0.0,0.03,0.08,0.08,3.0,7.0,,-0.0,0.11,,,,,,0.0,0.0,0.0,-4.67,-25.02
6412,群電,電子零組件業,74.8,0.94,,,,0.24,0.0,0.0,0.0,0.0,0.03,1.0,1.0,7.0,5.19,26.0,0.01,-0.01,0.06,-0.34,2.0,6.0,,0.0,0.25,,,,,,0.0,1.0,1.0,-5.56,-23.67
6414,樺漢,電腦及週邊設備業,392.0,-1.51,,,,3.05,-0.0,-1.0,-0.0,0.01,0.04,2.0,4.0,8.0,50.4,-581.0,-0.46,-0.27,-0.64,-1.56,1.0,2.0,,0.01,0.07,,,,,,2.0,3.0,6.0,-1.51,-22.07
6415,矽力*-KY,半導體業,409.0,0.0,,,,0.3,0.01,23.0,-0.05,-0.05,-0.05,2.0,3.0,6.0,82.1,-353.0,-0.09,0.02,0.13,-0.24,2.0,3.0,,0.0,0.36,,,,,,3.0,7.0,14.0,-6.51,-34.03
6416,瑞祺電通,通信網路業,114.5,-1.29,,,,0.0,0.0,0.0,0.0,0.0,0.0,0.0,0.0,0.0,9.56,0.0,0.0,0.48,1.65,1.74,3.0,8.0,,0.0,0.36,,,,,,0.0,0.0,0.0,-5.37,-5.37
6417,韋僑,通信網路業,102.0,0.0,,,,0.0,0.0,0.0,0.0,0.0,0.0,0.0,0.0,0.0,10.76,6.0,0.01,-0.03,0.09,-0.24,3.0,5.0,,-0.0,3.16,,,,,,0.0,0.0,0.0,-5.56,-24.72
6418,詠昇,電子零組件業,34.65,0.14,,,,0.0,0.0,0.0,0.0,0.0,0.0,0.0,0.0,0.0,3.5,8.0,0.02,-0.03,-0.02,0.16,1.0,3.0,,0.0,1.44,,,,,,0.0,0.0,0.0,-2.67,-8.45
6419,京晨科,光電業,156.0,2.63,,,,0.0,0.0,0.0,0.0,0.0,0.0,0.0,0.0,0.0,13.74,75.0,0.57,0.77,1.04,-0.5,3.0,6.0,,0.0,0.02,,,,,,0.0,0.0,0.0,-1.58,-13.33
6425,易發,電機機械,79.0,6.76,,,,0.0,0.0,0.0,0.0,0.0,0.0,0.0,0.0,0.0,7.43,209.0,0.48,-0.93,0.21,-1.82,2.0,6.0,,-0.18,2.69,,,,,,0.0,0.0,0.0,0.0,0.0
6426,統新,通信網路業,345.0,-2.54,,,,0.31,0.0,0.0,0.0,0.0,0.3,0.0,0.0,2.0,14.79,-112.0,-0.29,-2.36,0.54,4.96,2.0,5.0,,-0.01,1.03,,,,,,0.0,0.0,1.0,-11.88,-11.88
6431,光麗-KY,生技醫療業,17.6,0.28,,,,0.0,0.0,0.0,0.0,0.0,0.0,0.0,0.0,0.0,108.87,-1.0,-0.0,-0.01,0.0,-0.0,2.0,5.0,,-0.0,0.1,,,,,,0.0,0.0,0.0,-11.34,-13.3
6432,今展科,電子零組件業,63.5,6.72,,,,0.0,0.0,0.0,0.0,0.0,0.0,0.0,0.0,0.0,4.0,250.0,0.82,-1.17,-0.49,0.37,1.0,5.0,,0.0,0.0,,,,,,0.0,0.0,0.0,0.0,-19.21
6435,大中,半導體業,252.0,-0.2,,,,0.0,0.0,0.0,0.0,0.0,-0.17,0.0,0.0,0.0,10.15,-19.0,-0.05,0.27,0.62,1.14,3.0,6.0,,-0.0,1.31,,,,,,0.0,0.0,1.0,-0.59,-40.0
6438,迅得,其他電子業,164.0,1.23,,,,0.0,0.0,0.0,0.0,0.0,0.0,0.0,0.0,0.0,9.15,440.0,0.58,1.55,1.6,2.43,4.0,8.0,,0.04,0.33,,,,,,0.0,0.0,0.0,0.0,-0.61
6441,廣錠,電腦及週邊設備業,24.7,-0.2,,,,0.0,0.0,0.0,0.0,0.0,0.0,0.0,0.0,0.0,2.2,-16.0,-0.03,-0.16,0.27,0.46,1.0,6.0,,0.0,0.95,,,,,,0.0,0.0,0.0,-5.36,-5.36
6442,光聖,通信網路業,1490.0,-0.67,,,,3.18,-0.49,-372.0,-1.37,-2.72,-1.64,0.0,0.0,7.0,34.44,18.0,0.02,0.18,0.57,0.18,4.0,7.0,,-0.0,0.44,,,,,,4.0,8.0,11.0,-17.22,-17.22
6443,元晶,光電業,28.75,4.55,,,,0.0,0.0,0.0,0.0,0.0,0.0,0.0,0.0,0.0,11.41,-901.0,-0.18,-2.45,-2.25,-2.44,2.0,4.0,,-0.0,1.79,,,,,,0.0,0.0,0.0,0.0,-16.91
6446,藥華藥,生技醫療業,1215.0,1.67,,,,3.82,-0.0,-4.0,-0.02,2.83,2.55,1.0,4.0,10.0,31.25,2.0,0.0,-0.37,-3.85,-4.28,2.0,3.0,,0.0,0.33,,,,,,3.0,5.0,9.0,-13.52,-23.34
6449,鈺邦,電子零組件業,209.5,1.95,,,,0.0,0.0,0.0,0.0,-0.81,-4.17,0.0,0.0,0.0,5.35,-33.0,-0.04,-0.52,-0.07,1.12,0.0,2.0,,0.0,0.69,,,,,,0.0,1.0,7.0,-11.79,-40.48
6451,訊芯-KY,半導體業,420.5,0.96,,,,0.02,0.0,0.0,0.0,0.02,0.02,0.0,2.0,2.0,65.94,57.0,0.05,-0.48,0.24,-4.07,1.0,3.0,,0.01,1.18,,,,,,0.0,0.0,0.0,-15.9,-22.56
6456,GIS-KY,光電業,92.0,2.91,,,,0.0,0.0,0.0,0.0,0.0,0.0,0.0,0.0,0.0,48.81,5754.0,1.7,3.37,4.25,2.85,4.0,7.0,,-0.08,1.04,,,,,,0.0,0.0,0.0,0.0,0.0
6457,紘康,半導體業,,,,,,,,,,,,,,,,,,,,,,,,,,,,,,,,,,,
6461,益得,生技醫療業,24.45,0.62,,,,0.0,0.0,0.0,0.0,0.0,0.0,0.0,0.0,0.0,0.38,12.0,0.01,0.0,-0.02,-0.09,2.0,3.0,,0.0,0.04,,,,,,0.0,0.0,0.0,-5.05,-5.05
6462,神盾,半導體業,106.0,2.91,,,,0.32,0.04,30.0,0.12,0.12,0.12,3.0,3.0,3.0,16.96,169.0,0.23,0.69,0.95,1.23,4.0,7.0,,-0.01,4.0,,,,,,0.0,0.0,0.0,0.0,-10.17
6464,台數科,其他,76.8,1.32,,,,0.0,0.0,0.0,0.0,0.0,0.0,0.0,0.0,0.0,0.95,7.0,0.01,-0.0,-0.01,0.01,1.0,4.0,,0.0,0.06,,,,,,0.0,0.0,0.0,-1.54,-3.52
6465,威潤,通信網路業,41.75,0.72,,,,0.0,0.0,0.0,0.0,0.0,0.0,0.0,0.0,0.0,3.28,23.0,0.07,0.16,0.19,-0.16,3.0,7.0,,-0.0,0.02,,,,,,0.0,0.0,0.0,-12.11,-34.04
6469,大樹,生技醫療業,64.4,-0.16,,,,0.0,0.0,0.0,0.0,0.0,-0.29,0.0,0.0,0.0,7.0,-15.0,-0.01,0.09,0.04,-0.26,2.0,4.0,,0.0,0.07,,,,,,0.0,0.0,2.0,-5.15,-19.7
6470,宇智,通信網路業,42.7,0.0,,,,0.0,0.0,0.0,0.0,0.0,0.0,0.0,0.0,0.0,3.85,5.0,0.01,0.03,0.12,0.49,3.0,5.0,,0.0,0.06,,,,,,0.0,0.0,0.0,-1.84,-14.0
6472,保瑞,生技醫療業,424.0,0.36,,,,2.13,0.0,0.0,-0.08,0.29,0.29,0.0,2.0,2.0,16.42,103.0,0.1,0.51,1.07,0.14,4.0,8.0,,-0.0,0.33,,,,,,3.0,4.0,7.0,-4.61,-9.79
6477,安集,光電業,35.6,4.4,,,,0.0,0.0,0.0,0.0,0.0,0.0,0.0,0.0,0.0,1.92,9.0,0.01,-0.68,-0.69,-1.43,2.0,4.0,,-0.0,0.97,,,,,,0.0,0.0,0.0,-4.81,-15.94
6482,弘煜科,文化創意業,23.5,0.64,,,,0.0,0.0,0.0,0.0,0.0,0.0,0.0,0.0,0.0,3.23,0.0,0.0,0.02,0.02,0.03,2.0,4.0,,0.0,0.0,,,,,,0.0,0.0,0.0,-7.48,-19.38
6485,點序,半導體業,77.0,10.0,,,,0.0,0.0,0.0,0.0,0.0,0.0,0.0,0.0,0.0,13.49,-165.0,-0.37,-2.13,-2.18,-2.15,0.0,3.0,,0.06,2.0,,,,,,0.0,0.0,0.0,0.0,-5.64
6486,互動,通信網路業,80.6,0.0,,,,0.0,0.0,0.0,0.0,0.0,0.0,0.0,0.0,0.0,5.05,-0.0,-0.0,0.15,0.25,0.32,4.0,7.0,,0.0,0.03,,,,,,0.0,0.0,0.0,-4.28,-5.06
6488,環球晶,半導體業,1035.0,9.52,,,,7.75,-0.03,-112.0,0.04,0.01,-0.51,1.0,2.0,5.0,28.92,3776.0,0.87,-0.84,-1.49,-1.88,2.0,4.0,,0.02,1.03,,,,,,4.0,8.0,15.0,0.0,-31.68
6491,晶碩,生技醫療業,413.0,1.72,,,,0.14,0.0,0.0,0.0,0.0,-0.15,0.0,0.0,0.0,24.71,235.0,0.3,0.76,1.43,1.66,5.0,8.0,,-0.01,0.23,,,,,,0.0,0.0,4.0,0.0,0.0
6492,生華科,生技醫療業,34.35,0.59,,,,0.0,0.0,0.0,0.0,0.0,0.0,0.0,0.0,0.0,11.03,135.0,0.15,0.16,0.25,0.48,2.0,6.0,,0.0,0.0,,,,,,0.0,0.0,0.0,-0.15,-23.5
6494,九齊,半導體業,51.8,1.97,,,,0.0,0.0,0.0,0.0,0.0,0.0,0.0,0.0,0.0,10.87,30.0,0.1,0.32,0.5,0.62,3.0,6.0,,0.0,1.5,,,,,,0.0,0.0,0.0,-7.5,-24.93
6496,科懋,生技醫療業,23.65,,,,,0.0,0.0,0.0,0.0,0.0,0.0,0.0,0.0,0.0,0.36,10.0,0.02,0.02,0.04,0.04,1.0,3.0,,0.0,0.0,,,,,,0.0,0.0,0.0,-4.25,-7.44
6499,益安,生技醫療業,77.7,4.3,,,,0.68,0.0,0.0,0.0,0.0,0.0,0.0,0.0,0.0,16.85,182.0,0.2,0.2,0.06,-0.19,4.0,6.0,,0.0,1.73,,,,,,0.0,0.0,0.0,0.0,0.0
6504,南六,其他,36.95,-0.67,,,,0.0,0.0,0.0,0.0,0.0,0.0,0.0,0.0,0.0,0.91,2.0,0.0,-0.03,-0.03,-0.04,1.0,3.0,,0.0,0.51,,,,,,0.0,0.0,0.0,-2.51,-9.77
6505,台塑化,油電燃氣業,97.3,3.18,,,,0.76,0.06,6162.0,0.16,0.25,0.38,5.0,9.0,17.0,6.9,3074.0,0.03,0.12,0.1,-0.15,4.0,6.0,,0.0,0.3,,,,,,0.0,1.0,2.0,0.0,0.0
6506,雙邦,紡織纖維,18.6,0.54,,,,0.0,0.0,0.0,0.0,0.0,0.0,0.0,0.0,0.0,1.44,13.0,0.02,0.02,0.03,0.1,4.0,6.0,,0.0,0.01,,,,,,0.0,0.0,0.0,0.0,-3.12
6508,惠光,農業科技,26.95,-0.19,,,,0.0,0.0,0.0,0.0,0.0,0.0,0.0,0.0,0.0,1.03,-3.0,-0.0,0.06,0.13,0.14,2.0,4.0,,0.0,0.15,,,,,,0.0,0.0,0.0,-7.55,-7.55
6509,聚和,化學工業,49.1,1.97,,,,0.81,-0.0,-7.0,-0.0,-0.02,0.15,0.0,1.0,10.0,13.96,408.0,0.24,0.52,0.9,0.43,5.0,8.0,,-0.01,0.05,,,,,,1.0,2.0,2.0,0.0,-14.61
6510,精測,半導體業,3065.0,-2.39,,,,12.05,-0.7,-228.0,-1.86,-2.42,3.14,0.0,2.0,10.0,17.86,101.0,0.31,-0.35,-1.19,-6.11,3.0,5.0,,0.07,2.18,,,,,,5.0,8.0,10.0,-17.16,-17.16
6512,啟發電,其他電子業,20.25,0.0,,,,0.0,0.0,0.0,0.0,0.0,0.0,0.0,0.0,0.0,0.08,0.0,0.0,0.0,0.0,0.0,0.0,0.0,,0.0,0.0,,,,,,0.0,0.0,0.0,-2.88,-2.88
6514,芮特-KY,通信網路業,,,,,,,,,,,,,,,,,,,,,,,,,,,,,,,,,,,
6515,穎崴,半導體業,5930.0,4.49,,,,13.1,-0.03,-9.0,-1.32,-3.08,-0.39,0.0,0.0,9.0,21.23,-14.0,-0.04,-0.39,-1.74,-4.71,1.0,3.0,,0.03,0.17,,,,,,5.0,10.0,11.0,-22.99,-40.1
6516,勤崴國際,資訊服務業,56.5,0.53,,,,0.0,0.0,0.0,0.0,0.0,0.0,0.0,0.0,0.0,1.62,-4.0,-0.01,-0.01,0.01,-0.01,2.0,3.0,,0.0,0.0,,,,,,0.0,0.0,0.0,-3.58,-10.32
6517,保勝光學,光電業,63.6,1.27,,,,0.0,0.0,0.0,0.0,0.0,0.0,0.0,0.0,0.0,9.16,-1.0,-0.0,-0.03,0.28,-1.18,2.0,6.0,,0.0,0.18,,,,,,0.0,0.0,0.0,-10.17,-16.64
6523,達爾膚,生技醫療業,91.0,0.66,,,,0.0,0.0,0.0,0.0,0.0,0.0,0.0,0.0,0.0,1.92,20.0,0.04,0.07,0.07,0.13,4.0,5.0,,0.0,0.12,,,,,,0.0,0.0,0.0,0.0,-1.73
6525,捷敏-KY,半導體業,135.5,1.5,,,,0.47,-0.0,-3.0,-0.0,-0.0,-0.16,0.0,0.0,0.0,15.49,106.0,0.08,0.29,0.42,0.45,3.0,6.0,,-0.0,0.18,,,,,,2.0,3.0,8.0,-5.24,-32.59
6526,達發,半導體業,840.0,3.19,,,,1.32,-0.01,-19.0,0.02,-0.11,-0.11,1.0,2.0,3.0,11.0,35.0,0.02,2.14,3.23,3.15,5.0,10.0,,0.0,0.53,,,,,,3.0,5.0,10.0,0.0,0.0
6527,明達醫,生技醫療業,75.0,0.0,,,,0.0,0.0,0.0,0.0,0.0,0.0,0.0,0.0,0.0,0.28,-1.0,-0.0,-0.0,0.01,-0.1,2.0,4.0,,0.0,0.0,,,,,,0.0,0.0,0.0,-3.1,-3.1
6530,創威,通信網路業,104.5,5.03,,,,0.0,0.0,0.0,0.0,0.0,0.0,0.0,0.0,0.0,5.39,17.0,0.05,-0.22,0.88,-2.79,3.0,7.0,,-0.0,1.05,,,,,,0.0,0.0,0.0,0.0,0.0
6531,愛普*,半導體業,927.0,-0.22,,,,4.86,-0.0,-4.0,0.05,-0.0,1.26,3.0,5.0,13.0,33.53,-221.0,-0.14,-0.5,-0.6,-0.91,1.0,3.0,,-0.01,1.13,,,,,,2.0,4.0,6.0,-10.0,-10.0
6532,瑞耘,半導體業,118.5,9.72,,,,0.0,0.0,0.0,0.0,0.0,0.0,0.0,0.0,0.0,17.47,276.0,0.74,2.48,4.01,6.55,3.0,7.0,,0.06,0.69,,,,,,0.0,0.0,0.0,0.0,0.0
6533,晶心科,半導體業,333.5,9.88,,,,0.14,-0.01,-5.0,0.0,0.02,-0.02,1.0,2.0,2.0,14.26,-709.0,-1.4,3.11,4.88,3.87,3.0,6.0,,0.09,3.51,,,,,,2.0,2.0,4.0,0.0,0.0
6534,正瀚-創,生技醫療業,90.6,0.89,,,,0.0,0.0,0.0,0.0,0.0,0.0,0.0,0.0,0.0,40.41,5.0,0.0,0.0,-0.02,0.01,4.0,5.0,,0.0,0.04,,,,,,0.0,0.0,0.0,-1.95,-4.93
6535,順藥,生技醫療業,82.2,1.86,,,,0.04,-0.02,-40.0,-0.1,-0.21,-0.35,0.0,0.0,0.0,5.42,84.0,0.05,0.09,0.19,-0.08,3.0,7.0,,0.0,0.0,,,,,,5.0,10.0,17.0,-0.12,-23.53
6538,倉和,電子零組件業,356.0,-0.7,,,,0.01,0.0,0.0,0.0,0.0,0.0,0.0,0.0,0.0,16.91,-142.0,-0.37,-0.04,1.31,4.76,2.0,5.0,,-0.03,0.07,,,,,,0.0,0.0,0.0,-20.09,-20.09
6541,泰福-KY,生技醫療業,31.1,3.84,,,,0.0,0.0,0.0,0.0,0.0,0.0,0.0,0.0,0.0,22.3,245.0,0.15,0.06,0.0,-0.02,3.0,5.0,,0.0,0.02,,,,,,0.0,0.0,0.0,-4.45,-25.33
6542,隆中,文化創意業,40.5,,,,,0.0,0.0,0.0,0.0,0.0,0.0,0.0,0.0,0.0,17.97,0.0,0.0,0.0,0.0,-0.01,0.0,1.0,,0.0,0.0,,,,,,0.0,0.0,0.0,-10.0,-16.92
6546,正基,通信網路業,59.4,1.37,,,,0.0,0.0,0.0,0.0,0.0,0.0,0.0,0.0,0.0,10.16,43.0,0.06,0.85,0.97,0.98,3.0,6.0,,0.0,0.32,,,,,,0.0,0.0,0.0,-6.46,-19.29
6547,高端疫苗,生技醫療業,62.4,2.46,,,,0.0,0.0,0.0,0.0,0.0,0.0,0.0,0.0,0.0,10.47,1692.0,0.51,0.99,0.75,0.18,4.0,7.0,,-0.02,0.07,,,,,,0.0,0.0,0.0,-8.37,-8.37
6548,長科*,半導體業,72.2,0.56,,,,4.18,-0.0,-3.0,-0.0,-0.0,0.05,0.0,0.0,4.0,5.81,65.0,0.01,0.03,0.1,-0.19,3.0,6.0,,0.0,0.07,,,,,,3.0,8.0,13.0,-3.99,-23.35
6550,北極星藥業-KY,生技醫療業,17.85,2.59,,,,0.0,0.0,0.0,0.0,0.0,0.0,0.0,0.0,0.0,21.06,104.0,0.02,-0.13,-0.1,-1.03,1.0,3.0,,-0.01,0.24,,,,,,0.0,0.0,0.0,0.0,0.0
6552,易華電,半導體業,25.0,0.81,,,,0.0,0.0,0.0,0.0,0.0,0.0,0.0,0.0,0.0,1.24,29.0,0.03,0.11,0.15,0.29,5.0,8.0,,0.0,0.38,,,,,,0.0,0.0,0.0,0.0,-21.38
6556,勝品,光電業,62.1,0.32,,,,0.0,0.0,0.0,0.0,0.0,0.0,0.0,0.0,0.0,0.61,0.0,0.0,0.0,0.0,0.04,1.0,1.0,,0.0,0.27,,,,,,0.0,0.0,0.0,0.0,-15.05
6558,興能高,其他電子業,25.0,-1.57,,,,0.0,0.0,0.0,0.0,0.0,0.0,0.0,0.0,0.0,2.2,62.0,0.07,-0.23,0.0,-0.14,3.0,8.0,,0.0,0.33,,,,,,0.0,0.0,0.0,-1.57,-21.38
6560,欣普羅,光電業,32.2,-0.62,,,,0.0,0.0,0.0,0.0,0.0,0.0,0.0,0.0,0.0,6.3,-7.0,-0.03,-0.05,-0.03,0.03,2.0,5.0,,0.0,0.01,,,,,,0.0,0.0,0.0,-8.0,-20.0
6561,是方,通信網路業,307.0,-0.49,,,,0.29,0.0,0.0,-0.01,-0.01,0.01,0.0,0.0,5.0,7.34,-46.0,-0.06,-0.08,-0.09,-0.1,2.0,5.0,,0.01,0.08,,,,,,1.0,1.0,1.0,-5.54,-9.57
6568,宏觀,半導體業,142.5,-1.04,,,,0.0,0.0,0.0,0.0,0.0,0.0,0.0,0.0,0.0,10.68,-82.0,-0.27,-0.29,-0.28,-0.75,1.0,3.0,,0.0,0.53,,,,,,0.0,0.0,0.0,-1.72,-12.31
6569,醫揚,生技醫療業,92.2,0.22,,,,0.0,0.0,0.0,0.0,0.0,0.0,0.0,0.0,0.0,4.02,-1.0,-0.0,-0.02,0.03,-0.18,2.0,6.0,,0.0,0.0,,,,,,0.0,0.0,0.0,-0.11,-14.23
6570,維田,電腦及週邊設備業,47.55,-0.42,,,,0.0,0.0,0.0,0.0,0.0,0.0,0.0,0.0,0.0,3.2,-7.0,-0.02,-0.2,0.07,0.03,0.0,5.0,,0.0,0.02,,,,,,0.0,0.0,0.0,-8.56,-17.73
6573,虹揚-KY,半導體業,16.45,3.46,,,,0.0,0.0,0.0,0.0,0.0,0.0,0.0,0.0,0.0,54.51,75.0,0.09,0.08,0.12,-0.04,2.0,5.0,,-0.0,0.16,,,,,,0.0,0.0,0.0,-4.36,-41.14
6574,霈方,生技醫療業,118.5,-0.84,,,,0.0,0.0,0.0,0.0,0.0,0.0,0.0,0.0,0.0,0.77,8.0,0.04,-0.01,0.11,0.0,1.0,3.0,,0.0,0.02,,,,,,0.0,0.0,0.0,-2.87,-23.05
6576,逸達,生技醫療業,79.5,-0.25,,,,0.0,0.0,0.0,0.0,0.0,0.0,0.0,0.0,0.0,25.86,-6.0,-0.0,-0.09,-0.12,-0.18,0.0,3.0,,0.0,0.0,,,,,,0.0,0.0,0.0,-4.56,-5.47
6577,勁豐,電腦及週邊設備業,80.0,0.76,,,,0.21,0.0,0.0,0.01,0.03,0.04,1.0,6.0,11.0,2.41,-1.0,-0.0,0.01,0.09,0.09,2.0,5.0,,-0.0,0.02,,,,,,1.0,1.0,2.0,-0.37,-15.25
6578,達邦蛋白,農業科技,16.45,-0.6,,,,0.0,0.0,0.0,0.0,0.0,0.0,0.0,0.0,0.0,0.91,11.0,0.02,-0.04,-0.01,0.03,1.0,3.0,,0.0,0.0,,,,,,0.0,0.0,0.0,-10.11,-12.5
6579,研揚,電腦及週邊設備業,159.0,0.95,,,,0.0,0.0,0.0,0.0,-0.03,-0.03,0.0,0.0,0.0,3.72,93.0,0.06,0.11,0.27,0.16,4.0,8.0,,0.01,0.46,,,,,,0.0,2.0,5.0,0.0,-13.35
6581,鋼聯,其他,108.5,0.46,,,,0.0,0.0,0.0,0.0,0.0,0.0,0.0,0.0,0.0,1.12,7.0,0.01,0.01,0.02,0.02,1.0,4.0,,0.0,0.06,,,,,,0.0,0.0,0.0,-2.69,-2.69
6582,申豐,橡膠工業,31.1,0.97,,,,0.0,0.0,0.0,0.0,0.0,0.0,0.0,0.0,0.0,13.13,5.0,0.0,-0.05,-0.05,-0.03,2.0,5.0,,0.0,0.4,,,,,,0.0,0.0,0.0,-3.27,-7.16
6584,南俊國際,電子零組件業,540.0,-0.55,,,,4.23,-0.0,-1.0,-0.04,-0.04,-0.05,0.0,0.0,3.0,13.24,-25.0,-0.04,-0.29,-0.35,-0.36,0.0,2.0,,-0.0,0.02,,,,,,2.0,2.0,4.0,-19.04,-23.62
6585,鼎基,其他,104.0,0.48,,,,0.08,0.0,0.0,0.0,0.0,0.0,0.0,0.0,0.0,3.21,41.0,0.06,0.01,0.06,-0.35,2.0,4.0,,0.0,0.01,,,,,,0.0,0.0,2.0,-8.77,-22.68
6588,東典,通信網路業,108.0,0.47,,,,0.0,0.0,0.0,0.0,0.0,0.0,0.0,0.0,0.0,5.57,-12.0,-0.04,-1.64,0.64,-0.58,1.0,5.0,,0.0,0.28,,,,,,0.0,0.0,0.0,-8.86,-8.86
6589,台康生技,生技醫療業,53.4,3.49,,,,0.0,0.0,0.0,0.0,0.0,0.0,0.0,0.0,0.0,5.68,535.0,0.17,0.3,0.81,0.8,4.0,8.0,,0.0,0.1,,,,,,0.0,2.0,5.0,-0.93,-0.93
6590,普鴻,資訊服務業,65.9,-0.45,,,,0.0,0.0,0.0,0.0,0.0,0.0,0.0,0.0,0.0,0.12,-2.0,-0.01,-0.01,0.06,0.08,2.0,4.0,,0.0,0.0,,,,,,0.0,0.0,0.0,-7.96,-7.96
6591,動力-KY,電腦及週邊設備業,42.85,-0.81,,,,0.23,0.0,0.0,0.0,0.0,0.0,0.0,0.0,0.0,22.13,-22.0,-0.06,-0.06,0.35,0.64,1.0,5.0,,0.0,0.63,,,,,,0.0,0.0,0.0,-5.72,-23.21
6592,和潤企業,其他,56.9,0.0,,,,0.06,0.0,0.0,0.0,0.0,0.06,0.0,0.0,3.0,29.76,-254.0,-0.04,-0.23,-0.4,-0.4,0.0,0.0,,0.0,0.2,,,,,,0.0,0.0,1.0,-7.03,-8.37
6593,台灣銘板,資訊服務業,32.25,0.0,,,,0.0,0.0,0.0,0.0,0.0,0.0,0.0,0.0,0.0,2.61,1.0,0.0,0.1,0.11,0.45,3.0,7.0,,0.0,0.0,,,,,,0.0,0.0,0.0,-0.15,-6.52
6594,展匯科,半導體業,,,,,,,,,,,,,,,,,,,,,,,,,,,,,,,,,,,
6596,寬宏藝術,文化創意業,97.3,0.41,,,,0.0,0.0,0.0,0.0,0.0,0.0,0.0,0.0,0.0,5.37,44.0,0.13,0.25,0.74,1.03,4.0,8.0,,0.0,0.46,,,,,,0.0,0.0,0.0,0.0,0.0
6598,ABC-KY,生技醫療業,27.4,0.74,,,,0.0,0.0,0.0,0.0,0.0,0.0,0.0,0.0,0.0,29.66,-65.0,-0.08,-0.24,-0.3,-0.33,0.0,1.0,,-0.0,0.08,,,,,,0.0,0.0,0.0,-6.32,-13.02
6603,富強鑫,電機機械,28.8,-1.54,,,,0.0,0.0,0.0,0.0,0.0,0.0,0.0,0.0,0.0,6.56,-159.0,-0.1,-0.37,0.95,0.26,2.0,4.0,,-0.03,0.81,,,,,,0.0,0.0,0.0,-1.54,-3.84
6605,帝寶,汽車工業,137.5,-0.36,,,,0.01,0.0,0.0,0.0,-0.03,-0.03,0.0,0.0,0.0,15.29,4.0,0.0,0.08,0.68,0.9,4.0,8.0,,-0.0,0.46,,,,,,0.0,2.0,4.0,-1.79,-3.17
6606,建德工業,電機機械,24.8,0.2,,,,0.0,0.0,0.0,0.0,0.0,0.0,0.0,0.0,0.0,3.74,13.0,0.01,-0.02,0.02,-0.0,3.0,6.0,,0.0,0.06,,,,,,0.0,0.0,0.0,-4.06,-8.82
6609,瀧澤科,電機機械,39.95,0.88,,,,0.0,0.0,0.0,0.0,0.0,0.0,0.0,0.0,0.0,54.58,3.0,0.0,0.03,0.36,0.84,3.0,8.0,,0.0,0.62,,,,,,0.0,0.0,0.0,-1.48,-13.06
6612,奈米醫材,生技醫療業,72.5,0.97,,,,0.0,0.0,0.0,0.0,0.0,0.0,0.0,0.0,0.0,34.58,13.0,0.03,0.06,-0.04,-0.07,4.0,5.0,,0.01,0.06,,,,,,0.0,0.0,0.0,0.0,-4.73
6613,朋億,其他電子業,274.0,1.48,,,,0.09,0.0,0.0,0.0,0.0,0.0,0.0,0.0,0.0,6.76,35.0,0.05,0.29,0.57,-0.28,5.0,9.0,,0.0,0.06,,,,,,0.0,0.0,0.0,0.0,-25.64
6615,慧智,生技醫療業,33.5,0.3,,,,0.0,0.0,0.0,0.0,0.0,0.0,0.0,0.0,0.0,0.31,1.0,0.0,0.01,0.01,-0.0,3.0,4.0,,0.0,0.0,,,,,,0.0,0.0,0.0,-3.18,-9.7
6616,特昇-KY,其他,8.18,-0.61,,,,0.0,0.0,0.0,0.0,0.0,0.0,0.0,0.0,0.0,58.33,0.0,0.0,0.0,0.04,0.04,0.0,2.0,,0.0,0.31,,,,,,0.0,0.0,0.0,-4.33,-12.04
6624,萬年清,其他,38.25,-2.42,,,,0.0,0.0,0.0,0.0,0.0,0.0,0.0,0.0,0.0,0.37,-2.0,-0.01,-0.04,-0.07,-0.08,0.0,0.0,,0.0,0.0,,,,,,0.0,0.0,0.0,-7.38,-16.94
6625,必應,其他,74.0,0.14,,,,0.0,0.0,0.0,0.0,0.0,0.0,0.0,0.0,0.0,2.37,-14.0,-0.03,0.09,0.17,0.09,4.0,8.0,,0.0,0.02,,,,,,0.0,0.0,0.0,-2.63,-7.62
6629,泰金-KY,其他,103.5,0.0,,,,0.01,0.0,0.0,0.0,0.0,0.0,0.0,0.0,0.0,82.63,0.0,0.0,-0.01,0.04,0.14,0.0,2.0,,0.0,0.0,,,,,,0.0,0.0,0.0,-5.05,-9.61
6640,均華,半導體業,1040.0,0.0,,,,2.43,0.0,0.0,-0.44,-0.17,1.93,0.0,1.0,7.0,4.53,-61.0,-0.22,-0.23,-0.33,-1.85,1.0,3.0,,-0.03,0.35,,,,,,2.0,3.0,3.0,-20.0,-20.0
6641,基士德-KY,其他,17.0,0.29,,,,0.0,0.0,0.0,0.0,0.0,0.0,0.0,0.0,0.0,26.39,3.0,0.01,0.01,0.02,0.03,3.0,5.0,,-0.0,0.04,,,,,,0.0,0.0,0.0,-2.02,-11.69
6642,富致,電子零組件業,81.7,1.24,,,,0.0,0.0,0.0,0.0,0.0,0.0,0.0,0.0,0.0,5.54,20.0,0.05,-0.08,-0.03,-0.16,2.0,4.0,,-0.0,0.02,,,,,,0.0,0.0,0.0,-1.92,-5.77
6643,M31,半導體業,555.0,9.9,,,,0.17,0.0,0.0,-0.0,0.0,0.04,1.0,1.0,2.0,18.43,61.0,0.17,-0.18,0.66,-0.15,2.0,5.0,,0.44,2.68,,,,,,1.0,1.0,1.0,0.0,0.0
6645,金萬林-創,生技醫療業,12.85,2.8,,,,0.0,0.0,0.0,0.0,0.0,0.0,0.0,0.0,0.0,0.85,1.0,0.0,-0.04,-0.08,-0.04,2.0,3.0,,0.0,0.0,,,,,,0.0,0.0,0.0,-1.15,-20.43
6649,台生材,生技醫療業,36.5,-0.82,,,,0.0,0.0,0.0,0.0,0.0,0.0,0.0,0.0,0.0,3.57,-1.0,-0.0,0.0,0.0,0.05,1.0,2.0,,0.0,0.0,,,,,,0.0,0.0,0.0,-3.44,-8.18
6651,全宇昕,半導體業,146.0,-2.99,,,,0.0,0.0,0.0,0.0,0.0,0.0,0.0,0.0,0.0,9.01,3.0,0.01,0.58,1.5,2.08,4.0,9.0,,0.0,0.19,,,,,,0.0,0.0,0.0,-6.11,-13.61
6654,天正國際,其他電子業,216.0,8.0,,,,0.0,0.0,0.0,0.0,0.0,0.0,0.0,0.0,0.0,1.56,7.0,0.02,0.01,0.02,0.2,3.0,5.0,,-0.01,0.1,,,,,,0.0,0.0,0.0,-2.92,-2.92
6655,科定,其他,125.0,0.4,,,,0.0,0.0,0.0,0.0,0.0,0.0,0.0,0.0,0.0,0.67,2.0,0.0,-0.01,-0.02,0.01,1.0,3.0,,0.0,0.06,,,,,,0.0,0.0,0.0,0.0,0.0
6657,華安,生技醫療業,32.7,0.77,,,,0.0,0.0,0.0,0.0,0.0,0.0,0.0,0.0,0.0,8.22,34.0,0.04,0.09,0.19,-0.47,2.0,4.0,,0.0,0.04,,,,,,0.0,0.0,0.0,-12.33,-12.33
6658,聯策,其他電子業,180.5,-0.28,,,,0.0,0.0,0.0,0.0,0.0,0.0,0.0,0.0,0.0,2.73,1.0,0.0,0.4,0.5,-0.02,4.0,7.0,,-0.01,0.12,,,,,,0.0,0.0,0.0,-4.24,-13.43
6661,威健生技,生技醫療業,,,,,,0.0,0.0,0.0,0.0,0.0,0.0,0.0,0.0,0.0,0.01,0.0,0.0,0.0,0.0,0.0,0.0,0.0,,0.0,0.0,,,,,,0.0,0.0,0.0,,
6662,樂斯科,生技醫療業,,,,,,0.0,0.0,0.0,0.0,0.0,0.0,0.0,0.0,0.0,0.19,0.0,0.0,0.0,0.0,-0.01,0.0,1.0,,0.0,0.0,,,,,,0.0,0.0,0.0,,
6664,群翊,電子零組件業,376.0,1.62,,,,0.32,0.0,0.0,0.0,0.0,0.08,1.0,1.0,6.0,11.49,115.0,0.2,0.87,1.04,1.29,5.0,9.0,,0.01,0.34,,,,,,0.0,0.0,1.0,0.0,-4.93
6666,羅麗芬-KY,生技醫療業,45.55,-0.22,,,,0.0,0.0,0.0,0.0,0.0,0.0,0.0,0.0,0.0,75.27,3.0,0.01,0.01,-0.0,0.03,3.0,4.0,,0.0,0.06,,,,,,0.0,0.0,0.0,-0.22,-0.22
6667,信紘科,其他電子業,262.0,1.16,,,,0.0,0.0,0.0,0.0,0.0,0.0,0.0,0.0,0.0,5.34,6.0,0.01,0.82,2.06,1.62,4.0,8.0,,-0.0,0.02,,,,,,0.0,0.0,0.0,-0.57,-3.32
6668,中揚光,光電業,47.05,-1.26,,,,0.0,0.0,0.0,0.0,0.0,0.0,0.0,0.0,0.0,14.05,-47.0,-0.06,-0.24,0.44,-0.38,3.0,6.0,,-0.08,0.92,,,,,,0.0,0.0,0.0,-6.46,-6.46
6669,緯穎,電腦及週邊設備業,2090.0,-0.48,,,,5.95,-0.01,-9.0,-1.48,-2.49,-3.43,0.0,1.0,7.0,23.33,-589.0,-0.34,0.31,-1.75,-6.38,3.0,5.0,,-0.01,0.73,,,,,,5.0,8.0,12.0,-73.21,-73.21
6670,復盛應用,其他,272.0,-0.37,,,,9.48,-0.0,-1.0,0.05,0.08,0.2,3.0,6.0,10.0,26.25,-64.0,-0.05,0.03,0.02,-0.05,3.0,6.0,,0.0,0.03,,,,,,1.0,2.0,5.0,-2.68,-5.39
6671,三能-KY,其他,22.7,-0.66,,,,0.0,0.0,0.0,0.0,0.0,0.0,0.0,0.0,0.0,40.01,1.0,0.0,0.0,0.01,-0.01,1.0,4.0,,0.0,0.07,,,,,,0.0,0.0,0.0,-2.16,-8.28
6672,騰輝電子-KY,電子零組件業,369.0,9.99,,,,1.12,-0.0,-1.0,-0.0,0.14,0.13,0.0,3.0,3.0,27.81,555.0,0.78,2.81,6.07,5.23,3.0,7.0,,0.24,1.49,,,,,,2.0,2.0,8.0,0.0,0.0
6674,鋐寶科技,通信網路業,18.25,0.0,,,,0.0,0.0,0.0,0.0,0.0,0.0,0.0,0.0,0.0,0.63,10.0,0.01,0.08,0.08,0.1,4.0,7.0,,0.0,0.04,,,,,,0.0,0.0,0.0,-0.82,-0.82
6679,鈺太,半導體業,206.0,0.0,,,,0.16,0.05,30.0,0.15,0.15,0.15,3.0,3.0,3.0,9.45,-77.0,-0.14,-0.12,-0.08,-1.51,2.0,5.0,,-0.0,0.26,,,,,,0.0,0.0,0.0,-1.2,-23.56
6680,鑫創電子,電腦及週邊設備業,51.9,1.17,,,,0.0,0.0,0.0,0.0,0.0,0.0,0.0,0.0,0.0,0.11,0.0,0.0,0.0,0.0,0.0,0.0,0.0,,0.0,0.0,,,,,,0.0,0.0,0.0,-6.15,-10.21
6683,雍智科技,半導體業,1590.0,7.8,,,,0.38,-0.0,-0.0,0.02,0.12,0.37,1.0,4.0,7.0,19.6,-297.0,-1.09,-0.83,-1.38,-2.6,3.0,5.0,,0.01,2.09,,,,,,3.0,4.0,5.0,-5.07,-11.91
6684,安格,半導體業,50.2,-1.38,,,,0.0,0.0,0.0,0.0,0.0,0.0,0.0,0.0,0.0,4.17,-32.0,-0.07,0.15,0.43,0.65,2.0,6.0,,0.0,0.3,,,,,,0.0,0.0,0.0,-1.38,-16.33
6689,伊雲谷,其他電子業,64.8,0.62,,,,0.0,0.0,0.0,0.0,0.0,0.0,0.0,0.0,0.0,4.33,52.0,0.08,-0.06,-0.69,-0.42,3.0,4.0,,0.0,0.08,,,,,,0.0,0.0,0.0,-8.09,-8.09
6690,安�硌穈T,資訊服務業,177.0,-0.28,,,,0.14,0.0,0.0,0.0,0.0,0.0,0.0,0.0,0.0,6.51,74.0,0.33,0.33,0.13,0.38,3.0,6.0,,0.0,0.07,,,,,,0.0,0.0,0.0,-5.85,-5.85
6691,洋基工程,其他電子業,719.0,9.94,,,,5.9,0.06,57.0,0.03,-0.17,-0.12,1.0,3.0,6.0,20.06,957.0,1.08,1.21,1.48,0.79,4.0,6.0,,0.06,0.45,,,,,,1.0,4.0,8.0,0.0,-5.64
6693,廣閎科,半導體業,211.5,-2.98,,,,0.53,0.0,0.0,0.0,0.0,0.0,0.0,0.0,0.0,13.58,-211.0,-0.46,-3.94,-3.45,-6.91,2.0,5.0,,-0.4,2.89,,,,,,0.0,0.0,0.0,-2.98,-23.51
6695,芯鼎,半導體業,55.0,1.66,,,,0.0,0.0,0.0,0.0,0.0,0.0,0.0,0.0,0.0,4.14,167.0,0.2,0.42,0.99,0.02,4.0,8.0,,0.0,0.22,,,,,,0.0,0.0,0.0,0.0,-6.3
6697,東捷資訊,資訊服務業,41.3,0.49,,,,0.0,0.0,0.0,0.0,0.0,0.0,0.0,0.0,0.0,0.96,-1.0,-0.0,-0.01,0.03,0.12,0.0,3.0,,0.0,0.0,,,,,,0.0,0.0,0.0,-0.96,-0.96
6698,旭暉應材,其他電子業,33.3,-1.77,,,,0.0,0.0,0.0,0.0,0.0,0.0,0.0,0.0,0.0,1.73,-150.0,-0.23,-0.14,0.08,0.53,3.0,8.0,,0.0,0.13,,,,,,0.0,0.0,0.0,-1.77,-20.81
6703,軒郁,生技醫療業,100.5,0.5,,,,0.53,0.0,0.0,0.03,0.08,0.14,2.0,7.0,12.0,18.36,-19.0,-0.07,-0.08,-0.12,-0.22,1.0,2.0,,0.0,0.0,,,,,,1.0,1.0,2.0,-2.9,-14.83
6706,惠特,光電業,150.0,-0.66,,,,0.0,0.0,0.0,0.0,0.0,0.0,0.0,0.0,0.0,4.87,48.0,0.07,-3.01,-2.98,-3.36,2.0,4.0,,-0.27,1.78,,,,,,0.0,0.0,0.0,-8.54,-8.54
6708,天擎,半導體業,51.7,9.88,,,,0.0,0.0,0.0,0.0,0.0,0.0,0.0,0.0,0.0,3.57,0.0,0.0,0.07,0.05,0.05,1.0,2.0,,-0.32,0.08,,,,,,0.0,0.0,0.0,0.0,0.0
6712,長聖,生技醫療業,162.0,0.31,,,,0.0,0.0,0.0,0.0,0.0,0.0,0.0,0.0,0.0,8.44,71.0,0.1,0.42,0.65,0.88,4.0,8.0,,0.0,0.04,,,,,,0.0,0.0,0.0,0.0,-11.48
6715,嘉基,電子零組件業,442.0,-2.21,,,,0.0,0.0,0.0,0.0,-1.49,-1.49,0.0,1.0,1.0,2.46,-167.0,-0.25,-0.27,0.79,0.35,2.0,5.0,,0.02,0.2,,,,,,0.0,3.0,3.0,-5.66,-10.16
6716,應廣,半導體業,114.0,-0.44,,,,0.0,0.0,0.0,0.0,0.0,0.0,0.0,0.0,0.0,10.36,28.0,0.09,0.12,0.87,0.53,3.0,7.0,,0.0,0.09,,,,,,0.0,0.0,0.0,-12.31,-17.09
6719,力智,半導體業,186.5,1.36,,,,0.19,0.04,30.0,0.07,0.04,0.05,3.0,3.0,5.0,8.91,-31.0,-0.04,-0.16,-0.24,0.67,2.0,4.0,,-0.0,0.37,,,,,,0.0,2.0,5.0,-3.37,-40.32
6721,信實,其他,50.0,0.0,,,,0.0,0.0,0.0,0.0,0.0,0.0,0.0,0.0,0.0,0.02,0.0,0.0,-0.01,-0.03,-0.02,0.0,0.0,,0.0,0.0,,,,,,0.0,0.0,0.0,-3.29,-9.42
6727,亞泰金屬,電子零組件業,485.0,0.41,,,,3.93,0.0,0.0,0.0,0.0,1.4,0.0,0.0,3.0,9.98,-72.0,-0.29,-2.24,-3.72,-1.62,1.0,4.0,,0.02,0.48,,,,,,0.0,0.0,0.0,-16.38,-16.38
6728,上洋,貿易百貨,109.0,0.93,,,,0.0,0.0,0.0,0.0,0.0,0.0,0.0,0.0,0.0,1.15,1.0,0.0,0.01,0.01,0.06,2.0,6.0,,0.0,0.0,,,,,,0.0,0.0,0.0,0.0,-0.91
6732,昇佳電子,半導體業,151.5,0.33,,,,0.0,0.0,0.0,0.0,0.0,0.0,0.0,0.0,0.0,6.46,10.0,0.02,0.04,0.07,-0.25,3.0,6.0,,0.0,0.19,,,,,,0.0,0.0,0.0,0.0,-29.21
6733,博晟生醫,生技醫療業,24.95,-0.6,,,,0.0,0.0,0.0,0.0,0.0,0.0,0.0,0.0,0.0,0.62,-25.0,-0.02,-0.11,-0.14,-0.14,0.0,0.0,,0.0,0.0,,,,,,0.0,0.0,0.0,-9.93,-13.67
6735,美達科技,其他電子業,67.3,3.7,,,,0.0,0.0,0.0,0.0,0.0,0.0,0.0,0.0,0.0,4.83,36.0,0.09,0.16,0.38,0.35,3.0,7.0,,0.0,0.27,,,,,,0.0,0.0,0.0,0.0,-24.3
6741,91APP*-KY,電子商務,55.1,-0.54,,,,0.0,0.0,0.0,0.0,0.0,0.0,0.0,0.0,0.0,44.86,-216.0,-0.18,-0.4,-0.59,-0.77,0.0,2.0,,-0.0,0.03,,,,,,0.0,0.0,0.0,-8.17,-9.67
6742,澤米,光電業,56.3,3.87,,,,0.0,0.0,0.0,0.0,0.0,0.0,0.0,0.0,0.0,2.56,445.0,0.62,0.22,0.06,-0.32,3.0,5.0,,-0.0,0.09,,,,,,0.0,0.0,0.0,0.0,-15.21
6743,安普新,其他電子業,31.85,2.41,,,,0.39,0.0,0.0,0.02,0.05,0.06,2.0,7.0,12.0,4.26,239.0,0.16,0.45,0.57,0.57,5.0,8.0,,-0.0,0.07,,,,,,1.0,1.0,3.0,0.0,0.0
6747,亨泰光,生技醫療業,,,,,,,,,,,,,,,,,,,,,,,,,,,,,,,,,,,
6751,智聯服務,資訊服務業,44.5,-1.0,,,,0.0,0.0,0.0,0.0,0.0,0.0,0.0,0.0,0.0,0.73,-1.0,-0.0,-0.01,-0.01,-0.04,0.0,1.0,,0.0,0.0,,,,,,0.0,0.0,0.0,-1.0,-1.0
6752,叡揚,資訊服務業,96.0,0.1,,,,0.0,0.0,0.0,0.0,0.0,0.0,0.0,0.0,0.0,3.12,-1.0,-0.0,-0.01,-0.07,-0.05,2.0,5.0,,0.0,0.01,,,,,,0.0,0.0,0.0,-3.03,-7.25
6753,龍德造船,航運業,133.5,0.75,,,,0.0,0.0,0.0,0.0,0.0,0.0,0.0,0.0,0.0,2.55,-2.0,-0.0,0.1,0.26,-0.38,2.0,6.0,,0.0,0.27,,,,,,0.0,0.0,0.0,-6.32,-16.3
6754,匯僑設計,其他,41.5,0.24,,,,0.0,0.0,0.0,0.0,0.0,0.0,0.0,0.0,0.0,15.46,0.0,0.0,0.0,0.01,0.03,1.0,3.0,,0.0,0.02,,,,,,0.0,0.0,0.0,-2.92,-10.37
6756,威鋒電子,半導體業,98.7,-0.1,,,,0.0,0.0,0.0,0.0,0.0,0.0,0.0,0.0,0.0,4.12,22.0,0.03,0.08,0.21,0.55,4.0,7.0,,0.0,0.11,,,,,,0.0,0.0,0.0,-4.64,-4.64
6757,台灣虎航-創,航運業,54.0,1.12,,,,0.41,0.0,0.0,0.0,0.0,0.0,0.0,0.0,0.0,4.76,182.0,0.04,0.06,-0.08,0.02,4.0,6.0,,0.0,0.22,,,,,,0.0,0.0,0.0,-3.4,-11.04
6761,穩得,電子零組件業,165.0,0.92,,,,0.0,0.0,0.0,0.0,0.0,0.0,0.0,0.0,0.0,6.12,-6.0,-0.02,-0.01,-0.02,0.37,2.0,6.0,,0.0,0.16,,,,,,0.0,0.0,0.0,-12.23,-19.71
6762,達亞,生技醫療業,158.0,,,,,0.0,0.0,0.0,0.0,0.0,0.0,0.0,0.0,0.0,8.3,0.0,0.0,0.0,0.0,0.0,0.0,0.0,,0.0,0.0,,,,,,0.0,0.0,0.0,-5.95,-13.19
6763,綠界科技,電子商務,41.3,0.36,,,,0.7,0.0,0.0,0.0,0.0,0.57,0.0,0.0,6.0,27.68,49.0,0.27,1.29,2.49,1.53,4.0,9.0,,-0.0,0.21,,,,,,0.0,0.0,0.0,-1.31,-12.22
6767,台微醫,生技醫療業,24.5,0.2,,,,0.0,0.0,0.0,0.0,0.0,0.0,0.0,0.0,0.0,0.31,0.0,0.0,0.0,0.0,-0.01,0.0,0.0,,0.0,0.0,,,,,,0.0,0.0,0.0,-3.92,-10.91
6768,志強-KY,其他,62.7,0.32,,,,0.14,-0.0,-2.0,-0.0,-0.0,-0.03,1.0,1.0,1.0,58.88,-1.0,-0.0,0.04,0.11,0.01,2.0,5.0,,-0.0,0.05,,,,,,2.0,3.0,8.0,-2.94,-14.69
6770,力積電,半導體業,75.3,4.15,,,,0.77,0.0,28.0,0.0,0.1,0.28,2.0,6.0,7.0,20.25,58591.0,1.44,1.56,2.96,2.93,4.0,7.0,,0.08,0.91,,,,,,3.0,4.0,11.0,0.0,-3.95
6776,展�眥篕�,電子通路業,52.9,1.93,,,,0.0,0.0,0.0,0.0,0.0,0.0,0.0,0.0,0.0,1.83,-12.0,-0.01,0.1,0.18,0.28,4.0,9.0,,0.0,0.05,,,,,,0.0,0.0,0.0,-0.38,-5.03
6781,AES-KY,電子零組件業,1020.0,0.99,,,,0.52,0.0,0.0,0.0,0.01,0.03,0.0,2.0,4.0,70.29,15.0,0.02,-0.13,-0.38,-0.29,2.0,3.0,,0.01,0.49,,,,,,0.0,0.0,0.0,-11.69,-18.4
6782,視陽,生技醫療業,242.0,3.2,,,,0.51,0.0,0.0,-0.03,-0.03,-0.39,0.0,0.0,0.0,11.05,107.0,0.17,0.36,0.92,0.1,2.0,4.0,,0.0,0.33,,,,,,1.0,1.0,7.0,-3.01,-4.91
6785,昱展新藥,生技醫療業,95.1,-1.14,,,,0.0,0.0,0.0,0.0,0.0,0.0,0.0,0.0,0.0,8.76,-13.0,-0.02,-0.04,0.01,0.1,1.0,5.0,,-0.0,0.0,,,,,,0.0,0.0,0.0,-8.56,-23.31
6788,華景電,半導體業,349.0,1.31,,,,0.42,0.0,0.0,0.0,0.0,-0.12,0.0,0.0,1.0,15.22,65.0,0.19,0.36,0.5,-0.25,4.0,7.0,,-0.01,0.46,,,,,,1.0,1.0,3.0,-8.04,-21.57
6789,采鈺,半導體業,494.0,3.24,,,,0.25,0.0,1.0,0.0,-0.15,-0.15,2.0,3.0,4.0,4.42,143.0,0.05,0.05,0.26,0.03,3.0,6.0,,0.02,0.15,,,,,,3.0,6.0,14.0,0.0,-7.66
6790,永豐實,造紙工業,37.8,0.53,,,,0.07,0.0,0.0,0.0,0.0,0.0,1.0,1.0,1.0,1.93,-9.0,-0.0,0.01,0.02,0.07,2.0,4.0,,-0.0,0.07,,,,,,0.0,0.0,0.0,-0.92,-7.69
6791,虎門科技,資訊服務業,99.5,0.4,,,,0.0,0.0,0.0,0.0,0.0,0.0,0.0,0.0,0.0,12.37,2.0,0.01,0.02,-0.0,0.02,3.0,3.0,,0.0,0.0,,,,,,0.0,0.0,0.0,-2.93,-15.68
6792,詠業,通信網路業,59.6,1.19,,,,0.0,0.0,0.0,0.0,0.0,0.0,0.0,0.0,0.0,2.07,6.0,0.01,0.03,0.01,-0.01,4.0,5.0,,-0.0,0.06,,,,,,0.0,0.0,0.0,-1.0,-10.64
6796,晉弘,生技醫療業,53.0,2.51,,,,0.0,0.0,0.0,0.0,0.0,0.0,0.0,0.0,0.0,17.25,8.0,0.02,-0.02,-0.02,-0.01,1.0,3.0,,0.0,0.01,,,,,,0.0,0.0,0.0,-11.22,-18.84
6799,來頡,半導體業,91.7,1.55,,,,0.0,0.0,0.0,0.0,0.0,0.0,0.0,0.0,0.0,9.71,85.0,0.2,1.01,1.25,1.11,4.0,7.0,,0.0,0.12,,,,,,0.0,0.0,0.0,0.0,-17.76
6803,崑鼎投控,其他,267.0,0.19,,,,0.02,0.0,0.0,0.0,0.0,0.0,0.0,0.0,0.0,4.14,-9.0,-0.01,-0.05,-0.15,-0.07,0.0,1.0,,0.0,0.09,,,,,,0.0,0.0,0.0,-1.66,-4.47
6804,明係,其他,18.35,1.38,,,,0.0,0.0,0.0,0.0,0.0,0.0,0.0,0.0,0.0,6.09,30.0,0.09,0.02,0.06,-0.01,2.0,6.0,,0.0,0.03,,,,,,0.0,0.0,0.0,-0.54,-9.83
6805,富世達,電子零組件業,2455.0,-2.39,,,,19.37,-0.08,-53.0,1.26,2.77,0.89,2.0,5.0,8.0,15.85,315.0,0.46,0.27,0.15,2.13,3.0,5.0,,-0.02,0.3,,,,,,2.0,4.0,10.0,-5.58,-5.58
6806,森崴能源,其他,,,,,,,,,,,,,,,,,,,,,,,,,,,,,,,,,,,
6807,峰源-KY,其他,32.3,1.25,,,,0.0,0.0,0.0,0.0,0.0,0.0,0.0,0.0,0.0,43.46,4.0,0.01,0.02,0.02,0.02,2.0,5.0,,0.0,0.01,,,,,,0.0,0.0,0.0,-5.56,-15.99
6811,宏碁資訊,資訊服務業,240.5,0.42,,,,0.0,0.0,0.0,0.0,0.0,0.0,0.0,0.0,0.0,6.32,-109.0,-0.26,-0.05,0.57,1.05,3.0,7.0,,0.0,0.16,,,,,,0.0,0.0,0.0,-9.76,-9.76
6821,聯寶,電子零組件業,42.8,4.52,,,,0.0,0.0,0.0,0.0,0.0,0.0,0.0,0.0,0.0,3.56,84.0,0.27,0.34,0.56,0.45,4.0,7.0,,-0.0,0.0,,,,,,0.0,0.0,0.0,0.0,-29.26
6823,濾能,半導體業,60.8,-3.49,,,,0.0,0.0,0.0,0.0,0.0,0.0,0.0,0.0,0.0,34.23,-22.0,-0.1,0.37,0.28,0.27,4.0,6.0,,0.0,0.0,,,,,,0.0,0.0,0.0,-3.49,-14.37
6829,千附精密,電機機械,208.5,0.0,,,,0.2,0.0,0.0,0.0,0.0,0.0,0.0,0.0,0.0,3.85,-85.0,-0.14,-0.6,-1.26,-2.38,0.0,1.0,,-0.01,0.55,,,,,,0.0,0.0,0.0,-19.19,-19.19
6830,汎銓,其他電子業,533.0,0.0,,,,3.45,0.0,0.0,0.0,-0.02,-0.0,0.0,0.0,1.0,6.98,-63.0,-0.13,-0.52,-0.36,0.73,1.0,2.0,,-0.0,0.22,,,,,,0.0,2.0,3.0,-10.87,-10.87
6834,天二科技,電子零組件業,109.0,-3.11,,,,0.18,-0.0,-1.0,-0.0,-0.0,-0.0,0.0,0.0,0.0,11.85,-422.0,-0.48,-1.18,-0.99,1.43,1.0,4.0,,-0.05,1.6,,,,,,1.0,1.0,3.0,-6.03,-17.42
6835,圓裕,電子零組件業,31.2,0.97,,,,0.0,0.0,0.0,0.0,0.0,0.0,0.0,0.0,0.0,5.75,-2.0,-0.0,0.07,0.11,0.2,1.0,5.0,,0.0,0.03,,,,,,0.0,0.0,0.0,-1.73,-11.86
6840,東研信超,其他電子業,98.9,-0.6,,,,0.0,0.0,0.0,0.0,0.0,0.0,0.0,0.0,0.0,9.85,-51.0,-0.2,0.14,2.42,2.78,2.0,6.0,,0.05,0.05,,,,,,0.0,0.0,0.0,-8.43,-8.43
6841,長佳智能,生技醫療業,58.8,6.33,,,,0.0,0.0,0.0,0.0,0.0,0.0,0.0,0.0,0.0,4.95,74.0,0.08,0.19,0.36,0.29,5.0,9.0,,0.01,0.06,,,,,,0.0,0.0,0.0,0.0,-11.84
6843,進典,電機機械,38.55,0.52,,,,0.0,0.0,0.0,0.0,0.0,0.0,0.0,0.0,0.0,0.15,1.0,0.0,0.0,-0.02,0.01,2.0,3.0,,0.0,0.0,,,,,,0.0,0.0,0.0,-2.03,-6.66
6846,綠茵,食品工業,58.5,0.52,,,,0.0,0.0,0.0,0.0,0.0,0.0,0.0,0.0,0.0,0.28,1.0,0.0,0.0,0.02,0.03,3.0,4.0,,0.0,0.02,,,,,,0.0,0.0,0.0,-2.34,-12.56
6854,錼創科技-KY創,半導體業,93.3,2.53,,,,0.0,0.0,0.0,0.0,0.0,0.0,0.0,0.0,0.0,34.45,61.0,0.06,-0.02,0.02,-0.4,3.0,6.0,,-0.0,0.66,,,,,,0.0,0.0,0.0,-6.23,-24.15
6855,數泓科,其他電子業,116.0,,,,,0.0,0.0,0.0,0.0,0.0,0.0,0.0,0.0,0.0,0.23,0.0,0.0,0.0,0.0,-0.01,0.0,0.0,,0.0,0.1,,,,,,0.0,0.0,0.0,-3.73,-4.92
6856,鑫傳,文化創意業,42.0,0.48,,,,0.0,0.0,0.0,0.0,0.0,0.0,0.0,0.0,0.0,0.02,0.0,0.0,0.0,0.0,0.01,0.0,0.0,,0.0,0.0,,,,,,0.0,0.0,0.0,-0.71,-8.4
6859,伯特光,光電業,120.5,0.42,,,,0.15,0.0,0.0,0.0,0.0,0.0,0.0,0.0,0.0,15.31,1.0,0.0,0.11,0.02,0.15,3.0,3.0,,0.0,0.1,,,,,,0.0,0.0,0.0,-2.03,-2.82
6861,睿生光電,生技醫療業,313.5,10.0,,,,0.0,0.0,0.0,0.0,0.0,0.0,0.0,0.0,0.0,1.06,171.0,0.43,-0.6,-3.42,-5.44,2.0,4.0,,0.11,0.8,,,,,,0.0,0.0,0.0,0.0,-4.27
6863,永道-KY,通信網路業,95.3,-0.94,,,,0.0,0.0,0.0,0.0,0.0,0.0,0.0,0.0,0.0,69.64,-3.0,-0.0,-0.11,-0.21,-0.67,1.0,2.0,,0.0,0.16,,,,,,0.0,0.0,0.0,-12.57,-29.41
6865,偉康科技,資訊服務業,29.15,4.11,,,,0.0,0.0,0.0,0.0,0.0,0.0,0.0,0.0,0.0,0.62,-2.0,-0.01,0.0,-0.02,-0.02,2.0,4.0,,0.0,0.0,,,,,,0.0,0.0,0.0,0.0,0.0
6869,雲豹能源-創,其他業,71.9,1.41,,,,0.0,0.0,0.0,0.0,0.0,0.0,0.0,0.0,0.0,4.1,189.0,0.16,0.35,1.06,0.75,4.0,9.0,,0.0,0.97,,,,,,0.0,0.0,0.0,0.0,-1.1
6870,騰雲,數位雲端,323.5,-2.12,,,,0.0,0.0,0.0,0.0,0.0,0.0,0.0,0.0,0.0,1.26,-39.0,-0.18,-0.05,-0.29,0.47,3.0,5.0,,-0.01,0.1,,,,,,0.0,0.0,0.0,-3.86,-3.86
6873,泓德能源-創,其他業,68.4,0.74,,,,0.01,0.0,0.0,0.0,0.0,0.0,0.0,0.0,0.0,9.65,37.0,0.04,-0.09,0.16,0.52,2.0,5.0,,0.0,0.25,,,,,,0.0,0.0,0.0,-2.43,-24.0
6874,倍力,資訊服務業,69.8,-0.57,,,,0.0,0.0,0.0,0.0,0.0,0.0,0.0,0.0,0.0,0.66,0.0,0.0,0.0,0.04,-0.24,1.0,4.0,,0.0,0.01,,,,,,0.0,0.0,0.0,-16.51,-17.1
6877,鏵友益,其他電子業,126.0,-1.56,,,,0.0,0.0,0.0,0.0,0.0,0.0,0.0,0.0,0.0,9.37,-9.0,-0.03,0.25,0.31,0.19,4.0,7.0,,-0.0,11.63,,,,,,0.0,0.0,0.0,-1.56,-7.69
6894,衛司特,綠能環保,361.0,-0.28,,,,0.0,0.0,0.0,0.0,0.0,0.0,0.0,0.0,0.0,3.81,3.0,0.01,-0.03,0.34,0.59,2.0,6.0,,0.0,0.06,,,,,,0.0,0.0,0.0,-3.09,-3.09
6895,宏碩系統,半導體業,151.5,4.48,,,,0.56,0.0,0.0,0.0,0.0,0.0,0.0,0.0,0.0,3.4,6.0,0.02,0.06,0.05,-0.14,4.0,6.0,,-0.0,0.99,,,,,,0.0,0.0,0.0,-9.55,-9.55
6901,鑽石投資,其他業,16.85,-2.32,,,,0.0,0.0,0.0,0.0,0.0,0.0,0.0,0.0,0.0,0.95,-768.0,-0.09,0.12,0.22,0.08,3.0,8.0,,-0.0,0.04,,,,,,0.0,0.0,0.0,-2.32,-19.95
6902,走著瞧-創,數位雲端,159.0,-2.15,,,,0.0,0.0,0.0,0.0,0.0,0.0,0.0,0.0,0.0,5.91,-34.0,-0.11,1.28,1.63,1.69,2.0,5.0,,-0.0,0.04,,,,,,0.0,0.0,0.0,-9.92,-9.92
6904,伯鑫,其他業,123.0,1.23,,,,0.0,0.0,0.0,0.0,0.0,0.0,0.0,0.0,0.0,0.07,0.0,0.0,0.0,0.0,0.01,0.0,0.0,,0.0,0.01,,,,,,0.0,0.0,0.0,-1.2,-3.91
6906,現觀科,數位雲端,83.6,-0.12,,,,0.0,0.0,0.0,0.0,0.0,0.0,0.0,0.0,0.0,7.03,13.0,0.04,0.17,0.06,-0.43,5.0,7.0,,0.0,0.03,,,,,,0.0,0.0,0.0,-3.35,-8.43
6916,華凌,光電業,18.7,1.36,,,,0.0,0.0,0.0,0.0,0.0,0.0,0.0,0.0,0.0,0.59,-6.0,-0.01,-0.04,-0.08,-0.08,1.0,1.0,,0.0,0.07,,,,,,0.0,0.0,0.0,-1.84,-11.16
6922,宸曜,電腦及週邊設備業,221.0,-1.78,,,,0.0,0.0,0.0,0.0,0.0,0.0,0.0,0.0,0.0,4.93,16.0,0.06,1.0,1.48,0.47,4.0,6.0,,0.0,0.84,,,,,,0.0,0.0,0.0,-1.78,-1.78
6933,AMAX-KY,電腦及週邊設備業,371.0,-1.85,,,,0.0,0.0,0.0,0.0,0.0,0.0,0.0,0.0,0.0,33.41,-301.0,-0.74,-2.35,-4.45,0.53,2.0,2.0,,0.02,0.6,,,,,,0.0,0.0,0.0,-3.64,-3.64
6937,天虹,半導體業,308.0,0.0,,,,0.0,0.0,0.0,0.0,0.0,0.0,0.0,0.0,0.0,5.34,154.0,0.23,0.63,1.13,1.44,4.0,7.0,,-0.02,0.46,,,,,,0.0,0.0,0.0,0.0,0.0
7402,邑錡,光電業,101.0,1.92,,,,0.0,0.0,0.0,0.0,0.0,0.0,0.0,0.0,0.0,8.02,6.0,0.02,0.2,0.16,-0.07,4.0,5.0,,0.01,1.95,,,,,,0.0,0.0,0.0,-7.76,-29.86
7556,意德士科技,半導體業,264.5,-1.12,,,,0.0,0.0,0.0,0.0,0.0,0.0,0.0,0.0,0.0,5.38,-5.0,-0.02,0.21,0.38,0.49,3.0,7.0,,0.0,0.03,,,,,,0.0,0.0,0.0,-1.12,-9.26
8011,台通,通信網路業,16.1,1.9,,,,0.0,0.0,0.0,0.0,0.0,0.0,0.0,0.0,0.0,3.11,116.0,0.07,-0.08,-0.03,0.02,2.0,5.0,,0.0,0.05,,,,,,0.0,0.0,0.0,-2.42,-10.56
8016,矽創,半導體業,284.0,-0.35,,,,4.04,0.02,29.0,0.0,-0.0,0.08,3.0,4.0,8.0,46.67,-76.0,-0.06,0.03,0.22,0.29,2.0,5.0,,0.0,0.83,,,,,,2.0,4.0,10.0,-4.54,-21.76
8021,尖點,其他電子業,486.0,1.25,,,,5.93,-0.0,-3.0,1.28,1.23,0.71,1.0,4.0,6.0,17.98,148.0,0.1,0.25,0.7,0.62,4.0,6.0,,0.01,0.68,,,,,,2.0,4.0,10.0,0.0,-12.9
8024,佑華,半導體業,12.55,0.0,,,,0.0,0.0,0.0,0.0,0.0,0.0,0.0,0.0,0.0,1.71,12.0,0.03,0.03,0.01,-0.02,2.0,4.0,,0.0,0.29,,,,,,0.0,0.0,0.0,-4.92,-27.03
8027,鈦昇,電機機械,222.0,9.9,,,,0.0,0.0,0.0,0.0,0.0,0.0,0.0,0.0,0.0,15.95,-94.0,-0.09,1.11,2.16,0.89,3.0,6.0,,0.01,0.97,,,,,,0.0,0.0,0.0,0.0,-10.84
8028,昇陽半導體,半導體業,282.5,-2.25,,,,9.1,0.0,0.0,2.62,3.05,3.63,2.0,4.0,8.0,14.27,-3241.0,-1.88,-6.28,-10.81,-14.79,0.0,1.0,,-0.14,0.11,,,,,,0.0,2.0,4.0,-2.25,-19.29
8032,光菱,電子通路業,36.2,1.12,,,,0.0,0.0,0.0,0.0,0.0,0.0,0.0,0.0,0.0,1.63,17.0,0.03,0.02,0.07,0.08,3.0,7.0,,0.0,0.29,,,,,,0.0,0.0,0.0,-1.09,-16.59
8033,雷虎,其他,174.5,3.25,,,,0.28,-0.0,-3.0,-0.0,-0.0,-0.0,0.0,0.0,0.0,4.91,507.0,0.36,0.22,0.68,-1.47,2.0,5.0,,0.01,0.46,,,,,,1.0,1.0,3.0,-5.93,-35.25
8034,榮群,通信網路業,20.35,-0.73,,,,0.0,0.0,0.0,0.0,0.0,0.0,0.0,0.0,0.0,6.84,4.0,0.01,0.08,0.18,0.25,4.0,7.0,,0.0,0.1,,,,,,0.0,0.0,0.0,-2.86,-8.54
8038,長園科,電子零組件業,34.6,6.63,,,,0.0,0.0,0.0,0.0,0.0,0.0,0.0,0.0,0.0,0.84,187.0,0.3,0.26,0.16,0.21,3.0,5.0,,0.0,0.0,,,,,,0.0,0.0,0.0,0.0,-22.07
8039,台虹,電子零組件業,300.5,9.87,,,,0.63,-0.01,-17.0,0.02,0.06,-0.09,2.0,6.0,12.0,18.1,-555.0,-0.27,-0.86,-1.81,-9.33,1.0,2.0,,0.32,1.39,,,,,,1.0,2.0,5.0,-8.1,-14.75
8040,九暘,半導體業,98.5,-1.5,,,,0.0,0.0,0.0,0.0,0.0,0.0,0.0,0.0,0.0,4.29,-199.0,-0.29,-1.74,-1.44,-5.18,2.0,6.0,,-0.06,1.59,,,,,,0.0,0.0,0.0,-1.5,-3.9
8042,金山電,電子零組件業,111.5,0.0,,,,0.0,0.0,0.0,0.0,0.0,0.0,0.0,0.0,0.0,9.86,-19.0,-0.01,-0.42,-0.84,-1.54,1.0,3.0,,-0.02,0.51,,,,,,0.0,0.0,0.0,-8.23,-47.03
8043,蜜望實,電子零組件業,130.5,-0.76,,,,0.0,0.0,0.0,0.0,0.0,0.0,0.0,0.0,0.0,5.83,54.0,0.07,0.23,0.14,-0.79,3.0,5.0,,-0.05,1.83,,,,,,0.0,0.0,0.0,-11.22,-35.56
8044,網家,電子商務,24.3,0.83,,,,0.26,0.0,0.0,0.0,0.0,0.0,0.0,0.0,0.0,9.8,47.0,0.03,-0.06,-0.42,-0.43,3.0,6.0,,-0.0,2.66,,,,,,0.0,0.0,0.0,0.0,-13.68
8046,南電,電子零組件業,1340.0,5.51,,,,10.22,0.01,34.0,0.03,0.01,-0.71,4.0,8.0,11.0,13.07,924.0,0.14,2.04,1.56,1.75,5.0,7.0,,0.02,2.66,,,,,,1.0,2.0,9.0,0.0,-5.3
8047,星雲,其他電子業,50.8,-0.39,,,,0.0,0.0,0.0,0.0,0.0,0.0,0.0,0.0,0.0,5.07,-47.0,-0.11,-0.1,-0.1,-0.08,3.0,3.0,,0.0,0.1,,,,,,0.0,0.0,0.0,-0.39,-0.39
8048,德勝,通信網路業,50.6,0.4,,,,0.0,0.0,0.0,0.0,0.0,0.0,0.0,0.0,0.0,6.16,-8.0,-0.01,0.05,0.02,-0.39,1.0,2.0,,0.0,0.01,,,,,,0.0,0.0,0.0,-4.35,-19.3
8049,晶采,光電業,24.6,0.41,,,,0.0,0.0,0.0,0.0,0.0,0.0,0.0,0.0,0.0,3.15,-4.0,-0.0,0.02,-0.03,-0.04,2.0,3.0,,0.0,0.13,,,,,,0.0,0.0,0.0,-0.2,-9.72
8050,廣積,電腦及週邊設備業,63.6,-3.2,,,,0.0,0.0,0.0,0.0,0.0,0.0,0.0,0.0,0.0,8.5,-1268.0,-0.61,1.24,2.02,2.26,4.0,9.0,,-0.01,0.36,,,,,,0.0,0.0,0.0,-3.2,-7.83
8054,安國,半導體業,88.6,1.61,,,,0.24,0.03,30.0,0.08,0.08,0.08,3.0,3.0,3.0,5.89,91.0,0.09,-0.83,0.16,-0.26,2.0,6.0,,-0.0,1.11,,,,,,0.0,0.0,0.0,0.0,-21.94
8059,凱碩,通信網路業,17.15,-0.87,,,,0.0,0.0,0.0,0.0,0.0,0.0,0.0,0.0,0.0,0.41,-1.0,-0.0,0.04,0.01,0.05,2.0,2.0,,0.0,0.4,,,,,,0.0,0.0,0.0,-14.89,-14.89
8064,東捷,光電業,145.5,2.83,,,,0.0,0.0,0.0,0.0,0.0,0.0,0.0,0.0,0.0,13.99,28.0,0.02,-1.33,0.54,-2.15,1.0,4.0,,-0.04,0.73,,,,,,0.0,0.0,0.0,0.0,0.0
8066,來思達,貿易百貨,15.15,1.0,,,,0.0,0.0,0.0,0.0,0.0,0.0,0.0,0.0,0.0,4.02,2.0,0.01,0.01,0.12,0.15,2.0,6.0,,0.0,0.0,,,,,,0.0,0.0,0.0,-1.3,-1.3
8067,志旭,電子通路業,12.35,0.41,,,,0.0,0.0,0.0,0.0,0.0,0.0,0.0,0.0,0.0,8.38,0.0,0.0,0.0,0.0,0.0,0.0,0.0,,0.0,0.0,,,,,,0.0,0.0,0.0,-1.98,-13.03
8068,全達,電子通路業,17.75,0.85,,,,0.0,0.0,0.0,0.0,0.0,0.0,0.0,0.0,0.0,8.44,5.0,0.01,-0.23,-0.09,-0.1,2.0,6.0,,0.0,0.0,,,,,,0.0,0.0,0.0,-4.05,-9.44
8069,元太,光電業,144.0,1.05,,,,4.01,-0.0,-4.0,0.03,-0.06,0.03,2.0,6.0,13.0,40.6,-27.0,-0.0,0.01,-0.09,-0.94,2.0,4.0,,-0.0,1.39,,,,,,2.0,3.0,6.0,-8.86,-32.24
8070,長華*,電子通路業,50.2,1.01,,,,3.3,-0.0,-3.0,-0.0,0.04,0.05,0.0,1.0,2.0,11.53,338.0,0.05,0.03,-0.01,0.07,3.0,5.0,,0.0,0.06,,,,,,2.0,5.0,11.0,-0.99,-12.24
8071,能率網通,電子零組件業,22.05,0.92,,,,0.0,0.0,0.0,0.0,0.0,0.0,0.0,0.0,0.0,6.64,145.0,0.28,0.61,0.71,0.36,4.0,6.0,,0.0,1.94,,,,,,0.0,0.0,0.0,-7.93,-32.26
8072,陞泰,電子通路業,27.85,0.18,,,,0.0,0.0,0.0,0.0,0.0,0.0,0.0,0.0,0.0,1.82,-5.0,-0.01,0.1,0.14,0.15,2.0,4.0,,0.0,0.11,,,,,,0.0,0.0,0.0,-1.76,-7.93
8074,鉅橡,電子零組件業,51.6,1.57,,,,0.0,0.0,0.0,0.0,0.0,0.0,0.0,0.0,0.0,6.72,100.0,0.12,0.14,0.12,0.21,3.0,7.0,,-0.01,0.18,,,,,,0.0,0.0,0.0,-8.35,-25.76
8076,伍豐,電腦及週邊設備業,21.8,1.4,,,,0.0,0.0,0.0,0.0,0.0,0.0,0.0,0.0,0.0,6.38,137.0,0.05,-0.12,-0.24,-0.81,1.0,4.0,,0.0,0.56,,,,,,0.0,0.0,0.0,-6.44,-17.89
8077,洛��,觀光事業,42.15,,,,,0.0,0.0,0.0,0.0,0.0,0.0,0.0,0.0,0.0,51.14,0.0,0.0,0.0,0.0,0.0,0.0,1.0,,0.0,0.0,,,,,,0.0,0.0,0.0,-5.17,-10.51
8080,永利聯合,建材營造,27.8,-0.71,,,,0.0,0.0,0.0,0.0,0.0,0.0,0.0,0.0,0.0,0.27,0.0,0.0,0.0,0.0,-0.02,0.0,0.0,,0.0,0.0,,,,,,0.0,0.0,0.0,-5.76,-5.76
8081,致新,半導體業,251.5,-1.57,,,,4.31,0.03,24.0,0.06,0.07,0.15,4.0,5.0,9.0,18.58,-186.0,-0.22,-0.03,0.13,0.21,3.0,6.0,,-0.16,0.24,,,,,,1.0,2.0,4.0,-3.08,-22.38
8083,瑞穎,電機機械,156.0,0.32,,,,0.0,0.0,0.0,0.0,0.0,0.0,0.0,0.0,0.0,2.47,-3.0,-0.01,-0.04,-0.03,-0.39,2.0,5.0,,0.0,0.1,,,,,,0.0,0.0,0.0,-1.58,-9.3
8084,巨虹,電子通路業,26.85,-9.9,,,,0.0,0.0,0.0,0.0,0.0,0.0,0.0,0.0,0.0,1.21,198.0,0.28,0.6,0.72,0.77,5.0,9.0,,0.0,0.0,,,,,,0.0,0.0,0.0,-43.53,-50.55
8085,福華,其他電子業,14.4,1.05,,,,0.0,0.0,0.0,0.0,0.0,0.0,0.0,0.0,0.0,1.17,14.0,0.01,-0.03,-0.07,0.3,2.0,4.0,,0.0,1.43,,,,,,0.0,0.0,0.0,-10.56,-10.56
8086,宏捷科,半導體業,114.5,4.09,,,,0.0,-0.01,-24.0,-0.01,-0.06,-0.06,0.0,0.0,0.0,16.22,-360.0,-0.18,-0.18,-0.55,-3.97,2.0,3.0,,0.01,2.72,,,,,,1.0,2.0,2.0,-6.91,-20.76
8087,華鎂鑫,光電業,22.8,-0.87,,,,0.0,0.0,0.0,0.0,0.0,0.0,0.0,0.0,0.0,3.45,-1.0,-0.0,0.03,0.02,0.0,2.0,3.0,,0.0,0.01,,,,,,0.0,0.0,0.0,-15.56,-28.53
8088,品安,半導體業,44.4,5.09,,,,0.0,0.0,0.0,0.0,0.0,0.0,0.0,0.0,0.0,5.59,89.0,0.15,0.09,-0.09,-1.0,3.0,4.0,,-0.0,0.26,,,,,,0.0,0.0,0.0,0.0,-26.97
8089,康全電訊,通信網路業,19.5,1.83,,,,0.0,0.0,0.0,0.0,0.0,0.0,0.0,0.0,0.0,4.57,44.0,0.08,0.09,0.36,0.46,4.0,8.0,,0.0,2.71,,,,,,0.0,0.0,0.0,-2.26,-6.47
8091,翔名,電子零組件業,217.0,-1.36,,,,0.0,0.0,0.0,0.0,0.0,0.0,0.0,0.0,0.0,12.9,-30.0,-0.06,0.24,0.68,0.47,4.0,7.0,,-0.01,0.0,,,,,,0.0,0.0,0.0,-1.81,-26.44
8092,建暐,其他電子業,12.6,0.4,,,,0.0,0.0,0.0,0.0,0.0,0.0,0.0,0.0,0.0,0.98,-5.0,-0.01,0.18,0.22,0.23,2.0,5.0,,0.0,0.0,,,,,,0.0,0.0,0.0,-3.82,-14.29
8093,保銳,電子零組件業,23.65,-0.84,,,,0.0,0.0,0.0,0.0,0.0,0.0,0.0,0.0,0.0,0.04,-2.0,-0.0,-0.0,0.01,0.01,2.0,3.0,,-0.0,0.01,,,,,,0.0,0.0,0.0,-15.54,-15.69
8096,擎亞,電子通路業,88.3,-0.45,,,,0.0,0.0,0.0,0.0,0.0,0.0,0.0,0.0,0.0,33.25,-708.0,-0.47,0.06,-0.43,2.09,2.0,5.0,,0.01,3.56,,,,,,0.0,0.0,0.0,-20.81,-47.91
8097,常珵,通信網路業,48.5,0.73,,,,0.0,0.0,0.0,0.0,0.0,0.0,0.0,0.0,0.0,1.21,16.0,0.02,-0.08,0.09,0.18,1.0,3.0,,-0.0,1.53,,,,,,0.0,0.0,0.0,-2.32,-16.38
8099,大世科,資訊服務業,59.6,-0.33,,,,0.0,0.0,0.0,0.0,0.0,0.0,0.0,0.0,0.0,4.79,-11.0,-0.01,0.12,0.16,0.1,3.0,7.0,,-0.0,0.32,,,,,,0.0,0.0,0.0,-3.09,-5.25
8101,華冠,通信網路業,11.05,3.27,,,,0.0,0.0,0.0,0.0,0.0,0.0,0.0,0.0,0.0,0.04,0.0,0.0,0.0,0.0,0.0,0.0,0.0,,0.0,0.09,,,,,,0.0,0.0,0.0,-11.95,-22.18
8103,瀚荃,電子零組件業,121.5,3.85,,,,0.01,0.0,0.0,0.0,0.0,0.0,0.0,0.0,0.0,19.85,81.0,0.1,1.29,-3.02,-1.7,5.0,5.0,,0.07,0.76,,,,,,0.0,0.0,0.0,-7.95,-7.95
8104,錸寶,光電業,32.1,2.23,,,,0.0,0.0,0.0,0.0,0.0,0.0,0.0,0.0,0.0,4.17,327.0,0.44,0.8,0.82,0.94,5.0,8.0,,0.0,0.05,,,,,,0.0,0.0,0.0,0.0,-23.11
8105,凌巨,光電業,16.35,9.73,,,,0.0,0.0,0.0,0.0,0.0,0.0,0.0,0.0,0.0,40.21,-27.0,-0.01,0.03,0.05,-0.85,2.0,5.0,,0.0,0.93,,,,,,0.0,0.0,0.0,0.0,-25.51
8107,大億金茂,電機機械,12.0,-0.41,,,,0.03,0.0,0.0,0.0,0.0,0.0,0.0,0.0,0.0,0.66,-1.0,-0.0,-0.02,-0.04,-0.04,0.0,1.0,,0.0,0.14,,,,,,0.0,0.0,0.0,-4.0,-9.09
8109,博大,電子零組件業,135.0,0.37,,,,0.58,-0.0,-3.0,-0.0,-0.02,0.11,0.0,1.0,10.0,4.89,72.0,0.09,0.33,0.79,0.42,5.0,10.0,,0.02,0.12,,,,,,1.0,2.0,2.0,-0.74,-13.18
8110,華東,半導體業,49.2,1.65,,,,0.0,0.0,0.0,0.0,0.0,0.0,0.0,0.0,0.0,1.05,-180.0,-0.03,-1.35,-1.69,-1.68,1.0,3.0,,0.0,1.35,,,,,,0.0,0.0,0.0,-5.57,-9.89
8111,立��,光電業,79.3,-0.5,,,,0.0,0.0,0.0,0.0,0.0,0.0,0.0,0.0,0.0,8.03,-145.0,-0.13,-1.22,-0.48,-3.83,1.0,3.0,,-0.03,2.04,,,,,,0.0,0.0,0.0,-1.61,-1.61
8112,至上,電子通路業,82.8,0.12,,,,12.02,-0.0,-7.0,0.16,0.18,0.65,2.0,5.0,9.0,14.63,-1454.0,-0.29,-1.82,-3.59,-9.25,0.0,0.0,,-0.01,0.06,,,,,,2.0,2.0,4.0,-9.31,-17.2
8114,振樺電,電腦及週邊設備業,179.0,0.0,,,,3.12,0.0,0.0,0.0,0.0,-0.68,0.0,0.0,0.0,14.03,-70.0,-0.09,-0.21,-0.06,-0.84,2.0,5.0,,0.01,0.3,,,,,,2.0,2.0,7.0,-9.82,-22.84
8121,越峰,電子零組件業,31.5,-1.25,,,,0.0,0.0,0.0,0.0,0.0,0.0,0.0,0.0,0.0,2.45,-194.0,-0.09,-0.76,-0.72,-0.93,2.0,5.0,,-0.0,0.22,,,,,,0.0,0.0,0.0,-1.25,-34.78
8131,福懋科,半導體業,62.6,1.62,,,,0.05,0.0,0.0,0.0,0.0,0.0,0.0,0.0,0.0,3.13,859.0,0.19,0.04,-0.12,-1.13,2.0,4.0,,0.01,0.27,,,,,,1.0,1.0,1.0,-1.42,-23.84
8147,正淩,電子零組件業,158.5,7.09,,,,0.0,0.0,0.0,0.0,0.0,0.0,0.0,0.0,0.0,24.82,-152.0,-0.45,-0.46,-0.46,-2.23,2.0,5.0,,0.08,1.0,,,,,,0.0,0.0,0.0,0.0,0.0
8150,南茂,半導體業,114.5,9.57,,,,0.28,0.0,0.0,0.0,0.01,0.03,2.0,4.0,9.0,44.63,21839.0,3.0,4.8,8.74,10.11,4.0,8.0,,0.15,1.41,,,,,,1.0,1.0,4.0,0.0,-6.53
8155,博智,電子零組件業,316.0,3.27,,,,0.0,0.0,0.0,-0.03,-0.03,-0.03,0.0,0.0,0.0,8.13,-21.0,-0.04,-3.03,-4.03,-4.51,0.0,0.0,,-0.06,0.13,,,,,,1.0,1.0,1.0,-14.48,-17.82
8163,達方,電腦及週邊設備業,30.25,0.33,,,,0.0,0.0,0.0,0.0,0.0,0.0,0.0,0.0,0.0,9.09,66.0,0.02,0.15,0.14,-0.09,5.0,7.0,,-0.0,0.43,,,,,,0.0,0.0,0.0,-4.72,-29.16
8171,天宇,通信網路業,20.8,0.97,,,,0.0,0.0,0.0,0.0,0.0,0.0,0.0,0.0,0.0,2.89,80.0,0.1,0.27,0.42,0.5,4.0,9.0,,0.0,2.05,,,,,,0.0,0.0,0.0,0.0,-3.93
8176,智捷,通信網路業,9.76,-0.2,,,,0.0,0.0,0.0,0.0,0.0,0.0,0.0,0.0,0.0,1.07,0.0,0.0,-0.01,-0.03,-0.05,0.0,0.0,,0.0,0.17,,,,,,0.0,0.0,0.0,-1.81,-10.05
8182,加高,電子零組件業,41.4,0.49,,,,0.0,0.0,0.0,0.0,0.0,0.0,0.0,0.0,0.0,54.19,186.0,0.17,0.29,0.95,0.79,4.0,9.0,,0.0,0.12,,,,,,0.0,0.0,0.0,0.0,-29.83
8183,精星,其他電子業,,,,,,0.0,0.0,0.0,0.0,0.0,0.0,0.0,0.0,0.0,,,,-0.02,-0.07,0.4,0.0,1.0,,,,,,,,,0.0,0.0,0.0,,
8201,無敵,其他電子業,16.05,9.93,,,,0.0,0.0,0.0,0.0,0.0,0.0,0.0,0.0,0.0,0.86,19.0,0.03,0.09,0.03,0.03,2.0,2.0,,0.02,0.37,,,,,,0.0,0.0,0.0,0.0,0.0
8210,勤誠,電腦及週邊設備業,836.0,-4.68,,,,0.92,-0.01,-13.0,-0.22,-0.91,-2.25,0.0,1.0,3.0,6.8,-2453.0,-2.03,-2.57,-2.56,-2.11,2.0,5.0,,0.0,0.57,,,,,,4.0,8.0,15.0,-15.56,-35.94
8213,志超,電子零組件業,34.5,5.18,,,,0.0,0.0,0.0,0.0,0.0,0.0,0.0,0.0,0.0,21.11,200.0,0.07,0.06,0.06,0.07,4.0,7.0,,0.0,0.16,,,,,,0.0,0.0,0.0,0.0,-4.7
8215,明基材,光電業,29.65,5.89,,,,0.68,-0.0,-12.0,-0.0,-0.02,0.13,0.0,1.0,10.0,2.17,275.0,0.09,0.7,0.27,0.2,4.0,6.0,,0.01,0.49,,,,,,1.0,2.0,2.0,-1.33,-1.98
8222,寶一,電機機械,35.8,1.42,,,,0.0,0.0,0.0,0.0,0.0,0.0,0.0,0.0,0.0,2.44,61.0,0.09,0.14,0.14,-0.74,4.0,7.0,,0.0,0.38,,,,,,0.0,0.0,0.0,-7.01,-20.0
8227,巨有科技,半導體業,370.5,9.94,,,,0.0,0.0,0.0,0.0,0.0,0.0,0.0,0.0,0.0,17.43,17.0,0.05,0.15,2.34,9.93,4.0,9.0,,-0.06,2.72,,,,,,0.0,0.0,0.0,0.0,0.0
8234,新漢,電腦及週邊設備業,62.6,0.81,,,,0.0,0.0,0.0,0.0,0.0,0.0,0.0,0.0,0.0,5.82,68.0,0.05,-0.13,-0.35,-0.67,2.0,2.0,,-0.0,0.29,,,,,,0.0,0.0,0.0,-8.35,-15.18
8240,華宏,光電業,57.3,5.14,,,,0.0,0.0,0.0,0.0,0.0,0.0,0.0,0.0,0.0,6.99,364.0,0.36,-0.13,0.03,-2.1,2.0,5.0,,0.13,0.5,,,,,,0.0,0.0,0.0,0.0,0.0
8249,菱光,電子零組件業,39.5,1.15,,,,0.01,0.0,0.0,0.0,0.0,0.0,0.0,0.0,0.0,2.18,113.0,0.09,0.29,0.45,0.4,5.0,10.0,,0.0,0.66,,,,,,0.0,0.0,0.0,-5.16,-19.55
8255,朋程,電機機械,147.0,1.38,,,,0.0,0.0,0.0,0.0,0.0,0.0,0.0,0.0,0.0,12.39,285.0,0.28,0.25,0.3,0.22,4.0,8.0,,-0.01,0.17,,,,,,0.0,0.0,0.0,-2.0,-27.23
8261,富鼎,半導體業,176.0,-0.28,,,,0.49,0.02,19.0,0.05,0.05,0.05,3.0,3.0,3.0,9.74,-26.0,-0.03,0.35,1.92,2.31,2.0,4.0,,0.0,2.22,,,,,,0.0,0.0,2.0,-3.3,-50.0
8271,宇瞻,半導體業,202.0,1.25,,,,0.66,0.0,0.0,0.0,0.0,-0.25,0.0,0.0,0.0,10.03,-50.0,-0.04,-0.45,-1.78,-3.87,0.0,1.0,,0.01,0.3,,,,,,0.0,1.0,4.0,-10.62,-18.22
8277,商丞,半導體業,15.5,-0.64,,,,0.0,0.0,0.0,0.0,0.0,0.0,0.0,0.0,0.0,0.52,-4.0,-0.0,-0.01,-0.04,-0.05,1.0,1.0,,0.0,0.28,,,,,,0.0,0.0,0.0,-8.01,-8.01
8279,生展,生技醫療業,78.0,-0.89,,,,0.0,0.0,0.0,0.0,0.0,0.0,0.0,0.0,0.0,5.59,0.0,0.0,0.01,0.01,0.09,2.0,2.0,,0.0,0.0,,,,,,0.0,0.0,0.0,-2.5,-14.29
8284,三竹,資訊服務業,68.0,0.0,,,,0.0,0.0,0.0,0.0,0.0,0.0,0.0,0.0,0.0,1.07,5.0,0.01,0.01,-0.02,-0.02,2.0,2.0,,0.01,0.04,,,,,,0.0,0.0,0.0,-1.59,-1.59
8289,泰藝,電子零組件業,46.4,0.76,,,,0.0,0.0,0.0,0.0,0.0,0.0,0.0,0.0,0.0,7.44,39.0,0.06,0.18,0.5,1.09,3.0,6.0,,0.0,0.39,,,,,,0.0,0.0,0.0,-2.11,-29.27
8291,尚茂,電子零組件業,28.55,-1.21,,,,0.0,0.0,0.0,0.0,0.0,0.0,0.0,0.0,0.0,27.36,15.0,0.03,0.04,0.05,0.05,3.0,5.0,,0.0,0.0,,,,,,0.0,0.0,0.0,-13.48,-35.11
8299,群聯,半導體業,2150.0,1.65,,,,1.14,0.0,4.0,0.08,0.27,-0.23,3.0,7.0,9.0,48.1,326.0,0.16,0.18,1.22,1.65,2.0,5.0,,0.01,1.1,,,,,,2.0,2.0,10.0,-2.93,-6.32
8341,日友,其他,74.4,0.13,,,,0.03,0.0,0.0,0.0,0.0,0.0,0.0,0.0,0.0,5.29,8.0,0.01,-0.0,-0.04,-0.28,2.0,3.0,,0.0,0.18,,,,,,0.0,0.0,0.0,-1.59,-3.88
8342,益張,其他,83.5,0.0,,,,0.0,0.0,0.0,0.0,0.0,0.0,0.0,0.0,0.0,0.16,0.0,0.0,0.0,0.0,0.0,0.0,0.0,,0.0,0.17,,,,,,0.0,0.0,0.0,-5.11,-8.74
8349,�矬ㄟ篕�,鋼鐵工業,40.4,2.02,,,,0.0,0.0,0.0,0.0,0.0,0.0,0.0,0.0,0.0,2.74,55.0,0.04,0.03,0.0,0.12,3.0,4.0,,0.0,0.0,,,,,,0.0,0.0,0.0,0.0,-0.12
8354,冠好,其他,16.9,0.0,,,,0.0,0.0,0.0,0.0,0.0,0.0,0.0,0.0,0.0,1.05,0.0,0.0,-0.01,-0.01,0.02,0.0,1.0,,0.0,0.0,,,,,,0.0,0.0,0.0,-5.32,-7.14
8358,金居,電子零組件業,495.0,-0.6,,,,3.05,-0.02,-57.0,-0.14,-0.15,-0.28,0.0,3.0,9.0,25.52,-849.0,-0.34,-1.09,-4.59,-5.98,3.0,6.0,,-0.1,2.07,,,,,,5.0,6.0,10.0,-5.89,-16.1
8367,建新國際,航運業,40.45,1.0,,,,0.0,0.0,0.0,0.0,0.0,0.0,0.0,0.0,0.0,1.7,0.0,0.0,-0.01,-0.01,0.01,0.0,1.0,,0.0,0.01,,,,,,0.0,0.0,0.0,-1.82,-1.82
8374,羅昇,電機機械,77.6,2.11,,,,0.0,0.0,0.0,0.0,0.0,0.0,0.0,0.0,0.0,3.1,51.0,0.06,0.04,0.07,-0.08,2.0,4.0,,-0.02,0.84,,,,,,0.0,0.0,0.0,-6.39,-16.29
8383,千附,其他電子業,68.4,1.18,,,,0.0,0.0,0.0,0.0,0.0,0.0,0.0,0.0,0.0,17.57,207.0,0.18,0.45,1.19,0.02,3.0,6.0,,0.0,0.44,,,,,,0.0,0.0,0.0,-0.15,-24.34
8390,金益鼎,其他,90.4,1.12,,,,0.0,0.0,0.0,0.0,0.0,0.0,0.0,0.0,0.0,12.48,-9.0,-0.01,-0.18,-0.24,-1.45,1.0,3.0,,-0.0,0.48,,,,,,0.0,0.0,0.0,-8.41,-17.06
8401,白紗科,其他,22.75,0.0,,,,0.0,0.0,0.0,0.0,0.0,0.0,0.0,0.0,0.0,0.4,0.0,0.0,-0.02,-0.03,0.0,1.0,3.0,,0.0,0.0,,,,,,0.0,0.0,0.0,-0.66,-1.94
8403,盛弘,生技醫療業,18.95,-0.52,,,,0.0,0.0,0.0,0.0,0.0,0.0,0.0,0.0,0.0,2.25,36.0,0.03,0.01,0.02,-0.05,1.0,2.0,,0.0,0.12,,,,,,0.0,0.0,0.0,-0.79,-3.81
8404,百和興業-KY,其他,13.25,0.76,,,,0.0,0.0,0.0,0.0,0.0,0.0,0.0,0.0,0.0,55.51,69.0,0.02,-0.05,-0.01,-0.1,2.0,5.0,,0.0,0.04,,,,,,0.0,0.0,0.0,-19.45,-22.74
8409,商之器,生技醫療業,18.0,0.0,,,,0.0,0.0,0.0,0.0,0.0,0.0,0.0,0.0,0.0,0.11,0.0,0.0,0.0,0.0,0.0,0.0,0.0,,0.0,0.0,,,,,,0.0,0.0,0.0,-1.64,-6.49
8410,森田,電腦及週邊設備業,27.8,-0.71,,,,0.0,0.0,0.0,0.0,0.0,0.0,0.0,0.0,0.0,0.56,-1.0,-0.0,0.01,-0.0,-0.02,3.0,4.0,,-0.0,0.06,,,,,,0.0,0.0,0.0,-8.85,-16.39
8411,福貞-KY,其他,11.9,0.0,,,,0.0,0.0,0.0,0.0,0.0,0.0,0.0,0.0,0.0,53.98,-5.0,-0.0,-0.02,-0.04,-0.04,1.0,2.0,,-0.07,0.0,,,,,,0.0,0.0,0.0,-8.46,-10.53
8415,大國鋼,鋼鐵工業,35.2,0.14,,,,0.01,0.0,0.0,0.0,-0.03,-0.01,0.0,0.0,3.0,7.35,-8.0,-0.0,-0.02,-0.08,-0.12,2.0,4.0,,-0.0,0.18,,,,,,0.0,1.0,2.0,-6.26,-8.93
8416,實威,資訊服務業,169.0,0.0,,,,0.0,0.0,0.0,0.0,0.0,0.0,0.0,0.0,0.0,0.7,0.0,0.0,-0.03,-0.04,-0.04,0.0,0.0,,0.0,0.0,,,,,,0.0,0.0,0.0,-0.88,-1.46
8418,捷必勝-KY,其他,,,,,,,,,,,,,,,,,,,,,,,,,,,,,,,,,,,
8420,明揚,其他,,,,,,,,,,,,,,,,,,,,,,,,,,,,,,,,,,,
8421,旭源,其他,12.95,0.78,,,,0.0,0.0,0.0,0.0,0.0,0.0,0.0,0.0,0.0,6.52,9.0,0.02,0.04,0.02,0.04,4.0,7.0,,0.0,0.0,,,,,,0.0,0.0,0.0,-1.52,-23.15
8422,可寧衛,其他,25.9,1.57,,,,49.99,0.0,0.0,0.0,-1.82,-1.63,2.0,3.0,8.0,67.52,1355.0,1.24,-3.11,-3.88,-2.48,2.0,4.0,,0.01,0.01,,,,,,0.0,3.0,6.0,-3.18,-9.44
8423,保綠-KY,其他,18.2,0.83,,,,0.0,0.0,0.0,0.0,0.0,0.0,0.0,0.0,0.0,26.98,1.0,0.0,-0.02,-0.03,-0.0,2.0,3.0,,0.0,0.0,,,,,,0.0,0.0,0.0,-0.82,-0.82
8424,惠普,建材營造,70.7,1.0,,,,0.01,0.0,0.0,0.0,0.0,0.0,0.0,0.0,0.0,0.66,-1.0,-0.0,-0.0,-0.0,0.02,0.0,0.0,,0.0,0.02,,,,,,0.0,0.0,0.0,-0.14,-0.14
8426,紅木-KY,其他,20.65,0.0,,,,0.0,0.0,0.0,0.0,0.0,0.0,0.0,0.0,0.0,68.51,13.0,0.03,0.07,0.06,0.14,2.0,5.0,,0.0,0.26,,,,,,0.0,0.0,0.0,-2.13,-3.95
8429,金麗-KY,貿易百貨,5.91,1.03,,,,0.0,0.0,0.0,0.0,0.0,0.0,0.0,0.0,0.0,28.73,41.0,0.02,0.0,-0.01,-0.06,1.0,4.0,,0.0,0.1,,,,,,0.0,0.0,0.0,-2.15,-8.8
8431,匯鑽科,其他電子業,66.8,0.75,,,,0.0,0.0,0.0,0.0,0.0,0.0,0.0,0.0,0.0,7.06,-53.0,-0.12,0.86,-2.64,1.86,1.0,1.0,,0.0,1.02,,,,,,0.0,0.0,0.0,-2.91,-2.91
8432,東生華,生技醫療業,50.7,0.2,,,,0.0,0.0,0.0,0.0,0.0,0.0,0.0,0.0,0.0,1.05,14.0,0.04,0.07,0.05,0.13,2.0,3.0,,0.0,0.09,,,,,,0.0,0.0,0.0,-0.39,-3.43
8433,弘帆,貿易百貨,52.8,-0.38,,,,0.0,0.0,0.0,0.0,0.0,0.0,0.0,0.0,0.0,1.19,-1.0,-0.0,-0.0,0.01,-0.0,1.0,3.0,,0.0,0.01,,,,,,0.0,0.0,0.0,-4.69,-6.22
8435,鉅邁,其他,53.4,0.75,,,,0.0,0.0,0.0,0.0,0.0,0.0,0.0,0.0,0.0,1.1,11.0,0.03,0.04,0.03,0.02,3.0,4.0,,0.0,0.01,,,,,,0.0,0.0,0.0,-0.56,-1.11
8436,大江,生技醫療業,106.5,0.95,,,,0.23,-0.0,-1.0,-0.05,-0.05,-0.49,0.0,0.0,0.0,12.75,13.0,0.01,0.11,0.49,-0.53,4.0,6.0,,-0.0,1.1,,,,,,3.0,4.0,9.0,-7.79,-15.81
8437,大地-KY,其他,10.2,0.99,,,,0.0,0.0,0.0,0.0,0.0,0.0,0.0,0.0,0.0,22.35,1.0,0.0,0.06,0.05,0.06,4.0,6.0,,0.0,0.0,,,,,,0.0,0.0,0.0,-4.23,-4.23
8438,昶昕,其他,80.8,1.0,,,,0.0,0.0,0.0,0.0,0.0,0.0,0.0,0.0,0.0,5.18,47.0,0.07,-0.36,-0.22,-0.35,3.0,6.0,,0.0,0.03,,,,,,0.0,0.0,0.0,0.0,-24.13
8440,綠電,其他,20.35,-2.86,,,,0.0,0.0,0.0,0.0,0.0,0.0,0.0,0.0,0.0,2.51,8.0,0.02,0.04,0.05,0.18,2.0,5.0,,0.0,2.94,,,,,,0.0,0.0,0.0,-2.86,-7.5
8442,威宏-KY,其他,45.6,1.79,,,,0.29,0.0,0.0,0.02,0.04,0.04,2.0,7.0,13.0,59.41,1.0,0.0,-0.07,-0.09,-0.02,1.0,4.0,,-0.01,0.0,,,,,,1.0,1.0,2.0,-2.25,-8.06
8443,阿瘦,貿易百貨,11.15,0.0,,,,0.0,0.0,0.0,0.0,0.0,0.0,0.0,0.0,0.0,3.74,3.0,0.0,0.0,0.02,0.0,2.0,6.0,,0.0,0.11,,,,,,0.0,0.0,0.0,-2.19,-3.46
8444,綠河-KY,其他,4.35,-1.14,,,,0.0,0.0,0.0,0.0,0.0,0.0,0.0,0.0,0.0,55.1,0.0,0.0,0.0,0.0,0.01,0.0,0.0,,0.0,0.0,,,,,,0.0,0.0,0.0,-13.0,-24.35
8446,華研,文化創意業,84.8,0.47,,,,0.0,0.0,0.0,0.0,0.0,0.0,0.0,0.0,0.0,6.25,31.0,0.06,0.04,-0.01,0.12,3.0,3.0,,0.0,0.01,,,,,,0.0,0.0,0.0,-1.51,-4.29
8450,霹靂,文化創意業,14.3,-0.69,,,,0.0,0.0,0.0,0.0,0.0,0.0,0.0,0.0,0.0,0.28,1.0,0.0,0.02,0.02,0.03,4.0,8.0,,0.0,0.82,,,,,,0.0,0.0,0.0,-2.39,-7.74
8454,富邦媒,貿易百貨,240.5,1.91,,,,5.31,0.0,0.0,0.0,-0.02,-0.01,0.0,1.0,5.0,13.21,56.0,0.02,-0.05,0.1,0.08,2.0,7.0,,0.0,0.24,,,,,,0.0,3.0,5.0,-3.41,-17.92
8455,大拓-KY,其他電子業,22.1,0.0,,,,0.0,0.0,0.0,0.0,0.0,0.0,0.0,0.0,0.0,87.85,0.0,0.0,0.0,0.0,0.0,0.0,0.0,,0.0,0.0,,,,,,0.0,0.0,0.0,-7.72,-23.26
8462,柏文,觀光事業,158.5,0.96,,,,0.03,0.0,0.0,0.0,0.0,0.0,0.0,0.0,0.0,5.45,0.0,0.0,-0.08,-0.19,-0.49,0.0,1.0,,-0.0,0.43,,,,,,0.0,0.0,0.0,-7.58,-11.7
8463,潤泰材,其他,21.25,1.43,,,,0.0,0.0,0.0,0.0,0.0,0.0,0.0,0.0,0.0,0.49,11.0,0.01,0.01,0.03,0.05,3.0,6.0,,-0.0,0.18,,,,,,0.0,0.0,0.0,-1.16,-2.3
8464,億豐,其他,366.5,-1.61,,,,2.22,0.02,47.0,0.03,-0.04,0.04,2.0,4.0,10.0,40.88,-85.0,-0.03,0.06,0.21,0.23,4.0,9.0,,0.0,0.22,,,,,,0.0,3.0,4.0,-4.06,-7.91
8466,美吉吉-KY,其他,15.1,-0.98,,,,0.0,0.0,0.0,0.0,0.0,0.0,0.0,0.0,0.0,60.71,1.0,0.0,-0.2,-0.08,-0.05,1.0,4.0,,0.0,0.03,,,,,,0.0,0.0,0.0,-5.92,-14.93
8467,波力-KY,其他,87.7,-0.34,,,,0.05,0.0,0.0,0.0,0.0,0.0,0.0,0.0,0.0,43.88,1.0,0.0,0.0,-0.02,-0.02,2.0,3.0,,0.0,0.42,,,,,,0.0,0.0,0.0,-5.09,-23.41
8472,夠麻吉,電子商務,69.5,-4.92,,,,0.0,0.0,0.0,0.0,0.0,0.0,0.0,0.0,0.0,1.32,-1.0,-0.01,-0.05,-0.02,-0.04,0.0,2.0,,0.0,0.0,,,,,,0.0,0.0,0.0,-14.2,-16.16
8473,山林水,其他,39.75,0.63,,,,0.0,0.0,0.0,0.0,0.0,0.0,0.0,0.0,0.0,3.67,115.0,0.08,0.17,0.21,-1.23,4.0,6.0,,-0.0,0.01,,,,,,0.0,0.0,0.0,-14.15,-19.13
8476,台境,其他,20.1,1.26,,,,0.38,-0.0,-2.0,-0.0,-0.0,-0.01,0.0,0.0,0.0,3.49,78.0,0.1,0.64,0.87,0.83,5.0,9.0,,0.0,0.02,,,,,,1.0,1.0,3.0,0.0,-18.13
8477,創業家,電子商務,14.1,0.0,,,,0.0,0.0,0.0,0.0,0.0,0.0,0.0,0.0,0.0,0.4,0.0,0.0,-0.07,-0.09,-0.1,0.0,0.0,,0.0,0.0,,,,,,0.0,0.0,0.0,-8.74,-12.69
8478,東哥遊艇,其他,141.0,1.44,,,,0.0,0.0,0.0,0.0,0.0,0.0,0.0,0.0,0.0,41.91,31.0,0.03,0.0,0.05,0.12,3.0,6.0,,0.0,0.73,,,,,,0.0,0.0,0.0,-2.42,-12.96
8480,泰昇-KY,其他,,,,,,,,,,,,,,,,,,,,,,,,,,,,,,,,,,,
8481,政伸,其他,40.95,0.61,,,,0.0,0.0,0.0,0.0,0.0,0.0,0.0,0.0,0.0,0.48,0.0,0.0,0.0,-0.01,0.0,1.0,2.0,,0.0,0.06,,,,,,0.0,0.0,0.0,-1.33,-7.67
8482,商億-KY,其他,49.2,4.57,,,,0.0,0.0,0.0,0.0,0.0,0.0,0.0,0.0,0.0,89.31,4.0,0.0,0.0,0.01,0.02,3.0,5.0,,0.0,0.5,,,,,,0.0,0.0,0.0,-3.34,-7.17
8488,吉源-KY,其他,9.95,1.53,,,,0.0,0.0,0.0,0.0,0.0,0.0,0.0,0.0,0.0,69.79,-2.0,-0.0,-0.0,-0.03,0.09,2.0,4.0,,0.0,0.07,,,,,,0.0,0.0,0.0,-7.44,-7.44
8489,三貝德,其他,22.45,0.9,,,,0.0,0.0,0.0,0.0,0.0,0.0,0.0,0.0,0.0,5.72,7.0,0.02,0.1,0.04,0.02,3.0,3.0,,0.0,0.18,,,,,,0.0,0.0,0.0,-4.06,-7.04
8499,鼎炫-KY,其他電子業,258.0,0.39,,,,0.41,0.0,0.0,0.0,0.0,0.0,0.0,0.0,0.0,71.66,8.0,0.02,0.06,0.13,0.22,4.0,7.0,,0.0,0.98,,,,,,0.0,0.0,0.0,-0.39,-20.74
8905,裕國,其他,34.65,-1.42,,,,0.0,0.0,0.0,0.0,0.0,0.0,0.0,0.0,0.0,0.16,0.0,0.0,0.0,0.0,-0.01,1.0,1.0,,0.0,0.09,,,,,,0.0,0.0,0.0,-1.7,-1.7
8906,花王,其他,28.6,-0.69,,,,0.39,0.0,0.0,0.0,0.0,0.0,0.0,0.0,0.0,0.49,-2.0,-0.0,-0.01,-0.03,0.01,0.0,3.0,,0.0,0.0,,,,,,0.0,0.0,0.0,-4.67,-4.67
8908,欣雄,油電燃氣業,40.35,0.25,,,,0.0,0.0,0.0,0.0,0.0,0.0,0.0,0.0,0.0,0.72,5.0,0.0,0.0,0.0,0.03,3.0,5.0,,0.0,0.0,,,,,,0.0,0.0,0.0,-2.54,-2.54
8916,光隆,其他,41.05,-0.12,,,,0.0,0.0,0.0,0.0,0.0,0.0,0.0,0.0,0.0,3.27,4.0,0.0,-0.02,-0.06,-0.04,1.0,2.0,,0.0,1.8,,,,,,0.0,0.0,0.0,-0.61,-6.7
8917,欣泰,油電燃氣業,53.7,-1.47,,,,0.0,0.0,0.0,0.0,0.0,0.0,0.0,0.0,0.0,1.48,-1.0,-0.0,-0.0,-0.0,-0.0,0.0,0.0,,0.0,0.0,,,,,,0.0,0.0,0.0,-2.36,-2.36
8921,沈氏,其他,16.8,,,,,0.0,0.0,0.0,0.0,0.0,0.0,0.0,0.0,0.0,0.19,0.0,0.0,0.0,0.0,0.0,0.0,0.0,,0.0,0.0,,,,,,0.0,0.0,0.0,-3.17,-6.67
8923,時報,文化創意業,18.0,-2.44,,,,0.0,0.0,0.0,0.0,0.0,0.0,0.0,0.0,0.0,4.15,0.0,0.0,0.0,0.0,0.0,0.0,0.0,,0.0,0.0,,,,,,0.0,0.0,0.0,-4.0,-10.0
8924,大田,其他,49.45,0.1,,,,0.39,0.0,0.0,0.02,0.04,0.08,2.0,7.0,13.0,3.24,5.0,0.01,0.01,-0.01,0.15,3.0,4.0,,0.0,0.29,,,,,,1.0,1.0,2.0,-3.61,-17.72
8926,台汽電,油電燃氣業,59.2,1.54,,,,2.23,0.03,241.0,0.05,0.04,0.1,4.0,7.0,16.0,7.54,345.0,0.05,0.06,0.17,-0.57,3.0,7.0,,0.01,0.46,,,,,,0.0,1.0,1.0,-1.0,-26.91
8927,北基,油電燃氣業,18.75,-0.27,,,,0.0,0.0,0.0,0.0,0.0,0.0,0.0,0.0,0.0,2.99,19.0,0.01,0.04,0.07,0.09,3.0,5.0,,0.0,0.3,,,,,,0.0,0.0,0.0,-4.09,-16.11
8928,鉅明,其他,22.95,0.22,,,,0.0,0.0,0.0,0.0,0.0,0.0,0.0,0.0,0.0,0.65,-1.0,-0.0,-0.02,-0.01,-0.02,0.0,1.0,,0.0,0.0,,,,,,0.0,0.0,0.0,-8.02,-8.02
8929,富堡,其他,13.2,2.33,,,,0.0,0.0,0.0,0.0,0.0,0.0,0.0,0.0,0.0,0.38,-2.0,-0.0,-0.0,0.01,0.01,1.0,2.0,,0.0,0.0,,,,,,0.0,0.0,0.0,0.0,-12.0
8930,青鋼,鋼鐵工業,28.75,0.17,,,,0.0,0.0,0.0,0.0,0.0,0.0,0.0,0.0,0.0,2.67,1.0,0.0,-0.01,-0.01,-0.03,2.0,4.0,,0.0,0.02,,,,,,0.0,0.0,0.0,-4.49,-9.73
8931,大汽電,油電燃氣業,43.25,0.23,,,,0.0,0.0,0.0,0.0,0.0,0.0,0.0,0.0,0.0,0.35,-16.0,-0.01,-0.01,0.01,0.1,0.0,2.0,,0.0,0.08,,,,,,0.0,0.0,0.0,-0.8,-0.8
8932,宏大,其他,92.6,-0.86,,,,0.07,0.0,0.0,0.0,0.0,0.0,0.0,0.0,0.0,143.33,-57.0,-0.07,0.27,0.73,-2.94,3.0,7.0,,-0.05,0.0,,,,,,0.0,0.0,0.0,-2.42,-28.49
8933,愛地雅,其他,4.5,-1.75,,,,0.0,0.0,0.0,0.0,0.0,0.0,0.0,0.0,0.0,0.95,9.0,0.0,0.0,0.0,0.0,2.0,2.0,,0.0,0.0,,,,,,0.0,0.0,0.0,-4.26,-6.44
8935,邦泰,其他,19.65,1.81,,,,0.0,0.0,0.0,0.0,0.0,0.0,0.0,0.0,0.0,0.94,-63.0,-0.06,-0.08,-0.04,-0.12,1.0,3.0,,0.0,0.0,,,,,,0.0,0.0,0.0,0.0,-16.91
8936,國統,其他,52.6,1.35,,,,0.27,-0.0,-3.0,-0.0,-0.0,-0.0,0.0,0.0,0.0,11.67,532.0,0.21,0.2,0.51,0.49,2.0,6.0,,0.0,1.75,,,,,,2.0,3.0,7.0,0.0,-8.52
8937,合騏,其他,26.2,4.38,,,,0.0,0.0,0.0,0.0,0.0,0.0,0.0,0.0,0.0,27.97,66.0,0.09,0.01,-0.17,-0.27,2.0,5.0,,0.0,3.55,,,,,,0.0,0.0,0.0,-14.1,-14.1
8938,明安,其他,52.6,-0.19,,,,0.45,0.0,0.0,0.03,0.06,0.14,2.0,7.0,13.0,7.51,13.0,0.01,0.06,0.1,0.14,5.0,9.0,,-0.0,0.0,,,,,,1.0,1.0,2.0,-0.57,-8.68
8940,新天地,觀光事業,15.1,0.67,,,,0.0,0.0,0.0,0.0,0.0,0.0,0.0,0.0,0.0,8.63,2.0,0.0,-0.01,0.01,0.02,2.0,3.0,,-0.0,0.12,,,,,,0.0,0.0,0.0,-2.58,-10.12
8941,關中,貿易百貨,43.8,-0.45,,,,0.0,0.0,0.0,0.0,0.0,0.0,0.0,0.0,0.0,0.25,-1.0,-0.0,-0.0,-0.0,-0.0,0.0,1.0,,0.0,0.0,,,,,,0.0,0.0,0.0,-3.52,-3.52
8942,森鉅,其他,40.2,0.0,,,,0.0,0.0,0.0,0.0,0.0,0.0,0.0,0.0,0.0,16.29,-44.0,-0.02,-0.08,-0.1,-0.05,0.0,2.0,,-0.0,0.02,,,,,,0.0,0.0,0.0,-5.41,-8.11
8996,高力,電機機械,1605.0,1.26,,,,21.52,0.15,136.0,0.71,0.65,-0.38,4.0,5.0,11.0,23.3,-786.0,-0.88,-2.43,-1.19,-5.08,0.0,4.0,,0.06,1.16,,,,,,1.0,5.0,9.0,-3.02,-3.02
9103,美德醫療-DR,存託憑證,4.98,0.4,,,,0.0,0.0,0.0,0.0,0.0,0.0,0.0,0.0,0.0,2.09,113.0,0.05,0.01,0.0,-0.51,2.0,4.0,,-0.0,4.86,,,,,,0.0,0.0,0.0,-3.3,-13.09
910322,康師傅-DR,存託憑證,,,,,,0.0,0.0,0.0,0.0,0.0,0.0,0.0,0.0,0.0,6.09,2.0,0.01,-0.14,-0.35,-0.34,1.0,1.0,,0.0,0.0,,,,,,0.0,0.0,0.0,,
9105,泰金寶-DR,存託憑證,8.53,-1.5,,,,0.0,0.0,0.0,0.0,0.0,0.0,0.0,0.0,0.0,1.64,-2240.0,-0.14,-0.04,-0.18,-0.4,2.0,4.0,,0.02,1.28,,,,,,0.0,0.0,0.0,-4.05,-8.28
910861,神州-DR,存託憑證,,,,,,0.0,0.0,0.0,0.0,0.0,0.0,0.0,0.0,0.0,0.04,0.0,0.0,0.0,0.0,0.01,0.0,0.0,,0.0,0.54,,,,,,0.0,0.0,0.0,,
9110,越南控-DR,存託憑證,2.99,4.91,,,,0.0,0.0,0.0,0.0,0.0,0.0,0.0,0.0,0.0,0.05,0.0,0.0,0.0,0.0,0.0,1.0,1.0,,0.0,0.0,,,,,,0.0,0.0,0.0,-2.61,-12.83
911608,明輝-DR,存託憑證,,,,,,0.0,0.0,0.0,0.0,0.0,0.0,0.0,0.0,0.0,1.57,-1.0,-0.0,-0.0,-0.0,0.01,0.0,0.0,,0.0,0.0,,,,,,0.0,0.0,0.0,,
911622,泰聚亨-DR,存託憑證,,,,,,0.0,0.0,0.0,0.0,0.0,0.0,0.0,0.0,0.0,0.0,0.0,0.0,0.0,0.0,0.0,0.0,0.0,,0.0,0.0,,,,,,0.0,0.0,0.0,,
911868,同方友友-DR,存託憑證,,,,,,0.0,0.0,0.0,0.0,0.0,0.0,0.0,0.0,0.0,0.0,1.0,0.0,0.0,0.0,-0.08,1.0,1.0,,0.0,0.07,,,,,,0.0,0.0,0.0,,
912000,晨訊科-DR,存託憑證,,,,,,0.0,0.0,0.0,0.0,0.0,0.0,0.0,0.0,0.0,3.87,-74.0,-0.07,-0.17,-0.03,0.02,0.0,4.0,,0.0,2.9,,,,,,0.0,0.0,0.0,,
9136,巨騰-DR,存託憑證,9.14,0.11,,,,0.0,0.0,0.0,0.0,0.0,0.0,0.0,0.0,0.0,2.18,13.0,0.01,-0.24,-0.16,-0.16,2.0,5.0,,0.0,0.27,,,,,,0.0,0.0,0.0,-18.39,-32.79
9802,鈺齊-KY,其他,64.8,0.15,,,,0.29,-0.03,-60.0,-0.15,-0.28,0.29,0.0,0.0,6.0,43.77,-21.0,-0.01,0.15,0.24,-1.21,3.0,6.0,,0.0,0.42,,,,,,4.0,8.0,10.0,-10.37,-14.62
9902,台火,其他,13.2,1.15,,,,0.02,0.0,0.0,0.0,0.0,0.0,0.0,0.0,0.0,1.31,9.0,0.01,-0.01,0.0,-0.07,1.0,3.0,,0.0,0.28,,,,,,0.0,0.0,0.0,-4.35,-7.37
9904,寶成,其他,24.95,0.6,,,,5.8,0.0,129.0,0.01,0.34,0.36,4.0,9.0,17.0,27.11,-1869.0,-0.06,0.0,-0.1,-1.16,2.0,5.0,,0.0,1.25,,,,,,1.0,1.0,3.0,0.0,-1.19
9905,大華,其他,21.35,0.71,,,,0.6,0.0,0.0,0.0,0.0,0.0,0.0,0.0,0.0,2.61,-14.0,-0.0,-0.02,-0.04,-0.02,0.0,3.0,,0.0,0.08,,,,,,0.0,0.0,0.0,-0.7,-1.39
9906,欣巴巴,建材營造,39.45,0.38,,,,0.0,0.0,0.0,0.0,0.0,0.0,0.0,0.0,0.0,0.93,3.0,0.0,-0.08,0.04,0.18,1.0,6.0,,0.0,0.2,,,,,,0.0,0.0,0.0,-7.39,-8.04
9907,統一實,其他,14.9,1.36,,,,0.49,-0.0,-9.0,0.02,0.03,0.03,2.0,5.0,8.0,15.97,323.0,0.02,-0.11,-0.17,-0.03,1.0,2.0,,-0.0,0.19,,,,,,3.0,5.0,10.0,-3.87,-4.18
9908,大台北,油電燃氣業,29.0,0.35,,,,0.0,0.0,0.0,0.0,0.0,0.0,0.0,0.0,0.0,2.03,14.0,0.0,-0.02,-0.03,0.01,2.0,4.0,,0.0,0.22,,,,,,0.0,0.0,0.0,-0.68,-3.33
9910,豐泰,其他,68.8,-0.43,,,,4.38,0.0,48.0,0.03,0.2,0.28,5.0,10.0,20.0,5.87,-87.0,-0.01,0.09,0.01,0.18,3.0,6.0,,0.0,0.36,,,,,,0.0,0.0,0.0,-4.18,-4.18
9911,櫻花,其他,81.5,-0.12,,,,0.2,0.0,0.0,0.0,0.0,0.0,2.0,4.0,5.0,18.26,-50.0,-0.02,-0.02,-0.24,-0.57,1.0,1.0,,-0.0,0.2,,,,,,0.0,0.0,1.0,-1.57,-4.34
9912,偉聯,電腦及週邊設備業,13.1,1.16,,,,0.0,0.0,0.0,0.0,0.0,0.0,0.0,0.0,0.0,20.02,7.0,0.01,0.02,0.04,0.08,4.0,7.0,,-0.0,0.2,,,,,,0.0,0.0,0.0,0.0,-7.09
9914,美利達,其他,68.3,1.79,,,,0.0,0.0,0.0,-0.08,-0.1,-0.2,0.0,1.0,2.0,24.99,-117.0,-0.04,-0.33,-0.58,-2.09,0.0,1.0,,0.0,0.39,,,,,,1.0,3.0,8.0,-16.81,-27.57
9917,中保科,其他,105.5,0.0,,,,2.49,0.0,0.0,0.0,-0.07,-0.07,2.0,3.0,9.0,41.21,-58.0,-0.01,-0.07,-0.01,-0.11,1.0,3.0,,0.0,1.81,,,,,,1.0,5.0,6.0,-2.76,-4.95
9918,欣天然,油電燃氣業,43.15,1.53,,,,0.0,0.0,0.0,0.0,0.0,0.0,0.0,0.0,0.0,2.76,4.0,0.0,0.01,0.01,0.01,2.0,4.0,,0.0,0.06,,,,,,0.0,0.0,0.0,-0.8,-2.38
9919,康那香,其他,13.85,1.09,,,,0.0,0.0,0.0,0.0,0.0,0.0,0.0,0.0,0.0,4.81,61.0,0.03,0.11,0.2,0.4,4.0,9.0,,0.0,2.82,,,,,,0.0,0.0,0.0,-2.12,-5.78
9921,巨大,其他,93.1,-1.06,,,,0.07,0.0,0.0,0.0,-0.04,-0.04,0.0,0.0,0.0,31.94,-222.0,-0.06,0.22,0.52,-0.14,4.0,8.0,,0.0,0.41,,,,,,0.0,3.0,5.0,-9.17,-16.5
9924,福興,其他,38.2,1.19,,,,0.0,0.0,0.0,0.0,0.0,0.0,0.0,0.0,0.0,8.27,34.0,0.02,-0.03,-0.09,-0.18,1.0,2.0,,0.0,0.58,,,,,,0.0,0.0,0.0,-1.16,-6.37
9925,新保,其他,39.55,0.25,,,,0.0,0.0,0.0,0.0,0.0,0.0,0.0,0.0,0.0,15.78,94.0,0.02,-0.06,-0.23,-0.76,1.0,1.0,,-0.0,0.18,,,,,,0.0,0.0,0.0,-1.25,-4.7
9926,新海,油電燃氣業,49.1,0.61,,,,0.0,0.0,0.0,0.0,0.0,0.0,0.0,0.0,0.0,0.76,6.0,0.0,0.0,0.0,0.02,1.0,5.0,,0.0,0.05,,,,,,0.0,0.0,0.0,-0.91,-3.35
9927,泰銘,其他,70.1,0.29,,,,0.0,0.0,0.0,0.0,0.0,0.0,0.0,0.0,0.0,4.34,-48.0,-0.03,-0.2,-0.18,-0.27,0.0,3.0,,-0.0,0.88,,,,,,0.0,0.0,0.0,-0.28,-0.57
9928,中視,其他,17.75,-0.28,,,,0.0,0.0,0.0,0.0,0.0,0.0,0.0,0.0,0.0,0.0,0.0,0.0,0.0,0.0,0.0,0.0,0.0,,0.0,0.41,,,,,,0.0,0.0,0.0,-1.39,-5.08
9929,秋雨,其他,11.1,1.83,,,,0.0,0.0,0.0,0.0,0.0,0.0,0.0,0.0,0.0,0.49,4.0,0.0,0.0,0.0,0.0,1.0,2.0,,0.0,0.05,,,,,,0.0,0.0,0.0,-3.9,-5.53
9930,中聯資源,其他,60.2,0.0,,,,0.07,0.0,0.0,0.0,0.0,0.0,0.0,0.0,0.0,1.93,26.0,0.01,0.0,-0.02,-0.05,2.0,2.0,,0.0,0.18,,,,,,0.0,0.0,1.0,-4.75,-6.96
9931,欣高,油電燃氣業,34.2,1.48,,,,0.0,0.0,0.0,0.0,0.0,0.0,0.0,0.0,0.0,0.84,5.0,0.0,0.0,0.0,0.04,2.0,4.0,,0.0,0.04,,,,,,0.0,0.0,0.0,0.0,-0.44
9933,中鼎,其他,40.7,0.87,,,,0.45,-0.0,-16.0,-0.0,-0.02,0.16,2.0,4.0,12.0,22.58,23.0,0.0,-0.19,0.06,-0.22,1.0,3.0,,-0.0,0.37,,,,,,1.0,3.0,4.0,-4.8,-5.13
9934,成霖,其他,9.87,0.2,,,,0.07,0.0,0.0,0.0,0.0,0.0,0.0,0.0,0.0,13.6,-127.0,-0.03,-0.15,-0.38,-0.97,0.0,0.0,,0.0,0.09,,,,,,0.0,0.0,0.0,-11.08,-17.75
9935,慶豐富,其他,18.3,0.55,,,,0.39,0.0,0.0,0.02,0.05,0.06,2.0,7.0,13.0,6.18,39.0,0.02,-0.07,-0.19,-0.82,2.0,3.0,,0.0,0.12,,,,,,1.0,1.0,2.0,-7.58,-12.44
9937,全國,油電燃氣業,54.5,0.74,,,,0.0,0.0,0.0,0.0,0.0,0.0,0.0,0.0,0.0,1.85,10.0,0.0,0.0,-0.01,0.01,2.0,4.0,,-0.0,0.06,,,,,,0.0,0.0,0.0,-2.15,-4.22
9938,百和,其他,38.25,0.13,,,,1.03,-0.0,-4.0,0.05,0.1,-0.07,2.0,7.0,11.0,7.45,41.0,0.01,-0.04,-0.21,-0.76,3.0,6.0,,-0.01,0.98,,,,,,3.0,3.0,7.0,-8.05,-19.64
9939,宏全,其他,126.0,1.2,,,,3.1,-0.0,-1.0,-0.02,-0.03,-0.11,0.0,0.0,0.0,16.94,180.0,0.06,-0.02,-0.0,-0.5,2.0,5.0,,-0.0,0.75,,,,,,3.0,6.0,13.0,-4.91,-12.8
9940,信義,其他,20.1,1.01,,,,0.0,0.0,0.0,0.0,0.0,0.0,0.0,0.0,0.0,3.88,-7.0,-0.0,0.03,-0.0,0.05,2.0,4.0,,-0.0,0.24,,,,,,0.0,0.0,0.0,-3.13,-7.37
9941,裕融,其他,77.9,-0.51,,,,6.25,-0.01,-55.0,-0.16,-0.08,-0.01,0.0,2.0,4.0,5.05,-201.0,-0.04,-0.08,-0.27,0.05,2.0,4.0,,0.0,1.98,,,,,,5.0,7.0,12.0,-5.69,-10.56
9942,茂順,其他,114.5,1.33,,,,0.03,0.0,0.0,0.0,0.0,0.0,0.0,0.0,0.0,4.58,9.0,0.01,-0.03,-0.06,-0.12,2.0,3.0,,0.0,0.33,,,,,,0.0,0.0,0.0,-0.43,-8.76
9943,好樂迪,觀光事業,50.4,0.4,,,,0.03,0.0,0.0,0.0,0.0,0.0,0.0,0.0,0.0,1.23,0.0,0.0,0.0,-0.05,0.05,2.0,2.0,,0.0,0.07,,,,,,0.0,0.0,0.0,-2.14,-10.8
9944,新麗,其他,17.2,0.58,,,,0.0,0.0,0.0,0.0,0.0,0.0,0.0,0.0,0.0,1.27,9.0,0.01,0.01,-0.01,0.01,2.0,2.0,,0.0,0.07,,,,,,0.0,0.0,0.0,-1.15,-6.78
9945,潤泰新,其他,29.45,1.38,,,,0.12,0.0,8.0,0.0,0.07,0.07,1.0,6.0,6.0,8.65,1873.0,0.07,0.13,0.32,0.38,3.0,7.0,,-0.0,0.3,,,,,,0.0,0.0,0.0,-1.51,-2.48
9946,三發地產,建材營造,17.0,0.89,,,,0.23,-0.0,-3.0,-0.0,-0.0,-0.0,0.0,0.0,0.0,3.14,89.0,0.03,0.03,0.05,-0.03,4.0,7.0,,0.0,0.09,,,,,,1.0,1.0,3.0,-3.41,-15.0
9949,琉園,文化創意業,24.3,0.21,,,,0.0,0.0,0.0,0.0,0.0,0.0,0.0,0.0,0.0,2.36,1.0,0.0,-0.04,-0.03,-0.09,1.0,4.0,,0.0,0.02,,,,,,0.0,0.0,0.0,-0.41,-17.63
9950,萬國通,塑膠工業,10.2,-0.49,,,,0.0,0.0,0.0,0.0,0.0,0.0,0.0,0.0,0.0,0.05,-2.0,-0.0,-0.0,-0.0,-0.0,0.0,3.0,,0.0,0.0,,,,,,0.0,0.0,0.0,-1.92,-4.67
9951,皇田,電機機械,47.0,-0.21,,,,0.0,0.0,0.0,0.0,0.0,0.0,0.0,0.0,0.0,4.38,0.0,0.0,-0.04,-0.18,-0.43,0.0,1.0,,-0.07,0.27,,,,,,0.0,0.0,0.0,-13.92,-13.92
9955,佳龍,其他,23.1,1.76,,,,0.0,0.0,0.0,0.0,0.0,0.0,0.0,0.0,0.0,3.09,26.0,0.03,-0.01,-0.04,-0.06,3.0,6.0,,0.0,0.53,,,,,,0.0,0.0,0.0,-4.15,-14.92
9958,世紀鋼,鋼鐵工業,93.0,0.98,,,,0.62,0.0,0.0,0.16,0.14,0.14,2.0,2.0,2.0,10.44,197.0,0.08,0.24,0.91,0.95,4.0,8.0,,-0.01,0.69,,,,,,0.0,3.0,6.0,-1.06,-22.82
9960,邁達康,貿易百貨,41.5,0.73,,,,0.0,0.0,0.0,0.0,0.0,0.0,0.0,0.0,0.0,9.14,-13.0,-0.04,-0.05,-0.03,-0.06,1.0,4.0,,0.0,0.0,,,,,,0.0,0.0,0.0,0.0,0.0
9962,有益,鋼鐵工業,10.35,1.97,,,,0.0,0.0,0.0,0.0,0.0,0.0,0.0,0.0,0.0,0.56,9.0,0.01,0.02,0.01,0.01,3.0,4.0,,0.0,2.28,,,,,,0.0,0.0,0.0,-0.48,-0.48
